ad,tur,mutfak,telefon,website,instagram,saatler,bahce,wifi,adres,lat,lon,harita,osm_id
1. Yurt Kantini,fast_food,,,,,,no,wlan,,39.8905190,32.7883875,"https://www.google.com/maps/search/?api=1&query=39.8905190,32.7883875",node/4622731261
100 Burger,fast_food,burger,,https://100burger.com/,,,roof,,,39.9223477,32.8170635,"https://www.google.com/maps/search/?api=1&query=39.9223477,32.8170635",node/13121418022
1071 Aspava,restaurant,kebab,,,,Mo-Su 09:00-23:30,,wlan,Dikmen Caddesi 423,39.8668495,32.8216807,"https://www.google.com/maps/search/?api=1&query=39.8668495,32.8216807",node/13645758601
15. Konukevi Kantini,cafe,,,,,,,wlan,,39.8885788,32.7917146,"https://www.google.com/maps/search/?api=1&query=39.8885788,32.7917146",node/13057959110
2. Yurt Kantini,fast_food,,,,,,,wlan,,39.8902222,32.7897722,"https://www.google.com/maps/search/?api=1&query=39.8902222,32.7897722",node/2590946334
29 MUTLU Kebap,restaurant,,,,,,,,,39.9110847,32.8608034,"https://www.google.com/maps/search/?api=1&query=39.9110847,32.8608034",node/9392980676
3 Cores Roastery Coffee Shop,cafe,coffee_shop;sandwich;dessert;bubble_tea,,https://www.3coresroastery.com/,,,yes,wlan,,39.9267296,32.8517242,"https://www.google.com/maps/search/?api=1&query=39.9267296,32.8517242",node/11964128343
3. Yurt Kantini,fast_food,,,,,,,wlan,,39.8898090,32.7882795,"https://www.google.com/maps/search/?api=1&query=39.8898090,32.7882795",node/4622731257
3E Restoran,restaurant,,,,,,,,Sakarya Caddesi,39.9221300,32.8571457,"https://www.google.com/maps/search/?api=1&query=39.9221300,32.8571457",node/3093605200
4. Yurt Kantini,fast_food,,,,,,,wlan,,39.8895581,32.7889687,"https://www.google.com/maps/search/?api=1&query=39.8895581,32.7889687",node/4622731256
5 Çayı Unlu Mamüller,cafe,,,,,,,,,39.8951919,32.8546233,"https://www.google.com/maps/search/?api=1&query=39.8951919,32.8546233",node/2188608447
5. Yurt Kantini,fast_food,,,,,,,wlan,,39.8891124,32.7899164,"https://www.google.com/maps/search/?api=1&query=39.8891124,32.7899164",node/4622731258
6. Yurt Kantini,fast_food,,,,,,,wlan,,39.8884022,32.7899915,"https://www.google.com/maps/search/?api=1&query=39.8884022,32.7899915",node/4622731263
6.45 Tunus,bar,,,,,,,,,39.9059149,32.8583833,"https://www.google.com/maps/search/?api=1&query=39.9059149,32.8583833",node/13474620650
7. Yurt Kantini,fast_food,,,,,,,wlan,,39.8890547,32.7890836,"https://www.google.com/maps/search/?api=1&query=39.8890547,32.7890836",node/4622731259
8. Yurt Kantini,fast_food,,,,,,,wlan,,39.8888785,32.7882684,"https://www.google.com/maps/search/?api=1&query=39.8888785,32.7882684",node/4622731260
9. Yurt Kantini,cafe,,,,,,,wlan,,39.8879191,32.7904532,"https://www.google.com/maps/search/?api=1&query=39.8879191,32.7904532",node/4622731262
A4 Kahve,cafe,,,https://a4kahve.com/,,Mo-Su 07:30-00:00,,,Remzi Oğuz Arık 237,39.9027309,32.8595167,"https://www.google.com/maps/search/?api=1&query=39.9027309,32.8595167",node/12918355434
ABA Piknik,restaurant,,,,,,,,,39.9178134,32.8552411,"https://www.google.com/maps/search/?api=1&query=39.9178134,32.8552411",node/2404028882
Abbas Waffle,cafe,,,,,,,,,39.9058723,32.8600591,"https://www.google.com/maps/search/?api=1&query=39.9058723,32.8600591",node/4617561930
Acıktım,fast_food,,,,,,no,,,39.8851776,32.8557927,"https://www.google.com/maps/search/?api=1&query=39.8851776,32.8557927",node/112607131
Adana Sofrası,restaurant,,,,,,,,,39.8759422,32.8621137,"https://www.google.com/maps/search/?api=1&query=39.8759422,32.8621137",node/4627366897
Ade Miel Coffee Shop,cafe,coffee_shop,+90 539 280 98 80,https://www.ademielcoffee.com/,,Mo-Su 09:00-00:00,yes,wlan,Hatay Sokak 15,39.9180935,32.8585394,"https://www.google.com/maps/search/?api=1&query=39.9180935,32.8585394",node/13570517040
Adrenal,bar,,,,,,,,,39.9192256,32.8283351,"https://www.google.com/maps/search/?api=1&query=39.9192256,32.8283351",node/4371605591
Adıyaman Çiğ Köftecisi,restaurant,,+90 312 476 91 95,https://www.adiyamancigkoftecisi.com,,11:00-04:00,,,Dikmen Cd. 379/12,39.8698952,32.8276653,"https://www.google.com/maps/search/?api=1&query=39.8698952,32.8276653",node/11206702644
Ahbapp Bar,bar,,,,,,,,,39.9227171,32.8560446,"https://www.google.com/maps/search/?api=1&query=39.9227171,32.8560446",node/13020194677
Akay Çorba,restaurant,,,,,,,,Büklüm Sk.,39.9130180,32.8577647,"https://www.google.com/maps/search/?api=1&query=39.9130180,32.8577647",node/4301635289
Ala Döner,restaurant,,,,,,,,,39.9248439,32.8521562,"https://www.google.com/maps/search/?api=1&query=39.9248439,32.8521562",node/4579394125
alamania,restaurant,german,,,,,,,Bilezik Sokağı,39.9115968,32.8587321,"https://www.google.com/maps/search/?api=1&query=39.9115968,32.8587321",node/12899966901
Alaros,cafe,,,,,,,,,39.9194950,32.8557685,"https://www.google.com/maps/search/?api=1&query=39.9194950,32.8557685",node/6420538089
Alaturka Döner Pide,restaurant,,+90 312 483 33 43,,,24/7,,,Dikmen Caddesi,39.8736499,32.8333806,"https://www.google.com/maps/search/?api=1&query=39.8736499,32.8333806",node/11203819534
Altı Üstü Bar,bar,,,,,Mo-Su 12:00-01:00,,,Konur Sokak 26,39.9172932,32.8564496,"https://www.google.com/maps/search/?api=1&query=39.9172932,32.8564496",node/10274853051
Altınnal Meyhane,restaurant,,,,,,,,,39.8911796,32.8560452,"https://www.google.com/maps/search/?api=1&query=39.8911796,32.8560452",node/247208815
Always Rock Bar,bar,,,,alwaysrockbar,Mo-Su 11:30-01:30,,,İnkılap Sokak 5/11,39.9226886,32.8560691,"https://www.google.com/maps/search/?api=1&query=39.9226886,32.8560691",node/12081392355
Amarillo,restaurant,,,,,,,,,39.8927543,32.8695777,"https://www.google.com/maps/search/?api=1&query=39.8927543,32.8695777",node/122487904
Amelie's Garden Succulent & Cofee,cafe,coffee_shop,,,,,yes,yes,,39.9003130,32.8575571,"https://www.google.com/maps/search/?api=1&query=39.9003130,32.8575571",node/6855907479
Angara Kumpircisi,restaurant,,+90 541 335 02 13,,,11:00-02:00,,,,39.8767490,32.8358823,"https://www.google.com/maps/search/?api=1&query=39.8767490,32.8358823",node/11206702658
Anka E-Spor Merkezi Bayındır,cafe,chicken;burger;coffee_shop;sandwich;barbecue;kebab;regional;turkish,+90 312 433 30 81,https://ankaespormerkezi.com/,,24/7,yes,yes,Bayındır 1 Sokak 23/B,39.9220029,32.8573030,"https://www.google.com/maps/search/?api=1&query=39.9220029,32.8573030",way/698359673
Ankara Agora Meyhane,pub,,+90 312 223 0003,,,,,,61. Cadde,39.9235271,32.8262737,"https://www.google.com/maps/search/?api=1&query=39.9235271,32.8262737",node/13970194802
Ankara Büyükşehir Belediyesi,cafe,fast_food,,,,,yes,,,39.9203889,32.8094013,"https://www.google.com/maps/search/?api=1&query=39.9203889,32.8094013",way/897121005
Ankara Hamsi,restaurant,,,,,,,,,39.9303677,32.8163510,"https://www.google.com/maps/search/?api=1&query=39.9303677,32.8163510",node/4658725694
Ankara Ocakbaşı,restaurant,,,,,,,,,39.8673859,32.8567278,"https://www.google.com/maps/search/?api=1&query=39.8673859,32.8567278",node/6308884638
Ankara Simitçisi,cafe,,,,,,,,,39.9231245,32.8549042,"https://www.google.com/maps/search/?api=1&query=39.9231245,32.8549042",node/4630875929
Antakya Efsanesi,restaurant,,,,,"Mo-Fr 11:00-22:30; Sa,Su 12:00-22:30",,,,39.9183321,32.8586870,"https://www.google.com/maps/search/?api=1&query=39.9183321,32.8586870",node/9320777752
Antep Sis,restaurant,turkish,,,,,,,,39.9296070,32.8261859,"https://www.google.com/maps/search/?api=1&query=39.9296070,32.8261859",node/1904701611
Any Pizza,fast_food,pizza,,,,,,,,39.9225571,32.8172623,"https://www.google.com/maps/search/?api=1&query=39.9225571,32.8172623",node/13990200802
Anıt Lezzet,restaurant,turkish,+90 312 229 90 97,,,Mo-Su 10:00-21:00,,,İlk Sokak 37,39.9207176,32.8399015,"https://www.google.com/maps/search/?api=1&query=39.9207176,32.8399015",node/5681740522
Ara Sokak Pub / Vegan Taş Fırın,pub,,,,,,,,Esat Caddesi 52,39.9107114,32.8605688,"https://www.google.com/maps/search/?api=1&query=39.9107114,32.8605688",node/13238834901
Ara Sıcak,restaurant,,,,,,,,,39.8923986,32.8579272,"https://www.google.com/maps/search/?api=1&query=39.8923986,32.8579272",node/7197330885
Arabica,cafe,coffee_shop,,,,Mo-Su 08:00-01:00,,wlan,,39.9320289,32.8255082,"https://www.google.com/maps/search/?api=1&query=39.9320289,32.8255082",node/5289332050
Arada Ocakbaşı,restaurant,,,,,,,,Azerbaycan Caddesi,39.9205726,32.8293861,"https://www.google.com/maps/search/?api=1&query=39.9205726,32.8293861",node/13986371701
Ardahan Posoflular Sosyal Dayanışma Eğitim Kültür Derneği,cafe,tea,,,,,,,,39.8824365,32.8189847,"https://www.google.com/maps/search/?api=1&query=39.8824365,32.8189847",node/13912981370
Ardıç Kitabevi Cafe,cafe,,,,,,,,,39.9192569,32.8557711,"https://www.google.com/maps/search/?api=1&query=39.9192569,32.8557711",node/9953411419
Arjantin Pide Kebap,restaurant,turkish,,,,,,,Hasan Celal Güzel Caddesi,39.8937757,32.8032637,"https://www.google.com/maps/search/?api=1&query=39.8937757,32.8032637",node/501600080
Arnavut Chef,fast_food,sandwich,,,,,,,Kazakistan Caddesi,39.9223189,32.8226170,"https://www.google.com/maps/search/?api=1&query=39.9223189,32.8226170",node/13990311101
Arquet Burger,fast_food,,,,,,,,Azerbaycan Caddesi,39.9270576,32.8266693,"https://www.google.com/maps/search/?api=1&query=39.9270576,32.8266693",node/14002929001
Aslı Börek,restaurant,,,,,,,,,39.9309642,32.8260307,"https://www.google.com/maps/search/?api=1&query=39.9309642,32.8260307",node/309903646
Aspava,restaurant,,,,,,,,,39.9267482,32.8944360,"https://www.google.com/maps/search/?api=1&query=39.9267482,32.8944360",node/4314366825
Aspava kebap,restaurant,,,,,,,,,39.9188615,32.8270898,"https://www.google.com/maps/search/?api=1&query=39.9188615,32.8270898",node/4370459094
Atakule,restaurant,,,,,,yes,,,39.8862856,32.8557137,"https://www.google.com/maps/search/?api=1&query=39.8862856,32.8557137",node/10066742625
Ayaküstü Kahve,cafe,,,,,,,,Ziyabey Caddesi,39.9109197,32.8202541,"https://www.google.com/maps/search/?api=1&query=39.9109197,32.8202541",node/8432954217
Ayvalık Meze Balık,restaurant,,,,,,,,,39.9082487,32.8608370,"https://www.google.com/maps/search/?api=1&query=39.9082487,32.8608370",node/4626474024
Ayvaz,restaurant,,,,,,,,,39.9041487,32.8598330,"https://www.google.com/maps/search/?api=1&query=39.9041487,32.8598330",node/4626474032
Aşiyan Pastanesi,cafe,,,,,,yes,,,39.9313559,32.8767831,"https://www.google.com/maps/search/?api=1&query=39.9313559,32.8767831",node/6321572856
B'Stop,pub,,,,,,no,,Ahmet Mithat Efendi Sokağı,39.8844517,32.8548267,"https://www.google.com/maps/search/?api=1&query=39.8844517,32.8548267",node/12851080202
Babel,bar,,,,,,,,,39.9189839,32.8561906,"https://www.google.com/maps/search/?api=1&query=39.9189839,32.8561906",node/4621807654
Backhouse Grunge&Rock Bar,bar,,+90 312 435 07 24,,backhouserockbar,Mo-Su 12:00-01:00,,wlan,İnkılap Sokak 5,39.9227454,32.8560311,"https://www.google.com/maps/search/?api=1&query=39.9227454,32.8560311",node/11160806107
Bagel-i Manyak,fast_food,bagel,,,,,,,,39.8965113,32.8574646,"https://www.google.com/maps/search/?api=1&query=39.8965113,32.8574646",node/12539033009
Bahar Cafe Bar,bar,,,,,Mo-Su 09:00-01:00,,,Konur Sokak 26,39.9172591,32.8563433,"https://www.google.com/maps/search/?api=1&query=39.9172591,32.8563433",node/10274835864
Bahçeli Falan,fast_food,,,,,,,,,39.9209793,32.8294814,"https://www.google.com/maps/search/?api=1&query=39.9209793,32.8294814",node/13752792501
Bahçeli Simit,cafe,,,,,,,,Oğuzhan Asiltürk Caddesi,39.9245977,32.8262502,"https://www.google.com/maps/search/?api=1&query=39.9245977,32.8262502",node/14024239401
Bakalım N'olcak,restaurant,,+90 312 482 04 01,,,08:00-00:00,,,,39.8766182,32.8357592,"https://www.google.com/maps/search/?api=1&query=39.8766182,32.8357592",node/11203819569
Bake & Joy,cafe,dessert;cake,,https://www.instagram.com/bakenjoybakery/,,,,,Şehit Pilot Mustafa Atakan Dut Caddesi 13,39.9044636,32.8468159,"https://www.google.com/maps/search/?api=1&query=39.9044636,32.8468159",node/10166304371
Baklavacı Hacıbaba,restaurant,,,,,,,,,39.8925199,32.8123048,"https://www.google.com/maps/search/?api=1&query=39.8925199,32.8123048",node/4652805870
Baklavacı Karagöz,cafe,,,,,,,,,39.9222493,32.8572342,"https://www.google.com/maps/search/?api=1&query=39.9222493,32.8572342",node/6363469218
Baklavacı Şemsettin,restaurant,,,,,,,,,39.9186622,32.8600323,"https://www.google.com/maps/search/?api=1&query=39.9186622,32.8600323",node/9320777746
Balcon,cafe,,,,,,,,,39.9088948,32.8588287,"https://www.google.com/maps/search/?api=1&query=39.9088948,32.8588287",node/4615157585
Balyozun Yeri,restaurant,,,,,,,,,39.9338887,32.8791891,"https://www.google.com/maps/search/?api=1&query=39.9338887,32.8791891",node/14023991801
Balık Pişirme Evi,restaurant,fish,,,,,,,,39.8722337,32.8595254,"https://www.google.com/maps/search/?api=1&query=39.8722337,32.8595254",node/310403033
Balıkhan,restaurant,,,,,,,,,39.8673206,32.8570941,"https://www.google.com/maps/search/?api=1&query=39.8673206,32.8570941",node/4411428480
Balıkhane,restaurant,,,,,,,,,39.9224051,32.8566992,"https://www.google.com/maps/search/?api=1&query=39.9224051,32.8566992",node/4621720970
Balıkçı,fast_food,fish;sandwich,,,,,yes,,,39.8922210,32.7885595,"https://www.google.com/maps/search/?api=1&query=39.8922210,32.7885595",node/718505717
Başak Kır Pidesi,restaurant,,,,,,,,Oğuzhan Asiltürk Caddesi,39.9250439,32.8274862,"https://www.google.com/maps/search/?api=1&query=39.9250439,32.8274862",node/14024239501
Beeves Burger,restaurant,,,,,,,,,39.9072776,32.8614874,"https://www.google.com/maps/search/?api=1&query=39.9072776,32.8614874",node/4617717379
Belkıs'ın Mutfağı,restaurant,turkish,,,,,,,,39.8967036,32.8580895,"https://www.google.com/maps/search/?api=1&query=39.8967036,32.8580895",node/12801782090
Berlin Cafe & Bar,bar,,+90 312 425 27 56,,https://www.instagram.com/berlincafepub/,Mo-Su 11:00-01:00,,wlan,Selanik Caddesi 67/A,39.9162322,32.8584009,"https://www.google.com/maps/search/?api=1&query=39.9162322,32.8584009",node/9318426316
Beyaz Et,fast_food,,,,,,yes,,,39.8847545,32.8530158,"https://www.google.com/maps/search/?api=1&query=39.8847545,32.8530158",node/247617779
Beykoz,restaurant,,,,,,yes,,,39.8847520,32.8534031,"https://www.google.com/maps/search/?api=1&query=39.8847520,32.8534031",node/60581036
Beyran Antep Mutfağı,restaurant,,,,,,,,,39.8686314,32.8575432,"https://www.google.com/maps/search/?api=1&query=39.8686314,32.8575432",node/4627366939
Beyzade,restaurant,,,,,,,,Esat Caddesi 28f,39.9131288,32.8590801,"https://www.google.com/maps/search/?api=1&query=39.9131288,32.8590801",node/4626502287
Beşeri Kantini,fast_food,,,,,,,,,39.8961655,32.7817508,"https://www.google.com/maps/search/?api=1&query=39.8961655,32.7817508",node/3836440363
Bi Kahve Atölyesi,cafe,coffee_shop;turkish,,,,,,,,39.8972066,32.8485205,"https://www.google.com/maps/search/?api=1&query=39.8972066,32.8485205",node/13526358601
Bi' Kahve Atölyesi,cafe,turkish,,,,,,,Hoşdere Caddesi,39.8968128,32.8482081,"https://www.google.com/maps/search/?api=1&query=39.8968128,32.8482081",node/13566100101
bi' çorba,restaurant,,,,,,,,,39.8677719,32.8575002,"https://www.google.com/maps/search/?api=1&query=39.8677719,32.8575002",node/312788040
bi'sütlü bi'tatlı,cafe,,,https://bisutlubitatli.com.tr,bisutlubitatli,,,,,39.9225215,32.8172518,"https://www.google.com/maps/search/?api=1&query=39.9225215,32.8172518",node/13990200801
Big Baker,restaurant,pizza;burger;salad,,,,,,,,39.9198405,32.8572744,"https://www.google.com/maps/search/?api=1&query=39.9198405,32.8572744",node/10259003647
Bilge Şahin Pasta Dükkanı,cafe,coffee_shop,,bilgesahinpastadukkani.com,,,,wlan,Tunus Caddesi,39.9075457,32.8589799,"https://www.google.com/maps/search/?api=1&query=39.9075457,32.8589799",node/2209984006
Bilgisayar Mühendisliği Kantini,fast_food,coffee_shop;sandwich,,,,,,,,39.8918017,32.7835588,"https://www.google.com/maps/search/?api=1&query=39.8918017,32.7835588",node/4622453639
Birlik,fast_food,,,,,,,,,39.9051202,32.8604523,"https://www.google.com/maps/search/?api=1&query=39.9051202,32.8604523",node/247208748
Biso Cafe,cafe,coffee_shop,,,hellobisocoffee,Mo-Su 08:00-22:00,,,336. Sokak 10/A,39.8864156,32.8879568,"https://www.google.com/maps/search/?api=1&query=39.8864156,32.8879568",node/13899078401
Biyoloji Kantini,fast_food,,,,,,,,,39.8958101,32.7800138,"https://www.google.com/maps/search/?api=1&query=39.8958101,32.7800138",node/4622917823
Bizim Değirmen,restaurant,turkish;bakery,,,,,,,,39.8828133,32.8393032,"https://www.google.com/maps/search/?api=1&query=39.8828133,32.8393032",node/12799746332
Bizim Kantin,fast_food,,,,,,,,,39.8945711,32.7823488,"https://www.google.com/maps/search/?api=1&query=39.8945711,32.7823488",node/501820006
Bizim Köfteci,restaurant,turkish,,,,,,,,39.9317289,32.8760189,"https://www.google.com/maps/search/?api=1&query=39.9317289,32.8760189",node/1361600709
Bizim Lokanta Tavukçusu,restaurant,,,,,,,,,39.9191362,32.8627552,"https://www.google.com/maps/search/?api=1&query=39.9191362,32.8627552",node/9318510624
Bla Bla,bar,,,,,,,,,39.9191300,32.8280297,"https://www.google.com/maps/search/?api=1&query=39.9191300,32.8280297",node/4371605690
Black Fish Cafe,cafe,coffee_shop,+90 544 921 24 56,,blackfishcafe,Mo-Su 11:00-23:00,,wlan,,39.9167449,32.8587422,"https://www.google.com/maps/search/?api=1&query=39.9167449,32.8587422",node/9318510617
Black Pub,pub,,,,,,,,,39.9077107,32.8612125,"https://www.google.com/maps/search/?api=1&query=39.9077107,32.8612125",node/4617717373
Blues,pub,,,,,,,,,39.9224837,32.8569893,"https://www.google.com/maps/search/?api=1&query=39.9224837,32.8569893",node/4621720971
Bob,cafe,,,,,,yes,,,39.8783122,32.8811234,"https://www.google.com/maps/search/?api=1&query=39.8783122,32.8811234",node/12751868609
Bolulu Hasan Usta,cafe,,,,,,,,Tunalı Hilmi Cad.,39.9066378,32.8609512,"https://www.google.com/maps/search/?api=1&query=39.9066378,32.8609512",node/247208555
Bosco,cafe,,,,,,,,1. sokak 7,39.9140996,32.8079705,"https://www.google.com/maps/search/?api=1&query=39.9140996,32.8079705",node/9906059055
Bosco Caffe,cafe,,,,,,,,,39.9285606,32.8194794,"https://www.google.com/maps/search/?api=1&query=39.9285606,32.8194794",node/9965496667
Boğaziçi Pastanesi,cafe,,,,,,,,,39.9182644,32.8584615,"https://www.google.com/maps/search/?api=1&query=39.9182644,32.8584615",node/9320777751
Bubu,cafe,,,,,,,,Kazakistan Caddesi,39.9241142,32.8228015,"https://www.google.com/maps/search/?api=1&query=39.9241142,32.8228015",node/13803041503
Burger King,fast_food,burger,,,,,,,,39.9324318,32.8292508,"https://www.google.com/maps/search/?api=1&query=39.9324318,32.8292508",node/309903658
Burger Wave,fast_food,,,,,,,,Büklüm Caddesi,39.9092978,32.8598691,"https://www.google.com/maps/search/?api=1&query=39.9092978,32.8598691",node/13764589101
Bursa Hacıbey Kebapçısı,restaurant,turkish,,,,,,,,39.9118413,32.8210570,"https://www.google.com/maps/search/?api=1&query=39.9118413,32.8210570",node/2286418250
Bursa İnegöl Köftecisi,restaurant,,,,,,,,,39.8889222,32.8548522,"https://www.google.com/maps/search/?api=1&query=39.8889222,32.8548522",node/247208856
Börek's Cafe,restaurant,,,,,Mo-Su 05:00-22:00,,,Cemal Gürsel Caddesi 34,39.9282096,32.8690568,"https://www.google.com/maps/search/?api=1&query=39.9282096,32.8690568",node/13171697852
C'ViZ,cafe,,,,,,,,,39.8915594,32.8711121,"https://www.google.com/maps/search/?api=1&query=39.8915594,32.8711121",node/62674094
Cafe Bianca,cafe,,,,,Mo-Su 08:00-23:30,,,Onur Sokak 63/B,39.9313402,32.8422250,"https://www.google.com/maps/search/?api=1&query=39.9313402,32.8422250",node/11896469969
Cafe Bien,bar,,,,,,,,,39.9070508,32.8596300,"https://www.google.com/maps/search/?api=1&query=39.9070508,32.8596300",node/4621621597
Cafe Botanica,cafe,,,,,Mo-Su 09:00-24:00,,,,39.9046431,32.8622922,"https://www.google.com/maps/search/?api=1&query=39.9046431,32.8622922",node/1706179745
Cafe Bıyık,cafe,,,,,,,,,39.8962178,32.8796768,"https://www.google.com/maps/search/?api=1&query=39.8962178,32.8796768",node/4624060643
Cafe des Cafes,cafe,,,,,,yes,,,39.9066216,32.8612044,"https://www.google.com/maps/search/?api=1&query=39.9066216,32.8612044",node/93807636
Cafe Down Engelsiz Cafe,cafe,,,,,,,,,39.9229865,32.8539956,"https://www.google.com/maps/search/?api=1&query=39.9229865,32.8539956",node/13760763501
Cafe Home Cooking,restaurant,turkish,,,,,,,,39.8954605,32.8783652,"https://www.google.com/maps/search/?api=1&query=39.8954605,32.8783652",node/4624060640
Cafe Kıraç,restaurant,,,,,,,,Olgunlar Cad.,39.9149256,32.8583441,"https://www.google.com/maps/search/?api=1&query=39.9149256,32.8583441",node/5607501223
Cafe P22,cafe,,,,,,,,Halit Ziya Sokak,39.8852269,32.8492055,"https://www.google.com/maps/search/?api=1&query=39.8852269,32.8492055",node/12709710801
Cafe Puzzle barbekü,fast_food,persian,,cafepuzzle.com,,Mo-Su 11:00-22:00,,,Kahraman Kadın Sokağı 17,39.8936823,32.8785255,"https://www.google.com/maps/search/?api=1&query=39.8936823,32.8785255",node/11262022274
Cafe Rosso,cafe,,,,,,,,,39.9081500,32.8614807,"https://www.google.com/maps/search/?api=1&query=39.9081500,32.8614807",node/4617717369
Cafe Sobe,restaurant,,,,,,,,,39.9182459,32.8561599,"https://www.google.com/maps/search/?api=1&query=39.9182459,32.8561599",node/2991234633
Cafemiz,cafe,international,,,,,,,Arjantin Caddesi 19,39.8979214,32.8657829,"https://www.google.com/maps/search/?api=1&query=39.8979214,32.8657829",node/310402861
CafeModern,cafe,,,,,Tu-Su 10:00-20:00,yes,,Altınsoy Caddesi 3,39.9317639,32.8493139,"https://www.google.com/maps/search/?api=1&query=39.9317639,32.8493139",node/4333122652
Caffe Nux,cafe,,,,,,,,,39.8974190,32.8554459,"https://www.google.com/maps/search/?api=1&query=39.8974190,32.8554459",node/12923117600
Caffè di Toeè,cafe,,,,,,,,59. Sokak,39.9232368,32.8247790,"https://www.google.com/maps/search/?api=1&query=39.9232368,32.8247790",node/13776056603
Caffé di Toeé,cafe,,,,,,,,,39.9094723,32.8039075,"https://www.google.com/maps/search/?api=1&query=39.9094723,32.8039075",node/14007049001
Cajun Corner,restaurant,,,,,,,,,39.9201979,32.8565552,"https://www.google.com/maps/search/?api=1&query=39.9201979,32.8565552",node/10259447199
Cajunist,fast_food,chicken,,,,,,,Oğuzhan Asiltürk Caddesi,39.9250178,32.8274100,"https://www.google.com/maps/search/?api=1&query=39.9250178,32.8274100",node/14011138801
Cambo İskender & Kebap,restaurant,,,,,,,,,39.8751919,32.8605146,"https://www.google.com/maps/search/?api=1&query=39.8751919,32.8605146",node/312788027
Can Balık,restaurant,,,,,,,,,39.9221937,32.8559652,"https://www.google.com/maps/search/?api=1&query=39.9221937,32.8559652",node/4621720969
Can Döner,fast_food,,,,,,,,,39.9292794,32.8541389,"https://www.google.com/maps/search/?api=1&query=39.9292794,32.8541389",node/14008189901
Caribou Coffee,cafe,coffee_shop,,,,,,,,39.9182914,32.8555088,"https://www.google.com/maps/search/?api=1&query=39.9182914,32.8555088",node/11008039209
Carmelo Coffee,cafe,,,,,,,,,39.9180267,32.8555687,"https://www.google.com/maps/search/?api=1&query=39.9180267,32.8555687",node/11107454239
Casa Italia,cafe,italian,,,,,,,,39.8945810,32.8499577,"https://www.google.com/maps/search/?api=1&query=39.8945810,32.8499577",node/13633449101
Castello,fast_food,,,,,,,,,39.9315986,32.8284073,"https://www.google.com/maps/search/?api=1&query=39.9315986,32.8284073",node/10967868412
Castle Black,pub,,,,,,,,73. Sokak,39.9196747,32.8280157,"https://www.google.com/maps/search/?api=1&query=39.9196747,32.8280157",node/13882635701
Catalyst Coffee and Hub,cafe,coffee_shop;sandwich;dessert,,https://www.instagram.com/catalystcoffeehub/,,08:00-23:00,yes,wlan,Ahmet Mithat Efendi Sokak 3,39.8840825,32.8550623,"https://www.google.com/maps/search/?api=1&query=39.8840825,32.8550623",node/12369448213
Cennetkuşu Çukurambar,restaurant,,+90 312 284 29 59,cennetkusu.com,,,,,1443 Cadde 53,39.8986413,32.8116629,"https://www.google.com/maps/search/?api=1&query=39.8986413,32.8116629",node/9443897632
Central,restaurant,,,,,,,,,39.8932219,32.7958181,"https://www.google.com/maps/search/?api=1&query=39.8932219,32.7958181",node/11033909657
Cey Cey,cafe,,,,,,,,70. Sokak,39.9223362,32.8269871,"https://www.google.com/maps/search/?api=1&query=39.9223362,32.8269871",node/13953976601
Chicken Run,fast_food,,,,,,,,,39.8924690,32.7883515,"https://www.google.com/maps/search/?api=1&query=39.8924690,32.7883515",node/4627537416
Cici Piknik,restaurant,,,,,,,,,39.9198647,32.8510017,"https://www.google.com/maps/search/?api=1&query=39.9198647,32.8510017",node/12508910267
City Wok,restaurant,chinese,,,,Mo-Su 00:00-21:00,,,,39.8927409,32.8513292,"https://www.google.com/maps/search/?api=1&query=39.8927409,32.8513292",node/13535069801
Ciğerci Apo,restaurant,kebab,,,,,,,Ziyabey Cad. 57/A,39.9091409,32.8178123,"https://www.google.com/maps/search/?api=1&query=39.9091409,32.8178123",way/225212946
Ciğerci Aydın,restaurant,,,,,,,,,39.9325757,32.8427090,"https://www.google.com/maps/search/?api=1&query=39.9325757,32.8427090",node/9695697217
Ciğerci Bahattin,restaurant,kebab;turkish,+90 312 222 00 50,,,24/7,,,Bişkek Caddesi 68B,39.9176430,32.8171292,"https://www.google.com/maps/search/?api=1&query=39.9176430,32.8171292",node/6797454785
Classics,pub,,,,,Mo-Su 10:00-01:00,,,Aşkabat Caddesi,39.9219077,32.8257447,"https://www.google.com/maps/search/?api=1&query=39.9219077,32.8257447",node/5300714822
Cofengo Cafe,cafe,,,,,Mo-Su 10:00-23:30,,,,39.8980358,32.8487295,"https://www.google.com/maps/search/?api=1&query=39.8980358,32.8487295",node/13633490201
Coffee 101,cafe,coffee_shop,,,,,no,wlan,,39.8926327,32.7884385,"https://www.google.com/maps/search/?api=1&query=39.8926327,32.7884385",node/4622731268
Coffee 1919,cafe,coffee_shop,,,,,yes,,,39.9122878,32.7801628,"https://www.google.com/maps/search/?api=1&query=39.9122878,32.7801628",way/1291789306
Coffee Break,cafe,coffee_shop,,,,,,,,39.8918125,32.7888813,"https://www.google.com/maps/search/?api=1&query=39.8918125,32.7888813",node/4623060235
Coffee Bus,cafe,,,,,,,,Nene Hatun Cad. 59,39.8992499,32.8680499,"https://www.google.com/maps/search/?api=1&query=39.8992499,32.8680499",node/12179983348
Coffee de Madrid,cafe,,,,,,,,,39.9245463,32.8254947,"https://www.google.com/maps/search/?api=1&query=39.9245463,32.8254947",node/12741125780
Coffee de Madrid Cubes,cafe,,,,,,,,Öğretmenler Cd. 8,39.9056973,32.8032485,"https://www.google.com/maps/search/?api=1&query=39.9056973,32.8032485",node/13039202263
Coffee Lab,cafe,coffee_shop,,,,,yes,,,39.9061676,32.8607376,"https://www.google.com/maps/search/?api=1&query=39.9061676,32.8607376",node/309888017
Coffee LAB Bahçeli 71,cafe,,,,,,,,,39.9212036,32.8273697,"https://www.google.com/maps/search/?api=1&query=39.9212036,32.8273697",node/12556376893
Coffee LAB Bahçeli 72,cafe,,,,,,,,,39.9202347,32.8276558,"https://www.google.com/maps/search/?api=1&query=39.9202347,32.8276558",node/12556392652
Coffee Project,cafe,coffee_shop,,,,,,,,39.9173530,32.8175164,"https://www.google.com/maps/search/?api=1&query=39.9173530,32.8175164",node/7074604286
CoffeeHub,cafe,coffee_shop,+90 539 655 35 50,,,,,,Şehit Gönenç Caddesi No: 5 D:69,39.9243151,32.8458292,"https://www.google.com/maps/search/?api=1&query=39.9243151,32.8458292",way/1362583299
CoffeeLab,cafe,coffee_shop,,,,,,,Tuna Caddesi 5A,39.9232981,32.8554392,"https://www.google.com/maps/search/?api=1&query=39.9232981,32.8554392",node/8549773229
Coffy,restaurant,,,,,Mo-Su 08:00-23:00,,,,39.9179034,32.8573871,"https://www.google.com/maps/search/?api=1&query=39.9179034,32.8573871",node/11107378250
Colambia Coffee,cafe,,,,,,,,,39.9236128,32.8255508,"https://www.google.com/maps/search/?api=1&query=39.9236128,32.8255508",node/4622000174
Corvus Pub,pub,,,,,,,,,39.9067447,32.8601825,"https://www.google.com/maps/search/?api=1&query=39.9067447,32.8601825",node/4617561925
Cozy Vintage Coffee,cafe,cake;coffee_shop,+90 531 303 59 33,,cozyvintagecoffee,Su-Th 11:00-22:00; Fr-Sa 11:00-22:30,,,Büklüm Caddesi 43B,39.9093413,32.8599388,"https://www.google.com/maps/search/?api=1&query=39.9093413,32.8599388",node/13607928701
cresco.,cafe,,,,,,,,,39.9282900,32.8157010,"https://www.google.com/maps/search/?api=1&query=39.9282900,32.8157010",node/13980656501
Crossroads Pub,pub,,,,,,yes,,,39.8840651,32.8545922,"https://www.google.com/maps/search/?api=1&query=39.8840651,32.8545922",node/75343439
Dabıl Meze,restaurant,,,,,,,,Kazakistan Caddesi 91B,39.9239738,32.8227733,"https://www.google.com/maps/search/?api=1&query=39.9239738,32.8227733",node/13803041401
Dadaşlar Torum Çağ Et Evi,restaurant,kebab,,,,,,,,39.8919126,32.8253325,"https://www.google.com/maps/search/?api=1&query=39.8919126,32.8253325",node/4406511277
Dafne,restaurant,,,,,,,,,39.8937627,32.8510889,"https://www.google.com/maps/search/?api=1&query=39.8937627,32.8510889",node/293696500
Dalyan Food and Drink,restaurant,,+90 544 4678281,,,,yes,,Çığır Sokak,39.9050773,32.8601874,"https://www.google.com/maps/search/?api=1&query=39.9050773,32.8601874",node/9568486234
Damla Pastanesi,cafe,,,,,,,,,39.9248530,32.8421121,"https://www.google.com/maps/search/?api=1&query=39.9248530,32.8421121",node/12985062922
Dayi Kürek Lahmacun (Emek),restaurant,,+90 312 213 6065,https://lezzetdayiyaceker.com/subeler/emek,,Mo-Su 10:00-23:30,,,Bosna Hersek Caddesi 18,39.9169219,32.8196201,"https://www.google.com/maps/search/?api=1&query=39.9169219,32.8196201",node/9689419638
Dayı'nın Yeri,restaurant,kebab,+90 312 473 12 90,https://dayininyeriankara.com/,,,,,1333. Cadde No: 8,39.8923173,32.8254080,"https://www.google.com/maps/search/?api=1&query=39.8923173,32.8254080",node/12672592439
Dedem Sandwich,fast_food,,,,,,yes,,,39.8847633,32.8528833,"https://www.google.com/maps/search/?api=1&query=39.8847633,32.8528833",node/247617782
Deli Yengeç,restaurant,,,,,,,,,39.8970867,32.8670302,"https://www.google.com/maps/search/?api=1&query=39.8970867,32.8670302",node/4619031443
Dem,restaurant,,,,,,no,,,39.8840155,32.8541989,"https://www.google.com/maps/search/?api=1&query=39.8840155,32.8541989",node/122563753
Devrez,restaurant,,,,,,,,,39.9052562,32.8683922,"https://www.google.com/maps/search/?api=1&query=39.9052562,32.8683922",node/600501148
Dikmen Sandwich,restaurant,,,,,,,,,39.8759904,32.8355715,"https://www.google.com/maps/search/?api=1&query=39.8759904,32.8355715",node/11203819565
Dikmen Vadisi Pusu,cafe,,,,,,,,,39.8952504,32.8444841,"https://www.google.com/maps/search/?api=1&query=39.8952504,32.8444841",way/1090206799
Divan Brasserie,restaurant,,,,,,,,,39.8977265,32.8636131,"https://www.google.com/maps/search/?api=1&query=39.8977265,32.8636131",node/12402630104
Dois,restaurant,,,,,,,,,39.9184677,32.8563595,"https://www.google.com/maps/search/?api=1&query=39.9184677,32.8563595",node/10008208681
Dolunay Cafe,cafe,,,,,,,,,39.9190737,32.8285720,"https://www.google.com/maps/search/?api=1&query=39.9190737,32.8285720",node/4371616189
Domino's,fast_food,pizza,,,,,,,,39.8935520,32.8763696,"https://www.google.com/maps/search/?api=1&query=39.8935520,32.8763696",node/83559452
Domino's Pizza,fast_food,pizza,,,,,,,,39.8617318,32.8168344,"https://www.google.com/maps/search/?api=1&query=39.8617318,32.8168344",node/4362378044
Double Zero Pizzeria,restaurant,pizza;italian,,,,Mo-Su 11:30-22:30,,,,39.8919500,32.8741306,"https://www.google.com/maps/search/?api=1&query=39.8919500,32.8741306",node/11262892676
Dr. Falafel,restaurant,,+90 312 419 17 57,,,Su-Th 12:00-22:00; Fr-Sa 12:00-23:30,yes,wlan,Selanik Caddesi 66/B,39.9173491,32.8575731,"https://www.google.com/maps/search/?api=1&query=39.9173491,32.8575731",node/11111467704
Dubh Linn,pub,,,,,,,,,39.9072087,32.8605848,"https://www.google.com/maps/search/?api=1&query=39.9072087,32.8605848",node/4617571300
DubhLihn Üsküp,restaurant,,,,,,,,,39.8947916,32.8584927,"https://www.google.com/maps/search/?api=1&query=39.8947916,32.8584927",node/4619389480
Durdu Usta,restaurant,kebab,,,,,,,,39.9169204,32.8174691,"https://www.google.com/maps/search/?api=1&query=39.9169204,32.8174691",node/7074597590
Dönerci Hacı Baba,restaurant,,,,,,,,,39.8894323,32.8187603,"https://www.google.com/maps/search/?api=1&query=39.8894323,32.8187603",node/4112347990
Döneristan,fast_food,,,,,,,,,39.9222842,32.8553372,"https://www.google.com/maps/search/?api=1&query=39.9222842,32.8553372",node/4630875928
Dürüm Aspava,restaurant,,,,,,,,,39.9204670,32.8563847,"https://www.google.com/maps/search/?api=1&query=39.9204670,32.8563847",node/9216458436
Dürüm Döner,restaurant,,,,,Mo-Su 08:00-20:00,,,Bayındır-2 Sokak No:43,39.9197886,32.8584003,"https://www.google.com/maps/search/?api=1&query=39.9197886,32.8584003",node/13869843301
Dürümle,fast_food,,,,,,,,,39.9243244,32.8255154,"https://www.google.com/maps/search/?api=1&query=39.9243244,32.8255154",node/12741124494
Eathica Eatery,restaurant,,,,,,,,,39.9003831,32.8559852,"https://www.google.com/maps/search/?api=1&query=39.9003831,32.8559852",node/13112065760
Edessa Kebap,restaurant,,,,,,,,,39.9247352,32.8226283,"https://www.google.com/maps/search/?api=1&query=39.9247352,32.8226283",node/2273349697
Ehlikeyf,restaurant,,,,,,,,,39.9043507,32.8096281,"https://www.google.com/maps/search/?api=1&query=39.9043507,32.8096281",node/851522422
eight. Street Bar,bar,,,,,,,,,39.9004265,32.8576411,"https://www.google.com/maps/search/?api=1&query=39.9004265,32.8576411",node/12630068511
Eksi Maya,restaurant,,,,,Mo-Sa 08:30-22:00,,,,39.9027350,32.8619340,"https://www.google.com/maps/search/?api=1&query=39.9027350,32.8619340",node/11823813988
Ekşi Maya,restaurant,,,,,,,,,39.9229850,32.8039266,"https://www.google.com/maps/search/?api=1&query=39.9229850,32.8039266",node/8338703627
El Paso,bar,,,,,,,,,39.9081212,32.8596676,"https://www.google.com/maps/search/?api=1&query=39.9081212,32.8596676",node/4617561918
Elif Pide Kebap,restaurant,turkish,+90 312 4362122,,,,,,Bağlar Cd.,39.9004469,32.8741512,"https://www.google.com/maps/search/?api=1&query=39.9004469,32.8741512",node/4331217589
Elizinn,cafe,,,https://www.elizinn.com.tr/,,,yes,,Tunalı Hilmi Caddesi 81/A,39.9067795,32.8612594,"https://www.google.com/maps/search/?api=1&query=39.9067795,32.8612594",node/4617717381
Eltiler Pide Kebap,restaurant,,,,,Mo-Su 09:00-21:00,,,Bülbülderesi Caddesi 39,39.9137843,32.8642422,"https://www.google.com/maps/search/?api=1&query=39.9137843,32.8642422",node/12529465874
Emek Ankara,cafe,cake;coffee_shop,,,emek.ankara,Mo-Su 07:00-00:00,,wlan,Güvenlik Cd. 6,39.9048724,32.8526980,"https://www.google.com/maps/search/?api=1&query=39.9048724,32.8526980",node/9503624217
Emir Hatay Dürümcüsü,restaurant,,,https://www.simitcidunyasi.com.tr/,,,,,Cemal Gürsel Caddesi 49,39.9298243,32.8727200,"https://www.google.com/maps/search/?api=1&query=39.9298243,32.8727200",node/2838073322
Emirgan çayevi,cafe,,,,,,,,,39.9256779,32.8474906,"https://www.google.com/maps/search/?api=1&query=39.9256779,32.8474906",node/7291326485
Enderun Kitap Kafe,bar,,,,,,,,,39.9316736,32.8667140,"https://www.google.com/maps/search/?api=1&query=39.9316736,32.8667140",node/6898196186
EOS Restaurant & Bar,restaurant,,,,,,,,,39.8908040,32.8745599,"https://www.google.com/maps/search/?api=1&query=39.8908040,32.8745599",node/828617472
Erdemli Tantuni,restaurant,turkish,+90 312 230 19 20,,,Mo-Fr 11:00-00:00,,,Gazi Mustafa Kemal Bulvarı 59,39.9274693,32.8466250,"https://www.google.com/maps/search/?api=1&query=39.9274693,32.8466250",node/12960033943
EskiYeni Bar,bar,turkish,+90 312 433 07 01,http://eskiyenibar.com,,Mo-Su 12:00-05:00,,wlan,İnkılap Sokak 6 / A,39.9224813,32.8558049,"https://www.google.com/maps/search/?api=1&query=39.9224813,32.8558049",node/4524003491
Espressolab,cafe,coffee_shop,,,,,,,,39.9218483,32.8263092,"https://www.google.com/maps/search/?api=1&query=39.9218483,32.8263092",node/12556402321
EtManyak Burger & Sosis,restaurant,,,,,,,,,39.8965042,32.8561178,"https://www.google.com/maps/search/?api=1&query=39.8965042,32.8561178",node/12539023878
Evim Ev Yemekleri,restaurant,turkish,,,,,,,,39.8944893,32.8772279,"https://www.google.com/maps/search/?api=1&query=39.8944893,32.8772279",node/816745455
Extra Time Coffee,cafe,,,,,,,,Rabindranath Tagore,39.8744659,32.8596230,"https://www.google.com/maps/search/?api=1&query=39.8744659,32.8596230",node/12921135566
Eylül Döner,restaurant,fish,,,,,,,,39.8726466,32.8596488,"https://www.google.com/maps/search/?api=1&query=39.8726466,32.8596488",node/4627366907
Eylül Kafe,cafe,,,,,,,,,39.9195015,32.8558327,"https://www.google.com/maps/search/?api=1&query=39.9195015,32.8558327",node/8153025265
Ezgi cafe,cafe,,,,,,,,,39.9183855,32.8561149,"https://www.google.com/maps/search/?api=1&query=39.9183855,32.8561149",node/10008182742
Ezgisu Pide Kebap,restaurant,,,,,,,,,39.8681211,32.8231096,"https://www.google.com/maps/search/?api=1&query=39.8681211,32.8231096",node/4362548294
f451,cafe,,,,,,,wlan,,39.9092780,32.8608238,"https://www.google.com/maps/search/?api=1&query=39.9092780,32.8608238",node/6320313885
Fado,pub,,,,,,,,,39.9005475,32.8576815,"https://www.google.com/maps/search/?api=1&query=39.9005475,32.8576815",node/12630068512
Faik Hızıroğlu Konukevi Kantini,cafe,,,,,,,wlan,,39.8878507,32.7916137,"https://www.google.com/maps/search/?api=1&query=39.8878507,32.7916137",node/13057959109
Fanus Komünite Kafe,cafe,,+90 551 993 73 13,https://www.instagram.com/fanuskomunitekafe/,,Mo-Su 10:00-22:30,yes,,84. Cadde 34/A,39.9207812,32.8404557,"https://www.google.com/maps/search/?api=1&query=39.9207812,32.8404557",node/12625876731
Farabi Sahnesi,cafe,,+90 312 486 00 58,,farabisahnesi,"Mo, We-Fr 09:00-23:00; Tu 08:30-23:00; Sa 10:00-23:00; Su 10:30-23:00",,,Farabi Sokak 17/A,39.8962202,32.8591748,"https://www.google.com/maps/search/?api=1&query=39.8962202,32.8591748",node/4739270327
Fasıl Ocakbaşı,restaurant,,,,,,,,,39.8683267,32.8572616,"https://www.google.com/maps/search/?api=1&query=39.8683267,32.8572616",node/4627366940
Faust Coffee,cafe,coffee_shop,+90 555 662 84 77,,,Mo-Su 08:00-00:00,,,13. Sokak 3/A,39.9212487,32.8232362,"https://www.google.com/maps/search/?api=1&query=39.9212487,32.8232362",node/13714969101
Fenese Pide,restaurant,,+90 312 480 08 06,,,11:00-21:00,,,,39.8768535,32.8359815,"https://www.google.com/maps/search/?api=1&query=39.8768535,32.8359815",node/11206702660
Feriştah Çiğ Köfte,restaurant,,+90 312 482 82 88,,,"Mo-Fr 13:00-00:00, Sa-Su 14:00-00:00",,,,39.8764257,32.8355299,"https://www.google.com/maps/search/?api=1&query=39.8764257,32.8355299",node/11203819568
Fevzi Hoca Balık Lokantası,restaurant,seafood;turkish,+90 312 215 45 60,https://www.fevzihoca.com.tr/,,Mo-Su 09:00-23:00,,,"Söğütözü Cad, Eski Saklı Bahçe Karşısı 8/6",39.9167065,32.8056799,"https://www.google.com/maps/search/?api=1&query=39.9167065,32.8056799",node/12057677869
Fevzi Usta,restaurant,turkish,,,,,,,,39.8994592,32.8691847,"https://www.google.com/maps/search/?api=1&query=39.8994592,32.8691847",node/599203831
Fiesta Cafe & Pub,cafe,,,,,,,,,39.9208658,32.8566993,"https://www.google.com/maps/search/?api=1&query=39.9208658,32.8566993",node/10259003626
Fige,restaurant,,,,,,yes,,,39.8853055,32.8570084,"https://www.google.com/maps/search/?api=1&query=39.8853055,32.8570084",node/247618857
Fikrim,bar,,,,,Mo-Su 12:00-01:00,,,,39.9151758,32.8572080,"https://www.google.com/maps/search/?api=1&query=39.9151758,32.8572080",node/6908297126
Firik Antakya Künefe,fast_food,,,,,,,,,39.9211119,32.8509507,"https://www.google.com/maps/search/?api=1&query=39.9211119,32.8509507",node/13123324501
Fit'n Food,restaurant,chicken;pasta,,,,,,,Kazakistan Caddesi 113B,39.9217913,32.8228252,"https://www.google.com/maps/search/?api=1&query=39.9217913,32.8228252",node/13970244402
Freedom Pub,bar,,+90 552 864 40 19,,freedom_pubb,Mo-Su 11:00-01:00,,,Olgunlar Caddesi 20/B,39.9149280,32.8571311,"https://www.google.com/maps/search/?api=1&query=39.9149280,32.8571311",node/13792809901
Fried Meister,fast_food,burger,,,,,,,,39.9177440,32.8574447,"https://www.google.com/maps/search/?api=1&query=39.9177440,32.8574447",node/13590058208
Fırın Pide & Kebap,restaurant,,,,,,,,,39.8682454,32.8567466,"https://www.google.com/maps/search/?api=1&query=39.8682454,32.8567466",node/4627366942
Gabo Kitchen Ankara,restaurant,turkish,+90 537 438 44 16,,,Mo-Su 10:30-21:00,,,Şht. H.Temel Kuğuoğlu 17/A,39.9245327,32.8289193,"https://www.google.com/maps/search/?api=1&query=39.9245327,32.8289193",node/11011451353
Gadasını Aldığım Mantı,restaurant,,+90 552 977 97 93,,,Mo-Su 09:00-21:00,,,Oğuzhan Asiltürk Caddesi No:9/E,39.9247970,32.8245541,"https://www.google.com/maps/search/?api=1&query=39.9247970,32.8245541",node/12434089270
Gaga Manjero,restaurant,,,,,,,wlan,,39.8983974,32.8698606,"https://www.google.com/maps/search/?api=1&query=39.8983974,32.8698606",node/321719294
Gar Lokantası,restaurant,turkish,,,,,,,,39.8975795,32.8716825,"https://www.google.com/maps/search/?api=1&query=39.8975795,32.8716825",node/75343386
Garden Pub,bar,,,,,,,,,39.9089133,32.8589038,"https://www.google.com/maps/search/?api=1&query=39.9089133,32.8589038",node/4615157586
Gazi Üniversitesi Mühendislik Yemekhanesi,fast_food,,,https://mediko.gazi.edu.tr/,,Mo-Fr 11:00-13:30,,,,39.9310014,32.8462069,"https://www.google.com/maps/search/?api=1&query=39.9310014,32.8462069",way/421444541
Gelidonya Feneri,restaurant,,,,,,yes,,,39.8845806,32.8562670,"https://www.google.com/maps/search/?api=1&query=39.8845806,32.8562670",node/247618858
Germeç Piliç,restaurant,turkish,+90 312 230 08 07,,,Mo-Su 11:00-22:00,,,,39.8917855,32.8415110,"https://www.google.com/maps/search/?api=1&query=39.8917855,32.8415110",node/7922758910
Geyik Kafe,restaurant,,,,,,,,,39.9304441,32.8637707,"https://www.google.com/maps/search/?api=1&query=39.9304441,32.8637707",node/309903668
Girit Mantı,restaurant,,,,,,,,,39.8702546,32.8590104,"https://www.google.com/maps/search/?api=1&query=39.8702546,32.8590104",node/4627366931
Globica,cafe,coffee_shop,,,,,yes,wlan,Uğur Mumcu Cad.,39.8924144,32.8748551,"https://www.google.com/maps/search/?api=1&query=39.8924144,32.8748551",node/4999877121
Gloria Jean's,cafe,coffee_shop,,,,,yes,wlan,,39.9248252,32.8258405,"https://www.google.com/maps/search/?api=1&query=39.9248252,32.8258405",node/11093270881
Gobitte,fast_food,,,,,,,,,39.9191527,32.8553286,"https://www.google.com/maps/search/?api=1&query=39.9191527,32.8553286",node/6420536982
Granma Pub,bar,,+90 537 375 03 56,,granmapub,Mo-Su 11:00-01:00,yes,,Konur Sokak N:59 D:13,39.9152766,32.8571784,"https://www.google.com/maps/search/?api=1&query=39.9152766,32.8571784",node/9321286534
Grano,cafe,do,,,,,yes,,,39.8921413,32.7884561,"https://www.google.com/maps/search/?api=1&query=39.8921413,32.7884561",node/11033893209
Grano Coffee & Sandwiches,cafe,coffee_shop,,,,,,,,39.9174123,32.8166286,"https://www.google.com/maps/search/?api=1&query=39.9174123,32.8166286",node/7074604086
Greenwich Coffee,cafe,,,https://greenwichcoffee.com/,,Mo-Su 07:30-23:30,no,yes,1424. Cadde 6/3,39.9056232,32.8031889,"https://www.google.com/maps/search/?api=1&query=39.9056232,32.8031889",node/13286045853
GUA,cafe,,,,,,,,,39.9226090,32.8172613,"https://www.google.com/maps/search/?api=1&query=39.9226090,32.8172613",node/13990282001
Guguklu,restaurant,,,,,,,,,39.8961942,32.8127152,"https://www.google.com/maps/search/?api=1&query=39.8961942,32.8127152",node/4652850611
Gupse Fırın & Cafe,cafe,bagel;breakfast;coffee_shop;local;pancake;sandwich;savory_pancakes,+90 312 222 99 33,,,Mo-Su 07:00-21:00,,,Bişkek Caddesi 55/B,39.9271356,32.8189065,"https://www.google.com/maps/search/?api=1&query=39.9271356,32.8189065",node/8715773617
Gusto,cafe,,,,,,,,,39.8639057,32.8556995,"https://www.google.com/maps/search/?api=1&query=39.8639057,32.8556995",node/4411452285
Göksu Lokantası,restaurant,,,,,,,,,39.9045932,32.8676821,"https://www.google.com/maps/search/?api=1&query=39.9045932,32.8676821",node/601091218
Göksu Restoran,restaurant,,,,,,,,,39.9216819,32.8570773,"https://www.google.com/maps/search/?api=1&query=39.9216819,32.8570773",node/93807632
Güllüoğlu,cafe,,,,,,no,,,39.8854052,32.8551628,"https://www.google.com/maps/search/?api=1&query=39.8854052,32.8551628",node/4661050657
Gülçimen Aspava,restaurant,kebab,,,,,,,Bişkek Caddesi,39.9163496,32.8172431,"https://www.google.com/maps/search/?api=1&query=39.9163496,32.8172431",node/7074604185
Gümüş Pastanesi,cafe,turkish,,,,,,,,39.9341345,32.8341472,"https://www.google.com/maps/search/?api=1&query=39.9341345,32.8341472",node/4208976937
Güvenlik Kıraathanesi,cafe,,,,,,,,Kıbrıs Sokak,39.8983504,32.8553668,"https://www.google.com/maps/search/?api=1&query=39.8983504,32.8553668",node/14102571201
Gıyma Kebap,restaurant,kebab;turkish,+90 312 221 06 01,http://instagram.com/giymakebap,,,,,Bişkek Caddesi 129,39.9224793,32.8177422,"https://www.google.com/maps/search/?api=1&query=39.9224793,32.8177422",node/10712115308
Haaz,bar,,,,,,,,,39.9094211,32.8042330,"https://www.google.com/maps/search/?api=1&query=39.9094211,32.8042330",node/14006845802
Hakan Çayevi,cafe,tea;turkish,,,,,,,61. Cadde,39.9234362,32.8245323,"https://www.google.com/maps/search/?api=1&query=39.9234362,32.8245323",node/13970220701
Halil İbo Tandir ve Etli Ekmek,restaurant,,,,,,,,,39.9287943,32.8198037,"https://www.google.com/maps/search/?api=1&query=39.9287943,32.8198037",node/283714260
Halk Ekmek,cafe,,,,,,,,,39.9156591,32.8277466,"https://www.google.com/maps/search/?api=1&query=39.9156591,32.8277466",node/3892316548
Hamsi,restaurant,fish,,,,,,,,39.9058365,32.8163881,"https://www.google.com/maps/search/?api=1&query=39.9058365,32.8163881",node/11149483603
Hanzade Lounge,cafe,coffee_shop,+90 312 562 00 00,,,Mo-Su 09:00-23:00,yes,wlan,Servi Sokak,39.9228904,32.8639093,"https://www.google.com/maps/search/?api=1&query=39.9228904,32.8639093",node/9867848736
Hardal Sandwich Evi,fast_food,,,,,,,,,39.8962250,32.8593765,"https://www.google.com/maps/search/?api=1&query=39.8962250,32.8593765",node/13991846001
Hatayus Kebap,restaurant,chicken;kebab,,,,Mo-Su 09:00-23:00,,wlan,Dikmen Caddesi,39.8673349,32.8220000,"https://www.google.com/maps/search/?api=1&query=39.8673349,32.8220000",node/4362545680
Hayat Cafe,cafe,,,,,,,,Bağlar Cd.,39.9024782,32.8726657,"https://www.google.com/maps/search/?api=1&query=39.9024782,32.8726657",node/4331201191
Hayat Ev Yemekleri,restaurant,,,,,,,,,39.8822222,32.8738036,"https://www.google.com/maps/search/?api=1&query=39.8822222,32.8738036",node/6407900606
Hayyami,bar,,,,,,,,,39.9068888,32.8598553,"https://www.google.com/maps/search/?api=1&query=39.9068888,32.8598553",node/4617561922
Hazırlık B Kantin,fast_food,,,,,,,,,39.9002859,32.7808806,"https://www.google.com/maps/search/?api=1&query=39.9002859,32.7808806",node/13056244998
HD İskender,restaurant,kebab,,,,,,,,39.9178512,32.8555777,"https://www.google.com/maps/search/?api=1&query=39.9178512,32.8555777",node/2404028881
Helvacı Ali,restaurant,,,,,,,,Aşkabat Caddesi 74 A/B,39.9176440,32.8277038,"https://www.google.com/maps/search/?api=1&query=39.9176440,32.8277038",node/13760914603
Hezarfen Olgunlar,bar,,,,,,,,Olgunlar Caddesi,39.9148792,32.8568160,"https://www.google.com/maps/search/?api=1&query=39.9148792,32.8568160",node/8954532217
Hicaz pastanesi,cafe,,,,,,,,,39.9280117,32.8545224,"https://www.google.com/maps/search/?api=1&query=39.9280117,32.8545224",node/4302559794
Hipokrat Cafe,fast_food,,,,,,,,,39.9332607,32.8651071,"https://www.google.com/maps/search/?api=1&query=39.9332607,32.8651071",node/857520940
HIT THE CIRCLE,pub,,,,,,,,,39.9074413,32.8584470,"https://www.google.com/maps/search/?api=1&query=39.9074413,32.8584470",node/13227753389
hmbgr,fast_food,,,,,,,,,39.8990783,32.8625043,"https://www.google.com/maps/search/?api=1&query=39.8990783,32.8625043",node/12318364724
Hocam Kumpir,fast_food,turkish,,,,,,,,39.8924386,32.7883506,"https://www.google.com/maps/search/?api=1&query=39.8924386,32.7883506",node/4627537415
Hollywood 1984,bar,,,,,Tu-Su 09:00-01:00,,,Farabi Sokağı 23/B,39.8965152,32.8575917,"https://www.google.com/maps/search/?api=1&query=39.8965152,32.8575917",node/14060850384
homies pub,bar,turkish;burger;sokak_lezzetleri;regional;grill;steak_house,+90 312 468 06 24,https://www.instagram.com/homies_pub_/,,Mo-Su 11:00-01:00,,,Üsküp Caddesi 24/B,39.8941074,32.8580478,"https://www.google.com/maps/search/?api=1&query=39.8941074,32.8580478",node/4774982347
Hosta,fast_food,turkish,,,,,,,,39.9315288,32.8257832,"https://www.google.com/maps/search/?api=1&query=39.9315288,32.8257832",node/1434102725
House Cafe,cafe,,,,,,,,,39.8983579,32.8694133,"https://www.google.com/maps/search/?api=1&query=39.8983579,32.8694133",node/4081595254
Hoşbeş Cafe,cafe,,,,,,,,,39.8679680,32.8654124,"https://www.google.com/maps/search/?api=1&query=39.8679680,32.8654124",node/902413424
Hypatia Kütüphane Kafe,cafe,,+90 537 237 71 44,,hypatiakutuphanecafe,Mo-We 10:00-23:00; Th-Su 09:00-23:00,,wlan,,39.9179956,32.8591163,"https://www.google.com/maps/search/?api=1&query=39.9179956,32.8591163",node/12282012601
Hype Coffee,cafe,coffee_shop;dessert;sandwich,+90 501 477 06 00,https://www.instagram.com/hypecoffeetr/,,Mo-Su 09:00-23:30,yes,wlan,Selanik Caddesi 55,39.9171796,32.8578746,"https://www.google.com/maps/search/?api=1&query=39.9171796,32.8578746",node/11964155598
Hüdaverdi,cafe,,,,,,,,,39.9006300,32.8052714,"https://www.google.com/maps/search/?api=1&query=39.9006300,32.8052714",node/6481493908
Hülya'nın Mutfağı,restaurant,turkish,,,,,,,,39.8957766,32.8477649,"https://www.google.com/maps/search/?api=1&query=39.8957766,32.8477649",node/13526570801
IF Performance Hall,bar,,,,,,,,,39.9117741,32.8558963,"https://www.google.com/maps/search/?api=1&query=39.9117741,32.8558963",node/4619389478
IF Sokak - Söğütözü,bar,,,,,,,,,39.9135015,32.8084706,"https://www.google.com/maps/search/?api=1&query=39.9135015,32.8084706",node/12833393201
IF Sokak Tunus,pub,,+90 312 427 00 70,https://ifsokak.com/,,"Su-Th 11:00-02:00, Fr-Sa 11:00-02:30",,,Tunus Caddesi,39.9080425,32.8584011,"https://www.google.com/maps/search/?api=1&query=39.9080425,32.8584011",node/11203817922
illy Espressamente,cafe,,,,,,,,,39.9127246,32.8099022,"https://www.google.com/maps/search/?api=1&query=39.9127246,32.8099022",node/4190037936
in 70 coffee,cafe,,,,,Mo-Su 09:30-23:30,,,70. Sokak,39.9219084,32.8253462,"https://www.google.com/maps/search/?api=1&query=39.9219084,32.8253462",node/13997330602
İclal,restaurant,,+90 312 426 60 44,,,Mo-Sa 08:00-21:00,,,,39.9033644,32.8529189,"https://www.google.com/maps/search/?api=1&query=39.9033644,32.8529189",node/11203817936
İdeal Yemek Büfesi,restaurant,,,,,,,,,39.9300784,32.8740549,"https://www.google.com/maps/search/?api=1&query=39.9300784,32.8740549",node/4324773476
İİBF Kantini (Gizem Cafe),fast_food,,,,,,,,,39.8981806,32.7828811,"https://www.google.com/maps/search/?api=1&query=39.8981806,32.7828811",node/4622917821
İLO Adana Kebapçısı,restaurant,kebab;turkish,+90 312 513 21 06,,,,,,Bişkek Caddesi 44A,39.9225976,32.8172463,"https://www.google.com/maps/search/?api=1&query=39.9225976,32.8172463",node/10715959905
İnşaat Mühendisliği Kantini,fast_food,,,,,,,,,39.8903691,32.7834120,"https://www.google.com/maps/search/?api=1&query=39.8903691,32.7834120",node/4623014831
İrene Kültür Evi,cafe,coffee_shop;pancake;pasta,+90 312 433 91 52,,irenecafee,Mo-Su 10:00-23:00,,wlan,,39.9180440,32.8591070,"https://www.google.com/maps/search/?api=1&query=39.9180440,32.8591070",node/9318426309
İzmir Kumrucusu Sandviç & Tost,restaurant,,+90 312 476 56 00,,,07:00-00:00,,,,39.8698546,32.8275775,"https://www.google.com/maps/search/?api=1&query=39.8698546,32.8275775",node/11206702642
Jaffa Coffee Co.,cafe,,,,,,,,,39.9073277,32.8611672,"https://www.google.com/maps/search/?api=1&query=39.9073277,32.8611672",node/4739267239
James Cook,pub,,,,,,,,,39.9113594,32.8567994,"https://www.google.com/maps/search/?api=1&query=39.9113594,32.8567994",node/4063765427
Jolly Joker Ankara,bar,,+90 312 424 11 11,http://www.jjankara.com,,,,,Kızılırmak Sk. 14,39.9146372,32.8582648,"https://www.google.com/maps/search/?api=1&query=39.9146372,32.8582648",node/3093603025
Junk Vegan,restaurant,burger;sandwich;turkish;dessert,,,,11:45-22:30,,,Tunus Caddesi,39.9086358,32.8584527,"https://www.google.com/maps/search/?api=1&query=39.9086358,32.8584527",node/11203817921
Kadayıfçı Abdullah,restaurant,,+90 312 222 22 58,,,09:00-00:30,,,Dikmen Cd.,39.8707830,32.8293642,"https://www.google.com/maps/search/?api=1&query=39.8707830,32.8293642",node/11203819502
Kafe's,cafe,,,,,,,,,39.9091774,32.7896872,"https://www.google.com/maps/search/?api=1&query=39.9091774,32.7896872",node/149002857
Kafes Fırın,cafe,,,,,,,,,39.8980776,32.8710662,"https://www.google.com/maps/search/?api=1&query=39.8980776,32.8710662",node/4081598561
Kafeterya,restaurant,,,,,,,,,39.8934801,32.7840236,"https://www.google.com/maps/search/?api=1&query=39.8934801,32.7840236",node/308826436
Kafka,bar,,,,,Mo-Su 10:00-01:00,,,,39.9151778,32.8573696,"https://www.google.com/maps/search/?api=1&query=39.9151778,32.8573696",node/6908297127
Kahvaltilar,cafe,,,,,,,,,39.8780432,32.8754815,"https://www.google.com/maps/search/?api=1&query=39.8780432,32.8754815",node/5398100424
Kahve Ateşi,cafe,,,,,,,,,39.8939459,32.8768552,"https://www.google.com/maps/search/?api=1&query=39.8939459,32.8768552",node/4624060634
Kahve Dünyası,cafe,coffee_shop,,,,,,,,39.8941887,32.8771690,"https://www.google.com/maps/search/?api=1&query=39.8941887,32.8771690",node/4624060635
Kahveci Ezgizade,cafe,,,,,,,,,39.9220791,32.8568745,"https://www.google.com/maps/search/?api=1&query=39.9220791,32.8568745",node/6363469222
Kahveci Hacibaba,restaurant,,,,,,,,,39.9203824,32.8564279,"https://www.google.com/maps/search/?api=1&query=39.9203824,32.8564279",node/9216429188
Kahveci Hacıbaba,cafe,,,,,,,,,39.9194736,32.8568534,"https://www.google.com/maps/search/?api=1&query=39.9194736,32.8568534",node/10259003648
Kajun Bring More,restaurant,chicken;dessert,,,,,,,,39.9167269,32.8580133,"https://www.google.com/maps/search/?api=1&query=39.9167269,32.8580133",node/9318426311
Kakule Kahve,cafe,,,,,Mo-Su 09:00-22:30,yes,yes,Kızılırmak Caddesi 17,39.9148879,32.8579800,"https://www.google.com/maps/search/?api=1&query=39.9148879,32.8579800",node/5606738321
Kalender Zebra,restaurant,turkish,+90 312 466 14 01,https://kalenderzebra.com/,,"""Rezervasyon ve talebe göre açılır.""",yes,,,39.8967694,32.8572277,"https://www.google.com/maps/search/?api=1&query=39.8967694,32.8572277",node/12942427410
Kamara Coffee & Community,cafe,,+90 554 138 70 11,,,"Mo-Sa 10:00-00:00, Su 10:00-23:30",,,Güvenlik Cd. 47/A,39.9053521,32.8530390,"https://www.google.com/maps/search/?api=1&query=39.9053521,32.8530390",node/529107622
Kanatçı,restaurant,,,,,,,,,39.8678169,32.8573639,"https://www.google.com/maps/search/?api=1&query=39.8678169,32.8573639",node/4411428459
Kantin,fast_food,,,,,,,,,39.8926669,32.7817239,"https://www.google.com/maps/search/?api=1&query=39.8926669,32.7817239",node/9320989392
Karacabey İskendercisi,restaurant,,,,,,,,,39.9069628,32.8141075,"https://www.google.com/maps/search/?api=1&query=39.9069628,32.8141075",node/4652849984
Karadeniz ev yemekleri,restaurant,,,,,,,,,39.9229426,32.8282662,"https://www.google.com/maps/search/?api=1&query=39.9229426,32.8282662",node/4370470191
Karadeniz Kıyak Balıkçısı,restaurant,,,,,,,,,39.8734855,32.8659259,"https://www.google.com/maps/search/?api=1&query=39.8734855,32.8659259",node/75343511
Kardeşler Uygur Mutfağı,restaurant,,,,,,,,Şehit Mehmet Aras Sokak,39.9194754,32.8298910,"https://www.google.com/maps/search/?api=1&query=39.9194754,32.8298910",node/13947829317
Kare Çarşı,cafe,,,,,,,,,39.9327474,32.8218752,"https://www.google.com/maps/search/?api=1&query=39.9327474,32.8218752",node/6187774886
Karma mutfak,cafe,,,,,,,,Cihan Sk.,39.9269866,32.8545539,"https://www.google.com/maps/search/?api=1&query=39.9269866,32.8545539",node/4237565492
Kayf Coffee,cafe,,,,kayfcoffeee,Mo-Fr 08:00-23:00; Sa-Su 09:30-23:00,,wlan,Konur Sokak 44/A,39.9156329,32.8568034,"https://www.google.com/maps/search/?api=1&query=39.9156329,32.8568034",node/13527373901
Kayseri Tepsi Mantıcı,restaurant,,,,,,,,,39.8783760,32.8753409,"https://www.google.com/maps/search/?api=1&query=39.8783760,32.8753409",node/4588953558
Kebap 1956,restaurant,kebab,,,,,,,,39.8926936,32.7883317,"https://www.google.com/maps/search/?api=1&query=39.8926936,32.7883317",node/4627537419
Kebap 49,restaurant,,,,,,,,,39.9073982,32.8600659,"https://www.google.com/maps/search/?api=1&query=39.9073982,32.8600659",node/1706183095
Kebap 9,restaurant,,,,,,,,,39.9299902,32.8739207,"https://www.google.com/maps/search/?api=1&query=39.9299902,32.8739207",node/3894551558
Kebap Ağa,restaurant,,,,,,,,,39.8948678,32.8783545,"https://www.google.com/maps/search/?api=1&query=39.8948678,32.8783545",node/4624060638
Kebap Lahmacun,fast_food,kebab;turkish,,,,,,,,39.8998145,32.8492039,"https://www.google.com/maps/search/?api=1&query=39.8998145,32.8492039",node/9572998917
Kebapçı Mustafa Birlik,restaurant,kebab;turkish;tea,+90 551 354 50 06,,,Mo-Su 11:00-24:00,yes,wlan,448. Cadde 63,39.8791469,32.8803944,"https://www.google.com/maps/search/?api=1&query=39.8791469,32.8803944",node/13477314241
Kebo,fast_food,,,,,,,,,39.9190925,32.8561646,"https://www.google.com/maps/search/?api=1&query=39.9190925,32.8561646",node/4621807652
Kesginler,restaurant,,,,,,,,,39.9034839,32.8601760,"https://www.google.com/maps/search/?api=1&query=39.9034839,32.8601760",node/6407890034
Kesit Cafe,cafe,,,,,,,,Yükseliş Sk.,39.9308503,32.8464759,"https://www.google.com/maps/search/?api=1&query=39.9308503,32.8464759",way/421444532
Keyfimce,cafe,,,http://keyfimcecafe.com/,,,,,,39.9308401,32.8177905,"https://www.google.com/maps/search/?api=1&query=39.9308401,32.8177905",node/2395646377
Keyifli Kafe,cafe,,,,,,,,,39.9243520,32.8559404,"https://www.google.com/maps/search/?api=1&query=39.9243520,32.8559404",node/4240770617
Khatoon Bağdat Restoranı,restaurant,,,,,,,,Karanfil Sokak,39.9165418,32.8552111,"https://www.google.com/maps/search/?api=1&query=39.9165418,32.8552111",node/9324322417
Kimya Kantini,fast_food,,,,,,,wlan,,39.8932850,32.7825948,"https://www.google.com/maps/search/?api=1&query=39.8932850,32.7825948",node/4327395490
Kitapça,cafe,,+90 530 304 24 22,,kitapcakafe,Mo-Su 10:00-23:00,,wlan,50/A,39.9189893,32.8585980,"https://www.google.com/maps/search/?api=1&query=39.9189893,32.8585980",node/9320777722
Kişniş,fast_food,,,,,,,,,39.8687013,32.8576157,"https://www.google.com/maps/search/?api=1&query=39.8687013,32.8576157",node/4627366938
Klas Pastanesi,cafe,bakery,+90 312 437 18 18,https://www.klaspastaneleri.com/,,,yes,,,39.8996671,32.8758285,"https://www.google.com/maps/search/?api=1&query=39.8996671,32.8758285",node/3921715771
Koala Café,cafe,coffee_shop,+90 542 151 65 06,,,Mo-Su 10:00-23:00,yes,yes,Bülten Caddesi 21-C,39.9067845,32.8618714,"https://www.google.com/maps/search/?api=1&query=39.9067845,32.8618714",node/6315712786
Kocatepe,cafe,coffee_shop,,,,,,,,39.9025461,32.8609269,"https://www.google.com/maps/search/?api=1&query=39.9025461,32.8609269",node/12318364725
Kocatepe Coffee 1919,cafe,coffee_shop,,,,,,,,39.9220545,32.8262607,"https://www.google.com/maps/search/?api=1&query=39.9220545,32.8262607",node/13620392478
Kocatepe Coffee 1919 Bahçelievler 7.Cadde,cafe,coffee_shop,,,,,,,,39.9218916,32.8255166,"https://www.google.com/maps/search/?api=1&query=39.9218916,32.8255166",node/13620392479
Kocatepe Kahve Evi,cafe,turkish,,,,,,,Cemal Gürsel Caddesi,39.9294518,32.8718340,"https://www.google.com/maps/search/?api=1&query=39.9294518,32.8718340",node/3991996308
Koi Taiyakii Coffee,cafe,japanese,,,,,,,61. Cadde,39.9233545,32.8268599,"https://www.google.com/maps/search/?api=1&query=39.9233545,32.8268599",node/13948378001
Kolcuoğlu,restaurant,,,,,,,,,39.9034669,32.8088957,"https://www.google.com/maps/search/?api=1&query=39.9034669,32.8088957",node/4436250441
Komagene,fast_food,kebab,,,,,,wlan,,39.8885368,32.7887219,"https://www.google.com/maps/search/?api=1&query=39.8885368,32.7887219",node/4622731264
Konakbay Çibörek-Mantı,restaurant,turkish;tatar,+90 312 286 1066,http://www.konakbay.com.tr/ciborek-manti/menu,,,,,Süleyman Hacıabdullahoğlu Caddesi. 43,39.9057805,32.8214944,"https://www.google.com/maps/search/?api=1&query=39.9057805,32.8214944",node/11787074260
Konyalı Etli Ekmek,restaurant,,,,,,,,Dikmen Caddesi,39.8596881,32.8158900,"https://www.google.com/maps/search/?api=1&query=39.8596881,32.8158900",node/4362378028
Konyalı Kebap,restaurant,,,,,,,,,39.9038863,32.8137266,"https://www.google.com/maps/search/?api=1&query=39.9038863,32.8137266",node/60166115
Korelee,restaurant,,+90 312 418 06 88,,,,,,Bestekar Sokak 27,39.9098235,32.8588559,"https://www.google.com/maps/search/?api=1&query=39.9098235,32.8588559",node/9424866439
Koç Aspava,restaurant,kebab,,,,,,,22,39.9025717,32.8496325,"https://www.google.com/maps/search/?api=1&query=39.9025717,32.8496325",node/310402858
Krispy Kreme,fast_food,donut,,,,,,,,39.9105752,32.8094363,"https://www.google.com/maps/search/?api=1&query=39.9105752,32.8094363",node/13232303258
Kronotrop,cafe,,+90 312 425 88 89,https://kronotrop.com.tr/,,Mo-Sa 07:00-22:00,,,"Kavaklıdere, Tunus Cd. 11",39.9118366,32.8564128,"https://www.google.com/maps/search/?api=1&query=39.9118366,32.8564128",node/8658535422
Kukla Kebap,restaurant,turkish,,,,,,,Sadık Ahmet Caddesi,39.9098205,32.8160602,"https://www.google.com/maps/search/?api=1&query=39.9098205,32.8160602",node/3133256598
Kupa Coffee Co. Dikmen,cafe,,,,,,,yes,Dikmen Caddesi,39.8677245,32.8224112,"https://www.google.com/maps/search/?api=1&query=39.8677245,32.8224112",node/13946203004
Kuğulu Park Restaurant & Cafe,cafe,,,,,,,,,39.9019935,32.8596967,"https://www.google.com/maps/search/?api=1&query=39.9019935,32.8596967",node/3885269806
Kuş Sütü Meze Evi,restaurant,,+90 312 465 08 28,,,,,,Güvenlik Cd. 53/B,39.9045701,32.8529537,"https://www.google.com/maps/search/?api=1&query=39.9045701,32.8529537",node/11203817928
Köprü Kafe,cafe,,,,,,,,,39.9280921,32.8745353,"https://www.google.com/maps/search/?api=1&query=39.9280921,32.8745353",node/2756623736
Köroğlu Aspava,restaurant,turkish,,,,,,,,39.8958582,32.8786313,"https://www.google.com/maps/search/?api=1&query=39.8958582,32.8786313",node/813189533
Köroğlu İşkembecisi,restaurant,turkish,,,,,,,,39.8969210,32.8807502,"https://www.google.com/maps/search/?api=1&query=39.8969210,32.8807502",node/813136269
Köşem Lokantası,restaurant,,,,,,,,,39.9347593,32.8756824,"https://www.google.com/maps/search/?api=1&query=39.9347593,32.8756824",node/4345781174
Künefeci Sadi,restaurant,,,,,Mo-Sa 09:00-18:00,,,1109. Sokak,39.8689411,32.8238613,"https://www.google.com/maps/search/?api=1&query=39.8689411,32.8238613",node/13946114874
Küçük İtaylya,restaurant,italian,,,,,,,,39.9041017,32.8602872,"https://www.google.com/maps/search/?api=1&query=39.9041017,32.8602872",node/12638665613
Kırık Oklava,restaurant,turkish,,,,,,,,39.9304412,32.8729178,"https://www.google.com/maps/search/?api=1&query=39.9304412,32.8729178",node/1361595889
Kıtır,pub,,,,,,,,,39.9026268,32.8600757,"https://www.google.com/maps/search/?api=1&query=39.9026268,32.8600757",node/1706279072
La Gioia,restaurant,,,,,,,,,39.9006127,32.8625086,"https://www.google.com/maps/search/?api=1&query=39.9006127,32.8625086",node/4739267240
LAOS Coffee Roastery,cafe,,,,,Mo-Su 08:00-01:00,,,61. Cadde,39.9234425,32.8250030,"https://www.google.com/maps/search/?api=1&query=39.9234425,32.8250030",node/13776070801
Last Penny,pub,mexican;spanish,,,,,,,Prof. M. Aksoy (2.) Caddesi,39.9275026,32.8275122,"https://www.google.com/maps/search/?api=1&query=39.9275026,32.8275122",node/10916076542
Last Penny Büklüm,bar,,,,,,yes,,,39.9094911,32.8598458,"https://www.google.com/maps/search/?api=1&query=39.9094911,32.8598458",node/7212639285
Le Porte,bar,,,,,,no,,Ahmet Mithat Efendi Sokağı,39.8844015,32.8547728,"https://www.google.com/maps/search/?api=1&query=39.8844015,32.8547728",node/12851080201
Leman Kültür,cafe,,,,,,,,,39.9070698,32.8598097,"https://www.google.com/maps/search/?api=1&query=39.9070698,32.8598097",node/4617561933
Lezita,fast_food,,,,,,,,,39.9058308,32.8606234,"https://www.google.com/maps/search/?api=1&query=39.9058308,32.8606234",node/247208707
Leziz,restaurant,ev_yemekleri,,,,,,,,39.8917361,32.8253448,"https://www.google.com/maps/search/?api=1&query=39.8917361,32.8253448",node/4406510466
Liman Kitap Kafe,cafe,,+90 312 317 98 98,https://www.limankitap.com/,,Mo-Su 09:00-00:00,,wlan,Ufuk Üniversitesi Caddesi 8,39.9093775,32.8104251,"https://www.google.com/maps/search/?api=1&query=39.9093775,32.8104251",node/7272936085
Liman Restoran,restaurant,,,,,,,,,39.8929116,32.8560433,"https://www.google.com/maps/search/?api=1&query=39.8929116,32.8560433",node/62674002
Limanlı Bahçe,restaurant,,,,,,,,,39.9276879,32.8266997,"https://www.google.com/maps/search/?api=1&query=39.9276879,32.8266997",node/309887997
Linsa Gıda,cafe,coffee_shop,,,,,,,,39.9102319,32.8190289,"https://www.google.com/maps/search/?api=1&query=39.9102319,32.8190289",node/4805384849
Little Caesar's,fast_food,,,,,,,,,39.8611708,32.8169582,"https://www.google.com/maps/search/?api=1&query=39.8611708,32.8169582",node/4362378061
Little Caesars,fast_food,pizza,,,,,,,,39.8867188,32.8479937,"https://www.google.com/maps/search/?api=1&query=39.8867188,32.8479937",node/592346564
Little Green,cafe,,,,,,,,,39.9222417,32.8289041,"https://www.google.com/maps/search/?api=1&query=39.9222417,32.8289041",node/6573061287
Liva,restaurant,,,,,,,,,39.9048640,32.8092530,"https://www.google.com/maps/search/?api=1&query=39.9048640,32.8092530",node/851528942
Livane Restaurant - Artvin Evi,restaurant,,+90 530 603 99 52,livanerestaurant.com,,,,,841. Sokak 8/1,39.8632496,32.8160477,"https://www.google.com/maps/search/?api=1&query=39.8632496,32.8160477",node/4362419317
Lizbon Cafe,cafe,,,,,,,,,39.9338919,32.8229252,"https://www.google.com/maps/search/?api=1&query=39.9338919,32.8229252",node/3889784002
London Pub,cafe,,,,,,,,,39.9075654,32.8584993,"https://www.google.com/maps/search/?api=1&query=39.9075654,32.8584993",node/4109184492
Look Burger,restaurant,,,,,,,,Ceyhun Atuf Kansu Caddesi,39.8947133,32.8170661,"https://www.google.com/maps/search/?api=1&query=39.8947133,32.8170661",node/12707738001
Lübnan,restaurant,,,,,,,,,39.8672129,32.8570417,"https://www.google.com/maps/search/?api=1&query=39.8672129,32.8570417",node/6308884637
Lügat Kitap Kahve,cafe,,+90 553 750 88 24,,,Mo-Su 09:00-22:00,,wlan,Kestane Caddesi 11,39.9346050,32.8715672,"https://www.google.com/maps/search/?api=1&query=39.9346050,32.8715672",node/13157728301
Maden Mühendisliği Kantini,fast_food,,,,,,,,,39.8859086,32.7802805,"https://www.google.com/maps/search/?api=1&query=39.8859086,32.7802805",node/13056239198
Mado,cafe,coffee_shop,,,,,,,,39.9027817,32.8602480,"https://www.google.com/maps/search/?api=1&query=39.9027817,32.8602480",node/62673925
Maharet Mantı Ankara & Kayseri Yağlaması,restaurant,mantı;kayseri_yağlaması;yağlama;gyoza;tepsi_mantısı,+90 537 388 35 38,https://www.maharetmanti.com/,,,,,Uğur Mumcu Caddesi 79,39.8948802,32.8777019,"https://www.google.com/maps/search/?api=1&query=39.8948802,32.8777019",way/228487007
Makara,fast_food,,,,,,,,,39.8925434,32.7884523,"https://www.google.com/maps/search/?api=1&query=39.8925434,32.7884523",node/4627537418
Makina B Kantini,fast_food,,,,,,,,,39.8891603,32.7825020,"https://www.google.com/maps/search/?api=1&query=39.8891603,32.7825020",node/13056239180
Makina G Kantini,fast_food,,,,,,,,,39.8892103,32.7809311,"https://www.google.com/maps/search/?api=1&query=39.8892103,32.7809311",node/13056239181
Mama's burger,fast_food,,,,,,,,,39.9049797,32.8603794,"https://www.google.com/maps/search/?api=1&query=39.9049797,32.8603794",node/9373020740
MAMA'S BURGER @ CAJUN CHICKEN GOP,fast_food,burger,,,,,,,,39.8945777,32.8775606,"https://www.google.com/maps/search/?api=1&query=39.8945777,32.8775606",node/4624060636
Mama's Burger Cajun Chicken,fast_food,,,,,,,,Aşkabat Caddesi,39.9202269,32.8267305,"https://www.google.com/maps/search/?api=1&query=39.9202269,32.8267305",node/13990329601
Mangal Kebap,restaurant,,,,,,,,,39.9073198,32.8596594,"https://www.google.com/maps/search/?api=1&query=39.9073198,32.8596594",node/4617561935
Manja Coffee & Eatery,cafe,,,,,,,,,39.9093620,32.8044865,"https://www.google.com/maps/search/?api=1&query=39.9093620,32.8044865",node/14006843601
Mantar,restaurant,,,,,,,,,39.8791119,32.8608287,"https://www.google.com/maps/search/?api=1&query=39.8791119,32.8608287",node/60580779
Maraşlı Doğan Usta Dondurmacı,ice_cream,,+90 553 888 46 06,,,,yes,,,39.8712699,32.8294688,"https://www.google.com/maps/search/?api=1&query=39.8712699,32.8294688",node/11203819500
Marco Pasha,cafe,,,,,,,,,39.9230163,32.8257488,"https://www.google.com/maps/search/?api=1&query=39.9230163,32.8257488",node/1901406667
Marmaris Balıkçısı,restaurant,,,,,,,,,39.9064382,32.8599786,"https://www.google.com/maps/search/?api=1&query=39.9064382,32.8599786",node/4617561928
Matbaa,cafe,,,,,,,,,39.9304888,32.8561671,"https://www.google.com/maps/search/?api=1&query=39.9304888,32.8561671",node/6402213614
Matematik Kantini,fast_food,,,,,,,,,39.8956551,32.7823758,"https://www.google.com/maps/search/?api=1&query=39.8956551,32.7823758",node/3836440364
May,cafe,,,,,,,,,39.8727990,32.8600001,"https://www.google.com/maps/search/?api=1&query=39.8727990,32.8600001",node/4627366905
Maydanoz Döner,fast_food,kebab,,,,,,,,39.8918156,32.7889712,"https://www.google.com/maps/search/?api=1&query=39.8918156,32.7889712",node/715454932
Maşa,restaurant,turkish,,,,,,,,39.8975711,32.8579987,"https://www.google.com/maps/search/?api=1&query=39.8975711,32.8579987",node/1658126772
McDonald's,fast_food,burger,,,,,,,,39.9181473,32.8555182,"https://www.google.com/maps/search/?api=1&query=39.9181473,32.8555182",node/1199442113
Meandros,restaurant,,,,,,,,,39.8949979,32.8720815,"https://www.google.com/maps/search/?api=1&query=39.8949979,32.8720815",node/321680862
Menendi Pastanesi,cafe,tea;cake;dessert,+90 312 440 6093,,,,,,Kuzgun Caddesi 89/A,39.8951471,32.8499927,"https://www.google.com/maps/search/?api=1&query=39.8951471,32.8499927",node/13457655057
Meral'in Mutfağı,restaurant,,,,,,,,Nisan Sokak,39.8954912,32.8388905,"https://www.google.com/maps/search/?api=1&query=39.8954912,32.8388905",node/9608483605
Mersinli Ciğerci Apo,restaurant,,,,,,,,,39.9096515,32.8180372,"https://www.google.com/maps/search/?api=1&query=39.9096515,32.8180372",node/11366992185
Mesele,restaurant,,,,,,,,,39.8674970,32.8567654,"https://www.google.com/maps/search/?api=1&query=39.8674970,32.8567654",node/6308884639
Meydan Piknik,restaurant,,+90 312 475 17 03,,,,,,,39.8698335,32.8274970,"https://www.google.com/maps/search/?api=1&query=39.8698335,32.8274970",node/11206702641
Meze Evi,restaurant,regional;turkish,,,,Mo-Sa 08:00-20:00,yes,,Kahramankadın Sk.,39.8932849,32.8789872,"https://www.google.com/maps/search/?api=1&query=39.8932849,32.8789872",node/5248865097
Mezzaluna,restaurant,italian,,,,,,,Turan Emeksiz Caddesi 1,39.8974737,32.8638741,"https://www.google.com/maps/search/?api=1&query=39.8974737,32.8638741",node/4226492914
Meşhur Adıyaman Çiğ Köftecisi,fast_food,turkish,,,,,,,,39.8964440,32.8792766,"https://www.google.com/maps/search/?api=1&query=39.8964440,32.8792766",node/813193179
Meşhur Adıyaman Çiğköftecisi,fast_food,,,,,,,,,39.8726857,32.8599974,"https://www.google.com/maps/search/?api=1&query=39.8726857,32.8599974",node/4627366906
Meşhur Aspava,restaurant,kebab,,,,,,,,39.8926956,32.7884815,"https://www.google.com/maps/search/?api=1&query=39.8926956,32.7884815",node/2677063716
Meşhur Gülçimen Aspava ESAT,restaurant,,,,,,,,Esat Cd. 110,39.9064932,32.8665804,"https://www.google.com/maps/search/?api=1&query=39.9064932,32.8665804",node/9599039242
Meşhur İstanbul Pilavcısı,restaurant,,,,,,,,Konur Sokak 21,39.9182129,32.8564308,"https://www.google.com/maps/search/?api=1&query=39.9182129,32.8564308",node/14026436701
Meşhur Polat Aspava,restaurant,,,,,,,,Kazakistan Caddesi,39.9244127,32.8224698,"https://www.google.com/maps/search/?api=1&query=39.9244127,32.8224698",node/13803041402
Meşhur Sanayi Köftecisi,restaurant,barbecue;köfte,+903122868880,,,11:00-22:00,,,1421. Cadde No: 5,39.9117796,32.8204535,"https://www.google.com/maps/search/?api=1&query=39.9117796,32.8204535",node/2286418253
Meşhur Van Kahvaltısı,cafe,,,,,,,,,39.8709926,32.8589487,"https://www.google.com/maps/search/?api=1&query=39.8709926,32.8589487",node/4627366930
Meşhur Özçelik Aspava,restaurant,regional,,https://ozcelikaspava.com/,,,,,Belligün Caddesi 10,39.9065624,32.8692653,"https://www.google.com/maps/search/?api=1&query=39.9065624,32.8692653",node/4620215909
Midyeci Ahmet,restaurant,,,,,,,,,39.9248217,32.8252038,"https://www.google.com/maps/search/?api=1&query=39.9248217,32.8252038",node/6782670885
Mikado Ramen,restaurant,asian;ramen,,,mikadoramen,Mo-Su 12:00-21:00,,,49. Sokak 10/A,39.9281362,32.8248011,"https://www.google.com/maps/search/?api=1&query=39.9281362,32.8248011",node/13827563501
Milet Coffee,cafe,,,,,,,,Oğuzhan Asiltürk Caddesi,39.9247591,32.8230054,"https://www.google.com/maps/search/?api=1&query=39.9247591,32.8230054",node/13803049601
Mimarlık Kantini,fast_food,,,,,,,,,39.8976188,32.7817599,"https://www.google.com/maps/search/?api=1&query=39.8976188,32.7817599",node/4622917822
Minister Pub,pub,,,,,,,,,39.9063896,32.8621876,"https://www.google.com/maps/search/?api=1&query=39.9063896,32.8621876",node/13112065756
Minna's Hot Spot Bistro,restaurant,bistro,,,,,,,11,39.8976000,32.8664221,"https://www.google.com/maps/search/?api=1&query=39.8976000,32.8664221",node/310402862
Mirket Kitap & Plak & Atölye,cafe,,,,,,,,,39.8936284,32.8578566,"https://www.google.com/maps/search/?api=1&query=39.8936284,32.8578566",node/12539191138
Mis Başak Restaurant,restaurant,turkish;tea;bagel;cake;coffee_shop;breakfast;kebab;burger;pancake,,,,,,wlan,,39.9083524,32.8095944,"https://www.google.com/maps/search/?api=1&query=39.9083524,32.8095944",node/4653287089
Miso Ramen Ankara,restaurant,japanese;asian,,https://misoramenankara.qr.menulux.com/#!/,misoramen.ankara,Tu-Su 12:00-22:00,,,Büklüm Caddesi 16,39.9110907,32.8589659,"https://www.google.com/maps/search/?api=1&query=39.9110907,32.8589659",node/11262814983
Mocaco,cafe,,,,,,,,,39.9312266,32.8260134,"https://www.google.com/maps/search/?api=1&query=39.9312266,32.8260134",node/309903643
Mozaik Kebap,restaurant,,+90 312 476 03 02,http://www.mozaikkebap.com/,,"Mo-Fr 09:00-22:00, Sa-Su 09:00-22:30",,,,39.8696645,32.8273802,"https://www.google.com/maps/search/?api=1&query=39.8696645,32.8273802",node/4362548364
Mr. Ice Roll Tava Dondurma,ice_cream,,,,,,,,61. Cadde,39.9235086,32.8262395,"https://www.google.com/maps/search/?api=1&query=39.9235086,32.8262395",node/13970194803
MSB Çankaya Lojmanları Sosyal Tesisleri,fast_food,,,,,,,,,39.8872355,32.8693945,"https://www.google.com/maps/search/?api=1&query=39.8872355,32.8693945",way/1197059398
Muddy Waters,bar,italian;italian_pizza;mexican;pizza,,,,,,,,39.9162534,32.8580772,"https://www.google.com/maps/search/?api=1&query=39.9162534,32.8580772",node/9049971617
Mug Kafe,cafe,,,,,,,,,39.9192618,32.7970820,"https://www.google.com/maps/search/?api=1&query=39.9192618,32.7970820",way/1146919226
Muse,cafe,coffee_shop,,,,,yes,,,39.8650564,32.8594971,"https://www.google.com/maps/search/?api=1&query=39.8650564,32.8594971",node/4886017500
Mutlu Döner,restaurant,,,,,,,,,39.9230783,32.8502052,"https://www.google.com/maps/search/?api=1&query=39.9230783,32.8502052",node/4346957209
Mutlu Lokantası,restaurant,kebab,+90 312 426 28 42,,https://www.instagram.com/mutlu.lokantasi/,,,,Güvenlik Caddesi 69/D,39.9028602,32.8529716,"https://www.google.com/maps/search/?api=1&query=39.9028602,32.8529716",node/7111859184
Mutlu Ocakbaşı,pub,,,,,,,,Kazakistan Caddesi 99A,39.9233753,32.8226753,"https://www.google.com/maps/search/?api=1&query=39.9233753,32.8226753",node/13803017901
My Vera Meyhane,pub,,,,,,,,Kazakistan Caddesi,39.9241702,32.8228074,"https://www.google.com/maps/search/?api=1&query=39.9241702,32.8228074",node/13803041504
MZA Çiğköfte,restaurant,,,,,,,,,39.8818540,32.8175135,"https://www.google.com/maps/search/?api=1&query=39.8818540,32.8175135",node/13912981382
Mühendislik Merkez Kantini,fast_food,,,,,,,wlan,,39.8923202,32.7832652,"https://www.google.com/maps/search/?api=1&query=39.8923202,32.7832652",node/4622453640
Müjgan Bestekar,bar,,,,kulupmujgan,Mo-Su 11:00-04:00,,,Bestekar Cd. 38/A,39.9096408,32.8586011,"https://www.google.com/maps/search/?api=1&query=39.9096408,32.8586011",node/10882105305
Müjgân 100. yıl,bar,,,,,,,,"100.Yıl İşçi Blokları Mahallesi 1533. Sokak Merkez Çarşı, D:No:2/24, 06530 Çankaya/Ankara, Turkey",39.8954924,32.7977410,"https://www.google.com/maps/search/?api=1&query=39.8954924,32.7977410",node/8506547888
Müjü House,bar,,,,,,,,Azerbaycan Caddesi,39.9216233,32.8291869,"https://www.google.com/maps/search/?api=1&query=39.9216233,32.8291869",node/13997813701
Müslüm Kebap,restaurant,,,,,,,,,39.9042070,32.8097747,"https://www.google.com/maps/search/?api=1&query=39.9042070,32.8097747",node/4436250464
Nazım Hikmet Kültür Merkezi,bar,,,,,Mo-Su 10:00-24:00,,,,39.9158321,32.8571282,"https://www.google.com/maps/search/?api=1&query=39.9158321,32.8571282",node/9321286533
Nefiss Döner,fast_food,,,,,,,,,39.8717621,32.8593778,"https://www.google.com/maps/search/?api=1&query=39.8717621,32.8593778",node/310403031
Net Piknik,restaurant,,,,,,,,,39.9222792,32.8559237,"https://www.google.com/maps/search/?api=1&query=39.9222792,32.8559237",node/4119001400
New Jersey Coffee House,cafe,coffee_shop;pasta,+90 534 061 50 59,https://www.newjerseycoffeehouse.com,,Mo-Su 08:00-23:00,yes,yes,Atatürk Bulvarı 223/A,39.9044632,32.8587829,"https://www.google.com/maps/search/?api=1&query=39.9044632,32.8587829",node/11271984486
Newcastle,pub,,,,,,,,,39.8757950,32.8705546,"https://www.google.com/maps/search/?api=1&query=39.8757950,32.8705546",node/4663712042
Nico Coffee and Creative,cafe,,,,,Mo-Su 07:30-00:00,,,Çayhane Sokak 123,39.8947806,32.8799087,"https://www.google.com/maps/search/?api=1&query=39.8947806,32.8799087",node/11262875880
Nico La Pizza,fast_food,pizza;italian,,,,,,,,39.9078902,32.8612227,"https://www.google.com/maps/search/?api=1&query=39.9078902,32.8612227",node/12759651880
Nil Bar,bar,,,,,,,,,39.9174474,32.8575420,"https://www.google.com/maps/search/?api=1&query=39.9174474,32.8575420",node/5906412486
Niyokki Armada,restaurant,italian,,https://niyokki.com.tr/,,,yes,yes,Yaşam Caddesi,39.9130099,32.8083383,"https://www.google.com/maps/search/?api=1&query=39.9130099,32.8083383",node/9260333137
Noise,bar,,,,,,,,,39.9245236,32.8246440,"https://www.google.com/maps/search/?api=1&query=39.9245236,32.8246440",node/3681895506
Noma,restaurant,,,,,,,,,39.9288091,32.8260974,"https://www.google.com/maps/search/?api=1&query=39.9288091,32.8260974",node/309903648
Noxus,bar,,,,,,,,,39.9164369,32.8578999,"https://www.google.com/maps/search/?api=1&query=39.9164369,32.8578999",node/4619051190
NRY,pub,,,,,,yes,,Sedat Simavi Caddesi,39.8827322,32.8561888,"https://www.google.com/maps/search/?api=1&query=39.8827322,32.8561888",node/10152567642
Nusr-Et Steakhouse Ankara,restaurant,steak_house,,https://www.nusr-et.com.tr/tr/ana-sayfa.aspx,,,,,,39.8993782,32.8649856,"https://www.google.com/maps/search/?api=1&query=39.8993782,32.8649856",way/745785433
NY Choppers,fast_food,sandwich,+90 312 427 27 06,,https://www.instagram.com/ny.choppers,24/7,,,Güvenlik Caddesi 70A,39.8978810,32.8534757,"https://www.google.com/maps/search/?api=1&query=39.8978810,32.8534757",node/13998666089
ODTÜ Central,restaurant,,,,,,,,,39.8926900,32.7881873,"https://www.google.com/maps/search/?api=1&query=39.8926900,32.7881873",node/10214597191
Olgunlar Simitçisi,cafe,,,,,,,,,39.9149485,32.8579234,"https://www.google.com/maps/search/?api=1&query=39.9149485,32.8579234",node/9321226802
Oranlı Börek Tatlı,restaurant,,,,,,,,,39.9248961,32.8477930,"https://www.google.com/maps/search/?api=1&query=39.9248961,32.8477930",node/4070499700
Oranlı Cafe,cafe,sandwich,,,,,yes,,,39.9315748,32.8757719,"https://www.google.com/maps/search/?api=1&query=39.9315748,32.8757719",node/6321623142
Orta Dünya,bar,,,,,Mo-Su 10:00-24:00,,,,39.9180489,32.8585634,"https://www.google.com/maps/search/?api=1&query=39.9180489,32.8585634",node/6908297128
Osman Yazıcı Konukevi Kantini,cafe,,,,,,,wlan,,39.8883122,32.7915334,"https://www.google.com/maps/search/?api=1&query=39.8883122,32.7915334",node/13057959108
Otau Orta Asya Mutfağı,restaurant,,,,,,,,,39.9184796,32.8627373,"https://www.google.com/maps/search/?api=1&query=39.9184796,32.8627373",node/9315159165
OTTO Lounge,restaurant,,+90 312 473 55 51,,,,,,,39.9020556,32.8101640,"https://www.google.com/maps/search/?api=1&query=39.9020556,32.8101640",node/9669713419
Ova Piknik,restaurant,,+90 312 448 27 97,,,,,,,39.8996326,32.8750656,"https://www.google.com/maps/search/?api=1&query=39.8996326,32.8750656",way/228185913
Oze Roasting,cafe,,,,,Mo-Su 10:00-22:00,,wlan,Farabi Sokağı 9,39.8962746,32.8603894,"https://www.google.com/maps/search/?api=1&query=39.8962746,32.8603894",node/13991871601
Padam Coffee Shop,cafe,,,,,,,,,39.9026958,32.8596101,"https://www.google.com/maps/search/?api=1&query=39.9026958,32.8596101",node/5492875922
Palais,cafe,,,,,,,,,39.9262002,32.8183060,"https://www.google.com/maps/search/?api=1&query=39.9262002,32.8183060",node/3889779713
Palet Pastanesi,cafe,,,,,,,,Filistin Sk.,39.8977550,32.8714630,"https://www.google.com/maps/search/?api=1&query=39.8977550,32.8714630",node/4081574896
Pangea Coffee House,cafe,,,,,,,,,39.8967018,32.8550453,"https://www.google.com/maps/search/?api=1&query=39.8967018,32.8550453",node/12923115224
Part II Coffee,cafe,,,,,,,,,39.9199018,32.8249765,"https://www.google.com/maps/search/?api=1&query=39.9199018,32.8249765",node/13752770101
pastane,cafe,,,,,,,,,39.9306624,32.8338152,"https://www.google.com/maps/search/?api=1&query=39.9306624,32.8338152",node/3889776521
Pastel,bar,,,,,,,,,39.8957079,32.7976125,"https://www.google.com/maps/search/?api=1&query=39.8957079,32.7976125",node/4343638039
Patisserie Coffee,cafe,,,,,,,,Kazakistan Caddesi 97A,39.9235707,32.8227224,"https://www.google.com/maps/search/?api=1&query=39.9235707,32.8227224",node/13803017903
Patlican Pide Pizza,restaurant,pizza;turkish,,,,,,,61. Cadde 36A,39.9234411,32.8241265,"https://www.google.com/maps/search/?api=1&query=39.9234411,32.8241265",node/13970244002
Peperoncino,restaurant,,,,,,,,,39.8935759,32.8769940,"https://www.google.com/maps/search/?api=1&query=39.8935759,32.8769940",node/122563664
Perla Coffee & Pasta,cafe,coffee_shop;pasta,,,,,,,Azerbaycan Caddesi,39.9225375,32.8285113,"https://www.google.com/maps/search/?api=1&query=39.9225375,32.8285113",node/13954013801
Pheru Coffee,cafe,coffee_shop,,,,,,,,39.9167734,32.8192591,"https://www.google.com/maps/search/?api=1&query=39.9167734,32.8192591",node/8621073867
Pide MAX,restaurant,turkish,+90 312 490 74 75,,,,,,,39.8645535,32.8593885,"https://www.google.com/maps/search/?api=1&query=39.8645535,32.8593885",node/4886017502
Pideci,restaurant,,,,,,,,,39.8838348,32.8173927,"https://www.google.com/maps/search/?api=1&query=39.8838348,32.8173927",node/13869362431
Pilita Pastaevi,cafe,,,,,,,,,39.9335667,32.8363931,"https://www.google.com/maps/search/?api=1&query=39.9335667,32.8363931",node/4140701544
Piyata,fast_food,,,,,,,,,39.8924341,32.7882762,"https://www.google.com/maps/search/?api=1&query=39.8924341,32.7882762",node/2677063020
Pizza Bulls,fast_food,,+90 312 318 34 34,,,,,,Veli Necdet Arığ Caddesi,39.9225285,32.8203459,"https://www.google.com/maps/search/?api=1&query=39.9225285,32.8203459",node/13990299103
Pizza House,fast_food,,,,,,,,,39.8713744,32.8595254,"https://www.google.com/maps/search/?api=1&query=39.8713744,32.8595254",node/4627366929
Pizza Il Forno,restaurant,,,,,,,,,39.8765690,32.8605285,"https://www.google.com/maps/search/?api=1&query=39.8765690,32.8605285",node/4624318156
Pizza Livorno,restaurant,pizza,,,,,,,,39.8827484,32.8192002,"https://www.google.com/maps/search/?api=1&query=39.8827484,32.8192002",node/13704468302
Pizzacı Altan,restaurant,pizza,,,,,,,,39.9092251,32.8612563,"https://www.google.com/maps/search/?api=1&query=39.9092251,32.8612563",node/1706185652
Pizzacı Sedat,restaurant,,,,,,,,,39.9197201,32.8300168,"https://www.google.com/maps/search/?api=1&query=39.9197201,32.8300168",node/13752793101
Pizzeria al Forno,restaurant,italian,,,,,,,,39.8886915,32.8105799,"https://www.google.com/maps/search/?api=1&query=39.8886915,32.8105799",node/9965172489
Popeyes,fast_food,,,,,,,,,39.8757889,32.8692564,"https://www.google.com/maps/search/?api=1&query=39.8757889,32.8692564",node/4663712043
Profesör,pub,,,,,,,,,39.9069730,32.8601449,"https://www.google.com/maps/search/?api=1&query=39.9069730,32.8601449",node/2266973954
Puask Chocolate,cafe,,,,,,,,67. Sokak,39.9198035,32.8253785,"https://www.google.com/maps/search/?api=1&query=39.9198035,32.8253785",node/13990321401
Pub Locale,restaurant,italian,,,,,,,,39.9073214,32.8586266,"https://www.google.com/maps/search/?api=1&query=39.9073214,32.8586266",node/13227753385
Puhu,pub,,,,,,,,,39.9068126,32.8602764,"https://www.google.com/maps/search/?api=1&query=39.9068126,32.8602764",node/4617561923
Pulp Fiction,bar,,,,,Mo-Su 11:00-01:00,,,Büklüm Sokağı,39.9103785,32.8595372,"https://www.google.com/maps/search/?api=1&query=39.9103785,32.8595372",node/8969322918
Quick China,restaurant,chinese,,https://www.quickchina.com.tr/,,,,,,39.8959322,32.8780299,"https://www.google.com/maps/search/?api=1&query=39.8959322,32.8780299",node/60582768
Quito Coffee,cafe,coffee_shop,+90 532 550 0061,https://www.instagram.com/quitocoffee/,,Mo-Su 08:00-23:00,yes,wlan,Selanik Caddesi 82,39.9161221,32.8582641,"https://www.google.com/maps/search/?api=1&query=39.9161221,32.8582641",node/9318426315
Qukie's Bake Shop,cafe,,,,qukiesbakeshop,,,,Kazakistan Caddesi,39.9196432,32.8238792,"https://www.google.com/maps/search/?api=1&query=39.9196432,32.8238792",node/13990311202
RABARBA,pub,,,,,,,,,39.9076155,32.8583748,"https://www.google.com/maps/search/?api=1&query=39.9076155,32.8583748",node/13227753390
Rakun,bar,,,,,,,,,39.8957327,32.7977305,"https://www.google.com/maps/search/?api=1&query=39.8957327,32.7977305",node/9805666817
Rasgele Balıkçı,restaurant,,,,,,,,Hollanda Caddesi,39.8676583,32.8576469,"https://www.google.com/maps/search/?api=1&query=39.8676583,32.8576469",node/4411428458
Ratu Burger House,restaurant,burger,,,,,,wlan,,39.8980957,32.8492417,"https://www.google.com/maps/search/?api=1&query=39.8980957,32.8492417",node/9572998617
REC Lounge,cafe,,,,,,,,70. Sokak,39.9222934,32.8266991,"https://www.google.com/maps/search/?api=1&query=39.9222934,32.8266991",node/13953976501
Republique,pub,,,,,Mo-Su 10:00-01:00,,,Bestekar Cd.,39.9058118,32.8603912,"https://www.google.com/maps/search/?api=1&query=39.9058118,32.8603912",node/11847745849
Respublika,cafe,coffee_shop;sandwich,,,,,,,,39.9049426,32.8651325,"https://www.google.com/maps/search/?api=1&query=39.9049426,32.8651325",node/14102571202
Retrox Pub,bar,,,,,,,,,39.9082477,32.8586449,"https://www.google.com/maps/search/?api=1&query=39.9082477,32.8586449",node/6821713268
Reynata Ev Yemekleri & Doğal İçecekler,restaurant,,,,,,,,Şehit Adem Yavuz Sokak 13/B,39.9199889,32.8517054,"https://www.google.com/maps/search/?api=1&query=39.9199889,32.8517054",node/9511231564
Riff,pub,,,,,,,,,39.9092082,32.8587540,"https://www.google.com/maps/search/?api=1&query=39.9092082,32.8587540",node/247191351
Ring Music Studio & Living Room,cafe,,,https://ringstudio.city/,,Mo-Su 09:00-22:00,,,Cinnah 10/A,39.8996451,32.8588092,"https://www.google.com/maps/search/?api=1&query=39.8996451,32.8588092",node/12918324553
Rispetto Coffee,cafe,,,,,,,,,39.9229970,32.8250350,"https://www.google.com/maps/search/?api=1&query=39.9229970,32.8250350",node/14007069263
Roamers Coffee,cafe,,,,,,,wlan,46. Sokak 53A,39.9230466,32.8235857,"https://www.google.com/maps/search/?api=1&query=39.9230466,32.8235857",node/13970244104
ROR,cafe,coffee_shop,,,,,,,,39.9059304,32.8623563,"https://www.google.com/maps/search/?api=1&query=39.9059304,32.8623563",node/13112065757
ROR caffee and roestery,cafe,,,,,Mo-Su 08:00-01:00,yes,wlan,,39.9220960,32.8254192,"https://www.google.com/maps/search/?api=1&query=39.9220960,32.8254192",node/5289332049
Route,bar,,,,,,,,,39.9170615,32.8576126,"https://www.google.com/maps/search/?api=1&query=39.9170615,32.8576126",node/6908297130
Route 66,bar,,,,,,,,,39.9277584,32.8266910,"https://www.google.com/maps/search/?api=1&query=39.9277584,32.8266910",node/6573076885
Rpublique,pub,,,,,,,,,39.8687652,32.8580743,"https://www.google.com/maps/search/?api=1&query=39.8687652,32.8580743",node/6308884636
Rubby Coffee & Cake,cafe,,,,,,,,,39.9206892,32.8293067,"https://www.google.com/maps/search/?api=1&query=39.9206892,32.8293067",node/13752792601
Ruhi Bey,bar,,,,,,,,Budak Sokağı 5,39.8971317,32.8658798,"https://www.google.com/maps/search/?api=1&query=39.8971317,32.8658798",node/4773895921
Rumeli,restaurant,,,,,,,,,39.9065431,32.8599652,"https://www.google.com/maps/search/?api=1&query=39.9065431,32.8599652",node/4617561927
Rüyam,cafe,,,,,,,,,39.9151753,32.8623872,"https://www.google.com/maps/search/?api=1&query=39.9151753,32.8623872",node/9230573701
Sadık Usta,cafe,,,,,,,,Bağlar Caddesi,39.9041038,32.8715425,"https://www.google.com/maps/search/?api=1&query=39.9041038,32.8715425",node/4541287728
Sahel Restoran,restaurant,,,,,,,,,39.9147964,32.8582836,"https://www.google.com/maps/search/?api=1&query=39.9147964,32.8582836",node/9392990027
Sahra,cafe,,,,,,,,,39.9008736,32.8039242,"https://www.google.com/maps/search/?api=1&query=39.9008736,32.8039242",node/6508691771
Sakal Pub,pub,,,,,,,,Kennedy Cad.,39.9091785,32.8584839,"https://www.google.com/maps/search/?api=1&query=39.9091785,32.8584839",node/4524023989
Saklıbahçe,restaurant,,,,,,,,,39.9148117,32.8044537,"https://www.google.com/maps/search/?api=1&query=39.9148117,32.8044537",node/60582754
Samsun Pide Evi,restaurant,,,,,,,,,39.9092841,32.8609497,"https://www.google.com/maps/search/?api=1&query=39.9092841,32.8609497",node/93996237
Sanat Edebiyat Kafe,cafe,,+90 542 149 80 62,,,24/7,,wlan,Selanik Caddesi 26,39.9204598,32.8559029,"https://www.google.com/maps/search/?api=1&query=39.9204598,32.8559029",node/10690451705
Sandal Meze & Balık,restaurant,fish;turkish,,,,,,,Şehit Mehmet Aras Sokak 62A,39.9195137,32.8300465,"https://www.google.com/maps/search/?api=1&query=39.9195137,32.8300465",node/13947829225
Saray,restaurant,,,,,,,,,39.9043394,32.8149015,"https://www.google.com/maps/search/?api=1&query=39.9043394,32.8149015",node/4652969771
Sardunya,cafe,,,,,Mo-Sa 11:30-23:00; Su 00:00-22:00,,,,39.9066245,32.8621259,"https://www.google.com/maps/search/?api=1&query=39.9066245,32.8621259",node/1706181788
Sarımsak Izgara Dürüm Restaurant,restaurant,,,,,,,,,39.8673894,32.8215622,"https://www.google.com/maps/search/?api=1&query=39.8673894,32.8215622",node/13946188235
Savoy Bistro,bar,,,,,,,,,39.9188540,32.8559446,"https://www.google.com/maps/search/?api=1&query=39.9188540,32.8559446",node/8153025272
Schnitzel,restaurant,,,,,,,,,39.9020000,32.8634237,"https://www.google.com/maps/search/?api=1&query=39.9020000,32.8634237",node/75324333
seda nakare,cafe,,,,,,,,,39.9167921,32.8556256,"https://www.google.com/maps/search/?api=1&query=39.9167921,32.8556256",node/11212859339
Sefa Kahvaltı Evi,cafe,,,,,,yes,wlan,,39.9219245,32.8438112,"https://www.google.com/maps/search/?api=1&query=39.9219245,32.8438112",node/9858068817
Selami Usta,restaurant,,,,,,,,,39.8681919,32.8568190,"https://www.google.com/maps/search/?api=1&query=39.8681919,32.8568190",node/4627366943
Sema Çay Salonu,cafe,,,,,,,,,39.8813019,32.8728896,"https://www.google.com/maps/search/?api=1&query=39.8813019,32.8728896",node/6411224356
Sensiz Olmaz Meyhane,bar,,,,,,,,,39.9008698,32.8571516,"https://www.google.com/maps/search/?api=1&query=39.9008698,32.8571516",node/12630068513
Seyir Çay Evi,cafe,,,,,,,,,39.9223059,32.8575164,"https://www.google.com/maps/search/?api=1&query=39.9223059,32.8575164",node/6363469220
Shades,pub,,,,,,,,,39.9011439,32.8577492,"https://www.google.com/maps/search/?api=1&query=39.9011439,32.8577492",node/13415264302
Shelby Coffee & Bakery,cafe,,,,,Mo-Su 09:00-23:00,,,,39.8971622,32.7992513,"https://www.google.com/maps/search/?api=1&query=39.8971622,32.7992513",node/12919075597
Sim Dondurma,ice_cream,,,,,,no,,Aşkabat Caddesi (7. Cadde),39.9212986,32.8265825,"https://www.google.com/maps/search/?api=1&query=39.9212986,32.8265825",node/11093270879
Sim pastanesi,fast_food,,,,,,,,,39.9216418,32.8264386,"https://www.google.com/maps/search/?api=1&query=39.9216418,32.8264386",node/4370460092
Simit Center,fast_food,,,,,,,,,39.9038754,32.8611345,"https://www.google.com/maps/search/?api=1&query=39.9038754,32.8611345",node/122537018
Simit Dünyası,cafe,,,,,,,,,39.9219481,32.8551041,"https://www.google.com/maps/search/?api=1&query=39.9219481,32.8551041",node/4621724494
Simit Kafe,cafe,,,,,,,,,39.9188870,32.8586590,"https://www.google.com/maps/search/?api=1&query=39.9188870,32.8586590",node/9320777719
Simit Sarayı,cafe,,,,,,,,,39.9193581,32.8550450,"https://www.google.com/maps/search/?api=1&query=39.9193581,32.8550450",node/6420536979
Simit Tuna Cafe,cafe,,,,,,,,,39.8725705,32.8601852,"https://www.google.com/maps/search/?api=1&query=39.8725705,32.8601852",node/4627366921
Simitcii,cafe,,,,,,,,,39.8680694,32.8569853,"https://www.google.com/maps/search/?api=1&query=39.8680694,32.8569853",node/4627366946
Siyez,restaurant,Ev_yemekleri;Izgara,,,,Mo-Sa 08:00-20:00,no,,,39.8916223,32.8253639,"https://www.google.com/maps/search/?api=1&query=39.8916223,32.8253639",node/4406510190
Skål Coffee & Dessert,cafe,,,,,,,,,39.9203046,32.8294778,"https://www.google.com/maps/search/?api=1&query=39.9203046,32.8294778",node/13752792901
Sloth Kafe,cafe,breakfast;cake;coffee_shop;sandwich;tea,,,slothcoffeeshop,Mo-Su 07:30-23:00,,wlan,Güvenlik Caddesi 36/A,39.9008902,32.8532454,"https://www.google.com/maps/search/?api=1&query=39.9008902,32.8532454",node/9994795817
Smit Cafe,restaurant,,,,,,,,,39.8932000,32.8470006,"https://www.google.com/maps/search/?api=1&query=39.8932000,32.8470006",node/9572998717
Sobe Döner,restaurant,regional,+90 312 473 40 90,,,,,,1324. Cadde 3A,39.8900110,32.8282564,"https://www.google.com/maps/search/?api=1&query=39.8900110,32.8282564",node/2952534836
Sofa Coffee House,cafe,,,,,,,,,39.8976149,32.8498269,"https://www.google.com/maps/search/?api=1&query=39.8976149,32.8498269",node/13564052401
Soli Kruvasan,cafe,,,,,,,,,39.8951797,32.8785934,"https://www.google.com/maps/search/?api=1&query=39.8951797,32.8785934",node/12919074425
Solway,cafe,coffee_shop,,,,,,,,39.8918825,32.7887067,"https://www.google.com/maps/search/?api=1&query=39.8918825,32.7887067",node/10214597190
Sosis Kafası,fast_food,,,,,,,,Azerbaycan Caddesi,39.9208771,32.8295018,"https://www.google.com/maps/search/?api=1&query=39.9208771,32.8295018",node/13986371601
Sosyal Bina,restaurant,,,,,,,,,39.8946455,32.7851486,"https://www.google.com/maps/search/?api=1&query=39.8946455,32.7851486",way/230532081
Souvla Kitchen,restaurant,,,,,,,,,39.8970811,32.8487815,"https://www.google.com/maps/search/?api=1&query=39.8970811,32.8487815",node/13526382402
Speco Coffee,cafe,,,,,,,,,39.9197917,32.8253380,"https://www.google.com/maps/search/?api=1&query=39.9197917,32.8253380",node/13752778903
Spice Curry House,restaurant,indian;turkish,,,,,,,,39.8944158,32.8772907,"https://www.google.com/maps/search/?api=1&query=39.8944158,32.8772907",node/4624295264
SR Döner,restaurant,,,,,,,,,39.9221881,32.8853200,"https://www.google.com/maps/search/?api=1&query=39.9221881,32.8853200",node/4330703289
Starbucks,cafe,coffee_shop,,https://www.starbucks.co.uk/store-locator/19246-200064/karanfil-sokak,,,,,,39.9179292,32.8546868,"https://www.google.com/maps/search/?api=1&query=39.9179292,32.8546868",node/1199436660
Stüdyo Pizza,restaurant,pizza,,,,,,,,39.9006466,32.8585352,"https://www.google.com/maps/search/?api=1&query=39.9006466,32.8585352",node/13415264303
Subway,fast_food,sandwich,,,,,,,,39.8719261,32.8609617,"https://www.google.com/maps/search/?api=1&query=39.8719261,32.8609617",node/4065224297
Sugar Kafe,cafe,,,,,,,,,39.8838868,32.8175809,"https://www.google.com/maps/search/?api=1&query=39.8838868,32.8175809",node/11999053649
Sun Brothers Pizza,fast_food,,,,,,,,,39.9195762,32.8303155,"https://www.google.com/maps/search/?api=1&query=39.9195762,32.8303155",node/13752797201
Sun's Fury Coffee,cafe,coffee_shop,,,,,,,,39.8918175,32.8546975,"https://www.google.com/maps/search/?api=1&query=39.8918175,32.8546975",node/12538897667
Sunshine,cafe,,,,,,,,,39.8898332,32.7906931,"https://www.google.com/maps/search/?api=1&query=39.8898332,32.7906931",node/501705626
Susam,cafe,,,,,,,,,39.8924891,32.7881532,"https://www.google.com/maps/search/?api=1&query=39.8924891,32.7881532",node/2677063829
Süha  Döner & Köfteci,restaurant,,,https://restaurantguru.com/Suha-Doner-andKebab-Ankara,,,,,,39.9130997,32.8594789,"https://www.google.com/maps/search/?api=1&query=39.9130997,32.8594789",node/11126851184
Sümela Lokantası,restaurant,turkish,,,,,,,,39.8983573,32.8487267,"https://www.google.com/maps/search/?api=1&query=39.8983573,32.8487267",node/13535537901
Süslü Cafe,cafe,,+90 312 223 11 93,,,,,,Kazakistan Caddesi,39.9210315,32.8231731,"https://www.google.com/maps/search/?api=1&query=39.9210315,32.8231731",node/13990309903
Sılam Ev Yemekleri,restaurant,turkish,,,,,,,,39.9289727,32.8779442,"https://www.google.com/maps/search/?api=1&query=39.9289727,32.8779442",node/1361597513
Sıpa coffee,cafe,coffee_shop,,,,Mo-Su 09:00-00:00,,wlan,Dikmen Caddesi 415,39.8672360,32.8227657,"https://www.google.com/maps/search/?api=1&query=39.8672360,32.8227657",node/13645746602
Tabu Cafe,cafe,,,,,,,,,39.9222640,32.8263946,"https://www.google.com/maps/search/?api=1&query=39.9222640,32.8263946",node/12556377168
Tadım Pizza,fast_food,pizza,+90 312 440 7676,,,Mo-Su 10:30-02:00,,,,39.8947605,32.8499683,"https://www.google.com/maps/search/?api=1&query=39.8947605,32.8499683",node/60582717
Tadım Pizza Farabi,restaurant,pizza,,,,,,,,39.8962640,32.8586403,"https://www.google.com/maps/search/?api=1&query=39.8962640,32.8586403",node/4619389483
Tahtakale Kahvecisi,cafe,,,,,,,,,39.9329546,32.8665571,"https://www.google.com/maps/search/?api=1&query=39.9329546,32.8665571",node/5327387722
Tantunici,restaurant,,,,,,,,,39.8755400,32.8611510,"https://www.google.com/maps/search/?api=1&query=39.8755400,32.8611510",node/600505327
Tarihi İnegöl Köftecisi Nevzat Usta,restaurant,kebab,,https://www.nevzatusta.com,,,,,,39.9232499,32.8254409,"https://www.google.com/maps/search/?api=1&query=39.9232499,32.8254409",node/1935956538
Tarihi Sariyer Börek & Simıt Cafe,cafe,,,,,,,,,39.9111024,32.8603294,"https://www.google.com/maps/search/?api=1&query=39.9111024,32.8603294",node/9392985024
Tarihi Çiçek Lokantası,restaurant,turkish,,,,,,,,39.8985081,32.8172104,"https://www.google.com/maps/search/?api=1&query=39.8985081,32.8172104",node/529107605
Tarihî Özen Lokantası,restaurant,,,,,,,,,39.9227044,32.8560281,"https://www.google.com/maps/search/?api=1&query=39.9227044,32.8560281",node/4119008893
Tattaze Sakarya,cafe,,,,,,,,,39.9219950,32.8564612,"https://www.google.com/maps/search/?api=1&query=39.9219950,32.8564612",node/4621720974
Tavacı Recep Usta Parkvadi,restaurant,,+90 312 443 21 21,https://www.recepustaparkvadi.com/,,,,,,39.8847065,32.8458959,"https://www.google.com/maps/search/?api=1&query=39.8847065,32.8458959",way/1087745638
Tavuk Dünyası,fast_food,chicken,,,,,,,,39.9194647,32.8270316,"https://www.google.com/maps/search/?api=1&query=39.9194647,32.8270316",node/13121381255
Taxi Bar,bar,,,,,,,,,39.9012307,32.8101290,"https://www.google.com/maps/search/?api=1&query=39.9012307,32.8101290",node/6477866458
Taze Türk Mutfağı,restaurant,turkish,,,,,,,Cinnah Caddesi 21,39.8967714,32.8581146,"https://www.google.com/maps/search/?api=1&query=39.8967714,32.8581146",node/12801795543
Taş fırın,restaurant,,,,,,,,,39.9184837,32.8560835,"https://www.google.com/maps/search/?api=1&query=39.9184837,32.8560835",node/10008229118
Tchibo,cafe,,,,,,,,,39.8759701,32.8702273,"https://www.google.com/maps/search/?api=1&query=39.8759701,32.8702273",node/4663712041
Telwe,bar,,,,,,,,İnkılap Sokak,39.9223925,32.8558534,"https://www.google.com/maps/search/?api=1&query=39.9223925,32.8558534",node/4524023589
Tenedos,pub,,,,,,,,,39.9001463,32.8572941,"https://www.google.com/maps/search/?api=1&query=39.9001463,32.8572941",node/12630068516
Tepebağ,restaurant,,,,,,yes,,,39.8851471,32.8572180,"https://www.google.com/maps/search/?api=1&query=39.8851471,32.8572180",node/143822701
Teras Bar,bar,,,,,,,,,39.9226874,32.8560802,"https://www.google.com/maps/search/?api=1&query=39.9226874,32.8560802",node/13030095142
Teras Cafe,cafe,,,,,,,,,39.8926245,32.7881490,"https://www.google.com/maps/search/?api=1&query=39.8926245,32.7881490",node/4623055082
Terrace Bar,bar,,,,,,no,,,39.9227795,32.8560304,"https://www.google.com/maps/search/?api=1&query=39.9227795,32.8560304",node/13020129302
Terradan,pub,,+90 542 100 83 72,,,,,,,39.9013475,32.8575301,"https://www.google.com/maps/search/?api=1&query=39.9013475,32.8575301",node/12630068514
Tetra N Roastery,cafe,,,https://tetranroastery.com/,,Mo-Su 09:00-23:00,,,,39.8955992,32.7968333,"https://www.google.com/maps/search/?api=1&query=39.8955992,32.7968333",node/12921944762
The Bigos,pub,,,,,11:00-01:00,,,,39.9250405,32.8251540,"https://www.google.com/maps/search/?api=1&query=39.9250405,32.8251540",node/3681907025
The House Cafe,cafe,,,,,,,,,39.8974874,32.8673682,"https://www.google.com/maps/search/?api=1&query=39.8974874,32.8673682",node/4619031442
The Italian Cut,restaurant,italian;italian_pizza,+90 312 222 00 77,,,,,,Azerbaycan Cd. (3. Cadde),39.9203063,32.8296720,"https://www.google.com/maps/search/?api=1&query=39.9203063,32.8296720",node/4452950189
The İrish Pub Tunus,pub,,,,,,,,,39.9071878,32.8586108,"https://www.google.com/maps/search/?api=1&query=39.9071878,32.8586108",node/13227753388
the stock,cafe,coffee_shop,,,,,yes,,,39.8990217,32.8638091,"https://www.google.com/maps/search/?api=1&query=39.8990217,32.8638091",node/12402616199
The York Pub and Bar,pub,,+90 533 619 08 17,https://www.instagram.com/pubtheyork,,Mo-Su 09:00-01:00,,,Azerbaycan Caddesi 91/B,39.9231474,32.8284993,"https://www.google.com/maps/search/?api=1&query=39.9231474,32.8284993",node/12625838424
Topkapı cafe,cafe,fish_and_chips,,,,,,,,39.9253138,32.8475407,"https://www.google.com/maps/search/?api=1&query=39.9253138,32.8475407",node/4070498917
Tosca Art Design,cafe,,,,,,,,Farabi Sokağı,39.8963759,32.8608809,"https://www.google.com/maps/search/?api=1&query=39.8963759,32.8608809",node/13991871701
Tost Makinem,fast_food,sandwich,,,,Mo-Sa 08:00-20:00,,,Esat Caddesi 14,39.9132534,32.8566830,"https://www.google.com/maps/search/?api=1&query=39.9132534,32.8566830",node/8969329817
Trilye Restoran,restaurant,seafood,,,,,,,Kuleli Sokak,39.8940454,32.8718349,"https://www.google.com/maps/search/?api=1&query=39.8940454,32.8718349",node/112585692
Tual pastanesi,cafe,cake,,,,07:00-23:00,,,Cevizlidere Caddesi 130,39.8681329,32.8214180,"https://www.google.com/maps/search/?api=1&query=39.8681329,32.8214180",node/5321292778
Tutti's,bar,,,,,,,,,39.9068455,32.8601503,"https://www.google.com/maps/search/?api=1&query=39.9068455,32.8601503",node/4617561924
Twister,pub,,,,,,,,,39.9069669,32.8598311,"https://www.google.com/maps/search/?api=1&query=39.9069669,32.8598311",node/4617561921
Tünel Pub,pub,,,,,,,,,39.8976268,32.8659842,"https://www.google.com/maps/search/?api=1&query=39.8976268,32.8659842",node/4619031446
Uludağ Döner,restaurant,kebab,,,,,,,,39.8953734,32.8664112,"https://www.google.com/maps/search/?api=1&query=39.8953734,32.8664112",node/75343319
Uludağ Kebapçısı,restaurant,turkish,,,,,,,,39.9344942,32.8572277,"https://www.google.com/maps/search/?api=1&query=39.9344942,32.8572277",node/824237315
Uptown,bar,,,,,,,,,39.8941238,32.7864780,"https://www.google.com/maps/search/?api=1&query=39.8941238,32.7864780",node/664127092
Urfalı Hacı Mehmet,restaurant,,,,,,,,,39.8744869,32.8631611,"https://www.google.com/maps/search/?api=1&query=39.8744869,32.8631611",node/4065224300
Urfalı Kebap,restaurant,,,,,,,,,39.9236659,32.8563061,"https://www.google.com/maps/search/?api=1&query=39.9236659,32.8563061",node/4630875931
urfalım lahmacun pide salonu,restaurant,turkish,,,,,,,,39.8838753,32.8169092,"https://www.google.com/maps/search/?api=1&query=39.8838753,32.8169092",node/11999100065
Urumchi Uyghur Restaurant,restaurant,uygur,+90 312 433 52 04,https://www.instagram.com/s/aGlnaGxpZ2h0OjE4MDIyOTMxMTIwMzk2NDU4?story_media_id=3469339711221522735&igsh=MTY0aXNxeWU0ams2eQ==,,Mo-St 11:30-21:30,,,Ziya Gökalp Caddesi 76,39.9254574,32.8646989,"https://www.google.com/maps/search/?api=1&query=39.9254574,32.8646989",node/4417189818
Uygur Mutfaği,restaurant,,,,,,,,,39.9149695,32.8593714,"https://www.google.com/maps/search/?api=1&query=39.9149695,32.8593714",node/9235395883
Uzay Cafe & Piknik,restaurant,local;turkish,+90 312 222 21 66,,,Mo-Sa 09:00-21:00,,,Kazakistan Caddesi 41 D-C,39.9289385,32.8224071,"https://www.google.com/maps/search/?api=1&query=39.9289385,32.8224071",node/8930666717
Varol Simit Sarayı,restaurant,,,,,,,,,39.8775615,32.8370276,"https://www.google.com/maps/search/?api=1&query=39.8775615,32.8370276",node/11206702667
Varuna Gezgin,cafe,,,,,,,wlan,Azerbaycan (3.) Cd. 106,39.9216323,32.8288633,"https://www.google.com/maps/search/?api=1&query=39.9216323,32.8288633",node/4773873121
Vedat Dalokay Kokteyl ve Nikah Salonu,bar,,,,,,,,,39.9263663,32.8614297,"https://www.google.com/maps/search/?api=1&query=39.9263663,32.8614297",node/6821671202
Veganarsist Kızılay,cafe,turkish,,https://veganarsist.com/,,Mo-Th 11:30-21:30; Fr-Sa 13:00-20:00,yes,,,39.9219150,32.8603850,"https://www.google.com/maps/search/?api=1&query=39.9219150,32.8603850",node/12089037405
VegAnka,restaurant,,,,,,,,,39.9107677,32.8584096,"https://www.google.com/maps/search/?api=1&query=39.9107677,32.8584096",node/6821713284
Vegisso,restaurant,,+90 544 363 21 12,,,Tu-Su 10:00-22:00,,wlan,Akyüz Sokak 27/4,39.9138253,32.8633096,"https://www.google.com/maps/search/?api=1&query=39.9138253,32.8633096",node/5481153421
Vengo Kafe,cafe,,,,,,,,,39.9191019,32.8585336,"https://www.google.com/maps/search/?api=1&query=39.9191019,32.8585336",node/8153025266
Vinni the Vegan Witch,cafe,cake;breakfast;pastry,+90 531 305 75 72,https://www.instagram.com/vinni.theveganwitch?igsh=MTBocG5iMHdwMTBidw==,,,yes,wlan,Gerede Sokak 3/A,39.9014278,32.8550373,"https://www.google.com/maps/search/?api=1&query=39.9014278,32.8550373",node/12745105000
Vitamin,fast_food,,,,,,,,,39.9060430,32.8606989,"https://www.google.com/maps/search/?api=1&query=39.9060430,32.8606989",node/247208699
Vişi Kafe,cafe,,,,,,,,,39.9193894,32.8273483,"https://www.google.com/maps/search/?api=1&query=39.9193894,32.8273483",node/13121378505
Volkan Piknik,fast_food,ayvalık_tostu;sandwich,+90 312 230 03 04,,,,,,Gazi Mustafa Kemal Bulvarı 20,39.9230219,32.8502695,"https://www.google.com/maps/search/?api=1&query=39.9230219,32.8502695",node/8393962905
Waffle's Land,cafe,,+90 539 214 26 26,,,Mo-Sa 08:30-23:30,,,,39.8711000,32.8258089,"https://www.google.com/maps/search/?api=1&query=39.8711000,32.8258089",node/11203819491
Wrapper Sandwich,fast_food,,,,,,,,,39.8722246,32.8601396,"https://www.google.com/maps/search/?api=1&query=39.8722246,32.8601396",node/4627366920
Wuyang,restaurant,chinese,,,,,,,,39.9063559,32.8600001,"https://www.google.com/maps/search/?api=1&query=39.9063559,32.8600001",node/4617561929
Yaprak Dönercisi Bahçelievler,fast_food,,,,,,,,,39.9208029,32.8264500,"https://www.google.com/maps/search/?api=1&query=39.9208029,32.8264500",node/12556396875
Yağmur Pide Kebap Döner Lahmacun,restaurant,,+90 312 222 4200;+90 312 222 4244,,,,,,Kazakistan Caddesi,39.9247092,32.8225038,"https://www.google.com/maps/search/?api=1&query=39.9247092,32.8225038",node/13803049501
YE-AN,restaurant,,,,,,,,,39.9005065,32.8174340,"https://www.google.com/maps/search/?api=1&query=39.9005065,32.8174340",node/854423333
Yelken Balık,restaurant,turkish,,https://yelkenbalik.com.tr/,,,,,,39.8976065,32.8694371,"https://www.google.com/maps/search/?api=1&query=39.8976065,32.8694371",node/12435281567
Yelken Balık Evi,restaurant,,,,,,no,,,39.8840313,32.8543990,"https://www.google.com/maps/search/?api=1&query=39.8840313,32.8543990",node/122563761
Yeni Kebap 9,fast_food,kebab,,,,,,,,39.9347255,32.8949743,"https://www.google.com/maps/search/?api=1&query=39.9347255,32.8949743",node/6222365211
Yöresel Türk Mutfağı,restaurant,,+90 312 287 68 98,yoreselturkmitfagi.com,,Mo-Su 08:00-20:00,,,1458. sokak 11/A,39.8967695,32.8055783,"https://www.google.com/maps/search/?api=1&query=39.8967695,32.8055783",node/9669708540
Yıldırım Aspava,restaurant,regional,,,,,,,,39.9066275,32.8664637,"https://www.google.com/maps/search/?api=1&query=39.9066275,32.8664637",node/2611601210
Yıldız 95,restaurant,pide;kebab;sulu_yemek,,,,,,,,39.8922655,32.8270732,"https://www.google.com/maps/search/?api=1&query=39.8922655,32.8270732",node/4406517026
Yıldız Aspava,restaurant,regional,+90 312 437 66 87,,,,,,,39.9064547,32.8666234,"https://www.google.com/maps/search/?api=1&query=39.9064547,32.8666234",node/75324389
Z Burger,fast_food,,,,,,,,Veli Necdet Arığ Caddesi,39.9224359,32.8188975,"https://www.google.com/maps/search/?api=1&query=39.9224359,32.8188975",node/13990174701
Zafer Piknik,restaurant,,,,,,,,,39.9226564,32.8557216,"https://www.google.com/maps/search/?api=1&query=39.9226564,32.8557216",node/13020194062
Zenith,bar,,,,,,,,,39.8958205,32.7977588,"https://www.google.com/maps/search/?api=1&query=39.8958205,32.7977588",node/9805666717
Zest Coffee,cafe,donut,,,https://www.instagram.com/zestcoffeeandmore/,08:00-22:00,yes,yes,Atatürk Bulvarı 160,39.8971738,32.8613878,"https://www.google.com/maps/search/?api=1&query=39.8971738,32.8613878",node/12592645385
Zeynel Çilli,restaurant,turkish;dessert;ice_cream,,,,,,,,39.8922406,32.7878716,"https://www.google.com/maps/search/?api=1&query=39.8922406,32.7878716",node/4622983577
Zigana Pide,restaurant,turkish,+90 312 212 61 06,,,,,,Bişkek Caddesi 34,39.9234709,32.8174718,"https://www.google.com/maps/search/?api=1&query=39.9234709,32.8174718",node/6762386988
Zodiac,pub,,,,,,,,,39.9114520,32.8566809,"https://www.google.com/maps/search/?api=1&query=39.9114520,32.8566809",node/4063764364
Â La Lune Patisserie,cafe,coffee_shop;dessert;breakfast;cake;tea,,,,,,,,39.9245125,32.8251973,"https://www.google.com/maps/search/?api=1&query=39.9245125,32.8251973",node/13620395394
Çakraz Balık ve Karadeniz Mutfağı,restaurant,fish;fish_and_chips;turkish,,,,06:00-23:00,yes,,,39.9001826,32.8175521,"https://www.google.com/maps/search/?api=1&query=39.9001826,32.8175521",node/11149483601
Çankaya Lokantası,restaurant,turkish,,,,,no,,Hoşdere Caddesi,39.8849196,32.8546660,"https://www.google.com/maps/search/?api=1&query=39.8849196,32.8546660",node/12851080208
Çatı,restaurant,,,,,,,,,39.8894217,32.7914685,"https://www.google.com/maps/search/?api=1&query=39.8894217,32.7914685",node/501705632
ÇaySimit,cafe,,,,,,,,,39.9194876,32.8557091,"https://www.google.com/maps/search/?api=1&query=39.9194876,32.8557091",node/6420538088
Çedene Lokantası,restaurant,,,,,,,,,39.9095457,32.8177821,"https://www.google.com/maps/search/?api=1&query=39.9095457,32.8177821",node/11366992184
Çengel,bar,,,,,,,,,39.8676123,32.8577135,"https://www.google.com/maps/search/?api=1&query=39.8676123,32.8577135",node/6308884643
Çeyrek,restaurant,kebab;turkish,+90 312 335 0102,,,Mo-Su 11:00-22:00,,,Şehit Mehmet Aras Sokak,39.9197417,32.8302081,"https://www.google.com/maps/search/?api=1&query=39.9197417,32.8302081",node/13752993801
Çin Seddi Restaurant,restaurant,chinese,,,,,,,,39.8864256,32.8476566,"https://www.google.com/maps/search/?api=1&query=39.8864256,32.8476566",node/310402868
Çiçek Lokantası,restaurant,,+90 312 284 08 88,https://ciceklokantasi.com.tr/,,,,,2176. Cadde,39.9100052,32.7984817,"https://www.google.com/maps/search/?api=1&query=39.9100052,32.7984817",node/8972429118
Çiğköftesim,restaurant,turkish,+90 552 678 9090,https://www.cigkoftesim.com,,Mo-Su 11:00-24:00,yes,yes,Başçavuş Sokağı 111C,39.9066832,32.8695892,"https://www.google.com/maps/search/?api=1&query=39.9066832,32.8695892",node/14093582340
Çorbacı Hasan Usta,restaurant,turkish,,,,,yes,,Hoşdere Caddesi,39.8852694,32.8545145,"https://www.google.com/maps/search/?api=1&query=39.8852694,32.8545145",node/60581240
Çukurağa Sofrası,restaurant,,+90 312 223 09 63,http://cukuraga.com.tr/,,Mo-Su 09:00-01:00,,,Bosna Hersek Caddesi 22,39.9166218,32.8187585,"https://www.google.com/maps/search/?api=1&query=39.9166218,32.8187585",node/9689419637
Çınar Saklıbahçe,cafe,,,,,,,,,39.9319166,32.8663838,"https://www.google.com/maps/search/?api=1&query=39.9319166,32.8663838",node/8150906684
Çıtır Simit,cafe,,,,,,,,,39.8769303,32.8820665,"https://www.google.com/maps/search/?api=1&query=39.8769303,32.8820665",node/4930524422
Ömer Aybak Adıyaman Çiğ Köftecisi,restaurant,,,,,,,,,39.9182418,32.8627836,"https://www.google.com/maps/search/?api=1&query=39.9182418,32.8627836",node/9315159152
Ömer Aybak Adıyaman Çiğköftecisi,fast_food,turkish,,,,,,,Misket Sokak,39.9301821,32.8162402,"https://www.google.com/maps/search/?api=1&query=39.9301821,32.8162402",node/13983078801
Öncü Döner,fast_food,,,,,,,,,39.9221730,32.8568327,"https://www.google.com/maps/search/?api=1&query=39.9221730,32.8568327",node/6363469227
Öveçler Dürümcüsü,restaurant,kebab;turkish,+90 312 472 00 50,,,"Mo-Th 11:30-22:30; Fr,Su 14:00-22:30; Sa 12:00-22:30",yes,no,,39.8904885,32.8232482,"https://www.google.com/maps/search/?api=1&query=39.8904885,32.8232482",node/9917681890
Öz Emmioğlu Pide Kebap,restaurant,turkish,,,,,,,,39.8969786,32.8801143,"https://www.google.com/maps/search/?api=1&query=39.8969786,32.8801143",node/813193188
Özlem Döner,restaurant,,,,,,,,,39.8711047,32.8590035,"https://www.google.com/maps/search/?api=1&query=39.8711047,32.8590035",node/148943638
Özlem Pide Restoran,restaurant,turkish,,,,,,,,39.9231635,32.8057219,"https://www.google.com/maps/search/?api=1&query=39.9231635,32.8057219",node/8338590165
Özler Döner,restaurant,,,,,,,,,39.9285586,32.8534581,"https://www.google.com/maps/search/?api=1&query=39.9285586,32.8534581",node/4071220581
Özsüt,cafe,,,,,,,,,39.8960625,32.8126884,"https://www.google.com/maps/search/?api=1&query=39.8960625,32.8126884",node/4652850612
Özçelik Aspava,restaurant,regional,,,,,,,,39.9065462,32.8665375,"https://www.google.com/maps/search/?api=1&query=39.9065462,32.8665375",node/2611600068
Ünlü Dalyan Balıkçısı,restaurant,,,,,,,,,39.8966086,32.8803311,"https://www.google.com/maps/search/?api=1&query=39.8966086,32.8803311",node/957022081
Ünlü İstanbul Balııkçısı,restaurant,,,,,,,,,39.8838848,32.8180047,"https://www.google.com/maps/search/?api=1&query=39.8838848,32.8180047",node/13045263991
Üst Kat,pub,,,,,,,,,39.9026416,32.8601545,"https://www.google.com/maps/search/?api=1&query=39.9026416,32.8601545",node/2188485645
Şehrize Mantı,restaurant,dumplings;turkish,+90 312 230 46 06,,,Mo-Su 08:30-03:00,,,Gazi Mustafa Kemal Bulvarı 55/B,39.9270670,32.8468371,"https://www.google.com/maps/search/?api=1&query=39.9270670,32.8468371",node/6873843409
Şilingir,pub,,,,,,,,,39.9012842,32.8575706,"https://www.google.com/maps/search/?api=1&query=39.9012842,32.8575706",node/13415264301
Şimşek Aspava Bahçelievler,restaurant,,,,,Mo-Su 11:30-22:30,,,Azerbaycan Caddesi 19/A,39.9300816,32.8260448,"https://www.google.com/maps/search/?api=1&query=39.9300816,32.8260448",node/12036191869
Şipila,restaurant,,,,,,,,,39.8696024,32.8679339,"https://www.google.com/maps/search/?api=1&query=39.8696024,32.8679339",node/902362302
Şölen Kebap,restaurant,,,,,,,,,39.8730151,32.8600484,"https://www.google.com/maps/search/?api=1&query=39.8730151,32.8600484",node/4627366904
مطعم سلطان بغداد,restaurant,,,,,,,,,39.8728661,32.8599805,"https://www.google.com/maps/search/?api=1&query=39.8728661,32.8599805",node/8996339717
