mekan,il,website,alan,url
Güney Yıldızı Kordon,,https://yumurtalikguneyyildizi.com,instagram.com,https://www.instagram.com/guneyyildiziyumurtalik/
Pizza Taxi Cumhuriyet,,https://www.pizzataxi.com.tr,youtube.com,https://www.youtube.com/@pizzataxi8783/videos
Pizza Taxi Cumhuriyet,,https://www.pizzataxi.com.tr,instagram.com,https://www.instagram.com/pizzataxiturkey/
Cihangir Kebap Kaburga,,https://www.cihangirkebap.com.tr,facebook.com,https://www.facebook.com/cihangirkebapkaburga/
Cihangir Kebap Kaburga,,https://www.cihangirkebap.com.tr,twitter.com,https://twitter.com/cihangirkebap
Cihangir Kebap Kaburga,,https://www.cihangirkebap.com.tr,instagram.com,https://www.instagram.com/cihangir/
Cihangir Kebap Kaburga,,https://www.cihangirkebap.com.tr,youtube.com,https://www.youtube.com/channel/UC7aR0-pRJAKIypKh5H8b6YQ
Rovers Gastropub & Live Music,,https://www.rovers.com.tr,instagram.com,https://www.instagram.com/roversgastropub/
Rovers Gastropub & Live Music,,https://www.rovers.com.tr,youtube.com,https://www.youtube.com/@roversgastropub
Starbucks,,https://www.starbucks.com.tr,instagram.com,https://www.instagram.com/starbucks_tr
Starbucks,,https://www.starbucks.com.tr,facebook.com,https://www.facebook.com/StarbucksTurkiye
Starbucks,,https://www.starbucks.com.tr,tiktok.com,https://www.tiktok.com/@starbucks_turkiye
Starbucks,,https://www.starbucks.com.tr,youtube.com,https://www.youtube.com/@StarbucksTr
Starbucks,,https://www.starbucks.com.tr,x.com,https://x.com/StarbucksTR
Lagos Balık Restaurant,,http://www.lagosbalik.com,facebook.com,https://www.facebook.com/adanalagosbalik/
Lagos Balık Restaurant,,http://www.lagosbalik.com,instagram.com,https://www.instagram.com/lagosbalikadana/
Starbucks,,https://www.starbucks.co.uk,facebook.com,https://www.facebook.com/starbucksuk
Starbucks,,https://www.starbucks.co.uk,instagram.com,https://www.instagram.com/starbucksuk/
Starbucks,,https://www.starbucks.co.uk,youtube.com,https://www.youtube.com/@starbucksuk2728
Starbucks,,https://www.starbucks.co.uk,tiktok.com,https://www.tiktok.com/@starbucksuk
Starbucks,,https://www.starbucks.co.uk,x.com,https://x.com/starbucksuk
Starbucks,,https://www.starbucks.co.uk,facebook.com,https://www.facebook.com/starbucksuk
Starbucks,,https://www.starbucks.co.uk,instagram.com,https://www.instagram.com/starbucksuk/
Starbucks,,https://www.starbucks.co.uk,youtube.com,https://www.youtube.com/@starbucksuk2728
Starbucks,,https://www.starbucks.co.uk,tiktok.com,https://www.tiktok.com/@starbucksuk
Starbucks,,https://www.starbucks.co.uk,x.com,https://x.com/starbucksuk
McDonald's,,https://www.mcdonalds.com.tr,facebook.com,https://www.facebook.com/McDonaldsTurkiye
McDonald's,,https://www.mcdonalds.com.tr,twitter.com,https://twitter.com/mcdonaldstr
McDonald's,,https://www.mcdonalds.com.tr,instagram.com,https://www.instagram.com/mcdonaldsturkiye
McDonald's,,https://www.mcdonalds.com.tr,youtube.com,https://www.youtube.com/user/mcdonaldstr
Starbucks,,https://www.starbucks.co.uk,facebook.com,https://www.facebook.com/starbucksuk
Starbucks,,https://www.starbucks.co.uk,instagram.com,https://www.instagram.com/starbucksuk/
Starbucks,,https://www.starbucks.co.uk,youtube.com,https://www.youtube.com/@starbucksuk2728
Starbucks,,https://www.starbucks.co.uk,tiktok.com,https://www.tiktok.com/@starbucksuk
Starbucks,,https://www.starbucks.co.uk,x.com,https://x.com/starbucksuk
Starbucks,,https://www.starbucks.co.uk,facebook.com,https://www.facebook.com/starbucksuk
Starbucks,,https://www.starbucks.co.uk,instagram.com,https://www.instagram.com/starbucksuk/
Starbucks,,https://www.starbucks.co.uk,youtube.com,https://www.youtube.com/@starbucksuk2728
Starbucks,,https://www.starbucks.co.uk,tiktok.com,https://www.tiktok.com/@starbucksuk
Starbucks,,https://www.starbucks.co.uk,x.com,https://x.com/starbucksuk
Starbucks,,https://www.starbucks.co.uk,facebook.com,https://www.facebook.com/starbucksuk
Starbucks,,https://www.starbucks.co.uk,instagram.com,https://www.instagram.com/starbucksuk/
Starbucks,,https://www.starbucks.co.uk,youtube.com,https://www.youtube.com/@starbucksuk2728
Starbucks,,https://www.starbucks.co.uk,tiktok.com,https://www.tiktok.com/@starbucksuk
Starbucks,,https://www.starbucks.co.uk,x.com,https://x.com/starbucksuk
Starbucks,,https://www.starbucks.co.uk,facebook.com,https://www.facebook.com/starbucksuk
Starbucks,,https://www.starbucks.co.uk,instagram.com,https://www.instagram.com/starbucksuk/
Starbucks,,https://www.starbucks.co.uk,youtube.com,https://www.youtube.com/@starbucksuk2728
Starbucks,,https://www.starbucks.co.uk,tiktok.com,https://www.tiktok.com/@starbucksuk
Starbucks,,https://www.starbucks.co.uk,x.com,https://x.com/starbucksuk
Starbucks,,https://www.starbucks.co.uk,facebook.com,https://www.facebook.com/starbucksuk
Starbucks,,https://www.starbucks.co.uk,instagram.com,https://www.instagram.com/starbucksuk/
Starbucks,,https://www.starbucks.co.uk,youtube.com,https://www.youtube.com/@starbucksuk2728
Starbucks,,https://www.starbucks.co.uk,tiktok.com,https://www.tiktok.com/@starbucksuk
Starbucks,,https://www.starbucks.co.uk,x.com,https://x.com/starbucksuk
Starbucks,,https://www.starbucks.co.uk,facebook.com,https://www.facebook.com/starbucksuk
Starbucks,,https://www.starbucks.co.uk,instagram.com,https://www.instagram.com/starbucksuk/
Starbucks,,https://www.starbucks.co.uk,youtube.com,https://www.youtube.com/@starbucksuk2728
Starbucks,,https://www.starbucks.co.uk,tiktok.com,https://www.tiktok.com/@starbucksuk
Starbucks,,https://www.starbucks.co.uk,x.com,https://x.com/starbucksuk
Starbucks,,https://www.starbucks.co.uk,facebook.com,https://www.facebook.com/starbucksuk
Starbucks,,https://www.starbucks.co.uk,instagram.com,https://www.instagram.com/starbucksuk/
Starbucks,,https://www.starbucks.co.uk,youtube.com,https://www.youtube.com/@starbucksuk2728
Starbucks,,https://www.starbucks.co.uk,tiktok.com,https://www.tiktok.com/@starbucksuk
Starbucks,,https://www.starbucks.co.uk,x.com,https://x.com/starbucksuk
Starbucks,,https://www.starbucks.co.uk,facebook.com,https://www.facebook.com/starbucksuk
Starbucks,,https://www.starbucks.co.uk,instagram.com,https://www.instagram.com/starbucksuk/
Starbucks,,https://www.starbucks.co.uk,youtube.com,https://www.youtube.com/@starbucksuk2728
Starbucks,,https://www.starbucks.co.uk,tiktok.com,https://www.tiktok.com/@starbucksuk
Starbucks,,https://www.starbucks.co.uk,x.com,https://x.com/starbucksuk
Starbucks,,https://www.starbucks.co.uk,facebook.com,https://www.facebook.com/starbucksuk
Starbucks,,https://www.starbucks.co.uk,instagram.com,https://www.instagram.com/starbucksuk/
Starbucks,,https://www.starbucks.co.uk,youtube.com,https://www.youtube.com/@starbucksuk2728
Starbucks,,https://www.starbucks.co.uk,tiktok.com,https://www.tiktok.com/@starbucksuk
Starbucks,,https://www.starbucks.co.uk,x.com,https://x.com/starbucksuk
Starbucks,,https://www.starbucks.co.uk,facebook.com,https://www.facebook.com/starbucksuk
Starbucks,,https://www.starbucks.co.uk,instagram.com,https://www.instagram.com/starbucksuk/
Starbucks,,https://www.starbucks.co.uk,youtube.com,https://www.youtube.com/@starbucksuk2728
Starbucks,,https://www.starbucks.co.uk,tiktok.com,https://www.tiktok.com/@starbucksuk
Starbucks,,https://www.starbucks.co.uk,x.com,https://x.com/starbucksuk
Starbucks,,https://www.starbucks.co.uk,facebook.com,https://www.facebook.com/starbucksuk
Starbucks,,https://www.starbucks.co.uk,instagram.com,https://www.instagram.com/starbucksuk/
Starbucks,,https://www.starbucks.co.uk,youtube.com,https://www.youtube.com/@starbucksuk2728
Starbucks,,https://www.starbucks.co.uk,tiktok.com,https://www.tiktok.com/@starbucksuk
Starbucks,,https://www.starbucks.co.uk,x.com,https://x.com/starbucksuk
Starbucks,,https://www.starbucks.co.uk,facebook.com,https://www.facebook.com/starbucksuk
Starbucks,,https://www.starbucks.co.uk,instagram.com,https://www.instagram.com/starbucksuk/
Starbucks,,https://www.starbucks.co.uk,youtube.com,https://www.youtube.com/@starbucksuk2728
Starbucks,,https://www.starbucks.co.uk,tiktok.com,https://www.tiktok.com/@starbucksuk
Starbucks,,https://www.starbucks.co.uk,x.com,https://x.com/starbucksuk
Altınşehir Burger King Popeyes Sbarro,,https://www.tiklagelsin.com,instagram.com,https://www.instagram.com/tikla.gelsin
Altınşehir Burger King Popeyes Sbarro,,https://www.tiklagelsin.com,facebook.com,https://m.facebook.com/tiklagelsin1/about
Altınşehir Burger King Popeyes Sbarro,,https://www.tiklagelsin.com,x.com,https://x.com/tiklagelsin_
Altınşehir Burger King Popeyes Sbarro,,https://www.tiklagelsin.com,tiktok.com,https://www.tiktok.com/@tikla.gelsin
Starbucks,,https://www.starbucks.co.uk,facebook.com,https://www.facebook.com/starbucksuk
Starbucks,,https://www.starbucks.co.uk,instagram.com,https://www.instagram.com/starbucksuk/
Starbucks,,https://www.starbucks.co.uk,youtube.com,https://www.youtube.com/@starbucksuk2728
Starbucks,,https://www.starbucks.co.uk,tiktok.com,https://www.tiktok.com/@starbucksuk
Starbucks,,https://www.starbucks.co.uk,x.com,https://x.com/starbucksuk
100 Burger,,https://100burger.com,instagram.com,https://www.instagram.com/100burgerankara
A4 Kahve,,https://a4kahve.com,instagram.com,https://www.instagram.com/a4kahve/
3 Cores Roastery Coffee Shop,,https://www.3coresroastery.com,instagram.com,https://www.instagram.com/3coresroastery/
3 Cores Roastery Coffee Shop,,https://www.3coresroastery.com,facebook.com,https://www.facebook.com/3coresroastery-101600318019047/
3 Cores Roastery Coffee Shop,,https://www.3coresroastery.com,tiktok.com,https://www.tiktok.com/@3coresroastery
Anka E-Spor Merkezi Bayındır,,https://ankaespormerkezi.com,facebook.com,https://www.facebook.com/ankagamingcenter
Anka E-Spor Merkezi Bayındır,,https://ankaespormerkezi.com,instagram.com,https://www.instagram.com/ankagamingcenter
Adıyaman Çiğ Köftecisi,,https://www.adiyamancigkoftecisi.com,instagram.com,http://instagram.com/omeraybakresmi
Adıyaman Çiğ Köftecisi,,https://www.adiyamancigkoftecisi.com,facebook.com,https://www.facebook.com/MeshurAdiyamanCigkoftecisi
Adıyaman Çiğ Köftecisi,,https://www.adiyamancigkoftecisi.com,youtube.com,https://www.youtube.com/ÖmerAybakOfficial
Adıyaman Çiğ Köftecisi,,https://www.adiyamancigkoftecisi.com,twitter.com,https://twitter.com/meshuradiyaman
Arabica,,https://arabicacoffee.com.tr,instagram.com,https://www.instagram.com/arabicaturkiye/?hl=en
Arabica,,https://arabicacoffee.com.tr,youtube.com,https://www.youtube.com/channel/UCH7xQPOPyIlFS4MJKBCrQQQ
Arabica,,https://arabicacoffee.com.tr,facebook.com,https://www.facebook.com/ArabicaCoffeeTurkiye/
Arabica,,https://arabicacoffee.com.tr,x.com,https://x.com/ArabicaTurkiye
Arabica,,https://arabicacoffee.com.tr,instagram.com,https://www.instagram.com/arabicaturkiye/?hl=en
Arabica,,https://arabicacoffee.com.tr,youtube.com,https://www.youtube.com/channel/UCH7xQPOPyIlFS4MJKBCrQQQ
Arabica,,https://arabicacoffee.com.tr,facebook.com,https://www.facebook.com/ArabicaCoffeeTurkiye/
Arabica,,https://arabicacoffee.com.tr,x.com,https://x.com/ArabicaTurkiye
Arabica,,https://arabicacoffee.com.tr,instagram.com,https://www.instagram.com/arabicaturkiye/?hl=en
Arabica,,https://arabicacoffee.com.tr,youtube.com,https://www.youtube.com/channel/UCH7xQPOPyIlFS4MJKBCrQQQ
Arabica,,https://arabicacoffee.com.tr,facebook.com,https://www.facebook.com/ArabicaCoffeeTurkiye/
Arabica,,https://arabicacoffee.com.tr,x.com,https://x.com/ArabicaTurkiye
Arabica,,https://arabicacoffee.com.tr,instagram.com,https://www.instagram.com/arabicaturkiye/?hl=en
Arabica,,https://arabicacoffee.com.tr,youtube.com,https://www.youtube.com/channel/UCH7xQPOPyIlFS4MJKBCrQQQ
Arabica,,https://arabicacoffee.com.tr,facebook.com,https://www.facebook.com/ArabicaCoffeeTurkiye/
Arabica,,https://arabicacoffee.com.tr,x.com,https://x.com/ArabicaTurkiye
Arabica Coffee House,,https://arabicacoffee.com.tr,instagram.com,https://www.instagram.com/arabicaturkiye/?hl=en
Arabica Coffee House,,https://arabicacoffee.com.tr,youtube.com,https://www.youtube.com/channel/UCH7xQPOPyIlFS4MJKBCrQQQ
Arabica Coffee House,,https://arabicacoffee.com.tr,facebook.com,https://www.facebook.com/ArabicaCoffeeTurkiye/
Arabica Coffee House,,https://arabicacoffee.com.tr,x.com,https://x.com/ArabicaTurkiye
ATEŞHAN ET KEBAP DÖNER,,https://www.ateshan.com.tr,facebook.com,https://www.facebook.com/Ateshanpidekebap
ATEŞHAN ET KEBAP DÖNER,,https://www.ateshan.com.tr,instagram.com,https://www.instagram.com/ateshanetkebap/
bi'sütlü bi'tatlı,,https://bisutlubitatli.com.tr,instagram.com,https://www.instagram.com/bisutlubitatli/
bi'sütlü bi'tatlı,,https://bisutlubitatli.com.tr,facebook.com,https://www.facebook.com/bisutlu.bitatli0?locale=tr_TR
Bogazici Lokantasi,,https://bogazicilokantasi.com.tr,facebook.com,https://www.facebook.com/bogazicilokantasi1956
Bogazici Lokantasi,,https://bogazicilokantasi.com.tr,youtube.com,https://www.youtube.com/channel/UCLRMbZTvZequBUmheHxMY6A
Bogazici Lokantasi,,https://bogazicilokantasi.com.tr,instagram.com,https://www.instagram.com/bogazicilokantasi/
Burgerdinho,,https://www.burgerdinho.com,instagram.com,https://www.instagram.com/burgerdinho/
Buta Bakü,,https://butaankara.com,facebook.com,https://www.facebook.com/pages/category/Cafe/Buta-Bak%C3%BC-Cafe-267974424037759/
Buta Bakü,,https://butaankara.com,instagram.com,https://www.instagram.com/butabakucafe/
Burger King,,https://www.burgerking.com.tr,facebook.com,https://www.facebook.com/BurgerKingTurkiye
Burger King,,https://www.burgerking.com.tr,twitter.com,https://twitter.com/BurgerKingTR
Burger King,,https://www.burgerking.com.tr,youtube.com,https://www.youtube.com/user/BurgerKingTurkiye
Burger King,,https://www.burgerking.com.tr,instagram.com,https://instagram.com/burgerkingtr/
Ciğerci Bahattin,,https://www.cigercibahattin.net,facebook.com,https://www.facebook.com/cigercibahatin/
Ciğerci Bahattin,,https://www.cigercibahattin.net,twitter.com,https://twitter.com/CigerciBahatin
Ciğerci Bahattin,,https://www.cigercibahattin.net,instagram.com,https://www.instagram.com/cigercibahattin_balgat/
Dayi Kürek Lahmacun (Emek),,https://lezzetdayiyaceker.com,facebook.com,https://facebook.com/lezzetdayiyaceker
Dayi Kürek Lahmacun (Emek),,https://lezzetdayiyaceker.com,instagram.com,https://instagram.com/dayikureklahmacun
Dayi Kürek Lahmacun (Emek),,https://lezzetdayiyaceker.com,twitter.com,https://twitter.com/dayikurek
Dayi Kürek Lahmacun (Emek),,https://lezzetdayiyaceker.com,youtube.com,https://www.youtube.com/channel/UCSrhS7MOFXygfAZ1UkG9ULA
Coffee de Madrid Metromall,,https://coffeedemadrid.com.tr,instagram.com,https://www.instagram.com/coffeedemadrid/
Coffee Lab,,https://www.coffeelab.com.tr,instagram.com,https://www.instagram.com/coffeelabtr
Coffee Lab,,https://www.coffeelab.com.tr,twitter.com,https://twitter.com/labseniseviyor
Coffee Lab,,https://www.coffeelab.com.tr,facebook.com,https://www.facebook.com/coffeelabtr/
Coffee Lab,,https://www.coffeelab.com.tr,youtube.com,https://www.youtube.com/@coffeelabtr
Coffee de Madrid Mamak,,https://coffeedemadrid.com.tr,instagram.com,https://www.instagram.com/coffeedemadrid/
Coffee de Madrid Yenikent,,https://coffeedemadrid.com.tr,instagram.com,https://www.instagram.com/coffeedemadrid/
Coffee de Madrid Kalaba,,https://coffeedemadrid.com.tr,instagram.com,https://www.instagram.com/coffeedemadrid/
Dayı'nın Yeri,,https://dayininyeriankara.com,instagram.com,https://www.instagram.com/dayininyeriankara/
Dayı'nın Yeri,,https://dayininyeriankara.com,facebook.com,https://www.facebook.com/dayininyeriankara
Dayı'nın Yeri,,https://dayininyeriankara.com,youtube.com,https://www.youtube.com/channel/UCP9Dc9BmFgw5RaaXEYJ1RIw
Divan Brasserie Çengelhan,,https://www.divan.com.tr,instagram.com,https://www.instagram.com/divanotelleri/?hl=tr
Divan Brasserie Çengelhan,,https://www.divan.com.tr,facebook.com,https://www.facebook.com/divandayiz
Divan Brasserie Çengelhan,,https://www.divan.com.tr,youtube.com,https://www.youtube.com/channel/UCD8DsbP7bE0aTgG4HW8WREQ
Emir Hatay Dürümcüsü,,https://www.simitcidunyasi.com.tr,facebook.com,https://facebook.com/simitcidunyasi
Emir Hatay Dürümcüsü,,https://www.simitcidunyasi.com.tr,twitter.com,https://twitter.com/SimitciTR
Emir Hatay Dürümcüsü,,https://www.simitcidunyasi.com.tr,instagram.com,https://www.instagram.com/simitcidunyasi/
Emir Hatay Dürümcüsü,,https://www.simitcidunyasi.com.tr,youtube.com,https://www.youtube.com/channel/UC-0ZtlGTqfNOeYMOUS2gihg
Gazi Üniversitesi Mühendislik Yemekhanesi,,https://mediko.gazi.edu.tr,instagram.com,https://www.instagram.com/gazi_universitesi/
Gazi Üniversitesi Mühendislik Yemekhanesi,,https://mediko.gazi.edu.tr,facebook.com,https://www.facebook.com/GaziUniversitesi.1926
Gazi Üniversitesi Mühendislik Yemekhanesi,,https://mediko.gazi.edu.tr,twitter.com,https://twitter.com/Gazi_Universite
Guşgana Kebap,,https://www.gusgana.com,facebook.com,https://www.facebook.com/GUŞGANA-ADANA-KEBAPÇISI-115662431802095/?fref=ts
Kalender Zebra,,https://kalenderzebra.com,instagram.com,https://www.instagram.com/kalenderzebra/
Kafeterya,,https://kafeterya.metu.edu.tr,facebook.com,https://www.facebook.com/MiddleEastTechnicalUniversity
Kafeterya,,https://kafeterya.metu.edu.tr,twitter.com,https://twitter.com/METU_ODTU
Kafeterya,,https://kafeterya.metu.edu.tr,instagram.com,https://instagram.com/metu_odtu
Kafeterya,,https://kafeterya.metu.edu.tr,youtube.com,https://www.youtube.com/user/middleastechuniv
Komagene,,https://www.komagene.com.tr,instagram.com,https://www.instagram.com/komagenetr/?hl=en
Komagene,,https://www.komagene.com.tr,twitter.com,https://twitter.com/komagenetr?lang=en
Komagene,,https://www.komagene.com.tr,facebook.com,https://www.facebook.com/komagene/
Komagene,,https://www.komagene.com.tr,youtube.com,https://www.youtube.com/channel/UCwjZW7hjUvP3OJDQ-dPOLkg
Komagene,,https://komagene.com.tr,instagram.com,https://www.instagram.com/komagenetr/?hl=en
Komagene,,https://komagene.com.tr,twitter.com,https://twitter.com/komagenetr?lang=en
Komagene,,https://komagene.com.tr,facebook.com,https://www.facebook.com/komagene/
Komagene,,https://komagene.com.tr,youtube.com,https://www.youtube.com/channel/UCwjZW7hjUvP3OJDQ-dPOLkg
Komagene,,https://komagene.com.tr,instagram.com,https://www.instagram.com/komagenetr/?hl=en
Komagene,,https://komagene.com.tr,twitter.com,https://twitter.com/komagenetr?lang=en
Komagene,,https://komagene.com.tr,facebook.com,https://www.facebook.com/komagene/
Komagene,,https://komagene.com.tr,youtube.com,https://www.youtube.com/channel/UCwjZW7hjUvP3OJDQ-dPOLkg
Komagene,,https://komagene.com.tr,instagram.com,https://www.instagram.com/komagenetr/?hl=en
Komagene,,https://komagene.com.tr,twitter.com,https://twitter.com/komagenetr?lang=en
Komagene,,https://komagene.com.tr,facebook.com,https://www.facebook.com/komagene/
Komagene,,https://komagene.com.tr,youtube.com,https://www.youtube.com/channel/UCwjZW7hjUvP3OJDQ-dPOLkg
Kronotrop,,https://kronotrop.com.tr,instagram.com,https://www.instagram.com/kronotrop/
Kronotrop,,https://kronotrop.com.tr,facebook.com,https://www.facebook.com/Kronotrop
Kronotrop,,https://kronotrop.com.tr,youtube.com,https://www.youtube.com/channel/UCCcZU6Jtcn5Fd5Ns4Bs-jmg
Kronotrop,,https://kronotrop.com.tr,twitter.com,https://twitter.com/KronotropCoffee
Konakbay Çibörek-Mantı,,http://www.konakbay.com.tr,twitter.com,https://twitter.com/Konakbay2
Konakbay Çibörek-Mantı,,http://www.konakbay.com.tr,facebook.com,https://www.facebook.com/Konakbayim
Konakbay Çibörek-Mantı,,http://www.konakbay.com.tr,instagram.com,https://www.instagram.com/ciborekci/
Kronotrop Ankara Vega Center Bakery,,https://www.kronotrop.com.tr,instagram.com,https://www.instagram.com/kronotrop/
Kronotrop Ankara Vega Center Bakery,,https://www.kronotrop.com.tr,facebook.com,https://www.facebook.com/Kronotrop
Kronotrop Ankara Vega Center Bakery,,https://www.kronotrop.com.tr,youtube.com,https://www.youtube.com/channel/UCCcZU6Jtcn5Fd5Ns4Bs-jmg
Kronotrop Ankara Vega Center Bakery,,https://www.kronotrop.com.tr,twitter.com,https://twitter.com/KronotropCoffee
Liman Kitap Kafe,,https://www.limankitap.com,facebook.com,https://www.facebook.com/limankitap
Liman Kitap Kafe,,https://www.limankitap.com,instagram.com,https://www.instagram.com/limankitap/
Liman Kitap Kafe,,https://www.limankitap.com,x.com,https://x.com/limankitap
Közname - Tepe Prime,,https://kozname.com,facebook.com,https://www.facebook.com/koznametepeprime
Közname - Tepe Prime,,https://kozname.com,tiktok.com,https://www.tiktok.com/@koznametepeprime
Közname - Tepe Prime,,https://kozname.com,instagram.com,https://www.instagram.com/koznametepeprime
Közname - Tepe Prime,,https://kozname.com,youtube.com,https://www.youtube.com/@koznametepeprime
Mezzaluna,,https://www.mezzaluna.com.tr,facebook.com,https://www.facebook.com/MezzalunaTR
Mezzaluna,,https://www.mezzaluna.com.tr,instagram.com,https://www.instagram.com/mezzalunatr/
Mabel Engelesiz Cafe,,https://www.mamak.bel.tr,facebook.com,http://www.facebook.com/mamakbelediyesi
Mabel Engelesiz Cafe,,https://www.mamak.bel.tr,twitter.com,http://www.twitter.com/mamakbelediyesi
Mabel Engelesiz Cafe,,https://www.mamak.bel.tr,instagram.com,http://www.instagram.com/mamakbelediyesi
Mabel Engelesiz Cafe,,https://www.mamak.bel.tr,youtube.com,https://www.youtube.com/@mamak.belediyesi
Maharet Mantı Ankara & Kayseri Yağlaması,,https://www.maharetmanti.com,instagram.com,https://www.instagram.com/maharetmanti/
Midpoint,,https://www.midpoint.com.tr,instagram.com,https://www.instagram.com/p/DUA6KjCgsuk
Midpoint,,https://www.midpoint.com.tr,facebook.com,https://www.facebook.com/MidpointBistroCafe/
Midpoint,,https://www.midpoint.com.tr,youtube.com,https://www.youtube.com/channel/UCRPPplx8R4tOPNPf8TbEdNw
Meşhur Ülgerler Aspava,,https://www.ulgerleraspavaetlik.com,instagram.com,https://www.instagram.com/meshurulgerleraspavaetlik
Mozaik Kebap,,http://www.mozaikkebap.com,facebook.com,https://www.facebook.com/Mozaik-KEBAP-706603729360023/?ref=page_internal
Mozart Cafe,,http://www.mozartcafe.com.tr,instagram.com,https://www.instagram.com/mozartcafebcc/
Mozart Cafe,,http://www.mozartcafe.com.tr,facebook.com,https://www.facebook.com/Mozart-Cafe-809880229206559
Mozart Cafe,,http://www.mozartcafe.com.tr,twitter.com,https://twitter.com/mozartcafe2
Mozart Cafe,,http://www.mozartcafe.com.tr,youtube.com,https://www.youtube.com/channel/UCHGFSxbE1PmLeCZMV9mpZ3Q?view_as=subscriber
New Jersey Coffee House,,https://www.newjerseycoffeehouse.com,instagram.com,https://www.instagram.com/newjerseycoffeehousetr/
Nusr-Et Steakhouse Ankara,,https://www.nusr-et.com.tr,instagram.com,https://www.instagram.com/wearenusret/
Nusr-Et Steakhouse Ankara,,https://www.nusr-et.com.tr,facebook.com,https://www.facebook.com/wearenusret
Ovalı Etliekmek,,https://www.ovalietliekmek.com,instagram.com,https://instagram.com/ovalietliekmek.tr
Niyokki Vista,,https://niyokki.com.tr,facebook.com,https://www.facebook.com/niyokkimakarna/?locale=tr_TR
Niyokki Vista,,https://niyokki.com.tr,twitter.com,https://twitter.com/niyokkimakarna
Niyokki Vista,,https://niyokki.com.tr,instagram.com,https://www.instagram.com/niyokkimakarna/
Niyokki Tepe Prime,,https://niyokki.com.tr,facebook.com,https://www.facebook.com/niyokkimakarna/?locale=tr_TR
Niyokki Tepe Prime,,https://niyokki.com.tr,twitter.com,https://twitter.com/niyokkimakarna
Niyokki Tepe Prime,,https://niyokki.com.tr,instagram.com,https://www.instagram.com/niyokkimakarna/
Niyokki Armada,,https://niyokki.com.tr,facebook.com,https://www.facebook.com/niyokkimakarna/?locale=tr_TR
Niyokki Armada,,https://niyokki.com.tr,twitter.com,https://twitter.com/niyokkimakarna
Niyokki Armada,,https://niyokki.com.tr,instagram.com,https://www.instagram.com/niyokkimakarna/
Pan Çiğ Köfte,,https://www.pancigkofte.com,facebook.com,https://www.facebook.com/PanCigKofte/
Pan Çiğ Köfte,,https://www.pancigkofte.com,instagram.com,https://www.instagram.com/pan.cigkofte/?hl=tr
Pizza Time,,https://pizzatime.com.tr,facebook.com,https://www.facebook.com/pizzatimetr
Pizza Time,,https://pizzatime.com.tr,twitter.com,https://twitter.com/pizzatimetr
Pizza Time,,https://pizzatime.com.tr,instagram.com,https://www.instagram.com/pizzatimetr/
Quick China,,https://www.quickchina.com.tr,facebook.com,https://www.facebook.com/QuickChinaTR
Quick China,,https://www.quickchina.com.tr,instagram.com,https://www.instagram.com/quickchina
Quick China,,https://www.quickchina.com.tr,tiktok.com,https://www.tiktok.com/@quick.china
Starbucks,,https://www.starbucks.co.uk,facebook.com,https://www.facebook.com/starbucksuk
Starbucks,,https://www.starbucks.co.uk,instagram.com,https://www.instagram.com/starbucksuk/
Starbucks,,https://www.starbucks.co.uk,youtube.com,https://www.youtube.com/@starbucksuk2728
Starbucks,,https://www.starbucks.co.uk,tiktok.com,https://www.tiktok.com/@starbucksuk
Starbucks,,https://www.starbucks.co.uk,x.com,https://x.com/starbucksuk
Sagaris Ege ve Akdeniz Mutfağı,,https://www.sagarisbalikcisi.com,instagram.com,https://www.instagram.com/sagarisankara
Starbucks,,https://www.starbucks.co.uk,facebook.com,https://www.facebook.com/starbucksuk
Starbucks,,https://www.starbucks.co.uk,instagram.com,https://www.instagram.com/starbucksuk/
Starbucks,,https://www.starbucks.co.uk,youtube.com,https://www.youtube.com/@starbucksuk2728
Starbucks,,https://www.starbucks.co.uk,tiktok.com,https://www.tiktok.com/@starbucksuk
Starbucks,,https://www.starbucks.co.uk,x.com,https://x.com/starbucksuk
Starbucks,,https://www.starbucks.co.uk,facebook.com,https://www.facebook.com/starbucksuk
Starbucks,,https://www.starbucks.co.uk,instagram.com,https://www.instagram.com/starbucksuk/
Starbucks,,https://www.starbucks.co.uk,youtube.com,https://www.youtube.com/@starbucksuk2728
Starbucks,,https://www.starbucks.co.uk,tiktok.com,https://www.tiktok.com/@starbucksuk
Starbucks,,https://www.starbucks.co.uk,x.com,https://x.com/starbucksuk
Ring Music Studio & Living Room,,https://ringstudio.city,instagram.com,https://instagram.com/ring.medya
Starbucks,,https://www.starbucks.co.uk,facebook.com,https://www.facebook.com/starbucksuk
Starbucks,,https://www.starbucks.co.uk,instagram.com,https://www.instagram.com/starbucksuk/
Starbucks,,https://www.starbucks.co.uk,youtube.com,https://www.youtube.com/@starbucksuk2728
Starbucks,,https://www.starbucks.co.uk,tiktok.com,https://www.tiktok.com/@starbucksuk
Starbucks,,https://www.starbucks.co.uk,x.com,https://x.com/starbucksuk
Starbucks,,https://www.starbucks.co.uk,facebook.com,https://www.facebook.com/starbucksuk
Starbucks,,https://www.starbucks.co.uk,instagram.com,https://www.instagram.com/starbucksuk/
Starbucks,,https://www.starbucks.co.uk,youtube.com,https://www.youtube.com/@starbucksuk2728
Starbucks,,https://www.starbucks.co.uk,tiktok.com,https://www.tiktok.com/@starbucksuk
Starbucks,,https://www.starbucks.co.uk,x.com,https://x.com/starbucksuk
Starbucks,,https://www.starbucks.co.uk,facebook.com,https://www.facebook.com/starbucksuk
Starbucks,,https://www.starbucks.co.uk,instagram.com,https://www.instagram.com/starbucksuk/
Starbucks,,https://www.starbucks.co.uk,youtube.com,https://www.youtube.com/@starbucksuk2728
Starbucks,,https://www.starbucks.co.uk,tiktok.com,https://www.tiktok.com/@starbucksuk
Starbucks,,https://www.starbucks.co.uk,x.com,https://x.com/starbucksuk
Starbucks,,https://www.starbucks.co.uk,facebook.com,https://www.facebook.com/starbucksuk
Starbucks,,https://www.starbucks.co.uk,instagram.com,https://www.instagram.com/starbucksuk/
Starbucks,,https://www.starbucks.co.uk,youtube.com,https://www.youtube.com/@starbucksuk2728
Starbucks,,https://www.starbucks.co.uk,tiktok.com,https://www.tiktok.com/@starbucksuk
Starbucks,,https://www.starbucks.co.uk,x.com,https://x.com/starbucksuk
Starbucks,,https://www.starbucks.co.uk,facebook.com,https://www.facebook.com/starbucksuk
Starbucks,,https://www.starbucks.co.uk,instagram.com,https://www.instagram.com/starbucksuk/
Starbucks,,https://www.starbucks.co.uk,youtube.com,https://www.youtube.com/@starbucksuk2728
Starbucks,,https://www.starbucks.co.uk,tiktok.com,https://www.tiktok.com/@starbucksuk
Starbucks,,https://www.starbucks.co.uk,x.com,https://x.com/starbucksuk
Starbucks,,https://www.starbucks.co.uk,facebook.com,https://www.facebook.com/starbucksuk
Starbucks,,https://www.starbucks.co.uk,instagram.com,https://www.instagram.com/starbucksuk/
Starbucks,,https://www.starbucks.co.uk,youtube.com,https://www.youtube.com/@starbucksuk2728
Starbucks,,https://www.starbucks.co.uk,tiktok.com,https://www.tiktok.com/@starbucksuk
Starbucks,,https://www.starbucks.co.uk,x.com,https://x.com/starbucksuk
Starbucks,,https://www.starbucks.co.uk,facebook.com,https://www.facebook.com/starbucksuk
Starbucks,,https://www.starbucks.co.uk,instagram.com,https://www.instagram.com/starbucksuk/
Starbucks,,https://www.starbucks.co.uk,youtube.com,https://www.youtube.com/@starbucksuk2728
Starbucks,,https://www.starbucks.co.uk,tiktok.com,https://www.tiktok.com/@starbucksuk
Starbucks,,https://www.starbucks.co.uk,x.com,https://x.com/starbucksuk
Starbucks,,https://www.starbucks.co.uk,facebook.com,https://www.facebook.com/starbucksuk
Starbucks,,https://www.starbucks.co.uk,instagram.com,https://www.instagram.com/starbucksuk/
Starbucks,,https://www.starbucks.co.uk,youtube.com,https://www.youtube.com/@starbucksuk2728
Starbucks,,https://www.starbucks.co.uk,tiktok.com,https://www.tiktok.com/@starbucksuk
Starbucks,,https://www.starbucks.co.uk,x.com,https://x.com/starbucksuk
Starbucks,,https://www.starbucks.co.uk,facebook.com,https://www.facebook.com/starbucksuk
Starbucks,,https://www.starbucks.co.uk,instagram.com,https://www.instagram.com/starbucksuk/
Starbucks,,https://www.starbucks.co.uk,youtube.com,https://www.youtube.com/@starbucksuk2728
Starbucks,,https://www.starbucks.co.uk,tiktok.com,https://www.tiktok.com/@starbucksuk
Starbucks,,https://www.starbucks.co.uk,x.com,https://x.com/starbucksuk
Starbucks,,https://www.starbucks.co.uk,facebook.com,https://www.facebook.com/starbucksuk
Starbucks,,https://www.starbucks.co.uk,instagram.com,https://www.instagram.com/starbucksuk/
Starbucks,,https://www.starbucks.co.uk,youtube.com,https://www.youtube.com/@starbucksuk2728
Starbucks,,https://www.starbucks.co.uk,tiktok.com,https://www.tiktok.com/@starbucksuk
Starbucks,,https://www.starbucks.co.uk,x.com,https://x.com/starbucksuk
Starbucks,,https://www.starbucks.co.uk,facebook.com,https://www.facebook.com/starbucksuk
Starbucks,,https://www.starbucks.co.uk,instagram.com,https://www.instagram.com/starbucksuk/
Starbucks,,https://www.starbucks.co.uk,youtube.com,https://www.youtube.com/@starbucksuk2728
Starbucks,,https://www.starbucks.co.uk,tiktok.com,https://www.tiktok.com/@starbucksuk
Starbucks,,https://www.starbucks.co.uk,x.com,https://x.com/starbucksuk
Starbucks,,https://www.starbucks.co.uk,facebook.com,https://www.facebook.com/starbucksuk
Starbucks,,https://www.starbucks.co.uk,instagram.com,https://www.instagram.com/starbucksuk/
Starbucks,,https://www.starbucks.co.uk,youtube.com,https://www.youtube.com/@starbucksuk2728
Starbucks,,https://www.starbucks.co.uk,tiktok.com,https://www.tiktok.com/@starbucksuk
Starbucks,,https://www.starbucks.co.uk,x.com,https://x.com/starbucksuk
Starbucks,,https://www.starbucks.co.uk,facebook.com,https://www.facebook.com/starbucksuk
Starbucks,,https://www.starbucks.co.uk,instagram.com,https://www.instagram.com/starbucksuk/
Starbucks,,https://www.starbucks.co.uk,youtube.com,https://www.youtube.com/@starbucksuk2728
Starbucks,,https://www.starbucks.co.uk,tiktok.com,https://www.tiktok.com/@starbucksuk
Starbucks,,https://www.starbucks.co.uk,x.com,https://x.com/starbucksuk
Starbucks,,https://www.starbucks.co.uk,facebook.com,https://www.facebook.com/starbucksuk
Starbucks,,https://www.starbucks.co.uk,instagram.com,https://www.instagram.com/starbucksuk/
Starbucks,,https://www.starbucks.co.uk,youtube.com,https://www.youtube.com/@starbucksuk2728
Starbucks,,https://www.starbucks.co.uk,tiktok.com,https://www.tiktok.com/@starbucksuk
Starbucks,,https://www.starbucks.co.uk,x.com,https://x.com/starbucksuk
Starbucks,,https://www.starbucks.co.uk,facebook.com,https://www.facebook.com/starbucksuk
Starbucks,,https://www.starbucks.co.uk,instagram.com,https://www.instagram.com/starbucksuk/
Starbucks,,https://www.starbucks.co.uk,youtube.com,https://www.youtube.com/@starbucksuk2728
Starbucks,,https://www.starbucks.co.uk,tiktok.com,https://www.tiktok.com/@starbucksuk
Starbucks,,https://www.starbucks.co.uk,x.com,https://x.com/starbucksuk
Tarabya Balık Çayyolu,,https://www.tarabyabalikcisi.com,facebook.com,https://www.facebook.com/Tarabya-Bal%C4%B1k%C3%A7%C4%B1s%C4%B1-106169477668872
Tarabya Balık Çayyolu,,https://www.tarabyabalikcisi.com,instagram.com,https://www.instagram.com/tarabyabalik/
Yelken Balık,,https://yelkenbalik.com.tr,instagram.com,https://www.instagram.com/yelken.balik.restaurant/
Yelken Balık,,https://yelkenbalik.com.tr,facebook.com,https://www.facebook.com/yelkenankara
Yelken Balık,,https://yelkenbalik.com.tr,x.com,https://x.com/yelkenankara
Tavacı Recep Usta Ümitköy Şubesi,,https://tavacirecepusta.com.tr,instagram.com,https://www.instagram.com/trecepusta/?hl=tr
Tavacı Recep Usta Ümitköy Şubesi,,https://tavacirecepusta.com.tr,facebook.com,https://www.facebook.com/trecepusta/?locale=tr_TR
Tavacı Recep Usta Ümitköy Şubesi,,https://tavacirecepusta.com.tr,youtube.com,https://www.youtube.com/@tavacrecepusta/videos
Wedding in Anka,,https://weddinginankara.com,instagram.com,https://www.instagram.com/weddinginankara/
Wedding in Anka,,https://weddinginankara.com,youtube.com,https://www.youtube.com/@WeddinginAnkara
Wedding in Anka,,https://weddinginankara.com,facebook.com,https://www.facebook.com/p/Wedding-in-Ankara-100064180925223/
Tetra N Roastery,,https://tetranroastery.com,instagram.com,https://instagram.com/tetranroastery
Çadır Kafe,,https://cadirkafeankara.menudgtl.com,instagram.com,https://www.instagram.com/menudgtl
Çadır Kafe,,https://cadirkafeankara.menudgtl.com,facebook.com,https://facebook.com/yunus.yorulmaz.9
Çiçek Lokantası,,https://ciceklokantasi.com.tr,facebook.com,https://www.facebook.com/%C3%87i%C3%A7ek-Lokantas%C4%B1-453468374755473/
Çiçek Lokantası,,https://ciceklokantasi.com.tr,instagram.com,https://www.instagram.com/ciceklokantasi/
Çiğköftesim,,https://www.cigkoftesim.com,twitter.com,https://twitter.com/cigkoftesim
Çiğköftesim,,https://www.cigkoftesim.com,facebook.com,https://www.facebook.com/cigkoftesim/
Çiğköftesim,,https://www.cigkoftesim.com,instagram.com,https://www.instagram.com/cigkoftesim
36 Konukzade Restaurant Pansiyon,,http://www.36konukzade.com,instagram.com,https://www.instagram.com/konukzade_old_town_apart/
% Arabica,,http://www.arabicacoffee.com.tr,instagram.com,https://www.instagram.com/arabicaturkiye/?hl=en
% Arabica,,http://www.arabicacoffee.com.tr,youtube.com,https://www.youtube.com/channel/UCH7xQPOPyIlFS4MJKBCrQQQ
% Arabica,,http://www.arabicacoffee.com.tr,facebook.com,https://www.facebook.com/ArabicaCoffeeTurkiye/
% Arabica,,http://www.arabicacoffee.com.tr,x.com,https://x.com/ArabicaTurkiye
Adem'in Yeri,,https://www.adrasanademinyeri.com,facebook.com,https://www.facebook.com/ADEMINYERI.BUNGALOW.ADRASAN
Adem'in Yeri,,https://www.adrasanademinyeri.com,instagram.com,https://www.instagram.com/ademinyeriblackhouse/
Al-Fakher Turkish Delight,,https://www.alfakher.com.tr,facebook.com,https://www.facebook.com/alfakherlokum
Al-Fakher Turkish Delight,,https://www.alfakher.com.tr,twitter.com,https://twitter.com/alfakher_lokum
Al-Fakher Turkish Delight,,https://www.alfakher.com.tr,instagram.com,https://www.instagram.com/alfakher_lokum/
Al-Fakher Turkish Delight,,https://www.alfakher.com.tr,youtube.com,https://www.youtube.com/channel/UCnT44WYurwYmJaQkvZL0TiA
Antalya Balikevi,,https://antalyabalikevi.com.tr,instagram.com,https://www.instagram.com/antalyabalikevi?igsh=MWIyZXMzbWlmNjl4NA==
Antalya Balikevi,,https://antalyabalikevi.com.tr,youtube.com,https://youtube.com/@antalyabalikevi?si=ntnkkXz4dl8WvP1q
Antalya Balikevi,,https://antalyabalikevi.com.tr,tiktok.com,https://www.tiktok.com/@silentbreeze.pool?_r=1&_t=ZS-97cO9ZZwsKY
Aphrodite Restaurant & Lounge,,http://www.aphroditeside.com,facebook.com,https://www.facebook.com/aphroditerestaurantside/
Aphrodite Restaurant & Lounge,,http://www.aphroditeside.com,instagram.com,https://www.instagram.com/aphroditeside/
Arby's,,https://www.arbys.com.tr,facebook.com,https://www.facebook.com/arbysturkiye
Arby's,,https://www.arbys.com.tr,twitter.com,https://twitter.com/arbystr
Arby's,,https://www.arbys.com.tr,instagram.com,https://www.instagram.com/arbysturkiye/
Ayar Meyhanesi,,https://ayarmeyhanesi.com,instagram.com,https://www.instagram.com/ayarmeyhanesi/
Ayar Meyhanesi,,https://ayarmeyhanesi.com,facebook.com,https://www.facebook.com/ayarmeyhanesi/
Asmani Restaurant,,https://www.asmanirestaurant.com,facebook.com,https://www.facebook.com/AsmaniRestoran
Asmani Restaurant,,https://www.asmanirestaurant.com,instagram.com,https://www.instagram.com/asmanirestoran/
Belforno Restaurant,,https://belmondosuites.com,instagram.com,https://www.instagram.com/belmondosuites?igsh=Y2l1bWkxZzVwZnFu
Base,,https://basebungalows.com,instagram.com,https://www.instagram.com/basebungalows/
Bereket Döner,,https://bereketdoner.com.tr,instagram.com,https://www.instagram.com/bereketdoner
Bereket Döner,,https://bereketdoner.com.tr,facebook.com,https://www.facebook.com/bereketdonertr/
Bereket Döner,,https://bereketdoner.com.tr,twitter.com,https://twitter.com/bereketdoner
Bereket Döner,,https://bereketdoner.com.tr,youtube.com,https://www.youtube.com/c/BereketD%C3%B6nerTv
burger King,,https://www.burgerking.com.tr,facebook.com,https://www.facebook.com/BurgerKingTurkiye
burger King,,https://www.burgerking.com.tr,twitter.com,https://twitter.com/BurgerKingTR
burger King,,https://www.burgerking.com.tr,youtube.com,https://www.youtube.com/user/BurgerKingTurkiye
burger King,,https://www.burgerking.com.tr,instagram.com,https://instagram.com/burgerkingtr/
Carmelo,,https://coffeecarmelo.com,instagram.com,https://www.instagram.com/coffeecarmelo/
Carmelo,,https://coffeecarmelo.com,tiktok.com,https://www.tiktok.com/@carmelocoffee
Chatme,,https://chatme.com.tr,facebook.com,https://www.facebook.com/chatmeturkey
Chatme,,https://chatme.com.tr,twitter.com,https://twitter.com/chatmeturkey
Chatme,,https://chatme.com.tr,youtube.com,https://www.youtube.com/channel/UCosy85_uRVx_aHEqwjr-iGw
Chatme,,https://chatme.com.tr,instagram.com,https://www.instagram.com/chatmeturkey/
D La Plaza,,https://www.dlaplaza.com,instagram.com,https://www.instagram.com/dlaplazarestaurant/
Dospresso,,https://www.dospresso.net,facebook.com,https://www.facebook.com/dospresso/?locale=tr_TR
Dospresso,,https://www.dospresso.net,instagram.com,https://www.instagram.com/dospresso/
Dospresso,,https://www.dospresso.net,twitter.com,https://twitter.com/dospresso
Dospresso,,https://www.dospresso.net,tiktok.com,https://www.tiktok.com/@dospresso
Dımçayı Pınarbaşı,,https://dimcayipinarbasi.com,facebook.com,https://www.facebook.com/dimcayipinarbasi
Dımçayı Pınarbaşı,,https://dimcayipinarbasi.com,instagram.com,https://www.instagram.com/dimcayipinarbasi/
Dürümle,,https://www.durumle.com,instagram.com,https://www.instagram.com/durumle
Dürümle,,https://www.durumle.com,facebook.com,https://www.facebook.com/durumle
Dürümle,,https://www.durumle.com,x.com,https://www.x.com/durumlee
Dürümle,,https://www.durumle.com,youtube.com,https://www.youtube.com/@durumletr
Eterna House,,https://eternahouse.com.tr,instagram.com,https://www.instagram.com/eternahousee
Fener Restaurant Lara,,http://www.fener1945.com,facebook.com,https://www.facebook.com/fener_restaurant
Fener Restaurant Lara,,http://www.fener1945.com,instagram.com,https://www.instagram.com/fener_restaurant
Gardenia Restaurant,,http://www.restaurantgardenia.com,facebook.com,https://www.facebook.com/restaurantgardenia
Gardenia Restaurant,,http://www.restaurantgardenia.com,instagram.com,https://www.instagram.com/restaurantgardenia/
Flash Restaurant,,https://www.flashrestaurant.com.tr,facebook.com,https://www.facebook.com/flashrestaurant
Flash Restaurant,,https://www.flashrestaurant.com.tr,twitter.com,https://twitter.com/flashrestaurant
Flash Restaurant,,https://www.flashrestaurant.com.tr,instagram.com,https://www.instagram.com/flashrestaurant_alanya/
Gloria Jean's coffees,,https://gloriajeans.com.tr,instagram.com,https://www.instagram.com/accounts/login/?next=https%3A%2F%2Fwww.instagram.com%2Fgjcsturkey%2F&is_from_rle
Gloria Jean's coffees,,https://gloriajeans.com.tr,x.com,https://x.com/gjcsturkey
Gloria Jean's coffees,,https://gloriajeans.com.tr,youtube.com,https://www.youtube.com/channel/UCaJ46WNFFmf19h7MG9wJXeQ
Gloria Jean's coffees,,https://gloriajeans.com.tr,youtu.be,https://youtu.be/wYpxl-8SWX8
Green salads,,https://www.greensalads.com.tr,facebook.com,https://www.facebook.com/greensalads.tr?locale=tr_TR
Green salads,,https://www.greensalads.com.tr,instagram.com,https://www.instagram.com/greensalads.tr/
Green salads,,https://www.greensalads.com.tr,youtube.com,https://www.youtube.com/@greensaladstr
Green salads,,https://www.greensalads.com.tr,tiktok.com,https://www.tiktok.com/@greensalads.tr
Green salads,,https://www.greensalads.com.tr,x.com,https://x.com/greensaladstr
Gypsophila Club Marine - Ethno Turkish A'la Carte Restaurant,,https://www.gypsophilamarine.com,facebook.com,https://www.facebook.com/gypsophilamarine
Gypsophila Club Marine - Ethno Turkish A'la Carte Restaurant,,https://www.gypsophilamarine.com,twitter.com,https://twitter.com/gypsophilamarin
Gypsophila Club Marine - Ethno Turkish A'la Carte Restaurant,,https://www.gypsophilamarine.com,instagram.com,https://www.instagram.com/gypsophilamarine/
Gypsophila Club Marine - See You Fish A'la Carte Restaurant,,https://www.gypsophilamarine.com,facebook.com,https://www.facebook.com/gypsophilamarine
Gypsophila Club Marine - See You Fish A'la Carte Restaurant,,https://www.gypsophilamarine.com,twitter.com,https://twitter.com/gypsophilamarin
Gypsophila Club Marine - See You Fish A'la Carte Restaurant,,https://www.gypsophilamarine.com,instagram.com,https://www.instagram.com/gypsophilamarine/
Gypsophila Club Marine - Restro Main Restaurant,,https://www.gypsophilamarine.com,facebook.com,https://www.facebook.com/gypsophilamarine
Gypsophila Club Marine - Restro Main Restaurant,,https://www.gypsophilamarine.com,twitter.com,https://twitter.com/gypsophilamarin
Gypsophila Club Marine - Restro Main Restaurant,,https://www.gypsophilamarine.com,instagram.com,https://www.instagram.com/gypsophilamarine/
Gypsophila Club Marine - Trattoria Italian A'la Carte Restaurant,,https://www.gypsophilamarine.com,facebook.com,https://www.facebook.com/gypsophilamarine
Gypsophila Club Marine - Trattoria Italian A'la Carte Restaurant,,https://www.gypsophilamarine.com,twitter.com,https://twitter.com/gypsophilamarin
Gypsophila Club Marine - Trattoria Italian A'la Carte Restaurant,,https://www.gypsophilamarine.com,instagram.com,https://www.instagram.com/gypsophilamarine/
Gypsophila Club Marine Snack Bar & Restaurant,,https://www.gypsophilamarine.com,facebook.com,https://www.facebook.com/gypsophilamarine
Gypsophila Club Marine Snack Bar & Restaurant,,https://www.gypsophilamarine.com,twitter.com,https://twitter.com/gypsophilamarin
Gypsophila Club Marine Snack Bar & Restaurant,,https://www.gypsophilamarine.com,instagram.com,https://www.instagram.com/gypsophilamarine/
Hawaii Restaurant & Bar,,https://hawaiirestaurantbar.com,instagram.com,https://www.instagram.com/hawaiirestaurantbar/
Hilmi Beken Restaurant,,https://hilmibeken.com,facebook.com,https://www.facebook.com/HilmiBekenRestaurantveCatering
Hilmi Beken Restaurant,,https://hilmibeken.com,instagram.com,https://www.instagram.com/hilmibekenrestaurant/
İkizler Motel,,https://www.hotelaslihan.com,facebook.com,https://www.facebook.com/
İkizler Motel,,https://www.hotelaslihan.com,twitter.com,https://twitter.com/
İkizler Motel,,https://www.hotelaslihan.com,instagram.com,https://www.instagram.com/
Göksel Tantuni,,https://www.gokseltantuni.com,facebook.com,https://www.facebook.com/gokseltantuni
Göksel Tantuni,,https://www.gokseltantuni.com,twitter.com,https://www.twitter.com/goksel_tantuni
Göksel Tantuni,,https://www.gokseltantuni.com,instagram.com,https://www.instagram.com/gokseltantuni
Kahve Diyarı,,https://www.kahvediyari.com.tr,instagram.com,https://www.instagram.com/kahvediyariofficial/
Kahve Diyarı,,https://www.kahvediyari.com.tr,youtube.com,https://www.youtube.com/@kahvediyaritr
Karma Restaurant,,https://karmaside.com,facebook.com,https://www.facebook.com/karmaside/
Karma Restaurant,,https://karmaside.com,instagram.com,https://www.instagram.com/karmaside/
Karma Restaurant,,https://karmaside.com,youtube.com,https://www.youtube.com/@karmasiderestaurantnightclub
Köfteci Ramiz,,https://www.kofteciramiz.com,facebook.com,https://facebook.com/kofteciramiz
Köfteci Ramiz,,https://www.kofteciramiz.com,instagram.com,https://www.instagram.com/kofteciramiz/
Köfteci Ramiz,,https://www.kofteciramiz.com,twitter.com,https://twitter.com/kofteciramiz
Köfteci Ramiz,,https://www.kofteciramiz.com,youtube.com,https://www.youtube.com/@kofteciramiz4993
La Rocca,,http://www.laroccabistro.com,facebook.com,https://www.facebook.com/laroccabistro
La Rocca,,http://www.laroccabistro.com,instagram.com,https://www.instagram.com/laroccabistro/
Köfteci Ramiz,,https://www.kofteciramiz.com,facebook.com,https://facebook.com/kofteciramiz
Köfteci Ramiz,,https://www.kofteciramiz.com,instagram.com,https://www.instagram.com/kofteciramiz/
Köfteci Ramiz,,https://www.kofteciramiz.com,twitter.com,https://twitter.com/kofteciramiz
Köfteci Ramiz,,https://www.kofteciramiz.com,youtube.com,https://www.youtube.com/@kofteciramiz4993
Level,,https://levelkaleici.com,facebook.com,https://www.facebook.com/levelkaleici
Level,,https://levelkaleici.com,instagram.com,https://www.instagram.com/levelvegan
Lime,,https://www.limerestaurantside.com,instagram.com,https://www.instagram.com/explore/locations/287790190/lime-beach-club-and-restaurant/
Lime,,https://www.limerestaurantside.com,facebook.com,https://www.facebook.com/limerestaurantside
Likya Otel,,https://www.likyaadrasanotel.com,instagram.com,https://www.instagram.com/likyaadrasanotel/
Likya Otel,,https://www.likyaadrasanotel.com,facebook.com,https://www.facebook.com/likyaadrasanotel/
Likya Otel,,https://www.likyaadrasanotel.com,twitter.com,https://twitter.com/LikyaOtel
Likya Otel,,https://www.likyaadrasanotel.com,youtube.com,https://www.youtube.com/@likyaadrasanotel783
Little Vietnam,,https://www.littlevietnam.cafe,instagram.com,https://www.instagram.com/littlevietnam.cafe/
Macbear Coffee Co. Tapas,,https://www.mackbearcoffee.com,instagram.com,https://www.instagram.com/mackbearcoffee/
Macbear Coffee Co. Tapas,,https://www.mackbearcoffee.com,facebook.com,https://www.facebook.com/MackbearCoffeeCO
Luna Garden,,https://lunagarden.com.tr,instagram.com,https://www.instagram.com/lunagardenofficial/
Mackbear,,https://mackbearcoffee.com,instagram.com,https://www.instagram.com/mackbearcoffee/
Mackbear,,https://mackbearcoffee.com,facebook.com,https://www.facebook.com/MackbearCoffeeCO
McDonald's,,https://www.mcdonalds.com.tr,facebook.com,https://www.facebook.com/McDonaldsTurkiye
McDonald's,,https://www.mcdonalds.com.tr,twitter.com,https://twitter.com/mcdonaldstr
McDonald's,,https://www.mcdonalds.com.tr,instagram.com,https://www.instagram.com/mcdonaldsturkiye
McDonald's,,https://www.mcdonalds.com.tr,youtube.com,https://www.youtube.com/user/mcdonaldstr
McDonald's,,https://www.mcdonalds.com.tr,facebook.com,https://www.facebook.com/McDonaldsTurkiye
McDonald's,,https://www.mcdonalds.com.tr,twitter.com,https://twitter.com/mcdonaldstr
McDonald's,,https://www.mcdonalds.com.tr,instagram.com,https://www.instagram.com/mcdonaldsturkiye
McDonald's,,https://www.mcdonalds.com.tr,youtube.com,https://www.youtube.com/user/mcdonaldstr
Misti Fresh Drinks & Cocktails,,https://mistidrinks.com,instagram.com,https://www.instagram.com/qodeinteractive/
Misti Fresh Drinks & Cocktails,,https://mistidrinks.com,twitter.com,https://twitter.com/QodeInteractive
Misti Fresh Drinks & Cocktails,,https://mistidrinks.com,facebook.com,https://www.facebook.com/QodeInteractive/
Misti Fresh Drinks & Cocktails,,https://mistidrinks.com,tiktok.com,https://www.tiktok.com/mistidrinks
Omar's Kokobüs - Mobil Köfteci,,https://www.kalkanyemek.com,facebook.com,https://www.facebook.com/kalkanyemek
Omar's Kokobüs - Mobil Köfteci,,https://www.kalkanyemek.com,instagram.com,https://www.instagram.com/kalkanyemek
Omar's Kokobüs - Mobil Köfteci,,https://www.kalkanyemek.com,x.com,https://x.com/kalkanyemek
Omar's Kokobüs - Mobil Köfteci,,https://www.kalkanyemek.com,youtube.com,https://www.youtube.com/@kalkanyemek
Orange Bar,,https://www.olymposorangepension.com,instagram.com,https://www.instagram.com/olympos_orange/
Orange Bar,,https://www.olymposorangepension.com,facebook.com,https://www.facebook.com/olymposorangebungalows/0
Orange Bar,,https://www.olymposorangepension.com,youtube.com,https://www.youtube.com/@olimposorange
Paşa Kır Bahçesi Çakırlar Kahvaltı,,http://www.pasakirbahcesi.com,facebook.com,https://www.facebook.com/pasakirbahcesi.vankahvaltisi
Paşa Kır Bahçesi Çakırlar Kahvaltı,,http://www.pasakirbahcesi.com,instagram.com,https://www.instagram.com/pasakirbahcesi.vankahvaltisi/
Paşa Kır Bahçesi Çakırlar Kahvaltı,,http://www.pasakirbahcesi.com,youtube.com,https://www.youtube.com/@pasakirbahcesi.vankahvaltisi
Pura Vida Restaurant,,https://puravida.restaurant,facebook.com,http://www.facebook.com/puravida.mahmutlar
Pura Vida Restaurant,,https://puravida.restaurant,instagram.com,http://www.instagram.com/pura_vida_mahmutlar/
Pura Vida Beach No. 73,,https://puravida.restaurant,facebook.com,http://www.facebook.com/puravida.mahmutlar
Pura Vida Beach No. 73,,https://puravida.restaurant,instagram.com,http://www.instagram.com/pura_vida_mahmutlar/
Panorama,,https://alanyapanorama.com,facebook.com,https://www.facebook.com/alanyapanorama
Panorama,,https://alanyapanorama.com,instagram.com,https://www.instagram.com/kale_panorama_restaurant/
Riviera Bistro,,https://www.rivierabistrocafe.com,facebook.com,https://www.facebook.com/RivieraBistroo/
Riviera Bistro,,https://www.rivierabistrocafe.com,twitter.com,https://twitter.com/rivierabistroo
Riviera Bistro,,https://www.rivierabistrocafe.com,instagram.com,https://www.instagram.com/rivierabistroo/
Schiller,,https://schillerturkiye.com,facebook.com,https://www.facebook.com/schiller.turkiye
Schiller,,https://schillerturkiye.com,instagram.com,https://www.instagram.com/schillerturkiye
Schiller,,https://schillerturkiye.com,youtube.com,https://www.youtube.com/schiller.turkiye
Shakespeare,,https://www.shakespearebistro.com,facebook.com,https://www.facebook.com/shxprbistro
Shakespeare,,https://www.shakespearebistro.com,instagram.com,http://instagram.com/shxprbistro
Shakespeare,,https://www.shakespearebistro.com,twitter.com,https://twitter.com/shxprbistro
Shakespeare,,https://www.shakespearebistro.com,facebook.com,https://www.facebook.com/shxprbistro
Shakespeare,,https://www.shakespearebistro.com,instagram.com,http://instagram.com/shxprbistro
Shakespeare,,https://www.shakespearebistro.com,twitter.com,https://twitter.com/shxprbistro
Starbucks,,https://www.starbucks.co.uk,facebook.com,https://www.facebook.com/starbucksuk
Starbucks,,https://www.starbucks.co.uk,instagram.com,https://www.instagram.com/starbucksuk/
Starbucks,,https://www.starbucks.co.uk,youtube.com,https://www.youtube.com/@starbucksuk2728
Starbucks,,https://www.starbucks.co.uk,tiktok.com,https://www.tiktok.com/@starbucksuk
Starbucks,,https://www.starbucks.co.uk,x.com,https://x.com/starbucksuk
SheMall AVM,,http://www.shemall.com.tr,facebook.com,https://www.facebook.com/shemallavm
SheMall AVM,,http://www.shemall.com.tr,twitter.com,https://twitter.com/shemall_avm
SheMall AVM,,http://www.shemall.com.tr,instagram.com,https://www.instagram.com/shemallavm/
Starbucks,,https://www.starbucks.co.uk,facebook.com,https://www.facebook.com/starbucksuk
Starbucks,,https://www.starbucks.co.uk,instagram.com,https://www.instagram.com/starbucksuk/
Starbucks,,https://www.starbucks.co.uk,youtube.com,https://www.youtube.com/@starbucksuk2728
Starbucks,,https://www.starbucks.co.uk,tiktok.com,https://www.tiktok.com/@starbucksuk
Starbucks,,https://www.starbucks.co.uk,x.com,https://x.com/starbucksuk
Starbucks,,https://www.starbucks.co.uk,facebook.com,https://www.facebook.com/starbucksuk
Starbucks,,https://www.starbucks.co.uk,instagram.com,https://www.instagram.com/starbucksuk/
Starbucks,,https://www.starbucks.co.uk,youtube.com,https://www.youtube.com/@starbucksuk2728
Starbucks,,https://www.starbucks.co.uk,tiktok.com,https://www.tiktok.com/@starbucksuk
Starbucks,,https://www.starbucks.co.uk,x.com,https://x.com/starbucksuk
Starbucks,,https://www.starbucks.co.uk,facebook.com,https://www.facebook.com/starbucksuk
Starbucks,,https://www.starbucks.co.uk,instagram.com,https://www.instagram.com/starbucksuk/
Starbucks,,https://www.starbucks.co.uk,youtube.com,https://www.youtube.com/@starbucksuk2728
Starbucks,,https://www.starbucks.co.uk,tiktok.com,https://www.tiktok.com/@starbucksuk
Starbucks,,https://www.starbucks.co.uk,x.com,https://x.com/starbucksuk
Starbucks,,https://www.starbucks.co.uk,facebook.com,https://www.facebook.com/starbucksuk
Starbucks,,https://www.starbucks.co.uk,instagram.com,https://www.instagram.com/starbucksuk/
Starbucks,,https://www.starbucks.co.uk,youtube.com,https://www.youtube.com/@starbucksuk2728
Starbucks,,https://www.starbucks.co.uk,tiktok.com,https://www.tiktok.com/@starbucksuk
Starbucks,,https://www.starbucks.co.uk,x.com,https://x.com/starbucksuk
Starbucks,,https://www.starbucks.co.uk,facebook.com,https://www.facebook.com/starbucksuk
Starbucks,,https://www.starbucks.co.uk,instagram.com,https://www.instagram.com/starbucksuk/
Starbucks,,https://www.starbucks.co.uk,youtube.com,https://www.youtube.com/@starbucksuk2728
Starbucks,,https://www.starbucks.co.uk,tiktok.com,https://www.tiktok.com/@starbucksuk
Starbucks,,https://www.starbucks.co.uk,x.com,https://x.com/starbucksuk
Starbucks,,https://www.starbucks.co.uk,facebook.com,https://www.facebook.com/starbucksuk
Starbucks,,https://www.starbucks.co.uk,instagram.com,https://www.instagram.com/starbucksuk/
Starbucks,,https://www.starbucks.co.uk,youtube.com,https://www.youtube.com/@starbucksuk2728
Starbucks,,https://www.starbucks.co.uk,tiktok.com,https://www.tiktok.com/@starbucksuk
Starbucks,,https://www.starbucks.co.uk,x.com,https://x.com/starbucksuk
Starbucks,,https://www.starbucks.co.uk,facebook.com,https://www.facebook.com/starbucksuk
Starbucks,,https://www.starbucks.co.uk,instagram.com,https://www.instagram.com/starbucksuk/
Starbucks,,https://www.starbucks.co.uk,youtube.com,https://www.youtube.com/@starbucksuk2728
Starbucks,,https://www.starbucks.co.uk,tiktok.com,https://www.tiktok.com/@starbucksuk
Starbucks,,https://www.starbucks.co.uk,x.com,https://x.com/starbucksuk
Starbucks,,https://www.starbucks.com.tr,instagram.com,https://www.instagram.com/starbucks_tr
Starbucks,,https://www.starbucks.com.tr,facebook.com,https://www.facebook.com/StarbucksTurkiye
Starbucks,,https://www.starbucks.com.tr,tiktok.com,https://www.tiktok.com/@starbucks_turkiye
Starbucks,,https://www.starbucks.com.tr,youtube.com,https://www.youtube.com/@StarbucksTr
Starbucks,,https://www.starbucks.com.tr,x.com,https://x.com/StarbucksTR
Starbucks,,https://www.starbucks.co.uk,facebook.com,https://www.facebook.com/starbucksuk
Starbucks,,https://www.starbucks.co.uk,instagram.com,https://www.instagram.com/starbucksuk/
Starbucks,,https://www.starbucks.co.uk,youtube.com,https://www.youtube.com/@starbucksuk2728
Starbucks,,https://www.starbucks.co.uk,tiktok.com,https://www.tiktok.com/@starbucksuk
Starbucks,,https://www.starbucks.co.uk,x.com,https://x.com/starbucksuk
Starbucks,,https://www.starbucks.co.uk,facebook.com,https://www.facebook.com/starbucksuk
Starbucks,,https://www.starbucks.co.uk,instagram.com,https://www.instagram.com/starbucksuk/
Starbucks,,https://www.starbucks.co.uk,youtube.com,https://www.youtube.com/@starbucksuk2728
Starbucks,,https://www.starbucks.co.uk,tiktok.com,https://www.tiktok.com/@starbucksuk
Starbucks,,https://www.starbucks.co.uk,x.com,https://x.com/starbucksuk
Starbucks,,https://www.starbucks.com.tr,instagram.com,https://www.instagram.com/starbucks_tr
Starbucks,,https://www.starbucks.com.tr,facebook.com,https://www.facebook.com/StarbucksTurkiye
Starbucks,,https://www.starbucks.com.tr,tiktok.com,https://www.tiktok.com/@starbucks_turkiye
Starbucks,,https://www.starbucks.com.tr,youtube.com,https://www.youtube.com/@StarbucksTr
Starbucks,,https://www.starbucks.com.tr,x.com,https://x.com/StarbucksTR
Sütbeyaz,,https://sutbeyaz.com.tr,instagram.com,https://www.instagram.com/
Sütbeyaz,,https://sutbeyaz.com.tr,instagram.com,https://www.instagram.com/
Tavuk Dünyası,,https://tavukdunyasi.com,tiktok.com,https://www.tiktok.com/@berketasdelenn/video/7676149125657742613?is_from_webapp=1&sender_device=pc&web_id=7665747951609087489
Tavuk Dünyası,,https://tavukdunyasi.com,instagram.com,https://www.instagram.com/tavukdunyasi/
Tavuk Dünyası,,https://tavukdunyasi.com,youtube.com,https://www.youtube.com/@tavukdunyasii
Tavuk Dünyası,,https://tavukdunyasi.com,facebook.com,https://www.facebook.com/TavukDunyasi/
Tavuk Dünyası,,https://tavukdunyasi.com,twitter.com,https://twitter.com/tavuk_dunyasi
Tavuk Dünyası,,https://www.tavukdunyasi.com,tiktok.com,https://www.tiktok.com/@berketasdelenn/video/7676149125657742613?is_from_webapp=1&sender_device=pc&web_id=7665747951609087489
Tavuk Dünyası,,https://www.tavukdunyasi.com,instagram.com,https://www.instagram.com/tavukdunyasi/
Tavuk Dünyası,,https://www.tavukdunyasi.com,youtube.com,https://www.youtube.com/@tavukdunyasii
Tavuk Dünyası,,https://www.tavukdunyasi.com,facebook.com,https://www.facebook.com/TavukDunyasi/
Tavuk Dünyası,,https://www.tavukdunyasi.com,twitter.com,https://twitter.com/tavuk_dunyasi
Tavuk Dünyası,,https://www.tavukdunyasi.com,tiktok.com,https://www.tiktok.com/@berketasdelenn/video/7676149125657742613?is_from_webapp=1&sender_device=pc&web_id=7665747951609087489
Tavuk Dünyası,,https://www.tavukdunyasi.com,instagram.com,https://www.instagram.com/tavukdunyasi/
Tavuk Dünyası,,https://www.tavukdunyasi.com,youtube.com,https://www.youtube.com/@tavukdunyasii
Tavuk Dünyası,,https://www.tavukdunyasi.com,facebook.com,https://www.facebook.com/TavukDunyasi/
Tavuk Dünyası,,https://www.tavukdunyasi.com,twitter.com,https://twitter.com/tavuk_dunyasi
Tez Gah,,https://www.tezgahburger.com,instagram.com,https://www.instagram.com/tezgahburger/?hl=tr
The Long Beach,,https://longbeach.com.tr,instagram.com,https://www.instagram.com/longbeachresorts_alanya
The Long Beach,,https://longbeach.com.tr,facebook.com,https://www.facebook.com/LongBeachResortHotel
The Long Beach,,https://longbeach.com.tr,youtu.be,https://youtu.be/d-sPp37js04?si=_GwLUCBX_Ua70SvX
Tostik,,https://www.tostik.com.tr,instagram.com,https://www.instagram.com/tostikcafe/
Tostik,,https://www.tostik.com.tr,facebook.com,https://www.facebook.com/tostikcafe/
The Sudd Coffee Old Town,,https://thesudd.com,facebook.com,https://www.facebook.com/thesuddcoffee
The Sudd Coffee Old Town,,https://thesudd.com,instagram.com,https://www.instagram.com/thesuddcoffee/
U1 Coffee.,,https://u1coffee.com.tr,facebook.com,https://www.facebook.com/u1coffee.official
U1 Coffee.,,https://u1coffee.com.tr,instagram.com,https://www.instagram.com/u1coffee
Understone,,https://www.understone.com.tr,instagram.com,https://www.instagram.com/understone.coffee
Varuna,,https://varunagezgin.com,facebook.com,https://www.facebook.com/groups/varunagezgin
Varuna,,https://varunagezgin.com,twitter.com,https://twitter.com/VarunaGezgin
Varuna,,https://varunagezgin.com,instagram.com,https://www.instagram.com/varunagezgin
Varuna,,https://varunagezgin.com,youtube.com,https://www.youtube.com/channel/UC1EICBmMpqoz2D7LD_vbo9A
White Studio Cafe,,https://www.whitestudiocafe.com,facebook.com,https://www.facebook.com/61570497954401
Çiğerci Bahattin,,https://www.cigercibahattin.net,facebook.com,https://www.facebook.com/cigercibahatin/
Çiğerci Bahattin,,https://www.cigercibahattin.net,twitter.com,https://twitter.com/CigerciBahatin
Çiğerci Bahattin,,https://www.cigercibahattin.net,instagram.com,https://www.instagram.com/cigercibahattin_balgat/
ÇOBANNET FORESTALANYA RESTAURANT CAFE & BAR,,https://forestalanya.com,facebook.com,https://www.facebook.com/people/Forestalanya/61556122621177/
ÇOBANNET FORESTALANYA RESTAURANT CAFE & BAR,,https://forestalanya.com,instagram.com,https://www.instagram.com/forestalanya_
Ömer Aybak,,https://adiyamancigkoftecisi.com,instagram.com,http://instagram.com/omeraybakresmi
Ömer Aybak,,https://adiyamancigkoftecisi.com,facebook.com,https://www.facebook.com/MeshurAdiyamanCigkoftecisi
Ömer Aybak,,https://adiyamancigkoftecisi.com,youtube.com,https://www.youtube.com/ÖmerAybakOfficial
Ömer Aybak,,https://adiyamancigkoftecisi.com,twitter.com,https://twitter.com/meshuradiyaman
Ömer Aybak,,https://adiyamancigkoftecisi.com,instagram.com,http://instagram.com/omeraybakresmi
Ömer Aybak,,https://adiyamancigkoftecisi.com,facebook.com,https://www.facebook.com/MeshurAdiyamanCigkoftecisi
Ömer Aybak,,https://adiyamancigkoftecisi.com,youtube.com,https://www.youtube.com/ÖmerAybakOfficial
Ömer Aybak,,https://adiyamancigkoftecisi.com,twitter.com,https://twitter.com/meshuradiyaman
"Кафе магазин ""Тобак, напитки, кальян""",,https://t.me,x.com,https://x.com/telegram
Dina Natura,,https://www.dinanatura.com,instagram.com,https://instagram.com/dinanatura
Бар Asrın Beach Hotel,,https://asrinbeachhotel.com,facebook.com,https://www.facebook.com/ASRINBEACHHOTELL/
Бар Asrın Beach Hotel,,https://asrinbeachhotel.com,twitter.com,https://twitter.com/asrinbeach
Бар Asrın Beach Hotel,,https://asrinbeachhotel.com,instagram.com,https://www.instagram.com/explore/locations/23213174/asrin-beach-hotel/
Бар Asrın Beach Hotel,,https://asrinbeachhotel.com,youtube.com,https://www.youtube.com/channel/UCq0zDGLfG-_ONYuO__sX_Qg
"Anatolia Hotel, Restaurant & Camping",,https://www.anatoliaturizm.com.tr,facebook.com,https://www.facebook.com/Anatolia-HotelRestaurant-in-Karacasu-GeyreAphrodisias-1440925192849752/
"Anatolia Hotel, Restaurant & Camping",,https://www.anatoliaturizm.com.tr,instagram.com,https://www.instagram.com/anatoliahotelrestaurant/
Colombia coffee,,https://www.colombiacoffeetr.com.tr,facebook.com,https://www.facebook.com/colombiacoffeetr
Colombia coffee,,https://www.colombiacoffeetr.com.tr,instagram.com,https://www.instagram.com/colombiacoffeetr/
Colombia coffee,,https://www.colombiacoffeetr.com.tr,youtube.com,https://www.youtube.com/channel/UCxi2kXfw389B4cy1U_DWLBw
Coffee 333,,https://coffee333.com.tr,facebook.com,https://www.facebook.com/coffee333cafe
Coffee 333,,https://coffee333.com.tr,instagram.com,https://www.instagram.com/coffee333cafe/
Coffee 333,,https://coffee333.com.tr,twitter.com,https://twitter.com/coffee333cafe
Coffee 333,,https://coffee333.com.tr,youtube.com,https://www.youtube.com/channel/UC3c9b4r-j-gDCNi1l6LuoIQ
alo 24,,https://www.alo24.com.tr,facebook.com,https://www.facebook.com/alo24restaurant/
alo 24,,https://www.alo24.com.tr,instagram.com,https://www.instagram.com/alo24restaurant/
Starbucks,,https://www.starbucks.co.uk,facebook.com,https://www.facebook.com/starbucksuk
Starbucks,,https://www.starbucks.co.uk,instagram.com,https://www.instagram.com/starbucksuk/
Starbucks,,https://www.starbucks.co.uk,youtube.com,https://www.youtube.com/@starbucksuk2728
Starbucks,,https://www.starbucks.co.uk,tiktok.com,https://www.tiktok.com/@starbucksuk
Starbucks,,https://www.starbucks.co.uk,x.com,https://x.com/starbucksuk
Starbucks,,https://www.starbucks.co.uk,facebook.com,https://www.facebook.com/starbucksuk
Starbucks,,https://www.starbucks.co.uk,instagram.com,https://www.instagram.com/starbucksuk/
Starbucks,,https://www.starbucks.co.uk,youtube.com,https://www.youtube.com/@starbucksuk2728
Starbucks,,https://www.starbucks.co.uk,tiktok.com,https://www.tiktok.com/@starbucksuk
Starbucks,,https://www.starbucks.co.uk,x.com,https://x.com/starbucksuk
Starbucks,,https://www.starbucks.co.uk,facebook.com,https://www.facebook.com/starbucksuk
Starbucks,,https://www.starbucks.co.uk,instagram.com,https://www.instagram.com/starbucksuk/
Starbucks,,https://www.starbucks.co.uk,youtube.com,https://www.youtube.com/@starbucksuk2728
Starbucks,,https://www.starbucks.co.uk,tiktok.com,https://www.tiktok.com/@starbucksuk
Starbucks,,https://www.starbucks.co.uk,x.com,https://x.com/starbucksuk
Starbucks,,https://www.starbucks.co.uk,facebook.com,https://www.facebook.com/starbucksuk
Starbucks,,https://www.starbucks.co.uk,instagram.com,https://www.instagram.com/starbucksuk/
Starbucks,,https://www.starbucks.co.uk,youtube.com,https://www.youtube.com/@starbucksuk2728
Starbucks,,https://www.starbucks.co.uk,tiktok.com,https://www.tiktok.com/@starbucksuk
Starbucks,,https://www.starbucks.co.uk,x.com,https://x.com/starbucksuk
Sef Restaurant,,https://sefrestaurantkusadasi.com,instagram.com,https://www.instagram.com/sefrestaurantkusadasi/
Pina Restaurant Mavişehir,,https://pinarestaurant.com,facebook.com,https://www.facebook.com/pinarestaurantakcay
Pina Restaurant Mavişehir,,https://pinarestaurant.com,instagram.com,https://www.instagram.com/pina_restaurant
As Restaurant Et Balık Meze,,https://www.asrestaurant.com.tr,facebook.com,https://www.facebook.com/akcay.asrestaurant
Burger King,,https://www.burgerking.com.tr,facebook.com,https://www.facebook.com/BurgerKingTurkiye
Burger King,,https://www.burgerking.com.tr,twitter.com,https://twitter.com/BurgerKingTR
Burger King,,https://www.burgerking.com.tr,youtube.com,https://www.youtube.com/user/BurgerKingTurkiye
Burger King,,https://www.burgerking.com.tr,instagram.com,https://instagram.com/burgerkingtr/
Crow Coffee,,https://www.crowcoffee.co,instagram.com,https://www.instagram.com/crowayvalik/
Crow Coffee,,https://www.crowcoffee.co,facebook.com,https://www.facebook.com/crowcoffeeayvalik/
Cunda Uno Restaurant,,https://cundauno.com,facebook.com,https://www.facebook.com/cundauno
Cunda Uno Restaurant,,https://cundauno.com,instagram.com,https://www.instagram.com/cundauno
Divan Pub Ayvalık,,https://www.divan.com.tr,instagram.com,https://www.instagram.com/divanotelleri/?hl=tr
Divan Pub Ayvalık,,https://www.divan.com.tr,facebook.com,https://www.facebook.com/divandayiz
Divan Pub Ayvalık,,https://www.divan.com.tr,youtube.com,https://www.youtube.com/channel/UCD8DsbP7bE0aTgG4HW8WREQ
Dem Bahçe,,https://dembahce.com,facebook.com,https://www.facebook.com/dembahce
Dem Bahçe,,https://dembahce.com,instagram.com,https://www.instagram.com/dembahce/
Happy Moon's Bandırma,,https://happymoons.com.tr,facebook.com,https://www.facebook.com/HappyMoonsCafe/
Happy Moon's Bandırma,,https://happymoons.com.tr,instagram.com,https://www.instagram.com/happymoonscafe/
Happy Moon's Bandırma,,https://happymoons.com.tr,youtube.com,https://www.youtube.com/channel/UCIAbrOGENUVBFggXD4nY5gw
Happy Moon's Bandırma,,https://happymoons.com.tr,x.com,https://www.x.com/happymoonscafe
Küçükhan'ım Cafe,,https://kucukhan.com,instagram.com,https://www.instagram.com/kucukhanayvalik/
Köşebaşı,,https://kosebasi.com,instagram.com,https://www.instagram.com/kosebasi_tr?utm_source=ig_web_button_share_sheet&igsh=ZDNlZDc0MzIxNw%3D%3D
McDonald's,,https://www.mcdonalds.com.tr,facebook.com,https://www.facebook.com/McDonaldsTurkiye
McDonald's,,https://www.mcdonalds.com.tr,twitter.com,https://twitter.com/mcdonaldstr
McDonald's,,https://www.mcdonalds.com.tr,instagram.com,https://www.instagram.com/mcdonaldsturkiye
McDonald's,,https://www.mcdonalds.com.tr,youtube.com,https://www.youtube.com/user/mcdonaldstr
On On Kafe,,https://ononkafe.com,facebook.com,https://www.facebook.com/ononkafee
On On Kafe,,https://ononkafe.com,x.com,https://x.com/ononkafe
On On Kafe,,https://ononkafe.com,instagram.com,https://www.instagram.com/ononkafe
On On Kafe,,https://ononkafe.com,youtube.com,https://www.youtube.com/@OnonKafe
On On Kafe,,https://www.ononkafe.com,facebook.com,https://www.facebook.com/ononkafee
On On Kafe,,https://www.ononkafe.com,x.com,https://x.com/ononkafe
On On Kafe,,https://www.ononkafe.com,instagram.com,https://www.instagram.com/ononkafe
On On Kafe,,https://www.ononkafe.com,youtube.com,https://www.youtube.com/@OnonKafe
On On Kafe,,https://www.ononkafe.com,facebook.com,https://www.facebook.com/ononkafee
On On Kafe,,https://www.ononkafe.com,x.com,https://x.com/ononkafe
On On Kafe,,https://www.ononkafe.com,instagram.com,https://www.instagram.com/ononkafe
On On Kafe,,https://www.ononkafe.com,youtube.com,https://www.youtube.com/@OnonKafe
On On Kafe,,https://www.ononkafe.com,facebook.com,https://www.facebook.com/ononkafee
On On Kafe,,https://www.ononkafe.com,x.com,https://x.com/ononkafe
On On Kafe,,https://www.ononkafe.com,instagram.com,https://www.instagram.com/ononkafe
On On Kafe,,https://www.ononkafe.com,youtube.com,https://www.youtube.com/@OnonKafe
On On Kafe,,https://www.ononkafe.com,facebook.com,https://www.facebook.com/ononkafee
On On Kafe,,https://www.ononkafe.com,x.com,https://x.com/ononkafe
On On Kafe,,https://www.ononkafe.com,instagram.com,https://www.instagram.com/ononkafe
On On Kafe,,https://www.ononkafe.com,youtube.com,https://www.youtube.com/@OnonKafe
On On Kafe,,https://www.ononkafe.com,facebook.com,https://www.facebook.com/ononkafee
On On Kafe,,https://www.ononkafe.com,x.com,https://x.com/ononkafe
On On Kafe,,https://www.ononkafe.com,instagram.com,https://www.instagram.com/ononkafe
On On Kafe,,https://www.ononkafe.com,youtube.com,https://www.youtube.com/@OnonKafe
On On Kafe,,https://www.ononkafe.com,facebook.com,https://www.facebook.com/ononkafee
On On Kafe,,https://www.ononkafe.com,x.com,https://x.com/ononkafe
On On Kafe,,https://www.ononkafe.com,instagram.com,https://www.instagram.com/ononkafe
On On Kafe,,https://www.ononkafe.com,youtube.com,https://www.youtube.com/@OnonKafe
On On Kafe,,https://www.ononkafe.com,facebook.com,https://www.facebook.com/ononkafee
On On Kafe,,https://www.ononkafe.com,x.com,https://x.com/ononkafe
On On Kafe,,https://www.ononkafe.com,instagram.com,https://www.instagram.com/ononkafe
On On Kafe,,https://www.ononkafe.com,youtube.com,https://www.youtube.com/@OnonKafe
On On Kafe,,https://www.ononkafe.com,facebook.com,https://www.facebook.com/ononkafee
On On Kafe,,https://www.ononkafe.com,x.com,https://x.com/ononkafe
On On Kafe,,https://www.ononkafe.com,instagram.com,https://www.instagram.com/ononkafe
On On Kafe,,https://www.ononkafe.com,youtube.com,https://www.youtube.com/@OnonKafe
On On Kafe,,https://www.ononkafe.com,facebook.com,https://www.facebook.com/ononkafee
On On Kafe,,https://www.ononkafe.com,x.com,https://x.com/ononkafe
On On Kafe,,https://www.ononkafe.com,instagram.com,https://www.instagram.com/ononkafe
On On Kafe,,https://www.ononkafe.com,youtube.com,https://www.youtube.com/@OnonKafe
On On Kafe,,https://www.ononkafe.com,facebook.com,https://www.facebook.com/ononkafee
On On Kafe,,https://www.ononkafe.com,x.com,https://x.com/ononkafe
On On Kafe,,https://www.ononkafe.com,instagram.com,https://www.instagram.com/ononkafe
On On Kafe,,https://www.ononkafe.com,youtube.com,https://www.youtube.com/@OnonKafe
On On Kafe,,https://www.ononkafe.com,facebook.com,https://www.facebook.com/ononkafee
On On Kafe,,https://www.ononkafe.com,x.com,https://x.com/ononkafe
On On Kafe,,https://www.ononkafe.com,instagram.com,https://www.instagram.com/ononkafe
On On Kafe,,https://www.ononkafe.com,youtube.com,https://www.youtube.com/@OnonKafe
On On Kafe,,https://www.ononkafe.com,facebook.com,https://www.facebook.com/ononkafee
On On Kafe,,https://www.ononkafe.com,x.com,https://x.com/ononkafe
On On Kafe,,https://www.ononkafe.com,instagram.com,https://www.instagram.com/ononkafe
On On Kafe,,https://www.ononkafe.com,youtube.com,https://www.youtube.com/@OnonKafe
On On Kafe,,https://ononkafe.com,facebook.com,https://www.facebook.com/ononkafee
On On Kafe,,https://ononkafe.com,x.com,https://x.com/ononkafe
On On Kafe,,https://ononkafe.com,instagram.com,https://www.instagram.com/ononkafe
On On Kafe,,https://ononkafe.com,youtube.com,https://www.youtube.com/@OnonKafe
On On Kafe,,https://www.ononkafe.com,facebook.com,https://www.facebook.com/ononkafee
On On Kafe,,https://www.ononkafe.com,x.com,https://x.com/ononkafe
On On Kafe,,https://www.ononkafe.com,instagram.com,https://www.instagram.com/ononkafe
On On Kafe,,https://www.ononkafe.com,youtube.com,https://www.youtube.com/@OnonKafe
On On Kafe,,https://ononkafe.com,facebook.com,https://www.facebook.com/ononkafee
On On Kafe,,https://ononkafe.com,x.com,https://x.com/ononkafe
On On Kafe,,https://ononkafe.com,instagram.com,https://www.instagram.com/ononkafe
On On Kafe,,https://ononkafe.com,youtube.com,https://www.youtube.com/@OnonKafe
On On Kafe,,https://ononkafe.com,facebook.com,https://www.facebook.com/ononkafee
On On Kafe,,https://ononkafe.com,x.com,https://x.com/ononkafe
On On Kafe,,https://ononkafe.com,instagram.com,https://www.instagram.com/ononkafe
On On Kafe,,https://ononkafe.com,youtube.com,https://www.youtube.com/@OnonKafe
On On Kafe,,https://www.ononkafe.com,facebook.com,https://www.facebook.com/ononkafee
On On Kafe,,https://www.ononkafe.com,x.com,https://x.com/ononkafe
On On Kafe,,https://www.ononkafe.com,instagram.com,https://www.instagram.com/ononkafe
On On Kafe,,https://www.ononkafe.com,youtube.com,https://www.youtube.com/@OnonKafe
On On Kafe,,https://www.ononkafe.com,facebook.com,https://www.facebook.com/ononkafee
On On Kafe,,https://www.ononkafe.com,x.com,https://x.com/ononkafe
On On Kafe,,https://www.ononkafe.com,instagram.com,https://www.instagram.com/ononkafe
On On Kafe,,https://www.ononkafe.com,youtube.com,https://www.youtube.com/@OnonKafe
On On Kafe İvrindi,,https://ononkafe.com,facebook.com,https://www.facebook.com/ononkafee
On On Kafe İvrindi,,https://ononkafe.com,x.com,https://x.com/ononkafe
On On Kafe İvrindi,,https://ononkafe.com,instagram.com,https://www.instagram.com/ononkafe
On On Kafe İvrindi,,https://ononkafe.com,youtube.com,https://www.youtube.com/@OnonKafe
Starbucks,,https://www.starbucks.co.uk,facebook.com,https://www.facebook.com/starbucksuk
Starbucks,,https://www.starbucks.co.uk,instagram.com,https://www.instagram.com/starbucksuk/
Starbucks,,https://www.starbucks.co.uk,youtube.com,https://www.youtube.com/@starbucksuk2728
Starbucks,,https://www.starbucks.co.uk,tiktok.com,https://www.tiktok.com/@starbucksuk
Starbucks,,https://www.starbucks.co.uk,x.com,https://x.com/starbucksuk
Pasaport Pizza,,https://www.pasaportpizza.com,instagram.com,https://www.instagram.com/pasaportpizzatr/
Pasaport Pizza,,https://www.pasaportpizza.com,facebook.com,https://www.facebook.com/pasaportpizzatr/
Starbucks,,https://www.starbucks.co.uk,facebook.com,https://www.facebook.com/starbucksuk
Starbucks,,https://www.starbucks.co.uk,instagram.com,https://www.instagram.com/starbucksuk/
Starbucks,,https://www.starbucks.co.uk,youtube.com,https://www.youtube.com/@starbucksuk2728
Starbucks,,https://www.starbucks.co.uk,tiktok.com,https://www.tiktok.com/@starbucksuk
Starbucks,,https://www.starbucks.co.uk,x.com,https://x.com/starbucksuk
Starbucks,,https://www.starbucks.co.uk,facebook.com,https://www.facebook.com/starbucksuk
Starbucks,,https://www.starbucks.co.uk,instagram.com,https://www.instagram.com/starbucksuk/
Starbucks,,https://www.starbucks.co.uk,youtube.com,https://www.youtube.com/@starbucksuk2728
Starbucks,,https://www.starbucks.co.uk,tiktok.com,https://www.tiktok.com/@starbucksuk
Starbucks,,https://www.starbucks.co.uk,x.com,https://x.com/starbucksuk
Tamam Meyhane Yalı,,https://www.tamammeyhane.com,facebook.com,http://facebook.com/tamammeyhane
Tamam Meyhane Yalı,,https://www.tamammeyhane.com,instagram.com,http://instagram.com/tamammeyhane
Yasa - İzmir Yönü,,https://www.yasa.com.tr,facebook.com,https://www.facebook.com/pages/Yasa-Tesisleri-Susurluk/277259115706199
Yasa - İzmir Yönü,,https://www.yasa.com.tr,instagram.com,https://www.instagram.com/yasadinlenmetesisleri/
Yasa - İzmir Yönü,,https://www.yasa.com.tr,youtube.com,https://www.youtube.com/@yasatesisleri7893
Yasa - İstanbul Yönü,,https://www.yasa.com.tr,facebook.com,https://www.facebook.com/pages/Yasa-Tesisleri-Susurluk/277259115706199
Yasa - İstanbul Yönü,,https://www.yasa.com.tr,instagram.com,https://www.instagram.com/yasadinlenmetesisleri/
Yasa - İstanbul Yönü,,https://www.yasa.com.tr,youtube.com,https://www.youtube.com/@yasatesisleri7893
Starbucks,,https://www.starbucks.co.uk,facebook.com,https://www.facebook.com/starbucksuk
Starbucks,,https://www.starbucks.co.uk,instagram.com,https://www.instagram.com/starbucksuk/
Starbucks,,https://www.starbucks.co.uk,youtube.com,https://www.youtube.com/@starbucksuk2728
Starbucks,,https://www.starbucks.co.uk,tiktok.com,https://www.tiktok.com/@starbucksuk
Starbucks,,https://www.starbucks.co.uk,x.com,https://x.com/starbucksuk
Mustafa Amca'nın Yeri,,https://www.amasracanlibalik.com,instagram.com,https://instagram.com/amasramustafaamcaninyeri
Çeşmi Cihan Restaurant,,https://www.amasracanlibalik.com,instagram.com,https://instagram.com/amasramustafaamcaninyeri
Hahve Sokagi,,https://www.kahvesokagi.com,instagram.com,https://instagram.com/kahvesokagi
Coffy,,https://coffy.com.tr,facebook.com,https://www.facebook.com/Coffytr/
Coffy,,https://coffy.com.tr,twitter.com,https://twitter.com/coffy_tr
Coffy,,https://coffy.com.tr,instagram.com,https://www.instagram.com/coffy_tr/
Coffemania,,https://coffeemania.com,instagram.com,https://www.instagram.com/coffeemanianext/
Coffemania,,https://coffeemania.com,facebook.com,https://www.facebook.com/coffeemanianexttr
Ekrem Coşkun Döner,,https://www.ekremcoskundoner.com.tr,facebook.com,https://www.facebook.com/ekremcoskundoner
Ekrem Coşkun Döner,,https://www.ekremcoskundoner.com.tr,x.com,https://x.com/ecdoner
Ekrem Coşkun Döner,,https://www.ekremcoskundoner.com.tr,youtube.com,https://www.youtube.com/c/EkremCo%C5%9FkunD%C3%B6nertr
Ekrem Coşkun Döner,,https://www.ekremcoskundoner.com.tr,instagram.com,https://www.instagram.com/ekremcoskundoner
Askania,,https://www.iznikaskania.com,instagram.com,https://www.instagram.com/iznikaskania/
Askania,,https://www.iznikaskania.com,twitter.com,https://twitter.com/iznikaskania
Askania,,https://www.iznikaskania.com,facebook.com,https://www.facebook.com/iznikaskania
Beceren Cafe,,http://www.becerencafe.com,facebook.com,https://facebook.com/becerenhotelcafe
Beceren Cafe,,http://www.becerencafe.com,twitter.com,http://twitter.com/becerencafe
Beceren Cafe,,http://www.becerencafe.com,instagram.com,http://instagram.com/becerencafe
Beykapı Kebap,,https://beykapi.com,instagram.com,https://www.instagram.com/beykapikebap/
Beykapı Kebap,,https://beykapi.com,facebook.com,https://www.facebook.com/beykapikebap/?locale=tr_TR
Beykapı Kebap,,https://beykapi.com,x.com,https://x.com/BEYKAPIKEBAP
Bursa İskender Kebabı - İskender® 1867,,https://www.iskenderdeyim.com,instagram.com,https://www.instagram.com/iskenderdeyim/
Bursa İskender Kebabı - İskender® 1867,,https://www.iskenderdeyim.com,facebook.com,https://www.facebook.com/iskenderdeyim/
chies fastfood,,https://www.chiesfastfood.com,facebook.com,https://www.facebook.com/fastfoodchies
chies fastfood,,https://www.chiesfastfood.com,x.com,https://x.com/ChiesBursa
chies fastfood,,https://www.chiesfastfood.com,instagram.com,https://www.instagram.com/chiesfastfood/
Durak Muhallebicisi,,http://www.durakmuhallebicisi.com.tr,facebook.com,http://facebook.com/durakbursa
Durak Muhallebicisi,,http://www.durakmuhallebicisi.com.tr,twitter.com,http://twitter.com/durakbursa
Durak Muhallebicisi,,http://www.durakmuhallebicisi.com.tr,instagram.com,https://www.instagram.com/durakbursa/
Iskender kebapçi,,https://www.iskender.com.tr,facebook.com,https://facebook.com/iskendercomtr
Iskender kebapçi,,https://www.iskender.com.tr,twitter.com,https://twitter.com/iskendercomtr
Iskender kebapçi,,https://www.iskender.com.tr,instagram.com,https://instagram.com/iskendercomtr
Mantımia,,https://mantimia.com,instagram.com,https://www.instagram.com/mantimia_
Mantımia,,https://mantimia.com,instagram.com,https://www.instagram.com/mantimia_
Kitap Evi,,http://kitapevi.com.tr,facebook.com,https://www.facebook.com/KitapEviOtel/
Kitap Evi,,http://kitapevi.com.tr,instagram.com,https://www.instagram.com/kitapeviotelbursa
Loa Bursa,,https://loabursa.com,instagram.com,https://www.instagram.com/loabursa/
Nevada Coffee 2,,https://nevadacoffee.co,twitter.com,https://twitter.com/nevadacoffeetr
Nevada Coffee 2,,https://nevadacoffee.co,instagram.com,https://www.instagram.com/nevadacoffee.tr
Muggle's Coffee Roastery FSM,,https://mugglescoffee.com.tr,facebook.com,https://www.facebook.com/people/Muggles-Coffee-Roastery-FSM/100090891465854/
Muggle's Coffee Roastery FSM,,https://mugglescoffee.com.tr,instagram.com,https://www.instagram.com/mugglescoffeeroastery/
Maydonoz Döner,,https://maydonozdoner.com,facebook.com,https://www.facebook.com/maydonozdoner/
Maydonoz Döner,,https://maydonozdoner.com,youtube.com,https://www.youtube.com/channel/UCuwInHmBkGmV7DoFDYDxFSw
Maydonoz Döner,,https://maydonozdoner.com,instagram.com,https://instagram.com/maydonozdoner/?hl=tr
Maydonoz Döner,,https://maydonozdoner.com,twitter.com,https://twitter.com/maydonozdonertr
Sümbüllü Bahçe Konağı,,https://www.okikultur.com.tr,facebook.com,https://www.facebook.com/okikultur/
Sümbüllü Bahçe Konağı,,https://www.okikultur.com.tr,instagram.com,https://www.instagram.com/okikultur/
Sümbüllü Bahçe Konağı,,https://www.okikultur.com.tr,youtube.com,https://www.youtube.com/okibursa
Umut Restaurant,,https://umutrestaurant.com,facebook.com,https://www.facebook.com/umutkat2
Umut Restaurant,,https://umutrestaurant.com,instagram.com,https://www.instagram.com/umutrestaurantkat2/
Özgen Plus,,https://www.ozgenkahve.com,instagram.com,https://www.instagram.com/ozgenkahve/
Harmanyeri Restorant,,https://canakkaleharmanyeri.com,instagram.com,https://www.instagram.com/harmanyerirestaurant/
Baba Yorgo,,https://www.barbayorgo.com,facebook.com,http://facebook.com/BarbaYorgoTaverna
Baba Yorgo,,https://www.barbayorgo.com,instagram.com,http://instagram.com/barbayorgotaverna
Baba Yorgo,,https://www.barbayorgo.com,youtube.com,http://youtube.com/@barba.yorgo.taverna
Son Vapur Imroz,,https://sonvapurimroz.com,facebook.com,http://facebook.com/sonvapurimroz
Son Vapur Imroz,,https://sonvapurimroz.com,instagram.com,http://Instagram.com/sonvapurimroz
Süts Gelato,,https://suts.com.tr,instagram.com,https://www.instagram.com/sutsgelato/
Süts Gelato,,https://suts.com.tr,facebook.com,https://www.facebook.com/sutsgelato/
Taş Kahve,,https://taskahve.com.tr,facebook.com,https://www.facebook.com/Taskahve_official-102561181704760
Taş Kahve,,https://taskahve.com.tr,instagram.com,https://www.instagram.com/taskahve_official/
Alo24 Restorant Denizli,,https://alo24.com.tr,facebook.com,https://www.facebook.com/alo24restaurant/
Alo24 Restorant Denizli,,https://alo24.com.tr,instagram.com,https://www.instagram.com/alo24restaurant/
Boston Drink & Dessert,,https://www.bostondd.com,facebook.com,https://www.facebook.com/bostondd
Boston Drink & Dessert,,https://www.bostondd.com,instagram.com,https://www.instagram.com/bostondd
Boston Drink & Dessert,,https://www.bostondd.com,tiktok.com,https://www.tiktok.com/@bostondd
Hazal Restaurant,,https://hazal.com.tr,facebook.com,https://www.facebook.com/hazalrestaurant
Hazal Restaurant,,https://hazal.com.tr,instagram.com,https://www.instagram.com/hazalrestaurant/
Hüsamettin Usta Kocabaylar Kebap Salonu®,,https://kocabaylarkebap.com,instagram.com,https://www.instagram.com/kebapci.husamettin/
Hüsamettin Usta Kocabaylar Kebap Salonu®,,https://kocabaylarkebap.com,twitter.com,https://twitter.com/kocabaylarkebap?s=11&t=DsUgkIRBWzeMkPom5ARixg
Kebapçı Muhtar,,http://kebapcimuhtar.com,facebook.com,http://facebook.com/kebapcimuhtar
Kebapçı Muhtar,,http://kebapcimuhtar.com,instagram.com,http://instagram.com/kebapcimuhtar
Kebapçı Muhtar,,http://kebapcimuhtar.com,twitter.com,http://twitter.com/kebapcimuhtar
MySoho Lounge Brasserie,,http://www.mysoho.com.tr,instagram.com,https://www.instagram.com/my.soho/
MySoho Lounge Brasserie,,http://www.mysoho.com.tr,facebook.com,https://www.facebook.com/mysohodenizli/
Starbucks,,https://www.starbucks.co.uk,facebook.com,https://www.facebook.com/starbucksuk
Starbucks,,https://www.starbucks.co.uk,instagram.com,https://www.instagram.com/starbucksuk/
Starbucks,,https://www.starbucks.co.uk,youtube.com,https://www.youtube.com/@starbucksuk2728
Starbucks,,https://www.starbucks.co.uk,tiktok.com,https://www.tiktok.com/@starbucksuk
Starbucks,,https://www.starbucks.co.uk,x.com,https://x.com/starbucksuk
Peanut,,https://www.gloriajeans.com.tr,instagram.com,https://www.instagram.com/accounts/login/?next=https%3A%2F%2Fwww.instagram.com%2Fgjcsturkey%2F&is_from_rle
Peanut,,https://www.gloriajeans.com.tr,x.com,https://x.com/gjcsturkey
Peanut,,https://www.gloriajeans.com.tr,youtube.com,https://www.youtube.com/channel/UCaJ46WNFFmf19h7MG9wJXeQ
Peanut,,https://www.gloriajeans.com.tr,youtu.be,https://youtu.be/wYpxl-8SWX8
Savora Restaurant,,https://emporia.com.tr,instagram.com,https://instagram.com/emporiahotel
Starbucks,,https://www.starbucks.co.uk,facebook.com,https://www.facebook.com/starbucksuk
Starbucks,,https://www.starbucks.co.uk,instagram.com,https://www.instagram.com/starbucksuk/
Starbucks,,https://www.starbucks.co.uk,youtube.com,https://www.youtube.com/@starbucksuk2728
Starbucks,,https://www.starbucks.co.uk,tiktok.com,https://www.tiktok.com/@starbucksuk
Starbucks,,https://www.starbucks.co.uk,x.com,https://x.com/starbucksuk
Starbucks,,https://www.starbucks.co.uk,facebook.com,https://www.facebook.com/starbucksuk
Starbucks,,https://www.starbucks.co.uk,instagram.com,https://www.instagram.com/starbucksuk/
Starbucks,,https://www.starbucks.co.uk,youtube.com,https://www.youtube.com/@starbucksuk2728
Starbucks,,https://www.starbucks.co.uk,tiktok.com,https://www.tiktok.com/@starbucksuk
Starbucks,,https://www.starbucks.co.uk,x.com,https://x.com/starbucksuk
KADAYIFÇI HACI SEYİD - KÜNEFE & PASTA ( NEVROZ ALANI ),,http://www.kadayifcihaciseyid.com,instagram.com,https://www.instagram.com/kadayifcihaciseyid
KADAYIFÇI HACI SEYİD TEKEL - PASTA & KÜNEFE,,http://www.kadayifcihaciseyid.com,instagram.com,https://www.instagram.com/kadayifcihaciseyid
Fırın-ci,,https://firin-ci.com,facebook.com,https://facebook.com/firincidiyarbakir
Fırın-ci,,https://firin-ci.com,instagram.com,https://instagram.com/firin_ci
Starbucks,,https://www.starbucks.co.uk,facebook.com,https://www.facebook.com/starbucksuk
Starbucks,,https://www.starbucks.co.uk,instagram.com,https://www.instagram.com/starbucksuk/
Starbucks,,https://www.starbucks.co.uk,youtube.com,https://www.youtube.com/@starbucksuk2728
Starbucks,,https://www.starbucks.co.uk,tiktok.com,https://www.tiktok.com/@starbucksuk
Starbucks,,https://www.starbucks.co.uk,x.com,https://x.com/starbucksuk
Starbucks,,https://www.starbucks.co.uk,facebook.com,https://www.facebook.com/starbucksuk
Starbucks,,https://www.starbucks.co.uk,instagram.com,https://www.instagram.com/starbucksuk/
Starbucks,,https://www.starbucks.co.uk,youtube.com,https://www.youtube.com/@starbucksuk2728
Starbucks,,https://www.starbucks.co.uk,tiktok.com,https://www.tiktok.com/@starbucksuk
Starbucks,,https://www.starbucks.co.uk,x.com,https://x.com/starbucksuk
Saklı Konak 1317,,https://www.saklikonak1317.com,instagram.com,https://www.instagram.com/saklikonak1317/
Arabica Coffee House Düzce Garden,,https://www.arabicacoffee.com.tr,instagram.com,https://www.instagram.com/arabicaturkiye/?hl=en
Arabica Coffee House Düzce Garden,,https://www.arabicacoffee.com.tr,youtube.com,https://www.youtube.com/channel/UCH7xQPOPyIlFS4MJKBCrQQQ
Arabica Coffee House Düzce Garden,,https://www.arabicacoffee.com.tr,facebook.com,https://www.facebook.com/ArabicaCoffeeTurkiye/
Arabica Coffee House Düzce Garden,,https://www.arabicacoffee.com.tr,x.com,https://x.com/ArabicaTurkiye
Beyaz Bahçe - Taşmekan,,https://www.beyazbahce.com,instagram.com,https://www.instagram.com/beyazbahceduzce/
Beyaz Bahçe - Taşmekan,,https://www.beyazbahce.com,facebook.com,https://www.facebook.com/beyazbahce
Beyaz Bahçe - Taşmekan,,https://www.beyazbahce.com,youtube.com,https://www.youtube.com/channel/UCyZnuSOMsDNeAYaLwaVWA_w
İbrahim'in Yeri Bolu Dağı Et Mangal ve Yöresel Kahvaltı,,https://ibrahiminyeri.com,instagram.com,https://www.instagram.com/ibrahiminyerigardenrestaurant/
İbrahim'in Yeri Bolu Dağı Et Mangal ve Yöresel Kahvaltı,,https://ibrahiminyeri.com,youtube.com,https://www.youtube.com/@ibrahiminyerigardenrestaurant
İbrahim'in Yeri Bolu Dağı Et Mangal ve Yöresel Kahvaltı,,https://ibrahiminyeri.com,facebook.com,https://www.facebook.com/ibrahiminyerigardenrestaurant
İbrahim'in Yeri Bolu Dağı Et Mangal ve Yöresel Kahvaltı,,https://ibrahiminyeri.com,x.com,https://x.com/Halilbrahi4577
İbrahim'in Yeri Bolu Dağı Et Mangal ve Yöresel Kahvaltı,,https://ibrahiminyeri.com,tiktok.com,https://www.tiktok.com/@halil_ibrahim_uygun
Közde Köfte,,http://www.kozdekofte.com,facebook.com,http://www.facebook.com/kozdekofte
Közde Köfte,,http://www.kozdekofte.com,twitter.com,http://www.twitter.com/
Aydın Tava Ciğer,,https://www.aydintavaciger.com,facebook.com,https://www.facebook.com/aydintavacigeredirne
Aydın Tava Ciğer,,https://www.aydintavaciger.com,instagram.com,https://www.instagram.com/aydintavaciger/
Aydın Tava Ciğer,,https://www.aydintavaciger.com,twitter.com,https://www.twitter.com/
Aydın Tava Ciğer,,https://www.aydintavaciger.com,youtube.com,https://www.youtube.com/
Bursa Kebap Evi,,https://www.bursakebapevi.com,instagram.com,https://www.instagram.com/bursakebapevi/
Bursa Kebap Evi,,https://www.bursakebapevi.com,facebook.com,https://www.facebook.com/BursaKebapEvi
Edirne Tabip Odası Sosyal Tesisi,,https://www.edirnetabipodasi.org,facebook.com,https://www.facebook.com/etomail
Edirne Tabip Odası Sosyal Tesisi,,https://www.edirnetabipodasi.org,instagram.com,https://www.instagram.com/edirnetabipodasi/
Edirne Tabip Odası Sosyal Tesisi,,https://www.edirnetabipodasi.org,youtube.com,https://www.youtube.com/@EdirneTabipOdas%C4%B1
Edirne Tabip Odası Sosyal Tesisi,,https://www.edirnetabipodasi.org,x.com,https://x.com/EdirneOdas
Doyuyo,,https://doyuyo.com,instagram.com,https://www.instagram.com/doyuyotr/
Doyuyo,,https://doyuyo.com,youtube.com,https://www.youtube.com/channel/UCf4LbiovZtHq8nvw77xLiAQ
Doyuyo,,https://doyuyo.com,twitter.com,https://twitter.com/doyuyotr/
Coffee Bee Bakery Lab,,https://www.coffeebeebakerylab.com,facebook.com,https://www.facebook.com/people/Coffee-BEE-Bakery-LAB/100093292936217/?mibextid=LQQJ4d&rdid=OsuwIcpDqYYq82Rm&share_url=httpswww.facebook.comshareb3N834nMwdcD6r1SmibextidLQQJ4d
Coffee Bee Bakery Lab,,https://www.coffeebeebakerylab.com,instagram.com,https://www.instagram.com/coffeebeebakerylab
Coffee Bee Bakery Lab,,https://www.coffeebeebakerylab.com,x.com,https://x.com/coffeebeebakery
Dürümle,,https://durumle.com,instagram.com,https://www.instagram.com/durumle
Dürümle,,https://durumle.com,facebook.com,https://www.facebook.com/durumle
Dürümle,,https://durumle.com,x.com,https://www.x.com/durumlee
Dürümle,,https://durumle.com,youtube.com,https://www.youtube.com/@durumletr
GreenSalads,,https://www.greensalads.com.tr,facebook.com,https://www.facebook.com/greensalads.tr?locale=tr_TR
GreenSalads,,https://www.greensalads.com.tr,instagram.com,https://www.instagram.com/greensalads.tr/
GreenSalads,,https://www.greensalads.com.tr,youtube.com,https://www.youtube.com/@greensaladstr
GreenSalads,,https://www.greensalads.com.tr,tiktok.com,https://www.tiktok.com/@greensalads.tr
GreenSalads,,https://www.greensalads.com.tr,x.com,https://x.com/greensaladstr
Kahve Dükkanı,,https://www.kahvedukkani.com.tr,youtube.com,https://www.youtube.com/@kahvedukkaniofficial/
Kahve Dükkanı,,https://www.kahvedukkani.com.tr,instagram.com,https://www.instagram.com/kahvedukkaniofficial/
Kahve Dükkanı,,https://www.kahvedukkani.com.tr,facebook.com,https://www.facebook.com/kahvedukkaniturkiye/
Kahve Dükkanı,,https://www.kahvedukkani.com.tr,x.com,https://x.com/kahvedukkanii
Kahve Dükkanı,,https://www.kahvedukkani.com.tr,tiktok.com,https://www.tiktok.com/@kahvedukkaniofficial
Kumpir Box,,https://kumpirbox.com,instagram.com,https://www.instagram.com/kumpirbox/
Kumpir Box,,https://kumpirbox.com,facebook.com,https://www.facebook.com/kumpirbox
Kumpir Box,,https://kumpirbox.com,tiktok.com,https://www.tiktok.com/@kumpirboxtr
ONDO Tarihî Karaağaç Şubesi,,https://ondolezzetleri.com,instagram.com,https://www.instagram.com/ondolezzetleri
Starbucks,,https://www.starbucks.co.uk,facebook.com,https://www.facebook.com/starbucksuk
Starbucks,,https://www.starbucks.co.uk,instagram.com,https://www.instagram.com/starbucksuk/
Starbucks,,https://www.starbucks.co.uk,youtube.com,https://www.youtube.com/@starbucksuk2728
Starbucks,,https://www.starbucks.co.uk,tiktok.com,https://www.tiktok.com/@starbucksuk
Starbucks,,https://www.starbucks.co.uk,x.com,https://x.com/starbucksuk
Saloon Burger,,https://www.saloonburger.com.tr,facebook.com,https://www.facebook.com/Saloon-Burger-820830357976177/?fref=ts%E2%80%9D
Saloon Burger,,https://www.saloonburger.com.tr,instagram.com,https://www.instagram.com/saloonburgertr/?hl=TR
Serenita Restaurant,,https://hillyhotel.com,instagram.com,https://www.instagram.com/hillyhotel/
Serenita Restaurant,,https://hillyhotel.com,facebook.com,https://www.facebook.com/HillyHotel/
Serenita Restaurant,,https://hillyhotel.com,twitter.com,https://twitter.com/HillyHotel
The Coffee Factory,,http://thecoffeefactory.com,instagram.com,https://www.instagram.com/thecoffeefactorytr/
The Coffee Factory,,http://thecoffeefactory.com,facebook.com,https://www.facebook.com/thecoffeefactorytr/?locale=tr_TR
Kayseri Mutfağı,,https://www.kayserimutfagi.com,instagram.com,https://www.instagram.com/kayseri.mutfagi/
Tiloft Coffee,,https://tiloft.com.tr,facebook.com,https://www.facebook.com/tiloftcoffee/
Tiloft Coffee,,https://tiloft.com.tr,x.com,https://x.com/tiloftcoffee/
Tiloft Coffee,,https://tiloft.com.tr,youtube.com,https://www.youtube.com/@tiloftcoffee
Tiloft Coffee,,https://tiloft.com.tr,instagram.com,https://www.instagram.com/tiloftcoffee/
Mavigöl Restaurant,,https://www.mavigol.com.tr,x.com,https://x.com/mavigolotel
Mavigöl Restaurant,,https://www.mavigol.com.tr,facebook.com,https://www.facebook.com/elazigmavigolotel/?locale=tr_TR
Mavigöl Restaurant,,https://www.mavigol.com.tr,instagram.com,https://www.instagram.com/mavigolotel/
Öncü Döner,,https://www.oncudoner.com,facebook.com,https://www.facebook.com/oncudurumtr/
Öncü Döner,,https://www.oncudoner.com,instagram.com,https://www.instagram.com/oncudurumtr/
Güzelyurt,,http://www.guzelyurtrestaurant.com,instagram.com,https://www.instagram.com/GuzelyurtRestaurant/
Güzelyurt,,http://www.guzelyurtrestaurant.com,facebook.com,https://www.facebook.com/G%C3%BCzelyurt-Restaurant-193429340736435/
% Arabica,,https://arabicacoffee.com.tr,instagram.com,https://www.instagram.com/arabicaturkiye/?hl=en
% Arabica,,https://arabicacoffee.com.tr,youtube.com,https://www.youtube.com/channel/UCH7xQPOPyIlFS4MJKBCrQQQ
% Arabica,,https://arabicacoffee.com.tr,facebook.com,https://www.facebook.com/ArabicaCoffeeTurkiye/
% Arabica,,https://arabicacoffee.com.tr,x.com,https://x.com/ArabicaTurkiye
Baydöner,,https://www.baydoner.com,facebook.com,https://www.facebook.com/baydonerturkiye
Baydöner,,https://www.baydoner.com,twitter.com,https://twitter.com/bay_doner
Baydöner,,https://www.baydoner.com,instagram.com,https://www.instagram.com/baydoner/
Baydöner,,https://www.baydoner.com,youtube.com,https://www.youtube.com/channel/UC3TFhgJVN9tVDOFVACHuD3g
Baydöner,,https://www.baydoner.com,tiktok.com,https://www.tiktok.com/@bay_doner
Bolulu Hasan Usta,,https://www.bhu.com.tr,facebook.com,https://www.facebook.com/BoluluHasanUsta/
Bolulu Hasan Usta,,https://www.bhu.com.tr,twitter.com,https://twitter.com/BHU_Official
Bolulu Hasan Usta,,https://www.bhu.com.tr,instagram.com,https://www.instagram.com/boluluhasanustaofficial/
EBB Yaşam Kafe,,http://eskisehirbelkent.com.tr,twitter.com,https://twitter.com/eskisehirbelke1
EBB Yaşam Kafe,,http://eskisehirbelkent.com.tr,instagram.com,https://www.instagram.com/eskisehirbelkent/
EBB Yaşam Kafe,,http://eskisehirbelkent.com.tr,youtube.com,https://www.youtube.com/@belkenteskisehir5174
Dönerci Pehlivan,,https://donercipehlivan.com.tr,instagram.com,https://www.instagram.com/donercipehlivan/
Köftes Balaban Kebap,,https://www.koftesbalaban.com,facebook.com,https://www.facebook.com/koftesbalaban/
Köftes Balaban Kebap,,https://www.koftesbalaban.com,instagram.com,https://www.instagram.com/koftesbalabankebap/
McDonald's,,https://www.mcdonalds.com.tr,facebook.com,https://www.facebook.com/McDonaldsTurkiye
McDonald's,,https://www.mcdonalds.com.tr,twitter.com,https://twitter.com/mcdonaldstr
McDonald's,,https://www.mcdonalds.com.tr,instagram.com,https://www.instagram.com/mcdonaldsturkiye
McDonald's,,https://www.mcdonalds.com.tr,youtube.com,https://www.youtube.com/user/mcdonaldstr
Pizza İl Forno,,https://pizzailforno.com.tr,instagram.com,https://www.instagram.com/ilfornotr/
Pizza İl Forno,,https://pizzailforno.com.tr,tiktok.com,https://www.tiktok.com/@ilfornotr
Pizza İl Forno,,https://pizzailforno.com.tr,facebook.com,https://www.facebook.com/ilfornotr/
McDonald's,,https://www.mcdonalds.com.tr,facebook.com,https://www.facebook.com/McDonaldsTurkiye
McDonald's,,https://www.mcdonalds.com.tr,twitter.com,https://twitter.com/mcdonaldstr
McDonald's,,https://www.mcdonalds.com.tr,instagram.com,https://www.instagram.com/mcdonaldsturkiye
McDonald's,,https://www.mcdonalds.com.tr,youtube.com,https://www.youtube.com/user/mcdonaldstr
Pino,,https://www.pino.com.tr,facebook.com,https://www.facebook.com/PinoTurkiye
Pino,,https://www.pino.com.tr,instagram.com,https://www.instagram.com/pinoturkiye/
Pino,,https://www.pino.com.tr,twitter.com,https://twitter.com/pinoturkiye
Popeyes,,https://www.popeyes.com.tr,facebook.com,http://www.facebook.com/PopeyesTurkiye
Popeyes,,https://www.popeyes.com.tr,twitter.com,https://twitter.com/PopeyesTR
Popeyes,,https://www.popeyes.com.tr,youtube.com,http://www.youtube.com/user/popeyesturkiye
Popeyes,,https://www.popeyes.com.tr,instagram.com,https://www.instagram.com/popeyesturkiye/
Starbucks,,https://www.starbucks.com.tr,instagram.com,https://www.instagram.com/starbucks_tr
Starbucks,,https://www.starbucks.com.tr,facebook.com,https://www.facebook.com/StarbucksTurkiye
Starbucks,,https://www.starbucks.com.tr,tiktok.com,https://www.tiktok.com/@starbucks_turkiye
Starbucks,,https://www.starbucks.com.tr,youtube.com,https://www.youtube.com/@StarbucksTr
Starbucks,,https://www.starbucks.com.tr,x.com,https://x.com/StarbucksTR
Prime Smash Burger,,https://primesmashburger.com,instagram.com,https://www.instagram.com/prime.smash.burger/
Prime Smash Burger,,https://primesmashburger.com,facebook.com,https://www.facebook.com/Prime.Smash.Burger
Prime Smash Burger,,https://primesmashburger.com,youtube.com,https://www.youtube.com/@PrimeSmashBurger
Starbucks,,https://www.starbucks.co.uk,facebook.com,https://www.facebook.com/starbucksuk
Starbucks,,https://www.starbucks.co.uk,instagram.com,https://www.instagram.com/starbucksuk/
Starbucks,,https://www.starbucks.co.uk,youtube.com,https://www.youtube.com/@starbucksuk2728
Starbucks,,https://www.starbucks.co.uk,tiktok.com,https://www.tiktok.com/@starbucksuk
Starbucks,,https://www.starbucks.co.uk,x.com,https://x.com/starbucksuk
Starbucks,,https://www.starbucks.co.uk,facebook.com,https://www.facebook.com/starbucksuk
Starbucks,,https://www.starbucks.co.uk,instagram.com,https://www.instagram.com/starbucksuk/
Starbucks,,https://www.starbucks.co.uk,youtube.com,https://www.youtube.com/@starbucksuk2728
Starbucks,,https://www.starbucks.co.uk,tiktok.com,https://www.tiktok.com/@starbucksuk
Starbucks,,https://www.starbucks.co.uk,x.com,https://x.com/starbucksuk
Starbucks Kahve,,https://www.starbucks.com.tr,instagram.com,https://www.instagram.com/starbucks_tr
Starbucks Kahve,,https://www.starbucks.com.tr,facebook.com,https://www.facebook.com/StarbucksTurkiye
Starbucks Kahve,,https://www.starbucks.com.tr,tiktok.com,https://www.tiktok.com/@starbucks_turkiye
Starbucks Kahve,,https://www.starbucks.com.tr,youtube.com,https://www.youtube.com/@StarbucksTr
Starbucks Kahve,,https://www.starbucks.com.tr,x.com,https://x.com/StarbucksTR
Starbucks,,https://www.starbucks.co.uk,facebook.com,https://www.facebook.com/starbucksuk
Starbucks,,https://www.starbucks.co.uk,instagram.com,https://www.instagram.com/starbucksuk/
Starbucks,,https://www.starbucks.co.uk,youtube.com,https://www.youtube.com/@starbucksuk2728
Starbucks,,https://www.starbucks.co.uk,tiktok.com,https://www.tiktok.com/@starbucksuk
Starbucks,,https://www.starbucks.co.uk,x.com,https://x.com/starbucksuk
Tavuk Dünyası,,https://www.tavukdunyasi.com,tiktok.com,https://www.tiktok.com/@berketasdelenn/video/7676149125657742613?is_from_webapp=1&sender_device=pc&web_id=7665747951609087489
Tavuk Dünyası,,https://www.tavukdunyasi.com,instagram.com,https://www.instagram.com/tavukdunyasi/
Tavuk Dünyası,,https://www.tavukdunyasi.com,youtube.com,https://www.youtube.com/@tavukdunyasii
Tavuk Dünyası,,https://www.tavukdunyasi.com,facebook.com,https://www.facebook.com/TavukDunyasi/
Tavuk Dünyası,,https://www.tavukdunyasi.com,twitter.com,https://twitter.com/tavuk_dunyasi
Tavuk Dünyası,,https://www.tavukdunyasi.com,tiktok.com,https://www.tiktok.com/@berketasdelenn/video/7676149125657742613?is_from_webapp=1&sender_device=pc&web_id=7665747951609087489
Tavuk Dünyası,,https://www.tavukdunyasi.com,instagram.com,https://www.instagram.com/tavukdunyasi/
Tavuk Dünyası,,https://www.tavukdunyasi.com,youtube.com,https://www.youtube.com/@tavukdunyasii
Tavuk Dünyası,,https://www.tavukdunyasi.com,facebook.com,https://www.facebook.com/TavukDunyasi/
Tavuk Dünyası,,https://www.tavukdunyasi.com,twitter.com,https://twitter.com/tavuk_dunyasi
Bellapais,,https://www.bellapaiscafe.com,instagram.com,https://www.instagram.com/bellapais.coffeehouse
Bellapais,,https://www.bellapaiscafe.com,facebook.com,https://www.facebook.com/bellapaiscoffeehouse
Bellapais,,https://www.bellapaiscafe.com,youtube.com,https://www.youtube.com/@bellapaiscoffeehouse
Bellapais,,https://www.bellapaiscafe.com,tiktok.com,https://www.tiktok.com/@bellapaiscoffeehouse
Starbucks,,https://www.starbucks.co.uk,facebook.com,https://www.facebook.com/starbucksuk
Starbucks,,https://www.starbucks.co.uk,instagram.com,https://www.instagram.com/starbucksuk/
Starbucks,,https://www.starbucks.co.uk,youtube.com,https://www.youtube.com/@starbucksuk2728
Starbucks,,https://www.starbucks.co.uk,tiktok.com,https://www.tiktok.com/@starbucksuk
Starbucks,,https://www.starbucks.co.uk,x.com,https://x.com/starbucksuk
İmam Çağdaş,,https://www.imamcagdas.com,facebook.com,https://www.facebook.com/imamcagdas1887
İmam Çağdaş,,https://www.imamcagdas.com,twitter.com,https://twitter.com/imamcagdas1887
İmam Çağdaş,,https://www.imamcagdas.com,youtube.com,https://www.youtube.com/channel/UCQaFfABiVM25TzjrR9dZiLg
İmam Çağdaş,,https://www.imamcagdas.com,instagram.com,https://www.instagram.com/imamcagdas1887/?hl=tr
Starbucks,,https://www.starbucks.co.uk,facebook.com,https://www.facebook.com/starbucksuk
Starbucks,,https://www.starbucks.co.uk,instagram.com,https://www.instagram.com/starbucksuk/
Starbucks,,https://www.starbucks.co.uk,youtube.com,https://www.youtube.com/@starbucksuk2728
Starbucks,,https://www.starbucks.co.uk,tiktok.com,https://www.tiktok.com/@starbucksuk
Starbucks,,https://www.starbucks.co.uk,x.com,https://x.com/starbucksuk
Atom Station Arsuz,,https://www.atomstation.com.tr,instagram.com,https://www.instagram.com/atommaster.tr/
Atom Station Arsuz,,https://www.atomstation.com.tr,facebook.com,https://www.facebook.com/atommasterenerji/
Atom Station Arsuz,,https://www.atomstation.com.tr,youtube.com,https://www.youtube.com/@AtomMastertr
Altıkapı Antakya,,https://www.altikapi.com.tr,facebook.com,https://www.facebook.com/altikapiantakya
Altıkapı Antakya,,https://www.altikapi.com.tr,twitter.com,https://www.twitter.com/altikapiantakya
Altıkapı Antakya,,https://www.altikapi.com.tr,instagram.com,https://www.instagram.com/altikapiantakya/
Altıkapı Antakya,,https://www.altikapi.com.tr,x.com,https://x.com/aslolanbjkk
Gülpınar Restoran,,https://gulpinar.codeqr.com.tr,youtu.be,https://youtu.be/vuI0YoXksRQ
Gülpınar Restoran,,https://gulpinar.codeqr.com.tr,instagram.com,https://www.instagram.com/gulpinarrestaurant/
Gülpınar Restoran,,https://gulpinar.codeqr.com.tr,youtu.be,https://youtu.be/vuI0YoXksRQ
Gülpınar Restoran,,https://gulpinar.codeqr.com.tr,instagram.com,https://www.instagram.com/gulpinarrestaurant/
Pehlivan Döner & Kebap,,https://pehlivandoner.com.tr,instagram.com,https://www.instagram.com/p/BO4Gyf2hTkr/
Petek Cafe,,https://www.peteksiparis.com,facebook.com,https://www.facebook.com/petek1942/
Petek Cafe,,https://www.peteksiparis.com,instagram.com,https://www.instagram.com/petek1942/
Tinyan Gastro,,https://www.tinyan.com.tr,facebook.com,https://www.facebook.com/tinyangastro/
Tinyan Gastro,,https://www.tinyan.com.tr,twitter.com,https://twitter.com/tinyangastro
Tinyan Gastro,,https://www.tinyan.com.tr,instagram.com,https://www.instagram.com/tinyangastro/
Starbucks,,https://www.starbucks.co.uk,facebook.com,https://www.facebook.com/starbucksuk
Starbucks,,https://www.starbucks.co.uk,instagram.com,https://www.instagram.com/starbucksuk/
Starbucks,,https://www.starbucks.co.uk,youtube.com,https://www.youtube.com/@starbucksuk2728
Starbucks,,https://www.starbucks.co.uk,tiktok.com,https://www.tiktok.com/@starbucksuk
Starbucks,,https://www.starbucks.co.uk,x.com,https://x.com/starbucksuk
Sandal Restaurant Et Balık & Kahvaltı,,https://www.sanaltur360.com,instagram.com,https://www.instagram.com/sanaltur30com
Sandal Restaurant Et Balık & Kahvaltı,,https://www.sanaltur360.com,youtube.com,https://youtube.com/@mustafayatar7490?feature=shar
Sandal Restaurant Et Balık & Kahvaltı,,https://www.sanaltur360.com,tiktok.com,https://www.tiktok.com/@sanaltur360.hatay
Günübirlik Tesisi,,https://ispartadavraz.com,facebook.com,https://www.facebook.com/groups/409990903084912
Starbucks,,https://www.starbucks.co.uk,facebook.com,https://www.facebook.com/starbucksuk
Starbucks,,https://www.starbucks.co.uk,instagram.com,https://www.instagram.com/starbucksuk/
Starbucks,,https://www.starbucks.co.uk,youtube.com,https://www.youtube.com/@starbucksuk2728
Starbucks,,https://www.starbucks.co.uk,tiktok.com,https://www.tiktok.com/@starbucksuk
Starbucks,,https://www.starbucks.co.uk,x.com,https://x.com/starbucksuk
Taş Cafe 1,,https://www.isperiahotels.com.tr,facebook.com,https://www.facebook.com/isperiahotel
Taş Cafe 1,,https://www.isperiahotels.com.tr,twitter.com,https://www.twitter.com/isperiahotel
Taş Cafe 1,,https://www.isperiahotels.com.tr,youtube.com,https://www.youtube.com/channel/UCivJNOiCS04IouMeYmQ1azg/
Taş Cafe 1,,https://www.isperiahotels.com.tr,instagram.com,https://www.instagram.com/isperiahotel/
1A Meyhanesi,,https://foursquare.com,x.com,https://x.com/foursquare?lang=en
Zater Döner Isparta,,https://zaterdoner.com,instagram.com,https://www.instagram.com/zater.doner
Zater Döner Isparta,,https://zaterdoner.com,facebook.com,https://www.facebook.com/zaterdonertr
Zater Döner Isparta,,https://zaterdoner.com,youtube.com,https://www.youtube.com/@ZaterDoner
ADAB Eski Usûl Meyhane,,https://adabmeyhanesi.com,facebook.com,https://www.facebook.com/103758729441762
ADAB Eski Usûl Meyhane,,https://adabmeyhanesi.com,instagram.com,https://www.instagram.com/adab_eskiusulmeyhane/
360 Istanbul,,https://360istanbul.com,instagram.com,https://www.instagram.com/360istanbul/
360 Istanbul,,https://360istanbul.com,facebook.com,https://www.facebook.com/360istanbull/
360 Istanbul,,https://360istanbul.com,youtube.com,https://www.youtube.com/@360istanbulTV/
Adanali Ümit Usta,,https://www.umitusta.com.tr,instagram.com,https://www.instagram.com/adanaliumitusta/
Adanali Ümit Usta,,https://www.umitusta.com.tr,facebook.com,https://www.facebook.com/adanaliumitusta
5. Kat,,https://www.5kat.com,facebook.com,https://www.facebook.com/5.kat.istanbul/
5. Kat,,https://www.5kat.com,instagram.com,https://www.instagram.com/5katrestaurant
5. Kat,,https://www.5kat.com,twitter.com,https://twitter.com/5_kat
Adanalı Kebapçı Mehmet,,https://adanalikebapcimehmet.com,instagram.com,https://www.instagram.com/adanalikebapcimehmet/
Adanalı Kebapçı Mehmet,,https://adanalikebapcimehmet.com,facebook.com,https://www.facebook.com/adanalikebapcimehmet
Adile Sultan Ev Yemekleri,,https://adilesultanevyemekleri.com,facebook.com,https://www.facebook.com/adilesultanevyemekleri/
Adile Sultan Ev Yemekleri,,https://adilesultanevyemekleri.com,instagram.com,https://www.instagram.com/adilesultanevyemekleri/
Adile Sultan Ev Yemekleri,,https://adilesultanevyemekleri.com,facebook.com,https://www.facebook.com/adilesultanevyemekleri/
Adile Sultan Ev Yemekleri,,https://adilesultanevyemekleri.com,instagram.com,https://www.instagram.com/adilesultanevyemekleri/
Adile Sultan Ev Yemekleri - Ümraniye Restoranı,,https://adilesultanevyemekleri.com,facebook.com,https://www.facebook.com/adilesultanevyemekleri/
Adile Sultan Ev Yemekleri - Ümraniye Restoranı,,https://adilesultanevyemekleri.com,instagram.com,https://www.instagram.com/adilesultanevyemekleri/
Ali Muhiddin Hacı Bekir,,https://www.hacibekir.com.tr,facebook.com,https://www.facebook.com/1777hacibekir/
Ali Muhiddin Hacı Bekir,,https://www.hacibekir.com.tr,instagram.com,https://www.instagram.com/hacibekir1777/
Ali Muhiddin Hacı Bekir,,https://www.hacibekir.com.tr,youtube.com,https://www.youtube.com/channel/UCR6lmOefAYN6I1PsWieSTyg
Ali Ocakbaşı,,https://aliocakbasi.com,instagram.com,https://www.instagram.com/aliocakbasi
Adile Sultan Ev Yemekleri,,https://www.adilesultanevyemekleri.com,facebook.com,https://www.facebook.com/adilesultanevyemekleri/
Adile Sultan Ev Yemekleri,,https://www.adilesultanevyemekleri.com,instagram.com,https://www.instagram.com/adilesultanevyemekleri/
Ali Ocakbaşı,,https://aliocakbasi.com,instagram.com,https://www.instagram.com/aliocakbasi
Allen Kitchen & Cocktail,,https://allensuadiye.com,instagram.com,https://www.instagram.com/allensuadiye/
Altkat Coffee Community,,https://altkatcoffee.com,instagram.com,https://www.instagram.com/altkatcoffee/
Altkat Coffee Community,,https://altkatcoffee.com,facebook.com,https://www.facebook.com/altkatcoffeecommunity
Altın Sofra,,https://www.altinsofrakebap.com,facebook.com,https://www.facebook.com/altinsofra
Altın Sofra,,https://www.altinsofrakebap.com,instagram.com,https://www.instagram.com/altinsofra
Antik Köy,,https://www.antikkoy.com,instagram.com,https://www.instagram.com/antikkoy/
Antik Köy,,https://www.antikkoy.com,facebook.com,https://www.facebook.com/antikkoytesisi
Antik Köy,,https://www.antikkoy.com,youtube.com,https://www.youtube.com/user/antikkoy
Antik Köy,,https://www.antikkoy.com,twitter.com,https://twitter.com/antikkoy
Antula Gurme,,https://antulagurme.com,instagram.com,https://www.instagram.com/antulagurme/
Anne Meze,,http://www.annemeze.com,instagram.com,https://instagram.com/annemeze
Anne Meze,,http://www.annemeze.com,facebook.com,https://facebook.com/annemeze
Antiochia,,http://www.antiochiaconcept.com,facebook.com,https://www.facebook.com/AntiochiaConcept
Antiochia,,http://www.antiochiaconcept.com,twitter.com,http://www.twitter.com/AntiochiaR
Antiochia,,http://www.antiochiaconcept.com,instagram.com,https://www.instagram.com/antiochiaconcept/
Arch Bistro,,https://www.archbistro.com,instagram.com,https://www.instagram.com/archbistro
Arch Bistro,,https://www.archbistro.com,facebook.com,https://www.facebook.com/ArchBistro/
Arezu Moda,,https://arezucafemoda.com,instagram.com,https://www.instagram.com/arezucafemoda/
Arezu Moda,,https://arezucafemoda.com,facebook.com,https://www.facebook.com/arezumoda
Artois Cadde,,https://artois.com.tr,facebook.com,https://www.facebook.com/artois.cadde/
Artois Cadde,,https://artois.com.tr,instagram.com,https://www.instagram.com/artois.cadde/
Artois Cadde,,https://artois.com.tr,youtube.com,https://www.youtube.com/@artoiscadde
Arya longue,,https://www.aryalounge.com,instagram.com,https://www.instagram.com/aryalounge/?igshid=MWI4MTIyMDE%3D
Arya longue,,https://www.aryalounge.com,facebook.com,https://www.facebook.com/aryaloungesuleymaniye?fref=ts
Armada Teras,,https://www.armadahotel.com.tr,facebook.com,https://www.facebook.com/armadaotel/
Armada Teras,,https://www.armadahotel.com.tr,instagram.com,http://instagram.com/armadaistanbul
Armada Teras,,https://www.armadahotel.com.tr,twitter.com,https://twitter.com/Armada_Hotel
Armada Teras,,https://www.armadahotel.com.tr,youtube.com,https://www.youtube.com/user/armadahotel
Asitane,,https://www.asitanerestaurant.com,facebook.com,http://www.facebook.com/AsitaneRestaurant
Asitane,,https://www.asitanerestaurant.com,twitter.com,http://twitter.com/AsitaneIstanbul
Asitane,,https://www.asitanerestaurant.com,youtube.com,http://youtube.com/channel/UCI5Bny0B68xJFocrKaltyaw
Asitane,,https://www.asitanerestaurant.com,instagram.com,http://instagram.com/asitanerestaurant
Ataşehir Kültür Kafe,,https://www.atasehir.bel.tr,facebook.com,https://www.facebook.com/atasehirbld
Ataşehir Kültür Kafe,,https://www.atasehir.bel.tr,instagram.com,https://www.instagram.com/atasehirbld/
Ataşehir Kültür Kafe,,https://www.atasehir.bel.tr,x.com,https://x.com/atasehirbld
Ataşehir Kültür Kafe,,https://www.atasehir.bel.tr,youtube.com,https://www.youtube.com/@atasehirbld
Ataşehir Kültür Kafe,,https://www.atasehir.bel.tr,twitter.com,https://twitter.com/atasehirbld
Ağa kapısı,,https://agakapisi.com.tr,instagram.com,https://www.instagram.com/agakapisii/
Bafetto,,https://bafetto.com.tr,instagram.com,https://www.instagram.com/bafetto_pizza
Bafetto Pizza,,https://bafetto.com.tr,instagram.com,https://www.instagram.com/bafetto_pizza
Back To Coffee Roaster,,http://www.backtocoffeeroaster.com,facebook.com,https://www.facebook.com/backtocoffeeros/
Back To Coffee Roaster,,http://www.backtocoffeeroaster.com,instagram.com,https://www.instagram.com/backtocoffeeroaster/
Back To Coffee Roaster,,http://www.backtocoffeeroaster.com,youtube.com,https://www.youtube.com/channel/UCZPkqcIpV1kGwTpV_7_WPBA?view_as=subscriber
Back To Coffee Roaster,,http://www.backtocoffeeroaster.com,twitter.com,https://twitter.com/backtocoffeeros?lang=tr
Balaban Dondurma,,http://balabandondurma.com,facebook.com,https://www.facebook.com/balabandondurmaresmi
Balaban Dondurma,,http://balabandondurma.com,twitter.com,https://twitter.com/balabandondurma
Balaban Dondurma,,http://balabandondurma.com,instagram.com,https://www.instagram.com/balaban.dondurma
Balıkçı Sabahattin,,https://www.balikcisabahattin.com,instagram.com,https://www.instagram.com/balikcisabahattin/
Baltalimanı Polisevi Şube Müdürlüğü Tesisi,,https://www.istanbul.pol.tr,twitter.com,https://twitter.com/istanbul_EGM
Baltalimanı Polisevi Şube Müdürlüğü Tesisi,,https://www.istanbul.pol.tr,instagram.com,https://www.instagram.com/istanbulemniyetmd/
Baltalimanı Polisevi Şube Müdürlüğü Tesisi,,https://www.istanbul.pol.tr,youtube.com,https://www.youtube.com/channel/UCj0gsUr0yqZhQeoP-zmNR5Q
Baltalimanı Polisevi Şube Müdürlüğü Tesisi,,https://www.istanbul.pol.tr,facebook.com,https://www.facebook.com/emniyet.istanbul/
Bausta,,https://bausta.com.tr,instagram.com,https://instagram.com/bausta.suadiye
Barış Büfe,,https://www.barisbufe.com.tr,instagram.com,https://www.instagram.com/barisbufe/
Barış Büfe,,https://www.barisbufe.com.tr,facebook.com,https://www.facebook.com/barisbufetr/
Bay Mantı,,https://baymanti.com,facebook.com,https://www.facebook.com/baymanticafe/
Bay Mantı,,https://baymanti.com,instagram.com,https://www.instagram.com/baymanticafe/
Barış Büfe,,https://www.barisbufe.com.tr,instagram.com,https://www.instagram.com/barisbufe/
Barış Büfe,,https://www.barisbufe.com.tr,facebook.com,https://www.facebook.com/barisbufetr/
Baylan Pastanesi,,https://baylangida.com,facebook.com,https://www.facebook.com/baylan.com
Baylan Pastanesi,,https://baylangida.com,instagram.com,https://www.instagram.com/baylan.com
Baylan Pastanesi,,https://baylangida.com,youtube.com,https://www.youtube.com/@baylanistanbul
Bayramoğlu Döner,,http://bayramogludoner.com.tr,instagram.com,https://www.instagram.com/bayramogludonerkavacik/
Bayındır Restoran,,https://www.bayindirrestoran.com,instagram.com,https://www.instagram.com/bayindir_etkebap/
Beacon Coffee,,https://www.beaconcoffee.com.tr,facebook.com,https://www.facebook.com/beaconcoffee.ist
Beacon Coffee,,https://www.beaconcoffee.com.tr,instagram.com,https://www.instagram.com/beacon.ist
Beacon Coffee,,https://www.beaconcoffee.com.tr,youtube.com,https://www.youtube.com/@beacon_ist
Bebe İçli Köfte,,https://www.bebeiclikofte.com,instagram.com,https://www.instagram.com/bebeiclikofte?igsh=eGFtMnQ5aXQyOTRi
Bebe İçli Köfte,,https://www.bebeiclikofte.com,youtube.com,https://www.youtube.com/channel/UCAezCEuj9rCyCuVjxhYxbeg
Bedri Usta Kalamış,,https://bedriusta.com,instagram.com,https://www.instagram.com/bedriustaa
Bedri Usta Kalamış,,https://bedriusta.com,youtube.com,https://www.youtube.com/c/BedriUsta
Bedri Usta Çiftehavuzlar Pide & Lahmacun,,https://bedriusta.com,instagram.com,https://www.instagram.com/bedriustaa
Bedri Usta Çiftehavuzlar Pide & Lahmacun,,https://bedriusta.com,youtube.com,https://www.youtube.com/c/BedriUsta
Beeves,,https://www.beevesteak.com,instagram.com,https://www.instagram.com/beevesteak/
Beeves,,https://www.beevesteak.com,youtube.com,https://www.youtube.com/c/chefsidarbudak
Beeves,,https://www.beevesteak.com,facebook.com,https://www.facebook.com/beevesteak
Beeves Steakhouse,,https://www.beevesteak.com,instagram.com,https://www.instagram.com/beevesteak/
Beeves Steakhouse,,https://www.beevesteak.com,youtube.com,https://www.youtube.com/c/chefsidarbudak
Beeves Steakhouse,,https://www.beevesteak.com,facebook.com,https://www.facebook.com/beevesteak
Beyaz Fırın - Erenköy,,https://www.beyazfirin.com,youtube.com,https://www.youtube.com/user/beyazfirin
Beyaz Fırın - Erenköy,,https://www.beyazfirin.com,facebook.com,https://www.facebook.com/beyazfirin
Beyaz Fırın - Erenköy,,https://www.beyazfirin.com,instagram.com,https://www.instagram.com/beyazfirin/
Beyzade Künefe,,https://www.beyzadekunefe.com,facebook.com,https://www.facebook.com/beyzadekunefe/?locale=tr_TR
Beyzade Künefe,,https://www.beyzadekunefe.com,instagram.com,https://www.instagram.com/beyzadekunefe/
Beyzade Künefe,,https://www.beyzadekunefe.com,youtube.com,https://www.youtube.com/channel/UC5Ivy6fhMkY4_InpCu6zQdg
Bi'Buçuk,,https://www.bibucuk.com.tr,instagram.com,https://www.instagram.com/bibucuk/
Bi'Buçuk,,https://www.bibucuk.com.tr,facebook.com,https://www.facebook.com/Bibucuk/
BigChefs,,https://bigchefs.com.tr,facebook.com,https://www.facebook.com/policy.php/
BigChefs,,https://bigchefs.com.tr,instagram.com,https://www.instagram.com/bigchefscafe
BigChefs,,https://bigchefs.com.tr,youtube.com,https://www.youtube.com/@bigchefs540
Biget,,https://biget.com.tr,facebook.com,https://www.facebook.com/bigetiskender
Biget,,https://biget.com.tr,twitter.com,https://twitter.com/bigetkebap
Biget,,https://biget.com.tr,instagram.com,https://www.instagram.com/biget.steakco/
Bistrot français,,https://www.ifturquie.org,facebook.com,https://www.facebook.com/InstitutfrancaisdeTurquie/?ref=page_internal
Bistrot français,,https://www.ifturquie.org,instagram.com,https://www.instagram.com/institutfrancaisdeturquie
Bistrot français,,https://www.ifturquie.org,twitter.com,https://twitter.com/ifturquie?lang=tr
Bistrot français,,https://www.ifturquie.org,youtube.com,https://www.youtube.com/channel/UCNDrvyM4UcAgHyfJ38ETTaw
Black Swan Coffee,,https://blackswancoffeetr.com,instagram.com,https://www.instagram.com/blackswancoffeetr
BLAK Coffee Co.,,https://www.blakcoffee.co,instagram.com,https://www.instagram.com/blakcommunity/
BLAK Coffee Co.,,https://www.blakcoffee.co,x.com,https://x.com/Blakcoffee_co
BLAK Coffee Co.,,https://www.blakcoffee.co,youtube.com,https://www.youtube.com/@BlakCoffeeCo.
BLAK Coffee Co.,,https://www.blakcoffee.co,tiktok.com,https://www.tiktok.com/@blak.community
BLAK Coffee Co. Özyeğin,,https://www.blakcoffee.co,instagram.com,https://www.instagram.com/blakcommunity/
BLAK Coffee Co. Özyeğin,,https://www.blakcoffee.co,x.com,https://x.com/Blakcoffee_co
BLAK Coffee Co. Özyeğin,,https://www.blakcoffee.co,youtube.com,https://www.youtube.com/@BlakCoffeeCo.
BLAK Coffee Co. Özyeğin,,https://www.blakcoffee.co,tiktok.com,https://www.tiktok.com/@blak.community
Bolulu Hasan Usta,,https://bhu.com.tr,facebook.com,https://www.facebook.com/BoluluHasanUsta/
Bolulu Hasan Usta,,https://bhu.com.tr,twitter.com,https://twitter.com/BHU_Official
Bolulu Hasan Usta,,https://bhu.com.tr,instagram.com,https://www.instagram.com/boluluhasanustaofficial/
Bosphorus Brewing Company,,https://bbcist.com,instagram.com,https://www.instagram.com/bbc_ist/
Bosphorus Brewing Company,,https://bbcist.com,facebook.com,https://www.facebook.com/bbc.ist/
Boşnak Börekçi,,https://bosnakborekci.com.tr,facebook.com,https://www.facebook.com/bosnakonline
Boşnak Börekçi,,https://bosnakborekci.com.tr,instagram.com,https://www.instagram.com/bosnakonline
Boşnak Börekçi,,https://bosnakborekci.com.tr,twitter.com,https://twitter.com/bosnakonline
Boşnak Börekçi,,https://bosnakborekci.com.tr,youtube.com,https://www.youtube.com/channel/UCskNPDju8VRVnzAu5lFuamw
Bonne Nuit,,https://www.bonnenuit.com.tr,instagram.com,https://www.instagram.com/bonnenuitpatisserie/
Burger Blast Finans Şehir,,https://www.burger-blast.com,instagram.com,https://www.instagram.com/burgerblast/
Burger Blast Ömerli,,https://www.burger-blast.com,instagram.com,https://www.instagram.com/burgerblast/
Brasserie Prime,,https://brasserieprime.com.tr,facebook.com,https://www.facebook.com/BrasseriePrimetr/
Brasserie Prime,,https://brasserieprime.com.tr,instagram.com,https://www.instagram.com/brasserieprimetr/
Brasserie Prime,,https://brasserieprime.com.tr,youtube.com,https://www.youtube.com/@brasserieprime
Brasserie Prime,,https://brasserieprime.com.tr,tiktok.com,https://www.tiktok.com/@brasserieprimetr
Burger Hopdaddy,,https://hopdaddyburger.com,instagram.com,https://instagram.com/pizzaacademytr
Burger King,,https://www.burgerking.com.tr,facebook.com,https://www.facebook.com/BurgerKingTurkiye
Burger King,,https://www.burgerking.com.tr,twitter.com,https://twitter.com/BurgerKingTR
Burger King,,https://www.burgerking.com.tr,youtube.com,https://www.youtube.com/user/BurgerKingTurkiye
Burger King,,https://www.burgerking.com.tr,instagram.com,https://instagram.com/burgerkingtr/
Burger King,,https://www.burgerking.com.tr,facebook.com,https://www.facebook.com/BurgerKingTurkiye
Burger King,,https://www.burgerking.com.tr,twitter.com,https://twitter.com/BurgerKingTR
Burger King,,https://www.burgerking.com.tr,youtube.com,https://www.youtube.com/user/BurgerKingTurkiye
Burger King,,https://www.burgerking.com.tr,instagram.com,https://instagram.com/burgerkingtr/
Burger Yiyelim,,https://www.burgeryiyelim.com,facebook.com,https://www.facebook.com/burgeryiyelim
Burger Yiyelim,,https://www.burgeryiyelim.com,instagram.com,https://www.instagram.com/burgeryiyelimm
Burger Yiyelim,,https://www.burgeryiyelim.com,youtube.com,https://youtube.com/@burgeryiyelim
Burger Yiyelim,,https://www.burgeryiyelim.com,facebook.com,https://www.facebook.com/burgeryiyelim
Burger Yiyelim,,https://www.burgeryiyelim.com,instagram.com,https://www.instagram.com/burgeryiyelimm
Burger Yiyelim,,https://www.burgeryiyelim.com,youtube.com,https://youtube.com/@burgeryiyelim
Burger Yiyelim,,https://www.burgeryiyelim.com,facebook.com,https://www.facebook.com/burgeryiyelim
Burger Yiyelim,,https://www.burgeryiyelim.com,instagram.com,https://www.instagram.com/burgeryiyelimm
Burger Yiyelim,,https://www.burgeryiyelim.com,youtube.com,https://youtube.com/@burgeryiyelim
Burger Yiyelim,,https://www.burgeryiyelim.com,facebook.com,https://www.facebook.com/burgeryiyelim
Burger Yiyelim,,https://www.burgeryiyelim.com,instagram.com,https://www.instagram.com/burgeryiyelimm
Burger Yiyelim,,https://www.burgeryiyelim.com,youtube.com,https://youtube.com/@burgeryiyelim
Burger Yiyelim - Şerifali,,https://www.burgeryiyelim.com,facebook.com,https://www.facebook.com/burgeryiyelim
Burger Yiyelim - Şerifali,,https://www.burgeryiyelim.com,instagram.com,https://www.instagram.com/burgeryiyelimm
Burger Yiyelim - Şerifali,,https://www.burgeryiyelim.com,youtube.com,https://youtube.com/@burgeryiyelim
Burgerillas,,https://burgerillas.com,facebook.com,http://www.facebook.com/burgerillas
Burgerillas,,https://burgerillas.com,twitter.com,http://www.twitter.com/burgerillas
Burgerillas,,https://burgerillas.com,instagram.com,https://www.instagram.com/burgerillas
Cafe Pont,,https://cafepont.com,instagram.com,https://www.instagram.com/cafepont/?utm_source=ig_web_button_share_sheet
Carmelo,,https://coffeecarmelo.com,instagram.com,https://www.instagram.com/coffeecarmelo/
Carmelo,,https://coffeecarmelo.com,tiktok.com,https://www.tiktok.com/@carmelocoffee
Carl's Jr.,,https://www.carlsjr.com.tr,facebook.com,https://www.facebook.com/CarlsJrTurkiye/
Carl's Jr.,,https://www.carlsjr.com.tr,instagram.com,https://www.instagram.com/carlsjrturkiye/
Carl's Jr.,,https://www.carlsjr.com.tr,youtube.com,https://www.youtube.com/channel/UCZVoVKvATwUj8h3mumJe_Og
Cantinery,,https://www.cantinery.com,facebook.com,https://www.facebook.com/cantinery
Cantinery,,https://www.cantinery.com,instagram.com,https://instagram.com/cantinery
Cecconis,,https://www.cecconisistanbul.com,instagram.com,https://www.instagram.com/cecconisrestaurants
Cantinery İstinye Park,,https://www.cantinery.com,facebook.com,https://www.facebook.com/cantinery
Cantinery İstinye Park,,https://www.cantinery.com,instagram.com,https://instagram.com/cantinery
Chef Taus,,https://cheftaus.com.tr,instagram.com,https://www.instagram.com/cheftaus
Chef Taus,,https://cheftaus.com.tr,facebook.com,https://facebook.com/cheftaus
Chef Taus,,https://cheftaus.com.tr,tiktok.com,https://tiktok.com/@cheftaus
Chilai,,https://www.chilai.com.tr,instagram.com,https://www.instagram.com/bebekchilai/
Chilai,,https://www.chilai.com.tr,youtube.com,https://www.youtube.com/playlist?list=PLnX8BpIUP4ebzQtY0tzcyZ6bgDuu0A_F-
CHN Döner,,http://www.chndoner.com,instagram.com,https://www.instagram.com/chndonerkurtkoy/
CHN Döner,,http://www.chndoner.com,tiktok.com,https://www.tiktok.com/@chndoner
Civitas,,https://www.civitasistanbul.com,instagram.com,https://www.instagram.com/civitasistanbul/
Chocolabs,,https://chocolabs.com.tr,facebook.com,https://www.facebook.com/chocolabsturkey
Chocolabs,,https://chocolabs.com.tr,twitter.com,https://twitter.com/ChocolabsTurkey
Chocolabs,,https://chocolabs.com.tr,instagram.com,https://www.instagram.com/chocolabs_turkiye?igsh=eDFrYnJpYmN6b28x
Ciğerci Dr. Doğan,,https://www.cigercidrdogan.com,instagram.com,https://www.instagram.com/cigercidrdogan/
Ciğerci Dr. Doğan,,https://www.cigercidrdogan.com,tiktok.com,https://www.tiktok.com/@cigercidrdogan
Ciğerci Dr. Doğan,,https://www.cigercidrdogan.com,facebook.com,https://www.facebook.com/cigercidrdogan
Cihangir sosyal tesisleri,,https://tesislerimiz.ibb.istanbul,twitter.com,https://twitter.com/sosyaltesisler
Cihangir sosyal tesisleri,,https://tesislerimiz.ibb.istanbul,facebook.com,https://www.facebook.com/sosyaltesisler
Cihangir sosyal tesisleri,,https://tesislerimiz.ibb.istanbul,instagram.com,https://www.instagram.com/sosyaltesisler/
Coffy,,https://coffy.com.tr,facebook.com,https://www.facebook.com/Coffytr/
Coffy,,https://coffy.com.tr,twitter.com,https://twitter.com/coffy_tr
Coffy,,https://coffy.com.tr,instagram.com,https://www.instagram.com/coffy_tr/
Coffy,,https://coffy.com.tr,facebook.com,https://www.facebook.com/Coffytr/
Coffy,,https://coffy.com.tr,twitter.com,https://twitter.com/coffy_tr
Coffy,,https://coffy.com.tr,instagram.com,https://www.instagram.com/coffy_tr/
"Cook me, eat me",,https://www.cookmeeatme.com,instagram.com,https://www.instagram.com/cookmeeatme/
"Cook me, eat me",,https://www.cookmeeatme.com,facebook.com,https://www.facebook.com/cookmeeatmeistanbul/
"Cook me, eat me",,https://www.cookmeeatme.com,tiktok.com,https://www.tiktok.com/@cookmeeatme
Cotto Gastro,,https://www.cotto.co,instagram.com,https://www.instagram.com/cottogastro/
Cookshop,,https://www.cookshop.com.tr,instagram.com,http://instagram.com/COOKSHOPTR
Cookshop,,https://www.cookshop.com.tr,facebook.com,https://www.facebook.com/COOKSHOPTR
Cookshop,,https://www.cookshop.com.tr,twitter.com,http://twitter.com/COOKSHOPTR
Cook Shop,,https://www.cookshop.com.tr,instagram.com,http://instagram.com/COOKSHOPTR
Cook Shop,,https://www.cookshop.com.tr,facebook.com,https://www.facebook.com/COOKSHOPTR
Cook Shop,,https://www.cookshop.com.tr,twitter.com,http://twitter.com/COOKSHOPTR
Cunda Balık,,https://www.cundabalik.com.tr,instagram.com,https://www.instagram.com/cunda_balik/
Cunda Balık,,https://www.cundabalik.com.tr,facebook.com,https://www.facebook.com/cundabalik/
Cremma,,https://www.cremma.com.tr,instagram.com,https://www.instagram.com/reel/DFDAtTzgmaa/
Cremma,,https://www.cremma.com.tr,youtube.com,https://www.youtube.com/@cremmacafe
Cremma,,https://www.cremma.com.tr,facebook.com,https://www.facebook.com/cremmacafe
Cremma,,https://cremma.com.tr,instagram.com,https://www.instagram.com/reel/DFDAtTzgmaa/
Cremma,,https://cremma.com.tr,youtube.com,https://www.youtube.com/@cremmacafe
Cremma,,https://cremma.com.tr,facebook.com,https://www.facebook.com/cremmacafe
Dardenia,,https://www.dardenia.com,facebook.com,https://www.facebook.com/dardeniafishandbread
Dardenia,,https://www.dardenia.com,twitter.com,https://twitter.com/dardenia
Dardenia,,https://www.dardenia.com,instagram.com,https://www.instagram.com/dardeniafish/
Dardenia,,https://www.dardenia.com,youtube.com,https://www.youtube.com/channel/UCUnB6dsCsnsuv0PC_eT4r_A
Dayı Kürek Lahmacun,,https://lezzetdayiyaceker.com,facebook.com,https://facebook.com/lezzetdayiyaceker
Dayı Kürek Lahmacun,,https://lezzetdayiyaceker.com,instagram.com,https://instagram.com/dayikureklahmacun
Dayı Kürek Lahmacun,,https://lezzetdayiyaceker.com,twitter.com,https://twitter.com/dayikurek
Dayı Kürek Lahmacun,,https://lezzetdayiyaceker.com,youtube.com,https://www.youtube.com/channel/UCSrhS7MOFXygfAZ1UkG9ULA
Danilo's Pizza,,https://danilos.com.tr,instagram.com,https://www.instagram.com/danilospizzatr/
Danilo's Pizza,,https://danilos.com.tr,tiktok.com,https://www.tiktok.com/@danilos.pizza
Dayı Kürek Lahmacun,,https://lezzetdayiyaceker.com,facebook.com,https://facebook.com/lezzetdayiyaceker
Dayı Kürek Lahmacun,,https://lezzetdayiyaceker.com,instagram.com,https://instagram.com/dayikureklahmacun
Dayı Kürek Lahmacun,,https://lezzetdayiyaceker.com,twitter.com,https://twitter.com/dayikurek
Dayı Kürek Lahmacun,,https://lezzetdayiyaceker.com,youtube.com,https://www.youtube.com/channel/UCSrhS7MOFXygfAZ1UkG9ULA
Del Mare,,https://www.delmarerestaurant.com,facebook.com,https://facebook.com/
Del Mare,,https://www.delmarerestaurant.com,instagram.com,http://instagram.com/
Dekk,,https://www.dekk.ist,instagram.com,https://www.instagram.com/p/DcihBzOjhiU/
Derin Köfte&Burger,,http://Derinkofteburger.com,instagram.com,https://www.instagram.com/derinkofteburger
Derin Köfte&Burger,,http://Derinkofteburger.com,tiktok.com,https://www.tiktok.com/@derinkofteburger
Derin Köfte&Burger,,http://Derinkofteburger.com,youtube.com,https://www.youtube.com/@derinkofteburger
Develi,,https://www.develi1912.com,facebook.com,https://www.facebook.com/develi1912/?ref=settings
Develi,,https://www.develi1912.com,twitter.com,https://twitter.com/develi1912
Develi,,https://www.develi1912.com,instagram.com,https://www.instagram.com/develi1912/?hl=tr
Develi,,https://www.develi1912.com,youtube.com,https://www.youtube.com/user/DeveliKebap/
Develi Kalamış,,https://www.develi1912.com,facebook.com,https://www.facebook.com/develi1912/?ref=settings
Develi Kalamış,,https://www.develi1912.com,twitter.com,https://twitter.com/develi1912
Develi Kalamış,,https://www.develi1912.com,instagram.com,https://www.instagram.com/develi1912/?hl=tr
Develi Kalamış,,https://www.develi1912.com,youtube.com,https://www.youtube.com/user/DeveliKebap/
Divan Brasserie Kalamış,,https://www.divan.com.tr,instagram.com,https://www.instagram.com/divanotelleri/?hl=tr
Divan Brasserie Kalamış,,https://www.divan.com.tr,facebook.com,https://www.facebook.com/divandayiz
Divan Brasserie Kalamış,,https://www.divan.com.tr,youtube.com,https://www.youtube.com/channel/UCD8DsbP7bE0aTgG4HW8WREQ
Divan Pub Erenköy,,https://www.divan.com.tr,instagram.com,https://www.instagram.com/divanotelleri/?hl=tr
Divan Pub Erenköy,,https://www.divan.com.tr,facebook.com,https://www.facebook.com/divandayiz
Divan Pub Erenköy,,https://www.divan.com.tr,youtube.com,https://www.youtube.com/channel/UCD8DsbP7bE0aTgG4HW8WREQ
Diyar Burma Tatlıcısı,,https://www.diyarburma.com.tr,instagram.com,https://www.instagram.com/diyarburma
Doyuyo,,https://doyuyo.com,instagram.com,https://www.instagram.com/doyuyotr/
Doyuyo,,https://doyuyo.com,youtube.com,https://www.youtube.com/channel/UCf4LbiovZtHq8nvw77xLiAQ
Doyuyo,,https://doyuyo.com,twitter.com,https://twitter.com/doyuyotr/
Doz Roastery,,https://doz.coffee,instagram.com,https://www.instagram.com/dozroastery/
Doz Roastery,,https://doz.coffee,twitter.com,https://twitter.com/dozroastery
Duble Meze,,http://www.dublemezebar.com,instagram.com,https://www.instagram.com/dublemezebar/
Durusu Club Restaurant,,https://www.durusuclubhotel.com,facebook.com,https://www.facebook.com/durusuclubhotel
Durusu Club Restaurant,,https://www.durusuclubhotel.com,twitter.com,https://twitter.com/DurusuClubHotel
Durak Büfe,,http://www.durakbufe.com.tr,facebook.com,https://www.facebook.com/durakbufegayrettepe
Durak Büfe,,http://www.durakbufe.com.tr,instagram.com,https://www.instagram.com/durakbufeee
Dudu Restaurant,,https://www.dudurestaurant.com,instagram.com,https://www.instagram.com/dudu.restaurant/
Dönerci Celal Usta,,https://www.donercicelalusta.com,facebook.com,https://www.facebook.com/donercicelalusta
Dönerci Celal Usta,,https://www.donercicelalusta.com,twitter.com,https://twitter.com/DonerciCelal
Dönerci Celal Usta,,https://www.donercicelalusta.com,youtube.com,https://www.youtube.com/channel/UCzFAxt2BDN5JM-UvOzjAtow/videos
Dönerci Celal Usta,,https://www.donercicelalusta.com,instagram.com,https://instagram.com/donercicelalusta/
Dönerci Celal Usta,,https://www.donercicelalusta.com,facebook.com,https://www.facebook.com/donercicelalusta
Dönerci Celal Usta,,https://www.donercicelalusta.com,twitter.com,https://twitter.com/DonerciCelal
Dönerci Celal Usta,,https://www.donercicelalusta.com,youtube.com,https://www.youtube.com/channel/UCzFAxt2BDN5JM-UvOzjAtow/videos
Dönerci Celal Usta,,https://www.donercicelalusta.com,instagram.com,https://instagram.com/donercicelalusta/
Eagle chinese gastro & sushi,,https://eaglechinese.com.tr,instagram.com,https://www.instagram.com/eaglebomonti/
Eagle chinese gastro & sushi,,https://eaglechinese.com.tr,facebook.com,https://www.facebook.com/EagleChineseGastro/
Dönerci Celal Usta - Ümraniye (Atakent) Şubesi,,https://www.donercicelalusta.com,facebook.com,https://www.facebook.com/donercicelalusta
Dönerci Celal Usta - Ümraniye (Atakent) Şubesi,,https://www.donercicelalusta.com,twitter.com,https://twitter.com/DonerciCelal
Dönerci Celal Usta - Ümraniye (Atakent) Şubesi,,https://www.donercicelalusta.com,youtube.com,https://www.youtube.com/channel/UCzFAxt2BDN5JM-UvOzjAtow/videos
Dönerci Celal Usta - Ümraniye (Atakent) Şubesi,,https://www.donercicelalusta.com,instagram.com,https://instagram.com/donercicelalusta/
Dönerci Celal Usta,,https://donercicelalusta.com,facebook.com,https://www.facebook.com/donercicelalusta
Dönerci Celal Usta,,https://donercicelalusta.com,twitter.com,https://twitter.com/DonerciCelal
Dönerci Celal Usta,,https://donercicelalusta.com,youtube.com,https://www.youtube.com/channel/UCzFAxt2BDN5JM-UvOzjAtow/videos
Dönerci Celal Usta,,https://donercicelalusta.com,instagram.com,https://instagram.com/donercicelalusta/
Dürümle,,https://www.durumle.com,instagram.com,https://www.instagram.com/durumle
Dürümle,,https://www.durumle.com,facebook.com,https://www.facebook.com/durumle
Dürümle,,https://www.durumle.com,x.com,https://www.x.com/durumlee
Dürümle,,https://www.durumle.com,youtube.com,https://www.youtube.com/@durumletr
Dürümle,,https://durumle.com,instagram.com,https://www.instagram.com/durumle
Dürümle,,https://durumle.com,facebook.com,https://www.facebook.com/durumle
Dürümle,,https://durumle.com,x.com,https://www.x.com/durumlee
Dürümle,,https://durumle.com,youtube.com,https://www.youtube.com/@durumletr
Efe Ocakbaşı Yeşilköy,,https://www.efeocakbasi.com,instagram.com,https://www.instagram.com/efeocakbasiyesilkoy/
Ekol Hatay Künefe,,https://ekolkunefe.com,facebook.com,https://www.facebook.com/ekolhataykunefe
Ekol Hatay Künefe,,https://ekolkunefe.com,twitter.com,https://twitter.com/ekolkunefe
Ekol Hatay Künefe,,https://ekolkunefe.com,instagram.com,https://instagram.com/ekolkunefe
Ekol Hatay Künefe,,https://ekolkunefe.com,youtube.com,https://www.youtube.com/channel/UCN7rQMg9ZQv-GQf6qXtzpQg
Emirgan Sütiş,,https://www.sutis.com.tr,instagram.com,https://www.instagram.com/reel/DMSK0dmNDGM/
Emirgan Sütiş,,https://www.sutis.com.tr,facebook.com,https://www.facebook.com/EmirganSutis
Emirgan Sütiş,,https://www.sutis.com.tr,x.com,https://x.com/emirgansutis
Emirgan Sütiş,,https://www.sutis.com.tr,youtube.com,https://www.youtube.com/@emirgansutistr
Emirgan Sütiş,,https://www.sutis.com.tr,instagram.com,https://www.instagram.com/reel/DMSK0dmNDGM/
Emirgan Sütiş,,https://www.sutis.com.tr,facebook.com,https://www.facebook.com/EmirganSutis
Emirgan Sütiş,,https://www.sutis.com.tr,x.com,https://x.com/emirgansutis
Emirgan Sütiş,,https://www.sutis.com.tr,youtube.com,https://www.youtube.com/@emirgansutistr
Emirgan Sütiş,,https://www.sutis.com.tr,instagram.com,https://www.instagram.com/reel/DMSK0dmNDGM/
Emirgan Sütiş,,https://www.sutis.com.tr,facebook.com,https://www.facebook.com/EmirganSutis
Emirgan Sütiş,,https://www.sutis.com.tr,x.com,https://x.com/emirgansutis
Emirgan Sütiş,,https://www.sutis.com.tr,youtube.com,https://www.youtube.com/@emirgansutistr
Eta Bakery Arena Park 2,,https://www.etabakery.com,instagram.com,https://www.instagram.com/etabakery.tr/
Etci Mehmet,,https://etcimehmet.com,facebook.com,https://www.facebook.com/etcimehmetsteakhouse/
Etci Mehmet,,https://etcimehmet.com,instagram.com,https://www.instagram.com/etcimehmet/
Etci Mehmet,,https://etcimehmet.com,twitter.com,https://twitter.com/etcimehmet34
Ethem Efendi Kahvaltı,,https://ethemefendikahvalti.com,instagram.com,https://www.instagram.com/p/Db8AatFD6_H/
Ethem Efendi Kahvaltı,,https://ethemefendikahvalti.com,tiktok.com,https://www.tiktok.com/@ethemefendikahvalti
Ethem Efendi Kahvaltı,,https://ethemefendikahvalti.com,youtube.com,https://www.youtube.com/@ethemefendikahvalti
Ethem Efendi Kahvaltı,,https://www.ethemefendikahvalti.com,instagram.com,https://www.instagram.com/p/Db8AatFD6_H/
Ethem Efendi Kahvaltı,,https://www.ethemefendikahvalti.com,tiktok.com,https://www.tiktok.com/@ethemefendikahvalti
Ethem Efendi Kahvaltı,,https://www.ethemefendikahvalti.com,youtube.com,https://www.youtube.com/@ethemefendikahvalti
Ethem Efendi Kahvaltı,,https://www.ethemefendikahvalti.com,instagram.com,https://www.instagram.com/p/Db8AatFD6_H/
Ethem Efendi Kahvaltı,,https://www.ethemefendikahvalti.com,tiktok.com,https://www.tiktok.com/@ethemefendikahvalti
Ethem Efendi Kahvaltı,,https://www.ethemefendikahvalti.com,youtube.com,https://www.youtube.com/@ethemefendikahvalti
Ercan Pizza,,https://www.ercanpizza.com,facebook.com,https://facebook.com/ercanpizza
Ercan Pizza,,https://www.ercanpizza.com,twitter.com,https://twitter.com/ercanpizza
Ercan Pizza,,https://www.ercanpizza.com,instagram.com,https://instagram.com/ercanpizza
Evrim Restoran,,https://www.evrimrestaurant.com,instagram.com,https://www.instagram.com/evrim.restorant/
Ezme Dürüm Evi,,https://ezmedurum.com,instagram.com,https://www.instagram.com/ezmedurum/
Facyo,,https://www.facyo.com.tr,facebook.com,https://tr-tr.facebook.com/pages/B%C3%BCy%C3%BCkada-Fa%C3%A7yo-Restaurant/61667688948
Fazıl Bey'in Türk Kahvesi,,https://www.fazilbey.com.tr,instagram.com,https://www.instagram.com/fazilbeyinturkkahvesi/?hl=en
Fit House,,https://www.fithousetr.com,instagram.com,https://www.instagram.com/fithouseistanbul/
Fiyonk,,https://www.fiyonkbakery.com,instagram.com,https://www.instagram.com/fiyonkbakery
Flake Breakfast & More,,https://flakebreakfast.com,tiktok.com,https://www.tiktok.com/@flakecroissant?_t=8nA4vDfkdqH&_r=1
Flake Breakfast & More,,https://flakebreakfast.com,x.com,https://x.com/flakecroissant?s=21&t=FG3N48l76Ts_GzVrKMOTnw
Flake Breakfast & More,,https://flakebreakfast.com,instagram.com,https://www.instagram.com/flakebreakfast/
Forno Fırın İşletmeciliği,,https://www.fornobalat.com,facebook.com,https://www.facebook.com/FornoBalat?fref=ts
Forno Fırın İşletmeciliği,,https://www.fornobalat.com,instagram.com,https://www.instagram.com/fornobalat/
Gardaş Cag Kebap,,https://gardascagkebap.com,facebook.com,https://facebook.com/gardascagkebap
Gardaş Cag Kebap,,https://gardascagkebap.com,instagram.com,https://instagram.com/gardascagkebap
Gardaş Cag Kebap,,https://gardascagkebap.com,twitter.com,https://twitter.com/gardascagkebap
Gardaş Cag Kebap,,https://gardascagkebap.com,tiktok.com,https://www.tiktok.com/@gardascagkebap
Gardaş Cağ Kebap,,https://gardascagkebap.com,facebook.com,https://facebook.com/gardascagkebap
Gardaş Cağ Kebap,,https://gardascagkebap.com,instagram.com,https://instagram.com/gardascagkebap
Gardaş Cağ Kebap,,https://gardascagkebap.com,twitter.com,https://twitter.com/gardascagkebap
Gardaş Cağ Kebap,,https://gardascagkebap.com,tiktok.com,https://www.tiktok.com/@gardascagkebap
Gardaş Cağ Kebap,,https://gardascagkebap.com,facebook.com,https://facebook.com/gardascagkebap
Gardaş Cağ Kebap,,https://gardascagkebap.com,instagram.com,https://instagram.com/gardascagkebap
Gardaş Cağ Kebap,,https://gardascagkebap.com,twitter.com,https://twitter.com/gardascagkebap
Gardaş Cağ Kebap,,https://gardascagkebap.com,tiktok.com,https://www.tiktok.com/@gardascagkebap
Gasto Nişantaşı,,http://www.gasto.com.tr,youtube.com,https://www.youtube.com/channel/UCeU-_6YHGQFcVSHLbEXLNlA/playlists?utm_campaign=plesk_server_default_page_js
Gasto Nişantaşı,,http://www.gasto.com.tr,facebook.com,https://www.facebook.com/Plesk?utm_campaign=plesk_server_default_page_js
Fıccın,,https://www.ficcin.com,facebook.com,https://www.facebook.com/ficcin
Fıccın,,https://www.ficcin.com,instagram.com,https://www.instagram.com/ficcin
Fıccın,,https://www.ficcin.com,x.com,https://x.com/fccncom
Fıccın,,https://www.ficcin.com,youtube.com,https://www.youtube.com/channel/UCgdB08L2F8tSQz-Hd6vvMow?sub_corfirmation=1
Fıccın,,https://www.ficcin.com,twitter.com,https://twitter.com/FccnCom
Gaziantepli Bozkaya Baklavaları,,https://bozkayabaklavalari.com,instagram.com,https://www.instagram.com/bozkayabaklavalari/
Ghalia Launge,,https://www.ghalia.com.tr,instagram.com,https://www.instagram.com/ghalialounge/
Ghalia Launge,,https://www.ghalia.com.tr,facebook.com,https://www.facebook.com/ghalialounge/
Geççi Maslak,,https://gecci.org,facebook.com,https://facebook.com/sarigecci
Geççi Maslak,,https://gecci.org,instagram.com,http://instagram.com/gecci_
Geççi Maslak,,https://gecci.org,twitter.com,http://twitter.com/gecciii_
Geççi Maslak,,https://gecci.org,youtube.com,https://youtube.com/channel/UCjfrcj0jEEsiL2ts1vIngUQ
Glowing Forest Shop&Coffee,,https://www.glowingforest.com,instagram.com,https://instagram.com/glowingforestshop/
Gloria Jean's,,https://gloriajeans.com.tr,instagram.com,https://www.instagram.com/accounts/login/?next=https%3A%2F%2Fwww.instagram.com%2Fgjcsturkey%2F&is_from_rle
Gloria Jean's,,https://gloriajeans.com.tr,x.com,https://x.com/gjcsturkey
Gloria Jean's,,https://gloriajeans.com.tr,youtube.com,https://www.youtube.com/channel/UCaJ46WNFFmf19h7MG9wJXeQ
Gloria Jean's,,https://gloriajeans.com.tr,youtu.be,https://youtu.be/wYpxl-8SWX8
Giritli,,http://www.giritlirestoran.com,facebook.com,https://www.facebook.com/Giritli-Restoran-322614427937181/
Giritli,,http://www.giritlirestoran.com,instagram.com,https://www.instagram.com/giritlirestoran/
Gloria Jean's,,https://www.gloriajeans.com.tr,instagram.com,https://www.instagram.com/accounts/login/?next=https%3A%2F%2Fwww.instagram.com%2Fgjcsturkey%2F&is_from_rle
Gloria Jean's,,https://www.gloriajeans.com.tr,x.com,https://x.com/gjcsturkey
Gloria Jean's,,https://www.gloriajeans.com.tr,youtube.com,https://www.youtube.com/channel/UCaJ46WNFFmf19h7MG9wJXeQ
Gloria Jean's,,https://www.gloriajeans.com.tr,youtu.be,https://youtu.be/wYpxl-8SWX8
Gelik ET Ataköy Istanbul,,https://www.gelik.com.tr,instagram.com,https://www.instagram.com/p/C7B_gz5oDLN/
Gizia Brasserie,,https://www.giziabrasserie.com,instagram.com,https://www.instagram.com/giziabrasserieofficial/
Golden Horse Coffee,,https://goldenhorsecoffee.com,instagram.com,https://www.instagram.com/goldenhorsetr/
Goblin Oyun Kulübü,,https://www.goblin-store.com,facebook.com,https://www.facebook.com/GoblinOyunKulubu/
Goblin Oyun Kulübü,,https://www.goblin-store.com,instagram.com,https://www.instagram.com/goblinoyunkulubu/
Grandma Suadiye,,https://www.grandma.com.tr,instagram.com,https://www.instagram.com/p/DS7D2vcjJHm/
Golden Spoon,,https://foursquare.com,x.com,https://x.com/foursquare?lang=en
Greenwich Coffe,,https://watergarden.com.tr,instagram.com,https://www.instagram.com/watergardenist/?hl=en
Greenwich Coffe,,https://watergarden.com.tr,x.com,https://x.com/watergardenist
Greenwich Coffe,,https://watergarden.com.tr,facebook.com,https://www.facebook.com/watergardenist/
Greenwich Coffe,,https://watergarden.com.tr,youtube.com,https://www.youtube.com/@Watergardenist
Greenwich Coffe,,https://watergarden.com.tr,tiktok.com,https://www.tiktok.com/@watergardenist
Griffin Bomonti,,http://www.griffinglobal.net,facebook.com,https://www.facebook.com/griffinglobal/
Griffin Bomonti,,http://www.griffinglobal.net,instagram.com,https://www.instagram.com/griffin.global/
Gözdağı Sosyal Tesisleri,,https://tesislerimiz.ibb.istanbul,twitter.com,https://twitter.com/sosyaltesisler
Gözdağı Sosyal Tesisleri,,https://tesislerimiz.ibb.istanbul,facebook.com,https://www.facebook.com/sosyaltesisler
Gözdağı Sosyal Tesisleri,,https://tesislerimiz.ibb.istanbul,instagram.com,https://www.instagram.com/sosyaltesisler/
Hacıbaşar,,https://hacibasar.com,facebook.com,https://www.facebook.com/Hacibasar.Kebap.katmer/
Hacıbaşar,,https://hacibasar.com,instagram.com,https://www.instagram.com/hacibasar/
Hacıbaşar,,https://hacibasar.com,x.com,https://x.com/hacibasar
Hacıbaşar,,https://hacibasar.com,tiktok.com,https://www.tiktok.com/@hacibasarkebap?_t=8UgmeJklZA2&_r=1
Hacıbaşar,,https://hacibasar.com,youtube.com,https://www.youtube.com/channel/UCPncBorcSUF9-jHF1gn7PIw
Güneşin Sofrası,,http://gunesinsofrasi.com,facebook.com,https://www.facebook.com/gunesinsofrasimeyhane/?ref=br_rs
Hacıbaşar Kebap,,https://hacibasar.com,facebook.com,https://www.facebook.com/Hacibasar.Kebap.katmer/
Hacıbaşar Kebap,,https://hacibasar.com,instagram.com,https://www.instagram.com/hacibasar/
Hacıbaşar Kebap,,https://hacibasar.com,x.com,https://x.com/hacibasar
Hacıbaşar Kebap,,https://hacibasar.com,tiktok.com,https://www.tiktok.com/@hacibasarkebap?_t=8UgmeJklZA2&_r=1
Hacıbaşar Kebap,,https://hacibasar.com,youtube.com,https://www.youtube.com/channel/UCPncBorcSUF9-jHF1gn7PIw
Hacıbaşar,,https://www.hacibasar.com,facebook.com,https://www.facebook.com/Hacibasar.Kebap.katmer/
Hacıbaşar,,https://www.hacibasar.com,instagram.com,https://www.instagram.com/hacibasar/
Hacıbaşar,,https://www.hacibasar.com,x.com,https://x.com/hacibasar
Hacıbaşar,,https://www.hacibasar.com,tiktok.com,https://www.tiktok.com/@hacibasarkebap?_t=8UgmeJklZA2&_r=1
Hacıbaşar,,https://www.hacibasar.com,youtube.com,https://www.youtube.com/channel/UCPncBorcSUF9-jHF1gn7PIw
Hakiki Kebap,,https://www.hakikikebap.com,facebook.com,https://www.facebook.com/HakikiKebap/
Hakiki Kebap,,https://www.hakikikebap.com,instagram.com,https://www.instagram.com/hakikikebap/
Hakiki Kebap,,https://www.hakikikebap.com,youtube.com,https://www.youtube.com/@hakikikebap
Hani,,https://www.hanirestaurant.com,instagram.com,https://www.instagram.com/hanibirestaurant/
Hamdizade,,https://www.hamdizade.com.tr,facebook.com,https://www.facebook.com/hamdizadedondurma1925
Hamdizade,,https://www.hamdizade.com.tr,youtube.com,https://www.youtube.com/@hamdizade1925
Happy Moon's,,https://www.happygroup.com.tr,facebook.com,https://www.facebook.com/HappyMoonsCafe/
Happy Moon's,,https://www.happygroup.com.tr,instagram.com,https://www.instagram.com/happymoonscafe/
Happy Moon's,,https://www.happygroup.com.tr,youtube.com,https://www.youtube.com/channel/UCIAbrOGENUVBFggXD4nY5gw
Happy Moon's,,https://www.happygroup.com.tr,x.com,https://www.x.com/happymoonscafe
Happy Moon's,,https://www.happygroup.com.tr,facebook.com,https://www.facebook.com/HappyMoonsCafe/
Happy Moon's,,https://www.happygroup.com.tr,instagram.com,https://www.instagram.com/happymoonscafe/
Happy Moon's,,https://www.happygroup.com.tr,youtube.com,https://www.youtube.com/channel/UCIAbrOGENUVBFggXD4nY5gw
Happy Moon's,,https://www.happygroup.com.tr,x.com,https://www.x.com/happymoonscafe
Happy Moon's Fenerbahçe,,https://www.happygroup.com.tr,facebook.com,https://www.facebook.com/HappyMoonsCafe/
Happy Moon's Fenerbahçe,,https://www.happygroup.com.tr,instagram.com,https://www.instagram.com/happymoonscafe/
Happy Moon's Fenerbahçe,,https://www.happygroup.com.tr,youtube.com,https://www.youtube.com/channel/UCIAbrOGENUVBFggXD4nY5gw
Happy Moon's Fenerbahçe,,https://www.happygroup.com.tr,x.com,https://www.x.com/happymoonscafe
Han Restoran,,https://hanrestoran.com,instagram.com,https://www.instagram.com/hanrestoransaskinbakkal/
Han Restoran,,https://hanrestoran.com,facebook.com,https://www.facebook.com/Han-Restoran-100758961391817/
Halk Ulaşım Dergisi,,https://www.halkulasim.com,x.com,https://x.com/Halkulasim
Halk Ulaşım Dergisi,,https://www.halkulasim.com,facebook.com,https://m.facebook.com/halkulasimdergisi/
Halk Ulaşım Dergisi,,https://www.halkulasim.com,instagram.com,https://www.instagram.com/halkulasim
Halk Ulaşım Dergisi,,https://www.halkulasim.com,youtube.com,https://www.youtube.com/@HalkUlaşım
Hasırlı Konya Mutfağı,,https://www.hasirli.com,facebook.com,https://www.facebook.com/Hasirlikonya/
Hasırlı Konya Mutfağı,,https://www.hasirli.com,twitter.com,https://twitter.com/hasirlikonya
Hasırlı Konya Mutfağı,,https://www.hasirli.com,instagram.com,https://www.instagram.com/hasirlikonya/
Happy Moon's Lens İstanbul,,https://www.happygroup.com.tr,facebook.com,https://www.facebook.com/HappyMoonsCafe/
Happy Moon's Lens İstanbul,,https://www.happygroup.com.tr,instagram.com,https://www.instagram.com/happymoonscafe/
Happy Moon's Lens İstanbul,,https://www.happygroup.com.tr,youtube.com,https://www.youtube.com/channel/UCIAbrOGENUVBFggXD4nY5gw
Happy Moon's Lens İstanbul,,https://www.happygroup.com.tr,x.com,https://www.x.com/happymoonscafe
Hatay Gurme,,https://www.hataygurme.com.tr,instagram.com,https://www.instagram.com/hataygurme
Hatay Gurme,,https://www.hataygurme.com.tr,facebook.com,https://www.facebook.com/htygurme
Hatay Medeniyetler Sofrasi,,http://hataymedeniyetlersofrasi.com.tr,facebook.com,http://www.facebook.com/MedeniyetlerSofrasi
Hatay Medeniyetler Sofrasi,,http://hataymedeniyetlersofrasi.com.tr,twitter.com,http://www.twitter.com/MedeniyetlerSFR
Hatay Medeniyetler Sofrasi,,http://hataymedeniyetlersofrasi.com.tr,instagram.com,http://www.instagram.com/hataymedeniyetlersofrasi
Hazzo Pulo Restaurant & Şarap Evi,,https://www.hazzopulo.com.tr,facebook.com,https://www.facebook.com/hazzopulosarapevi/
Hazzo Pulo Restaurant & Şarap Evi,,https://www.hazzopulo.com.tr,instagram.com,https://www.instagram.com/
Hazzo Pulo Restaurant & Şarap Evi,,https://www.hazzopulo.com.tr,twitter.com,https://twitter.com/
Hey Döner,,https://www.heydoner.com,instagram.com,https://www.instagram.com/heydonertr
Hey Döner,,https://www.heydoner.com,youtube.com,https://www.youtube.com/@heydonertr
Hey Döner,,https://www.heydoner.com,tiktok.com,https://www.tiktok.com/@heydonertr
Hook Balık,,https://www.hookbalik.com,instagram.com,https://www.instagram.com/stories/highlights/18157136722226738/
Heybet,,https://heybet.com.tr,instagram.com,https://www.instagram.com/heybetdoner
Heybet,,https://heybet.com.tr,facebook.com,https://www.facebook.com/heybetdoner
Heybet,,https://heybet.com.tr,twitter.com,https://twitter.com/heybetdoner
House Of SOFA,,https://www.houseofsofa.com.tr,instagram.com,https://www.instagram.com/sofa__moda/
Helvacı Ali Şile,,https://www.helvaciali.com,twitter.com,https://twitter.com/helvaciali1900
Helvacı Ali Şile,,https://www.helvaciali.com,facebook.com,https://www.facebook.com/helvaciali1900/
Helvacı Ali Şile,,https://www.helvaciali.com,instagram.com,https://www.instagram.com/helvaciali1900/
Hugg Coffee,,https://www.huggcoffee.co,instagram.com,https://www.instagram.com/huggcoffeeco
Huqqa,,https://huqqa.com,instagram.com,https://www.instagram.com/huqqa/
Huqqa,,https://huqqa.com,facebook.com,https://www.facebook.com/HuqqaProject
Huqqa,,https://huqqa.com,youtube.com,https://www.youtube.com/@HuqqaTR
HuQQabaz Mall Of İstanbul,,https://huqqabaz.com,instagram.com,https://www.instagram.com/huqqabaz
HuQQabaz Mall Of İstanbul,,https://huqqabaz.com,youtube.com,https://www.youtube.com/@huqqabaztr
HuQQabaz Mall Of İstanbul,,https://huqqabaz.com,tiktok.com,https://www.tiktok.com/@huqqabaztr
Huqqa,,https://huqqa.com,instagram.com,https://www.instagram.com/huqqa/
Huqqa,,https://huqqa.com,facebook.com,https://www.facebook.com/HuqqaProject
Huqqa,,https://huqqa.com,youtube.com,https://www.youtube.com/@HuqqaTR
Huqqa,,https://huqqa.com,instagram.com,https://www.instagram.com/huqqa/
Huqqa,,https://huqqa.com,facebook.com,https://www.facebook.com/HuqqaProject
Huqqa,,https://huqqa.com,youtube.com,https://www.youtube.com/@HuqqaTR
House of B,,https://houseofbturkey.com,facebook.com,https://facebook.com/unitedweeat
House of B,,https://houseofbturkey.com,twitter.com,https://twitter.com/houseofbturkey
House of B,,https://houseofbturkey.com,youtube.com,https://www.youtube.com/channel/UC19IMQbx4nfjXxuOn_hfEkQ
House of B,,https://houseofbturkey.com,instagram.com,https://instagram.com/houseofbturkey
Ismet Baba,,http://ismetbaba.com.tr,instagram.com,https://www.instagram.com/accounts/password/reset/?next=https%3A%2F%2Fwww.instagram.com%2Fismetbabarestaurant%2F
Ismet Baba,,http://ismetbaba.com.tr,facebook.com,https://developers.facebook.com/docs/instagram
Ist Too,,https://www.shangri-la.com,instagram.com,https://www.instagram.com/shangrilahotels/
Ist Too,,https://www.shangri-la.com,facebook.com,https://www.facebook.com/shangrila
İBB Altınboynuz Sosyal Tesisi,,https://tesislerimiz.ibb.istanbul,twitter.com,https://twitter.com/sosyaltesisler
İBB Altınboynuz Sosyal Tesisi,,https://tesislerimiz.ibb.istanbul,facebook.com,https://www.facebook.com/sosyaltesisler
İBB Altınboynuz Sosyal Tesisi,,https://tesislerimiz.ibb.istanbul,instagram.com,https://www.instagram.com/sosyaltesisler/
İBB Arnavutköy Kent Lokantası,,https://tesislerimiz.ibb.istanbul,twitter.com,https://twitter.com/sosyaltesisler
İBB Arnavutköy Kent Lokantası,,https://tesislerimiz.ibb.istanbul,facebook.com,https://www.facebook.com/sosyaltesisler
İBB Arnavutköy Kent Lokantası,,https://tesislerimiz.ibb.istanbul,instagram.com,https://www.instagram.com/sosyaltesisler/
İBB Avcılar Kent Lokantası,,https://tesislerimiz.ibb.istanbul,twitter.com,https://twitter.com/sosyaltesisler
İBB Avcılar Kent Lokantası,,https://tesislerimiz.ibb.istanbul,facebook.com,https://www.facebook.com/sosyaltesisler
İBB Avcılar Kent Lokantası,,https://tesislerimiz.ibb.istanbul,instagram.com,https://www.instagram.com/sosyaltesisler/
İBB Eyüpsultan Kent Lokantası,,https://tesislerimiz.ibb.istanbul,twitter.com,https://twitter.com/sosyaltesisler
İBB Eyüpsultan Kent Lokantası,,https://tesislerimiz.ibb.istanbul,facebook.com,https://www.facebook.com/sosyaltesisler
İBB Eyüpsultan Kent Lokantası,,https://tesislerimiz.ibb.istanbul,instagram.com,https://www.instagram.com/sosyaltesisler/
İBB Bağcılar Kent Lokantası,,https://tesislerimiz.ibb.istanbul,twitter.com,https://twitter.com/sosyaltesisler
İBB Bağcılar Kent Lokantası,,https://tesislerimiz.ibb.istanbul,facebook.com,https://www.facebook.com/sosyaltesisler
İBB Bağcılar Kent Lokantası,,https://tesislerimiz.ibb.istanbul,instagram.com,https://www.instagram.com/sosyaltesisler/
İbb Gazi Sosyal Tesisleri,,https://tesislerimiz.ibb.istanbul,twitter.com,https://twitter.com/sosyaltesisler
İbb Gazi Sosyal Tesisleri,,https://tesislerimiz.ibb.istanbul,facebook.com,https://www.facebook.com/sosyaltesisler
İbb Gazi Sosyal Tesisleri,,https://tesislerimiz.ibb.istanbul,instagram.com,https://www.instagram.com/sosyaltesisler/
İBB Hisarüstü Kent Lokantası,,https://tesislerimiz.ibb.istanbul,twitter.com,https://twitter.com/sosyaltesisler
İBB Hisarüstü Kent Lokantası,,https://tesislerimiz.ibb.istanbul,facebook.com,https://www.facebook.com/sosyaltesisler
İBB Hisarüstü Kent Lokantası,,https://tesislerimiz.ibb.istanbul,instagram.com,https://www.instagram.com/sosyaltesisler/
İBB Kent Lokantası,,https://tesislerimiz.ibb.istanbul,twitter.com,https://twitter.com/sosyaltesisler
İBB Kent Lokantası,,https://tesislerimiz.ibb.istanbul,facebook.com,https://www.facebook.com/sosyaltesisler
İBB Kent Lokantası,,https://tesislerimiz.ibb.istanbul,instagram.com,https://www.instagram.com/sosyaltesisler/
İBB Pendik Kent Lokantası,,https://tesislerimiz.ibb.istanbul,twitter.com,https://twitter.com/sosyaltesisler
İBB Pendik Kent Lokantası,,https://tesislerimiz.ibb.istanbul,facebook.com,https://www.facebook.com/sosyaltesisler
İBB Pendik Kent Lokantası,,https://tesislerimiz.ibb.istanbul,instagram.com,https://www.instagram.com/sosyaltesisler/
İBB Küçükçekmece Kent Lokantası,,https://tesislerimiz.ibb.istanbul,twitter.com,https://twitter.com/sosyaltesisler
İBB Küçükçekmece Kent Lokantası,,https://tesislerimiz.ibb.istanbul,facebook.com,https://www.facebook.com/sosyaltesisler
İBB Küçükçekmece Kent Lokantası,,https://tesislerimiz.ibb.istanbul,instagram.com,https://www.instagram.com/sosyaltesisler/
İBB Safa Tepesi Sosyal Tesisleri,,https://tesislerimiz.ibb.istanbul,twitter.com,https://twitter.com/sosyaltesisler
İBB Safa Tepesi Sosyal Tesisleri,,https://tesislerimiz.ibb.istanbul,facebook.com,https://www.facebook.com/sosyaltesisler
İBB Safa Tepesi Sosyal Tesisleri,,https://tesislerimiz.ibb.istanbul,instagram.com,https://www.instagram.com/sosyaltesisler/
İBB Sancaktepe Kent Lokantası,,https://tesislerimiz.ibb.istanbul,twitter.com,https://twitter.com/sosyaltesisler
İBB Sancaktepe Kent Lokantası,,https://tesislerimiz.ibb.istanbul,facebook.com,https://www.facebook.com/sosyaltesisler
İBB Sancaktepe Kent Lokantası,,https://tesislerimiz.ibb.istanbul,instagram.com,https://www.instagram.com/sosyaltesisler/
İBB Sarıgazi Kent Lokantası,,https://tesislerimiz.ibb.istanbul,twitter.com,https://twitter.com/sosyaltesisler
İBB Sarıgazi Kent Lokantası,,https://tesislerimiz.ibb.istanbul,facebook.com,https://www.facebook.com/sosyaltesisler
İBB Sarıgazi Kent Lokantası,,https://tesislerimiz.ibb.istanbul,instagram.com,https://www.instagram.com/sosyaltesisler/
İBB Sultanahmet Kent Lokantası,,https://tesislerimiz.ibb.istanbul,twitter.com,https://twitter.com/sosyaltesisler
İBB Sultanahmet Kent Lokantası,,https://tesislerimiz.ibb.istanbul,facebook.com,https://www.facebook.com/sosyaltesisler
İBB Sultanahmet Kent Lokantası,,https://tesislerimiz.ibb.istanbul,instagram.com,https://www.instagram.com/sosyaltesisler/
İBB Tuzla Kent Lokantası,,https://tesislerimiz.ibb.istanbul,twitter.com,https://twitter.com/sosyaltesisler
İBB Tuzla Kent Lokantası,,https://tesislerimiz.ibb.istanbul,facebook.com,https://www.facebook.com/sosyaltesisler
İBB Tuzla Kent Lokantası,,https://tesislerimiz.ibb.istanbul,instagram.com,https://www.instagram.com/sosyaltesisler/
İBB Sultanbeyli Kent Lokantası,,https://tesislerimiz.ibb.istanbul,twitter.com,https://twitter.com/sosyaltesisler
İBB Sultanbeyli Kent Lokantası,,https://tesislerimiz.ibb.istanbul,facebook.com,https://www.facebook.com/sosyaltesisler
İBB Sultanbeyli Kent Lokantası,,https://tesislerimiz.ibb.istanbul,instagram.com,https://www.instagram.com/sosyaltesisler/
İBB Sultangazi Kent Lokantası,,https://tesislerimiz.ibb.istanbul,twitter.com,https://twitter.com/sosyaltesisler
İBB Sultangazi Kent Lokantası,,https://tesislerimiz.ibb.istanbul,facebook.com,https://www.facebook.com/sosyaltesisler
İBB Sultangazi Kent Lokantası,,https://tesislerimiz.ibb.istanbul,instagram.com,https://www.instagram.com/sosyaltesisler/
İBB Çapa Kent Lokantası,,https://tesislerimiz.ibb.istanbul,twitter.com,https://twitter.com/sosyaltesisler
İBB Çapa Kent Lokantası,,https://tesislerimiz.ibb.istanbul,facebook.com,https://www.facebook.com/sosyaltesisler
İBB Çapa Kent Lokantası,,https://tesislerimiz.ibb.istanbul,instagram.com,https://www.instagram.com/sosyaltesisler/
İBB Çatalca Kent Lokantası,,https://tesislerimiz.ibb.istanbul,twitter.com,https://twitter.com/sosyaltesisler
İBB Çatalca Kent Lokantası,,https://tesislerimiz.ibb.istanbul,facebook.com,https://www.facebook.com/sosyaltesisler
İBB Çatalca Kent Lokantası,,https://tesislerimiz.ibb.istanbul,instagram.com,https://www.instagram.com/sosyaltesisler/
İBB Çekmeköy Kent Lokantası,,https://tesislerimiz.ibb.istanbul,twitter.com,https://twitter.com/sosyaltesisler
İBB Çekmeköy Kent Lokantası,,https://tesislerimiz.ibb.istanbul,facebook.com,https://www.facebook.com/sosyaltesisler
İBB Çekmeköy Kent Lokantası,,https://tesislerimiz.ibb.istanbul,instagram.com,https://www.instagram.com/sosyaltesisler/
İntiba Döner,,https://intiba.com.tr,facebook.com,https://www.facebook.com/intibadoner/
İntiba Döner,,https://intiba.com.tr,instagram.com,https://www.instagram.com/intibadoner/
İntiba Döner,,https://intiba.com.tr,twitter.com,https://twitter.com/intibadoner
İBB Üsküdar Kent Lokantası,,https://tesislerimiz.ibb.istanbul,twitter.com,https://twitter.com/sosyaltesisler
İBB Üsküdar Kent Lokantası,,https://tesislerimiz.ibb.istanbul,facebook.com,https://www.facebook.com/sosyaltesisler
İBB Üsküdar Kent Lokantası,,https://tesislerimiz.ibb.istanbul,instagram.com,https://www.instagram.com/sosyaltesisler/
İBB Ümraniye Kent Lokantası,,https://tesislerimiz.ibb.istanbul,twitter.com,https://twitter.com/sosyaltesisler
İBB Ümraniye Kent Lokantası,,https://tesislerimiz.ibb.istanbul,facebook.com,https://www.facebook.com/sosyaltesisler
İBB Ümraniye Kent Lokantası,,https://tesislerimiz.ibb.istanbul,instagram.com,https://www.instagram.com/sosyaltesisler/
İntiba Döner,,https://www.intiba.com.tr,facebook.com,https://www.facebook.com/intibadoner/
İntiba Döner,,https://www.intiba.com.tr,instagram.com,https://www.instagram.com/intibadoner/
İntiba Döner,,https://www.intiba.com.tr,twitter.com,https://twitter.com/intibadoner
İntiba Döner,,https://www.intiba.com.tr,facebook.com,https://www.facebook.com/intibadoner/
İntiba Döner,,https://www.intiba.com.tr,instagram.com,https://www.instagram.com/intibadoner/
İntiba Döner,,https://www.intiba.com.tr,twitter.com,https://twitter.com/intibadoner
İnönü Mahallesi Emekliler Kafeteryası,,https://kucukcekmece.istanbul,facebook.com,https://www.facebook.com/kemalcebichp
İnönü Mahallesi Emekliler Kafeteryası,,https://kucukcekmece.istanbul,twitter.com,https://twitter.com/kemalcebichp
İnönü Mahallesi Emekliler Kafeteryası,,https://kucukcekmece.istanbul,instagram.com,https://www.instagram.com/kemalcebichp
İnönü Mahallesi Emekliler Kafeteryası,,https://kucukcekmece.istanbul,youtube.com,https://www.youtube.com/user/Kucukcekmecebld/
İnönü Mahallesi Emekliler Kafeteryası,,https://kucukcekmece.istanbul,tiktok.com,https://www.tiktok.com/@kucukcekmecemiz
İstek Börek,,https://www.istekborek.com,instagram.com,https://www.instagram.com/istekborek/
İstek Börek,,https://www.istekborek.com,facebook.com,https://www.facebook.com/istekborek/
Just Pizza Gayrettepe,,https://www.justpizzatr.com,facebook.com,https://www.facebook.com/justpizzatr
Just Pizza Gayrettepe,,https://www.justpizzatr.com,twitter.com,https://twitter.com/justpizzatr
Just Pizza Gayrettepe,,https://www.justpizzatr.com,instagram.com,https://www.instagram.com/justpizzatr/
İstanbul Lab,,https://www.labistanbul.com.tr,instagram.com,https://www.instagram.com/labistanbul/
İstanbul Lab,,https://www.labistanbul.com.tr,facebook.com,https://www.facebook.com/istanbullaboratuvarlari/
İstanbul Lab,,https://www.labistanbul.com.tr,youtube.com,https://www.youtube.com/channel/UCD21ynk5CpCstLYyD97ZCcA/videos
Juan Valdez Coffee,,https://www.juanvaldezcoffee.com.tr,facebook.com,https://www.facebook.com/p/Juan-Valdez-Caf%C3%A9-100079450973558/
Juan Valdez Coffee,,https://www.juanvaldezcoffee.com.tr,instagram.com,https://www.instagram.com/juanvaldez.tr
Juan Valdez Coffee,,https://www.juanvaldezcoffee.com.tr,youtube.com,https://youtube.com/@juanvaldeztr
Kaffa Miro,,https://kaffamiro.com,instagram.com,https://www.instagram.com/kaffamiro/
Kaffee Schütz,,https://www.schutz.com.tr,facebook.com,https://www.facebook.com/kaffeeschutz
Kaffee Schütz,,https://www.schutz.com.tr,instagram.com,https://www.instagram.com/kaffee_schutz
Kalamissia,,https://www.kalamissia.com,instagram.com,https://www.instagram.com/kalamissiacafe/
Kahve Deryasi,,https://kahvederyasi.com.tr,facebook.com,https://www.facebook.com/KahveDeryasi/
Kahve Deryasi,,https://kahvederyasi.com.tr,twitter.com,https://twitter.com/kahvederyasi
Kahve Deryasi,,https://kahvederyasi.com.tr,instagram.com,https://www.instagram.com/kahvederyasi_tr/
Kahve Dünyası,,https://ataturkkitapligi.ibb.gov.tr,youtube.com,https://www.youtube.com/@ibbkutuphane8749
Kahve Dünyası,,https://ataturkkitapligi.ibb.gov.tr,x.com,https://x.com/ibbkutuphane_
Kahve Dünyası,,https://ataturkkitapligi.ibb.gov.tr,facebook.com,https://www.facebook.com/%C4%B0BB-Atat%C3%BCrk-Kitapl%C4%B1%C4%9F%C4%B1-193011691336662
Kahve Dünyası,,https://ataturkkitapligi.ibb.gov.tr,instagram.com,https://www.instagram.com/ibbkutuphane
Kalbur,,https://kalburet.com,instagram.com,https://instagram.com/kalburetkebap/
Kalbur,,https://kalburet.com,facebook.com,https://www.facebook.com/kalburetkebap/
Kale Café,,http://kalecafe.com,instagram.com,https://www.instagram.com/kale_cafe/
Kanaat Lokantası,,http://www.kanaatlokantasi.com.tr,instagram.com,https://www.instagram.com/kanaatlokantasi1933/?hl=tr
Kanatçı Haydar,,http://www.kanatcihaydar.com.tr,facebook.com,https://www.facebook.com/KanatciHaydar
Kanatçı Haydar,,http://www.kanatcihaydar.com.tr,tiktok.com,https://www.tiktok.com/@kanatcihaydar
Kanatçı Haydar,,http://www.kanatcihaydar.com.tr,instagram.com,http://instagram.com/KanatciHaydar
Kanatçı Haydar,,http://www.kanatcihaydar.com.tr,youtube.com,https://www.youtube.com/@kanatci.haydar
Karafırın,,https://www.karafirin.com.tr,facebook.com,https://www.facebook.com/karafirin/
Karafırın,,https://www.karafirin.com.tr,instagram.com,https://www.instagram.com/karafirin/
Kavurmacı Efe Kemal,,https://kavurmaciefekemal.com.tr,instagram.com,https://www.instagram.com/kavurmaciefekemal/
Kavurmacı Efe Kemal,,https://kavurmaciefekemal.com.tr,facebook.com,https://www.facebook.com/QodeInteractive/
Kebapçı İskender,,https://iskenderiskenderoglu.com.tr,instagram.com,https://www.instagram.com/iskenderiskenderogluofficial/
Kayseri Mutfağı,,https://www.kayserimutfagi.com,instagram.com,https://www.instagram.com/kayseri.mutfagi/
Ken Sushi,,http://www.kensushiandmore.com,instagram.com,https://www.instagram.com/kensushiandmore
Kernel Coffee Roasters,,https://kernelcoffee.co,instagram.com,https://www.instagram.com/kernelcoffee
Kayseri Mutfağı,,https://www.kayserimutfagi.com,instagram.com,https://www.instagram.com/kayseri.mutfagi/
Kayseri Mutfağı,,https://www.kayserimutfagi.com,instagram.com,https://www.instagram.com/kayseri.mutfagi/
Kayseri Mutfağı,,https://www.kayserimutfagi.com,instagram.com,https://www.instagram.com/kayseri.mutfagi/
Kevok Ocakbaş,,http://tunnelmedya.com,youtu.be,https://youtu.be/Ogs6V0cNAIs
Kevok Ocakbaş,,http://tunnelmedya.com,facebook.com,https://www.facebook.com/tunnelmedya
Kevok Ocakbaş,,http://tunnelmedya.com,twitter.com,https://www.twitter.com/tunelmedya
Kevok Ocakbaş,,http://tunnelmedya.com,instagram.com,https://www.instagram.com/tunelyapimmedya
Kiraz Cafe & Pastane,,https://www.kirazpasta.com.tr,instagram.com,https://www.instagram.com/kirazcafe.pastane
Kirpi Kafe,,http://www.kirpicafe.com,instagram.com,https://www.instagram.com/kirpirestaurant/
Kirpi Kafe,,http://www.kirpicafe.com,facebook.com,https://www.facebook.com/kirpirestaurant
Kirpi Kafe,,http://www.kirpicafe.com,twitter.com,https://twitter.com/kirpirestaurant
Kirpi Kafe,,http://www.kirpicafe.com,youtube.com,https://www.youtube.com/channel/UCR_jfZDgtv7NCsTl-cipSow
Kirpi Kafe,,http://www.kirpicafe.com,tiktok.com,https://www.tiktok.com/@kirpirestaurant
Komagene,,https://www.komagene.com.tr,instagram.com,https://www.instagram.com/komagenetr/?hl=en
Komagene,,https://www.komagene.com.tr,twitter.com,https://twitter.com/komagenetr?lang=en
Komagene,,https://www.komagene.com.tr,facebook.com,https://www.facebook.com/komagene/
Komagene,,https://www.komagene.com.tr,youtube.com,https://www.youtube.com/channel/UCwjZW7hjUvP3OJDQ-dPOLkg
Komagene,,https://www.komagene.com.tr,instagram.com,https://www.instagram.com/komagenetr/?hl=en
Komagene,,https://www.komagene.com.tr,twitter.com,https://twitter.com/komagenetr?lang=en
Komagene,,https://www.komagene.com.tr,facebook.com,https://www.facebook.com/komagene/
Komagene,,https://www.komagene.com.tr,youtube.com,https://www.youtube.com/channel/UCwjZW7hjUvP3OJDQ-dPOLkg
Komagene,,https://www.komagene.com.tr,instagram.com,https://www.instagram.com/komagenetr/?hl=en
Komagene,,https://www.komagene.com.tr,twitter.com,https://twitter.com/komagenetr?lang=en
Komagene,,https://www.komagene.com.tr,facebook.com,https://www.facebook.com/komagene/
Komagene,,https://www.komagene.com.tr,youtube.com,https://www.youtube.com/channel/UCwjZW7hjUvP3OJDQ-dPOLkg
Komagene,,https://www.komagene.com.tr,instagram.com,https://www.instagram.com/komagenetr/?hl=en
Komagene,,https://www.komagene.com.tr,twitter.com,https://twitter.com/komagenetr?lang=en
Komagene,,https://www.komagene.com.tr,facebook.com,https://www.facebook.com/komagene/
Komagene,,https://www.komagene.com.tr,youtube.com,https://www.youtube.com/channel/UCwjZW7hjUvP3OJDQ-dPOLkg
Komagene,,https://www.komagene.com.tr,instagram.com,https://www.instagram.com/komagenetr/?hl=en
Komagene,,https://www.komagene.com.tr,twitter.com,https://twitter.com/komagenetr?lang=en
Komagene,,https://www.komagene.com.tr,facebook.com,https://www.facebook.com/komagene/
Komagene,,https://www.komagene.com.tr,youtube.com,https://www.youtube.com/channel/UCwjZW7hjUvP3OJDQ-dPOLkg
Konya Mevlana,,https://www.konyamevlana.com.tr,facebook.com,https://www.facebook.com/basinsitesikonyamevlana
Konya Mevlana,,https://www.konyamevlana.com.tr,instagram.com,https://www.instagram.com/basinsitesikonyamevlana/
Komagene,,https://www.komagene.com.tr,instagram.com,https://www.instagram.com/komagenetr/?hl=en
Komagene,,https://www.komagene.com.tr,twitter.com,https://twitter.com/komagenetr?lang=en
Komagene,,https://www.komagene.com.tr,facebook.com,https://www.facebook.com/komagene/
Komagene,,https://www.komagene.com.tr,youtube.com,https://www.youtube.com/channel/UCwjZW7hjUvP3OJDQ-dPOLkg
Koço,,https://www.kocorestaurant.com,instagram.com,https://www.instagram.com/kocorestaurant/
Krispy Kreme,,https://www.krispykreme.com.tr,facebook.com,https://www.facebook.com/krispykremeturkiye/
Krispy Kreme,,https://www.krispykreme.com.tr,twitter.com,https://twitter.com/KRISPYKREME_TR
Krispy Kreme,,https://www.krispykreme.com.tr,instagram.com,https://www.instagram.com/krispykremeturkiye/
Koska,,https://www.koska.com,facebook.com,https://www.facebook.com/koskahelva
Koska,,https://www.koska.com,twitter.com,https://twitter.com/HelvaKoska
Koska,,https://www.koska.com,instagram.com,https://www.instagram.com/helvakoska/
Koska,,https://www.koska.com,youtube.com,https://www.youtube.com/channel/UC9uHb5v31_ovv2LbVRtO2qQ
Kronotrop,,https://www.kronotrop.com.tr,instagram.com,https://www.instagram.com/kronotrop/
Kronotrop,,https://www.kronotrop.com.tr,facebook.com,https://www.facebook.com/Kronotrop
Kronotrop,,https://www.kronotrop.com.tr,youtube.com,https://www.youtube.com/channel/UCCcZU6Jtcn5Fd5Ns4Bs-jmg
Kronotrop,,https://www.kronotrop.com.tr,twitter.com,https://twitter.com/KronotropCoffee
Kronotrop,,https://www.kronotrop.com.tr,instagram.com,https://www.instagram.com/kronotrop/
Kronotrop,,https://www.kronotrop.com.tr,facebook.com,https://www.facebook.com/Kronotrop
Kronotrop,,https://www.kronotrop.com.tr,youtube.com,https://www.youtube.com/channel/UCCcZU6Jtcn5Fd5Ns4Bs-jmg
Kronotrop,,https://www.kronotrop.com.tr,twitter.com,https://twitter.com/KronotropCoffee
Kronotrop,,https://www.kronotrop.com.tr,instagram.com,https://www.instagram.com/kronotrop/
Kronotrop,,https://www.kronotrop.com.tr,facebook.com,https://www.facebook.com/Kronotrop
Kronotrop,,https://www.kronotrop.com.tr,youtube.com,https://www.youtube.com/channel/UCCcZU6Jtcn5Fd5Ns4Bs-jmg
Kronotrop,,https://www.kronotrop.com.tr,twitter.com,https://twitter.com/KronotropCoffee
Kronotrop Caddebostan,,https://www.kronotrop.com.tr,instagram.com,https://www.instagram.com/kronotrop/
Kronotrop Caddebostan,,https://www.kronotrop.com.tr,facebook.com,https://www.facebook.com/Kronotrop
Kronotrop Caddebostan,,https://www.kronotrop.com.tr,youtube.com,https://www.youtube.com/channel/UCCcZU6Jtcn5Fd5Ns4Bs-jmg
Kronotrop Caddebostan,,https://www.kronotrop.com.tr,twitter.com,https://twitter.com/KronotropCoffee
Kronotrop Caddebostan Grove,,https://www.kronotrop.com.tr,instagram.com,https://www.instagram.com/kronotrop/
Kronotrop Caddebostan Grove,,https://www.kronotrop.com.tr,facebook.com,https://www.facebook.com/Kronotrop
Kronotrop Caddebostan Grove,,https://www.kronotrop.com.tr,youtube.com,https://www.youtube.com/channel/UCCcZU6Jtcn5Fd5Ns4Bs-jmg
Kronotrop Caddebostan Grove,,https://www.kronotrop.com.tr,twitter.com,https://twitter.com/KronotropCoffee
Kronotrop Cihangir,,https://www.kronotrop.com.tr,instagram.com,https://www.instagram.com/kronotrop/
Kronotrop Cihangir,,https://www.kronotrop.com.tr,facebook.com,https://www.facebook.com/Kronotrop
Kronotrop Cihangir,,https://www.kronotrop.com.tr,youtube.com,https://www.youtube.com/channel/UCCcZU6Jtcn5Fd5Ns4Bs-jmg
Kronotrop Cihangir,,https://www.kronotrop.com.tr,twitter.com,https://twitter.com/KronotropCoffee
Kronotrop Coffee,,https://www.kronotrop.com.tr,instagram.com,https://www.instagram.com/kronotrop/
Kronotrop Coffee,,https://www.kronotrop.com.tr,facebook.com,https://www.facebook.com/Kronotrop
Kronotrop Coffee,,https://www.kronotrop.com.tr,youtube.com,https://www.youtube.com/channel/UCCcZU6Jtcn5Fd5Ns4Bs-jmg
Kronotrop Coffee,,https://www.kronotrop.com.tr,twitter.com,https://twitter.com/KronotropCoffee
Kronotrop Topağacı,,https://www.kronotrop.com.tr,instagram.com,https://www.instagram.com/kronotrop/
Kronotrop Topağacı,,https://www.kronotrop.com.tr,facebook.com,https://www.facebook.com/Kronotrop
Kronotrop Topağacı,,https://www.kronotrop.com.tr,youtube.com,https://www.youtube.com/channel/UCCcZU6Jtcn5Fd5Ns4Bs-jmg
Kronotrop Topağacı,,https://www.kronotrop.com.tr,twitter.com,https://twitter.com/KronotropCoffee
Kuru Fasulyeci Süleyman,,https://www.kurufasulyecisuleyman.com,facebook.com,https://www.facebook.com/kurufasulyecisuleyman/
Kuru Fasulyeci Süleyman,,https://www.kurufasulyecisuleyman.com,instagram.com,https://www.instagram.com/kurufasulyecisuleyman/
Kurukahveci Fuat bey,,https://www.kurukahvecifuatbey.com,facebook.com,https://www.facebook.com/kurukahvecifuatbey/
Kurukahveci Fuat bey,,https://www.kurukahvecifuatbey.com,twitter.com,https://www.twitter.com/kurukahvecifuatbey/
Kurukahveci Fuat bey,,https://www.kurukahvecifuatbey.com,instagram.com,https://www.instagram.com/kurukahvecifuatbey/
Kuruçeşme Balık,,https://kurucesmebalik.com,facebook.com,https://www.facebook.com/kurucesmebalikbymusa/
Kuruçeşme Balık,,https://kurucesmebalik.com,instagram.com,https://www.instagram.com/kurucesmebalikmusa/
Köşebaşı,,https://www.kosebasi.com,instagram.com,https://www.instagram.com/kosebasi_tr?utm_source=ig_web_button_share_sheet&igsh=ZDNlZDc0MzIxNw%3D%3D
Küçük Ev,,https://www.kucukev.com,twitter.com,https://twitter.com/Kucukev1962
Küçük Ev,,https://www.kucukev.com,facebook.com,https://www.facebook.com/kucukev1962
Küçük Ev,,https://www.kucukev.com,instagram.com,https://www.instagram.com/kucukev1962/?utm_medium=copy_link
Küçük Ev,,https://www.kucukev.com,twitter.com,https://twitter.com/Kucukev1962
Küçük Ev,,https://www.kucukev.com,facebook.com,https://www.facebook.com/kucukev1962
Küçük Ev,,https://www.kucukev.com,instagram.com,https://www.instagram.com/kucukev1962/?utm_medium=copy_link
Köşebaşı,,https://kosebasi.com,instagram.com,https://www.instagram.com/kosebasi_tr?utm_source=ig_web_button_share_sheet&igsh=ZDNlZDc0MzIxNw%3D%3D
Kırk Fırın,,https://www.kirkfirin.com.tr,instagram.com,https://www.instagram.com/40firin/
Kırk Fırın,,https://www.kirkfirin.com.tr,facebook.com,https://www.facebook.com/40firin
Kırk Fırın,,https://www.kirkfirin.com.tr,x.com,https://x.com/40firin
Kırıntı Cafe Bar,,https://kirinti.com.tr,facebook.com,https://facebook.com/KirintiRestoranlari
Kırıntı Cafe Bar,,https://kirinti.com.tr,instagram.com,https://instagram.com/kirintirestaurant
Kırıntı Cafe Bar,,https://kirinti.com.tr,twitter.com,https://twitter.com/kirintirest
Kırıntı Cafe Bar,,https://kirinti.com.tr,youtube.com,https://www.youtube.com/channel/UCRPPplx8R4tOPNPf8TbEdNw
Kırıntı,,https://www.kirinti.com.tr,facebook.com,https://facebook.com/KirintiRestoranlari
Kırıntı,,https://www.kirinti.com.tr,instagram.com,https://instagram.com/kirintirestaurant
Kırıntı,,https://www.kirinti.com.tr,twitter.com,https://twitter.com/kirintirest
Kırıntı,,https://www.kirinti.com.tr,youtube.com,https://www.youtube.com/channel/UCRPPplx8R4tOPNPf8TbEdNw
Le Pain Quotidien,,https://www.lepainquotidien.com,instagram.com,https://www.instagram.com/lepainquotidienus
Le Pain Quotidien,,https://www.lepainquotidien.com,facebook.com,https://www.facebook.com/lepainquotidienus
Lagos,,https://www.tuzlagos.com,facebook.com,https://facebook.com/dewi11official
Lagos,,https://www.tuzlagos.com,twitter.com,https://twitter.com/dewi11official
Lagos,,https://www.tuzlagos.com,instagram.com,https://instagram.com/dewi11official
Lagos,,https://www.tuzlagos.com,youtube.com,https://youtube.com/@dewi11Channel
Le Bar,,https://www.shangri-la.com,instagram.com,https://www.instagram.com/shangrilahotels/
Le Bar,,https://www.shangri-la.com,facebook.com,https://www.facebook.com/shangrila
Levent Börek,,https://www.leventborek.com.tr,facebook.com,https://www.facebook.com/leventborekcilik01
Levent Börek,,https://www.leventborek.com.tr,instagram.com,https://www.instagram.com/levent.borek/
Levent Börek,,https://www.leventborek.com.tr,twitter.com,https://twitter.com/LeventBorekTR
Levent Börek,,https://www.leventborek.com.tr,youtube.com,https://www.youtube.com/channel/UCEMvMH1Qvi8vtDCfpbtlo6g
Little Caesars,,https://www.littlecaesars.com.tr,twitter.com,https://twitter.com/LittleCaesarsTR
Little Caesars,,https://www.littlecaesars.com.tr,facebook.com,https://www.facebook.com/LittleCaesarsTR
Little Caesars,,https://www.littlecaesars.com.tr,youtube.com,https://www.youtube.com/c/LittlecaesarsTr
Little Caesars,,https://www.littlecaesars.com.tr,instagram.com,https://www.instagram.com/littlecaesarstr/
Lokanta Safderun,,https://lokantasafderun.com,instagram.com,https://www.instagram.com/lokantasafderun/
Lokanta by Divan,,https://www.divan.com.tr,instagram.com,https://www.instagram.com/divanotelleri/?hl=tr
Lokanta by Divan,,https://www.divan.com.tr,facebook.com,https://www.facebook.com/divandayiz
Lokanta by Divan,,https://www.divan.com.tr,youtube.com,https://www.youtube.com/channel/UCD8DsbP7bE0aTgG4HW8WREQ
Lu Gelato,,https://www.lugelato.com,instagram.com,https://www.instagram.com/lugelato_official/
Lu Gelato,,https://www.lugelato.com,facebook.com,https://www.facebook.com/LuGelato
Lunchbox,,https://www.cookshop.com.tr,instagram.com,http://instagram.com/COOKSHOPTR
Lunchbox,,https://www.cookshop.com.tr,facebook.com,https://www.facebook.com/COOKSHOPTR
Lunchbox,,https://www.cookshop.com.tr,twitter.com,http://twitter.com/COOKSHOPTR
Mabel Çikolata,,https://www.mabel.com.tr,facebook.com,https://www.facebook.com/MABEL-%C3%87%C4%B0KOLATA-238012026249435/
Mabel Çikolata,,https://www.mabel.com.tr,twitter.com,https://twitter.com/
Mabel Çikolata,,https://www.mabel.com.tr,instagram.com,https://www.instagram.com/mabelcikolata
Lucio Coffee,,https://luciocoffee.com.tr,instagram.com,https://www.instagram.com/luciocoffee/
Lucca,,https://luccastyle.com,instagram.com,https://www.instagram.com/lucca_style/
Lucca,,https://luccastyle.com,facebook.com,https://www.facebook.com/Luccastyle
Magnolia,,https://www.magnoliashop.com.tr,instagram.com,https://www.instagram.com/magnoliashop_bycookshop/
Magnolia Shop,,https://magnoliashop.com.tr,instagram.com,https://www.instagram.com/magnoliashop_bycookshop/
Magnolia Shop Coffee,,https://www.magnoliashop.com.tr,instagram.com,https://www.instagram.com/magnoliashop_bycookshop/
Mamabowl,,https://www.mamabowl.net,instagram.com,https://www.instagram.com/mamabowl_moda/
Mahmut Bey Döner,,https://mahmutbeydoner.com,facebook.com,https://www.facebook.com/mahmutbeydoner
Mahmut Bey Döner,,https://mahmutbeydoner.com,instagram.com,https://www.instagram.com/mahmutbeydoner_
Mama Bowl Kozyatağı,,http://mamabowl.net,instagram.com,https://www.instagram.com/mamabowl_moda/
Mantımia,,https://www.mantimia.com,instagram.com,https://www.instagram.com/mantimia_
Maltepe Belediyesi Seyirtepe Sosyal Tesisleri,,https://maltepematas.com.tr,facebook.com,https://www.facebook.com/maltepematas
Maltepe Belediyesi Seyirtepe Sosyal Tesisleri,,https://maltepematas.com.tr,twitter.com,https://twitter.com/maltepematas
Maltepe Belediyesi Seyirtepe Sosyal Tesisleri,,https://maltepematas.com.tr,instagram.com,https://www.instagram.com/maltepematas
Marmaris Büfe,,https://www.marmarisbufe.com.tr,facebook.com,https://www.facebook.com/marmarisbufe64
Marmaris Büfe,,https://www.marmarisbufe.com.tr,facebook.com,https://www.facebook.com/marmarisbufe64
Maroof,,https://www.maroof.com.tr,facebook.com,https://www.facebook.com/Maroof-Cafe-Lounge-384874771965596/
Maroof,,https://www.maroof.com.tr,twitter.com,https://twitter.com/maroofcafe
Maroof,,https://www.maroof.com.tr,instagram.com,https://www.instagram.com/maroofcafe/
MAYBE,,https://www.maybe.com.tr,instagram.com,https://www.instagram.com/maybegastrotheque/?hl=en
MASAL BAHÇE,,http://www.masalbahce.com.tr,instagram.com,https://www.instagram.com/masalbahce34/
Matters Suadiye,,https://matters.com.tr,facebook.com,https://www.facebook.com/matterssuadiye/
Matters Suadiye,,https://matters.com.tr,instagram.com,https://www.instagram.com/matterssuadiye/
Mavi Balık,,https://www.mavibalik.com,facebook.com,https://www.facebook.com/mavibalikrestaurant
Mavi Balık,,https://www.mavibalik.com,instagram.com,https://instagram.com/mavibalikrest
Maydonoz Döner,,https://maydonozdoner.com,facebook.com,https://www.facebook.com/maydonozdoner/
Maydonoz Döner,,https://maydonozdoner.com,youtube.com,https://www.youtube.com/channel/UCuwInHmBkGmV7DoFDYDxFSw
Maydonoz Döner,,https://maydonozdoner.com,instagram.com,https://instagram.com/maydonozdoner/?hl=tr
Maydonoz Döner,,https://maydonozdoner.com,twitter.com,https://twitter.com/maydonozdonertr
McDonald's,,https://www.mcdonalds.com.tr,facebook.com,https://www.facebook.com/McDonaldsTurkiye
McDonald's,,https://www.mcdonalds.com.tr,twitter.com,https://twitter.com/mcdonaldstr
McDonald's,,https://www.mcdonalds.com.tr,instagram.com,https://www.instagram.com/mcdonaldsturkiye
McDonald's,,https://www.mcdonalds.com.tr,youtube.com,https://www.youtube.com/user/mcdonaldstr
Maydonoz Döner,,https://maydonozdoner.com,facebook.com,https://www.facebook.com/maydonozdoner/
Maydonoz Döner,,https://maydonozdoner.com,youtube.com,https://www.youtube.com/channel/UCuwInHmBkGmV7DoFDYDxFSw
Maydonoz Döner,,https://maydonozdoner.com,instagram.com,https://instagram.com/maydonozdoner/?hl=tr
Maydonoz Döner,,https://maydonozdoner.com,twitter.com,https://twitter.com/maydonozdonertr
McDonald's,,https://www.mcdonalds.com.tr,facebook.com,https://www.facebook.com/McDonaldsTurkiye
McDonald's,,https://www.mcdonalds.com.tr,twitter.com,https://twitter.com/mcdonaldstr
McDonald's,,https://www.mcdonalds.com.tr,instagram.com,https://www.instagram.com/mcdonaldsturkiye
McDonald's,,https://www.mcdonalds.com.tr,youtube.com,https://www.youtube.com/user/mcdonaldstr
McDonald's,,https://www.mcdonalds.com.tr,facebook.com,https://www.facebook.com/McDonaldsTurkiye
McDonald's,,https://www.mcdonalds.com.tr,twitter.com,https://twitter.com/mcdonaldstr
McDonald's,,https://www.mcdonalds.com.tr,instagram.com,https://www.instagram.com/mcdonaldsturkiye
McDonald's,,https://www.mcdonalds.com.tr,youtube.com,https://www.youtube.com/user/mcdonaldstr
McDonald's,,https://www.mcdonalds.com.tr,facebook.com,https://www.facebook.com/McDonaldsTurkiye
McDonald's,,https://www.mcdonalds.com.tr,twitter.com,https://twitter.com/mcdonaldstr
McDonald's,,https://www.mcdonalds.com.tr,instagram.com,https://www.instagram.com/mcdonaldsturkiye
McDonald's,,https://www.mcdonalds.com.tr,youtube.com,https://www.youtube.com/user/mcdonaldstr
McDonald's,,https://www.mcdonalds.com.tr,facebook.com,https://www.facebook.com/McDonaldsTurkiye
McDonald's,,https://www.mcdonalds.com.tr,twitter.com,https://twitter.com/mcdonaldstr
McDonald's,,https://www.mcdonalds.com.tr,instagram.com,https://www.instagram.com/mcdonaldsturkiye
McDonald's,,https://www.mcdonalds.com.tr,youtube.com,https://www.youtube.com/user/mcdonaldstr
Mercezir Plus,,https://www.medcezirplus.com,facebook.com,https://www.facebook.com/medcezirplus_-100816639102777/
Mercezir Plus,,https://www.medcezirplus.com,instagram.com,https://www.instagram.com/medcezirplus_/
Mercezir Plus,,https://www.medcezirplus.com,twitter.com,https://twitter.com/Medcezirplus_
Metet Közde Döner,,https://metetdoner.com,facebook.com,https://www.facebook.com/1429368930614917
Metet Közde Döner,,https://metetdoner.com,instagram.com,https://www.instagram.com/metetdoner
Metet,,https://metetdoner.com,facebook.com,https://www.facebook.com/1429368930614917
Metet,,https://metetdoner.com,instagram.com,https://www.instagram.com/metetdoner
Mert Yemek,,https://mertyemek.net,facebook.com,https://www.facebook.com/mertyemekozyatagi
Mert Yemek,,https://mertyemek.net,instagram.com,https://www.instagram.com/mertyemek/
Memnun Döner,,http://www.memnundoner.com,facebook.com,https://www.facebook.com/memnuniskender/
Memnun Döner,,http://www.memnundoner.com,instagram.com,https://www.instagram.com/memnuniskender/
Metet Közde Döner,,https://metetdoner.com,facebook.com,https://www.facebook.com/1429368930614917
Metet Közde Döner,,https://metetdoner.com,instagram.com,https://www.instagram.com/metetdoner
Midpoint,,https://www.midpoint.com.tr,instagram.com,https://www.instagram.com/p/DUA6KjCgsuk
Midpoint,,https://www.midpoint.com.tr,facebook.com,https://www.facebook.com/MidpointBistroCafe/
Midpoint,,https://www.midpoint.com.tr,youtube.com,https://www.youtube.com/channel/UCRPPplx8R4tOPNPf8TbEdNw
Meşhur Rumeli Pilavcısı,,https://www.meshurrumelipilavcisi.com.tr,instagram.com,https://www.instagram.com/meshurrumelipilavcisi/
Meşhur Rumeli Pilavcısı,,https://www.meshurrumelipilavcisi.com.tr,youtube.com,https://www.youtube.com/@meshurrumelipilavcisi
Meşhur Rumeli Pilavcısı,,https://www.meshurrumelipilavcisi.com.tr,facebook.com,https://www.facebook.com/meshurrumelipilavcisi
Meşhur Rumeli Pilavcısı,,https://www.meshurrumelipilavcisi.com.tr,tiktok.com,https://www.tiktok.com/@meshurrumelipilavcisi
Meşhur Rumeli Pilavcısı,,https://www.meshurrumelipilavcisi.com.tr,x.com,https://x.com/rumelipilavci
Midpoint,,https://www.midpoint.com.tr,instagram.com,https://www.instagram.com/p/DUA6KjCgsuk
Midpoint,,https://midpoint.com.tr,instagram.com,https://www.instagram.com/p/DUA6KjCgsuk
Midpoint,,https://midpoint.com.tr,facebook.com,https://www.facebook.com/MidpointBistroCafe/
Midpoint,,https://midpoint.com.tr,youtube.com,https://www.youtube.com/channel/UCRPPplx8R4tOPNPf8TbEdNw
Midpoint,,https://www.midpoint.com.tr,instagram.com,https://www.instagram.com/p/DUA6KjCgsuk
Midpoint,,https://www.midpoint.com.tr,facebook.com,https://www.facebook.com/MidpointBistroCafe/
Midpoint,,https://www.midpoint.com.tr,youtube.com,https://www.youtube.com/channel/UCRPPplx8R4tOPNPf8TbEdNw
Mien Coffee,,https://www.miencoffee.com,instagram.com,https://www.instagram.com/miencoffee
Minder 1871 Cafe Nargile,,https://www.minder1871.com,instagram.com,https://www.instagram.com/minder1871cafe/
Misk Floral Cafe,,https://www.miskistanbul.com,instagram.com,https://instagram.com/miskfloralcafe
MOC Coffee Roastery,,https://moc.com.tr,facebook.com,https://www.facebook.com/moccoffeeturkiye/
MOC Coffee Roastery,,https://moc.com.tr,instagram.com,https://www.instagram.com/moc_coffeeofficial/
MOC Teşvikiye,,https://moc.com.tr,facebook.com,https://www.facebook.com/moccoffeeturkiye/
MOC Teşvikiye,,https://moc.com.tr,instagram.com,https://www.instagram.com/moc_coffeeofficial/
Moda Çikolatacısı,,https://modacikolatacisi.com,facebook.com,https://www.facebook.com/modacikolatacisi/
Moda Çikolatacısı,,https://modacikolatacisi.com,instagram.com,https://www.instagram.com/modacikolatacisi/
Moda Çikolatacısı,,https://modacikolatacisi.com,twitter.com,https://twitter.com/ModaCikolata
Mizu,,https://www.mizu.ist,instagram.com,https://www.instagram.com/mizu.ist/
Mizu,,https://www.mizu.ist,facebook.com,https://www.facebook.com/mizu.ist/?modal=admin_todo_tour
Mizu,,https://www.mizu.ist,twitter.com,https://twitter.com/mizuistanbul
Morn,,http://www.mornkadikoy.com,youtube.com,https://www.youtube.com/channel/UCeU-_6YHGQFcVSHLbEXLNlA/playlists?utm_campaign=plesk_server_default_page_js
Morn,,http://www.mornkadikoy.com,facebook.com,https://www.facebook.com/Plesk?utm_campaign=plesk_server_default_page_js
MSA,,https://www.sakipsabancimuzesi.org,instagram.com,https://www.instagram.com/sakipsabancimuzesi/
MSA,,https://www.sakipsabancimuzesi.org,facebook.com,https://www.facebook.com/SakipSabanciMuzesi/
MSA,,https://www.sakipsabancimuzesi.org,youtube.com,https://www.youtube.com/user/sakipsabancimuzesi
MSA,,https://www.sakipsabancimuzesi.org,twitter.com,https://twitter.com/SSabanciMuze
Mr. Hamza,,https://mrhamza.net,instagram.com,https://instagram.com/mrhamza.tr
Mojo,,http://www.mojolounge.com.tr,facebook.com,https://www.facebook.com/mojoatasehir/
Mojo,,http://www.mojolounge.com.tr,twitter.com,https://twitter.com/
Mojo,,http://www.mojolounge.com.tr,instagram.com,https://www.instagram.com/mojoatasehir
Muhlama Karadeniz Mutfağı,,https://www.muhlama.com.tr,facebook.com,https://www.facebook.com/muhlamacom
Muhlama Karadeniz Mutfağı,,https://www.muhlama.com.tr,instagram.com,https://instagram.com/muhlamacom
Muhlama Karadeniz Mutfağı,,https://www.muhlama.com.tr,x.com,https://x.com/muhlamacomtr
muutto,,https://www.muutto.com.tr,instagram.com,https://www.instagram.com/muuttoanatoliantapasbar/
Muhtar,,https://www.themuhtar.com.tr,instagram.com,https://www.instagram.com/themuhtarofficial
Myra Çikokata Evim,,https://myracikolata.com.tr,instagram.com,https://www.instagram.com/myracikolata
Myra Çikokata Evim,,https://myracikolata.com.tr,facebook.com,https://www.facebook.com/myracikolata
Myra Çikokata Evim,,https://myracikolata.com.tr,youtube.com,https://www.youtube.com/channel/UCfs689LeFGRByFwhwZq4Ldw
My Home Döner,,https://www.myhomedoner.com,instagram.com,https://www.instagram.com/myhomedoner/
Nakkaş Kebap,,https://nakkaskebap.com,facebook.com,https://www.facebook.com/nakkaskebap/
Nakkaş Kebap,,https://nakkaskebap.com,instagram.com,https://instagram.com/nakkaskebap?utm_medium=copy_link
Nakkaş Kebap,,https://nakkaskebap.com,tiktok.com,https://vm.tiktok.com/ZSe3ea6KL/
Müsaade Meyhane,,https://musaademeyhane.com,facebook.com,https://www.facebook.com/musaadekadikoy/
Müsaade Meyhane,,https://musaademeyhane.com,instagram.com,https://www.instagram.com/musaadekadikoy/
Nebras,,https://www.nebrasyemekmarket.com,instagram.com,https://www.instagram.com/nebrasyemekmarket/?hl=tr
Nebras,,https://www.nebrasyemekmarket.com,facebook.com,https://www.facebook.com/NebrasYemekMarket/?locale=tr_TR
Nebras,,https://www.nebrasyemekmarket.com,youtube.com,https://www.youtube.com/@nebrasyemekmarket9547
Nebras,,https://www.nebrasyemekmarket.com,tiktok.com,https://www.tiktok.com/@nebrasyemekmarket
Nalia Karadeniz Mutfağı,,https://www.nalia.com.tr,instagram.com,https://www.instagram.com/naliakaradenizmutfagi/
Nalia Karadeniz Mutfağı,,https://www.nalia.com.tr,facebook.com,https://www.facebook.com/Nalia-Karadeniz-Mutfa%C4%9F%C4%B1-45690123157/
Nalia Karadeniz Mutfağı,,https://www.nalia.com.tr,twitter.com,https://twitter.com/Nalia_K_Mutfagi
Nalia Karadeniz Mutfağı,,https://www.nalia.com.tr,youtube.com,https://www.youtube.com/channel/UCbawXqlpa4rtrrCvXbXJ9Zw
Nevada Coffee,,https://nevadacoffee.co,twitter.com,https://twitter.com/nevadacoffeetr
Nevada Coffee,,https://nevadacoffee.co,instagram.com,https://www.instagram.com/nevadacoffee.tr
Nelipide,,https://www.nelipide.com,facebook.com,https://www.facebook.com/nelipidetr
Nelipide,,https://www.nelipide.com,twitter.com,http://www.twitter.com/NeliPideTR
Nelipide,,https://www.nelipide.com,instagram.com,https://www.instagram.com/nelipide
Nelipide,,https://www.nelipide.com,youtube.com,https://www.youtube.com/channel/UCQgRVegPa5nl3kPIb8LoPaA/videos
Nevada Coffee,,https://nevadacoffee.co,twitter.com,https://twitter.com/nevadacoffeetr
Nevada Coffee,,https://nevadacoffee.co,instagram.com,https://www.instagram.com/nevadacoffee.tr
Nevada Coffee,,https://nevadacoffee.co,twitter.com,https://twitter.com/nevadacoffeetr
Nevada Coffee,,https://nevadacoffee.co,instagram.com,https://www.instagram.com/nevadacoffee.tr
Neolokal,,https://www.neolokal.com,instagram.com,https://www.instagram.com/neolokal/
Nevmekan Selimiye,,https://tesislerimiz.uskudar.bel.tr,facebook.com,https://www.facebook.com/uskudartesisler
Nevmekan Selimiye,,https://tesislerimiz.uskudar.bel.tr,twitter.com,https://twitter.com/uskudartesisler
Nevmekan Selimiye,,https://tesislerimiz.uskudar.bel.tr,instagram.com,https://instagram.com/uskudartesisler
Nevmekan Kuzguncuk,,https://tesislerimiz.uskudar.bel.tr,facebook.com,https://www.facebook.com/uskudartesisler
Nevmekan Kuzguncuk,,https://tesislerimiz.uskudar.bel.tr,twitter.com,https://twitter.com/uskudartesisler
Nevmekan Kuzguncuk,,https://tesislerimiz.uskudar.bel.tr,instagram.com,https://instagram.com/uskudartesisler
Nevmekan Bağlarbaşı,,https://tesislerimiz.uskudar.bel.tr,facebook.com,https://www.facebook.com/uskudartesisler
Nevmekan Bağlarbaşı,,https://tesislerimiz.uskudar.bel.tr,twitter.com,https://twitter.com/uskudartesisler
Nevmekan Bağlarbaşı,,https://tesislerimiz.uskudar.bel.tr,instagram.com,https://instagram.com/uskudartesisler
Nevmekan Sahil,,https://tesislerimiz.uskudar.bel.tr,facebook.com,https://www.facebook.com/uskudartesisler
Nevmekan Sahil,,https://tesislerimiz.uskudar.bel.tr,twitter.com,https://twitter.com/uskudartesisler
Nevmekan Sahil,,https://tesislerimiz.uskudar.bel.tr,instagram.com,https://instagram.com/uskudartesisler
Niwa,,https://www.niwachinesesushi.com,youtube.com,https://www.youtube.com/@envatotuts
Niwa,,https://www.niwachinesesushi.com,instagram.com,https://www.instagram.com/ANGKASA338/
Niwa,,https://www.niwachinesesushi.com,tiktok.com,https://www.tiktok.com/@ANGKASA338
Niwa,,https://www.niwachinesesushi.com,facebook.com,https://www.facebook.com/ANGKASA338/
Niwa,,https://www.niwachinesesushi.com,x.com,https://x.com/ANGKASA338
Nezih Dokuz Ondokuz,,https://dokuzondokuz.com,instagram.com,https://www.instagram.com/dokuz.ondokuz?igsh=MXhzcm82Nm9zc2o4Ng==
Nizam Pide,,https://www.nizampide.com,facebook.com,http://facebook.com/nizampide
Nizam Pide,,https://www.nizampide.com,twitter.com,http://twitter.com/nizampide
Nizam Pide,,https://www.nizampide.com,instagram.com,https://www.instagram.com/nizampide/
Noxus Chocolate & Coffee,,https://noxuschocolate.com,instagram.com,https://instagram.com/noxuschocolate
Olden 1772,,https://olden1772.com,instagram.com,https://instagram.com/olden1772
Olio Cafe & Restaurant,,https://oliobrasserie.qrmenu.web.tr,instagram.com,https://www.instagram.com/oliobrasserie
Ortaklar Kebab Lahmacun,,https://wa.me,x.com,https://x.com/whatsapp
Ortaklar Kebab Lahmacun,,https://wa.me,youtube.com,https://www.youtube.com/channel/UCAuerig2N-RZWJT8x75V9yw
Ortaklar Kebab Lahmacun,,https://wa.me,instagram.com,https://www.instagram.com/whatsapp/?hl=en
Ortaklar Kebab Lahmacun,,https://wa.me,facebook.com,https://www.facebook.com/brand/resources/whatsapp/whatsapp-brand
Oses Çiğköfte,,https://www.oses.com.tr,facebook.com,https://www.facebook.com/osesonadoyumolmaz
Oses Çiğköfte,,https://www.oses.com.tr,twitter.com,https://twitter.com/onadoyumolmaz
Oses Çiğköfte,,https://www.oses.com.tr,youtube.com,https://www.youtube.com/user/osesonadoyumolmaz
Oses Çiğköfte,,https://www.oses.com.tr,instagram.com,https://www.instagram.com/osesonadoyumolmaz
Oses Çiğköfte,,https://www.oses.com.tr,facebook.com,https://www.facebook.com/osesonadoyumolmaz
Oses Çiğköfte,,https://www.oses.com.tr,twitter.com,https://twitter.com/onadoyumolmaz
Oses Çiğköfte,,https://www.oses.com.tr,youtube.com,https://www.youtube.com/user/osesonadoyumolmaz
Oses Çiğköfte,,https://www.oses.com.tr,instagram.com,https://www.instagram.com/osesonadoyumolmaz
Oses Çiğ Köfte,,https://www.oses.com.tr,facebook.com,https://www.facebook.com/osesonadoyumolmaz
Oses Çiğ Köfte,,https://www.oses.com.tr,twitter.com,https://twitter.com/onadoyumolmaz
Oses Çiğ Köfte,,https://www.oses.com.tr,youtube.com,https://www.youtube.com/user/osesonadoyumolmaz
Oses Çiğ Köfte,,https://www.oses.com.tr,instagram.com,https://www.instagram.com/osesonadoyumolmaz
Oses Çiğ Köfte,,http://www.osescigkofte.com,facebook.com,https://www.facebook.com/osesonadoyumolmaz
Oses Çiğ Köfte,,http://www.osescigkofte.com,twitter.com,https://twitter.com/onadoyumolmaz
Oses Çiğ Köfte,,http://www.osescigkofte.com,youtube.com,https://www.youtube.com/user/osesonadoyumolmaz
Oses Çiğ Köfte,,http://www.osescigkofte.com,instagram.com,https://www.instagram.com/osesonadoyumolmaz
Panorama34 Cafe & Restaurant,,https://panorama34cafe.com,instagram.com,https://www.instagram.com/panorama34cafe_restaurant/
Panorama34 Cafe & Restaurant,,https://panorama34cafe.com,facebook.com,https://www.facebook.com/panorama34cafe
Pandeli,,https://www.pandeli.com.tr,instagram.com,https://www.instagram.com/pandeliistanbul/
Paper Roasting Coffee & Chocolate,,https://paperroastingcoffee.com,facebook.com,https://www.facebook.com/papercoffeechocolate
Paper Roasting Coffee & Chocolate,,https://paperroastingcoffee.com,instagram.com,https://www.instagram.com/papercoffeechocolate/
Paper Roasting Coffee & Chocolate,,https://paperroastingcoffee.com,youtube.com,https://www.youtube.com/channel/UCj_LCNBEntBFISpAKwyHzVw/featured
Pardon Boulangerie,,https://pardonboulangerie.com.tr,youtu.be,https://youtu.be/pz5502mzpO4
Pardon Boulangerie,,https://pardonboulangerie.com.tr,instagram.com,https://www.instagram.com/pardon_boulangerie
Paysage,,https://kalamispaysage.com,facebook.com,https://www.facebook.com/kalamispaysagerestaurant/
Paysage,,https://kalamispaysage.com,instagram.com,https://www.instagram.com/kalamispaysage/
Patlıcan Cafe & Ev Yemekleri,,https://patlicancafe.com,instagram.com,https://www.instagram.com/patlican_cafe/
Paşalimanı Kafe,,https://tesislerimiz.ibb.istanbul,twitter.com,https://twitter.com/sosyaltesisler
Paşalimanı Kafe,,https://tesislerimiz.ibb.istanbul,facebook.com,https://www.facebook.com/sosyaltesisler
Paşalimanı Kafe,,https://tesislerimiz.ibb.istanbul,instagram.com,https://www.instagram.com/sosyaltesisler/
Ora Coffee,,https://oracoffee.co,instagram.com,https://instagram.com/oracoffeeortakoy
Pide Ban,,https://www.pideban.com.tr,twitter.com,http://www.twitter.com/PideBan
Pide Ban,,https://www.pideban.com.tr,instagram.com,https://www.instagram.com/pideban
Pide Ban,,https://www.pideban.com.tr,facebook.com,https://www.facebook.com/PideBan
Peyra Gelato,,https://www.peyragalata.com,instagram.com,https://www.instagram.com/peyragelato/
PenCR Koru,,https://pentas.istanbul,facebook.com,https://www.facebook.com/pentasas/?fref=ts
PenCR Koru,,https://pentas.istanbul,twitter.com,https://twitter.com/Pentas_AS
PenCR Koru,,https://pentas.istanbul,instagram.com,https://www.instagram.com/pentasorg/
PenCR Koru,,https://pentas.istanbul,youtube.com,https://www.youtube.com/channel/UCRq4KlLeal4KSvkePjRz4lw/videos
PenCR Güzelyalı Sosyal Tesisleri,,https://www.pentas.istanbul,facebook.com,https://www.facebook.com/pentasas/?fref=ts
PenCR Güzelyalı Sosyal Tesisleri,,https://www.pentas.istanbul,twitter.com,https://twitter.com/Pentas_AS
PenCR Güzelyalı Sosyal Tesisleri,,https://www.pentas.istanbul,instagram.com,https://www.instagram.com/pentasorg/
PenCR Güzelyalı Sosyal Tesisleri,,https://www.pentas.istanbul,youtube.com,https://www.youtube.com/channel/UCRq4KlLeal4KSvkePjRz4lw/videos
Pizza Lazza Kazasker,,https://www.pizzalazza.com.tr,tiktok.com,https://www.tiktok.com/@pizzalazza
Pizza Lazza Kazasker,,https://www.pizzalazza.com.tr,facebook.com,https://www.facebook.com/PizzaLazza/
Pizza Lazza Kazasker,,https://www.pizzalazza.com.tr,instagram.com,https://www.instagram.com/pizzalazza/
Pizza Lazza,,https://www.pizzalazza.com.tr,tiktok.com,https://www.tiktok.com/@pizzalazza
Pizza Lazza,,https://www.pizzalazza.com.tr,facebook.com,https://www.facebook.com/PizzaLazza/
Pizza Lazza,,https://www.pizzalazza.com.tr,instagram.com,https://www.instagram.com/pizzalazza/
Pizza Lazza,,https://www.pizzalazza.com.tr,tiktok.com,https://www.tiktok.com/@pizzalazza
Pizza Lazza,,https://www.pizzalazza.com.tr,facebook.com,https://www.facebook.com/PizzaLazza/
Pizza Lazza,,https://www.pizzalazza.com.tr,instagram.com,https://www.instagram.com/pizzalazza/
Pizza Pieza by Divan,,https://www.divan.com.tr,instagram.com,https://www.instagram.com/divanotelleri/?hl=tr
Pizza Pieza by Divan,,https://www.divan.com.tr,facebook.com,https://www.facebook.com/divandayiz
Pizza Pieza by Divan,,https://www.divan.com.tr,youtube.com,https://www.youtube.com/channel/UCD8DsbP7bE0aTgG4HW8WREQ
Pilavcı İslam Usta,,https://www.pilavciislamusta.com,instagram.com,https://www.instagram.com/pilavciislamusta
Pilavcı İslam Usta,,https://www.pilavciislamusta.com,youtube.com,https://www.youtube.com/c/pilavciislamusta
Pilavcı İslam Usta,,https://www.pilavciislamusta.com,facebook.com,https://www.facebook.com/pilavciislamustamimarsinan
Pizza V,,https://v.pizza,facebook.com,https://www.facebook.com/pizzaVpizza
Pizza V,,https://v.pizza,instagram.com,https://www.instagram.com/pizzav/
Pizza V,,https://v.pizza,tiktok.com,https://www.tiktok.com/@pizzav.tr
Pizzeria Pera,,https://www.pizzeriapera.com,instagram.com,https://instagram.com/pizzeriapera/
Pizzeria Pera,,https://www.pizzeriapera.com,facebook.com,https://www.facebook.com/pizzeriapera
Pizzeria Pera,,https://www.pizzeriapera.com,x.com,https://x.com/pizzeriapera
Pizza Rucola,,https://www.pizzarucola.com,facebook.com,https://tr-tr.facebook.com/pizzarucola.com.tr/
Pizza Rucola,,https://www.pizzarucola.com,youtube.com,https://www.youtube.com/@pizzarucola7403
Pizza Rucola,,https://www.pizzarucola.com,instagram.com,https://www.instagram.com/pizzarucola/
Pizzeria Al Dente,,http://pizzeriaaldente.com,facebook.com,https://www.facebook.com/Pizzeria-Al-Dante-228429727214702/
Pizzeria Al Dente,,http://pizzeriaaldente.com,instagram.com,https://www.instagram.com/pizzeriaaldente/
Popeyes,,https://www.popeyes.com.tr,facebook.com,http://www.facebook.com/PopeyesTurkiye
Popeyes,,https://www.popeyes.com.tr,twitter.com,https://twitter.com/PopeyesTR
Popeyes,,https://www.popeyes.com.tr,youtube.com,http://www.youtube.com/user/popeyesturkiye
Popeyes,,https://www.popeyes.com.tr,instagram.com,https://www.instagram.com/popeyesturkiye/
PizzaTeo,,https://www.pizzateo.com.tr,instagram.com,https://www.instagram.com/pizzateo
PizzaTeo,,https://www.pizzateo.com.tr,facebook.com,https://www.facebook.com/PizzaTeo-105552847889569
Popeyes,,https://www.popeyes.com.tr,facebook.com,http://www.facebook.com/PopeyesTurkiye
Popeyes,,https://www.popeyes.com.tr,twitter.com,https://twitter.com/PopeyesTR
Popeyes,,https://www.popeyes.com.tr,youtube.com,http://www.youtube.com/user/popeyesturkiye
Popeyes,,https://www.popeyes.com.tr,instagram.com,https://www.instagram.com/popeyesturkiye/
Poppin’ Bubble Tea & Coffee,,https://www.poppinbubbletea.com,instagram.com,https://www.instagram.com/poppinbubbletea
Poppin’ Bubble Tea & Coffee,,https://www.poppinbubbletea.com,facebook.com,https://www.facebook.com/poppinbubbletea
Poppin’ Bubble Tea & Coffee,,https://www.poppinbubbletea.com,twitter.com,https://twitter.com/poppinbubbletea
Poyraz Sahil Balık Restaurant,,https://www.poyrazsahilbalik.com,instagram.com,https://www.instagram.com/poyrazsahilbalik/
Poyraz Sahil Balık Restaurant,,https://www.poyrazsahilbalik.com,instagram.com,https://www.instagram.com/poyrazsahilbalik/
Poyraz Balık,,https://poyrazbalik.com,instagram.com,https://www.instagram.com/poyrazbalkrestaurant/
Poyraz Balık,,https://poyrazbalik.com,facebook.com,https://www.facebook.com/poyrazbalik.com.tr
Premium Dem Hotel,,https://demhotelpremium.com,instagram.com,https://www.instagram.com/dempremiumhotelairport/
Rafine Espresso Bar,,https://www.rafineespressobar.com,facebook.com,https://www.facebook.com/rafineespressobar
Rafine Espresso Bar,,https://www.rafineespressobar.com,instagram.com,https://www.instagram.com/rafineespressobar/
Rafine Espresso Bar,,https://www.rafineespressobar.com,twitter.com,https://twitter.com/rafinemoda
Ranchero Mexican Restaurant,,https://www.ranchero.com.tr,instagram.com,https://www.instagram.com/rancheromexico
Probador Colectiva,,https://www.probadorcolectiva.com,instagram.com,https://www.instagram.com/probadorcolectiva/
Probador Colectiva,,https://www.probadorcolectiva.com,facebook.com,https://www.facebook.com/Probador-Colectiva-1542007536064473
Probador Colectiva,,https://www.probadorcolectiva.com,twitter.com,https://twitter.com/probadorcolect
Pyrgos Otel Restaurant,,https://pyrgosotelrestaurant.com,youtu.be,https://youtu.be/863BF-K2lMA
Pyrgos Otel Restaurant,,https://pyrgosotelrestaurant.com,facebook.com,https://www.facebook.com/ramadaadanahotel
Pyrgos Otel Restaurant,,https://pyrgosotelrestaurant.com,twitter.com,https://twitter.com/ramadaadanaotel
Rune Coffee Roastery,,https://www.runecoffeeroastery.com,instagram.com,https://www.instagram.com/runecoffeeroastery/
Rune Coffee Roastery,,https://www.runecoffeeroastery.com,facebook.com,https://www.facebook.com/runecoffeeroastery
Sa Va Anatolian Breakfast House,,https://www.savaanatolianbreakfasthouse.com,instagram.com,https://www.instagram.com/savaanatolian/
Sa Va Anatolian Breakfast House,,https://www.savaanatolianbreakfasthouse.com,tiktok.com,https://www.tiktok.com/@savabreakfast
Sa Va Anatolian Breakfast House,,https://www.savaanatolianbreakfasthouse.com,youtube.com,https://www.youtube.com/@SaVaAnatolian
Sabirtaşi restoran,,https://www.sabirtasi.com.tr,facebook.com,https://facebook.com/sabirtasi.com.tr
Sabirtaşi restoran,,https://www.sabirtasi.com.tr,twitter.com,https://twitter.com/sabirtasicomtr
Sabirtaşi restoran,,https://www.sabirtasi.com.tr,instagram.com,https://instagram.com/sabirtasirestoran
Sabirtaşi restoran,,https://www.sabirtasi.com.tr,youtube.com,https://www.youtube.com/channel/UCG_N9-8woTnGUEw8SAL-Wsg
Sahan,,https://www.sahan.com,instagram.com,https://www.instagram.com/sahanrestoran/
Sahan,,https://www.sahan.com,instagram.com,https://www.instagram.com/sahanrestoran/
Sakhalin İstanbul,,https://sakhalin.rest,facebook.com,https://www.facebook.com/SakhalinIstanbul
Sakhalin İstanbul,,https://sakhalin.rest,instagram.com,https://www.instagram.com/sakhalin.istanbul/
Sahan Kebap,,https://www.sahan.com,instagram.com,https://www.instagram.com/sahanrestoran/
Sans,,https://sansrestaurant.com,instagram.com,https://www.instagram.com/sansrestaurant/
Sans,,https://sansrestaurant.com,facebook.com,https://www.facebook.com/people/Sans-Restaurant/100063769561111/
Salt Fried Chicken,,https://www.saltfriedchicken.com,instagram.com,https://www.instagram.com/saltfriedchicken/?hl=en
Salt Fried Chicken,,https://www.saltfriedchicken.com,instagram.com,https://www.instagram.com/saltfriedchicken/?hl=en
SALT Fried Chicken,,https://www.saltfriedchicken.com,instagram.com,https://www.instagram.com/saltfriedchicken/?hl=en
Santral Coffee House,,http://www.santralcoffee.com,instagram.com,http://www.instagram.com/santralcoffee
Santral Coffee House,,http://www.santralcoffee.com,facebook.com,http://www.facebook.com/santralcoffee
saray muhallebicisi,,http://saraymuhallebicisi.com,facebook.com,https://www.facebook.com/SarayMuhallebi
saray muhallebicisi,,http://saraymuhallebicisi.com,twitter.com,https://twitter.com/SarayMuhallebi?ref_src=twsrc%5Egoogle%7Ctwcamp%5Eserp%7Ctwgr%5Eauthor
saray muhallebicisi,,http://saraymuhallebicisi.com,instagram.com,https://www.instagram.com/saraymuhallebicisi/?hl=tr
saray muhallebicisi,,http://saraymuhallebicisi.com,youtube.com,https://www.youtube.com/channel/UCnIWwIKLT6leaMNazyZC2QQ/featured
Saray Muhallebicisi,,http://saraymuhallebicisi.com,facebook.com,https://www.facebook.com/SarayMuhallebi
Saray Muhallebicisi,,http://saraymuhallebicisi.com,twitter.com,https://twitter.com/SarayMuhallebi?ref_src=twsrc%5Egoogle%7Ctwcamp%5Eserp%7Ctwgr%5Eauthor
Saray Muhallebicisi,,http://saraymuhallebicisi.com,instagram.com,https://www.instagram.com/saraymuhallebicisi/?hl=tr
Saray Muhallebicisi,,http://saraymuhallebicisi.com,youtube.com,https://www.youtube.com/channel/UCnIWwIKLT6leaMNazyZC2QQ/featured
Saray Muhallebicisi,,http://saraymuhallebicisi.com,facebook.com,https://www.facebook.com/SarayMuhallebi
Saray Muhallebicisi,,http://saraymuhallebicisi.com,twitter.com,https://twitter.com/SarayMuhallebi?ref_src=twsrc%5Egoogle%7Ctwcamp%5Eserp%7Ctwgr%5Eauthor
Saray Muhallebicisi,,http://saraymuhallebicisi.com,instagram.com,https://www.instagram.com/saraymuhallebicisi/?hl=tr
Saray Muhallebicisi,,http://saraymuhallebicisi.com,youtube.com,https://www.youtube.com/channel/UCnIWwIKLT6leaMNazyZC2QQ/featured
Saray Muhallebicisi,,http://saraymuhallebicisi.com,facebook.com,https://www.facebook.com/SarayMuhallebi
Saray Muhallebicisi,,http://saraymuhallebicisi.com,twitter.com,https://twitter.com/SarayMuhallebi?ref_src=twsrc%5Egoogle%7Ctwcamp%5Eserp%7Ctwgr%5Eauthor
Saray Muhallebicisi,,http://saraymuhallebicisi.com,instagram.com,https://www.instagram.com/saraymuhallebicisi/?hl=tr
Saray Muhallebicisi,,http://saraymuhallebicisi.com,youtube.com,https://www.youtube.com/channel/UCnIWwIKLT6leaMNazyZC2QQ/featured
Saray Muhallebicisi,,http://saraymuhallebicisi.com,facebook.com,https://www.facebook.com/SarayMuhallebi
Saray Muhallebicisi,,http://saraymuhallebicisi.com,twitter.com,https://twitter.com/SarayMuhallebi?ref_src=twsrc%5Egoogle%7Ctwcamp%5Eserp%7Ctwgr%5Eauthor
Saray Muhallebicisi,,http://saraymuhallebicisi.com,instagram.com,https://www.instagram.com/saraymuhallebicisi/?hl=tr
Saray Muhallebicisi,,http://saraymuhallebicisi.com,youtube.com,https://www.youtube.com/channel/UCnIWwIKLT6leaMNazyZC2QQ/featured
Saray Muhallebicisi,,https://www.saraymuhallebicisi.com,facebook.com,https://www.facebook.com/SarayMuhallebi
Saray Muhallebicisi,,https://www.saraymuhallebicisi.com,twitter.com,https://twitter.com/SarayMuhallebi?ref_src=twsrc%5Egoogle%7Ctwcamp%5Eserp%7Ctwgr%5Eauthor
Saray Muhallebicisi,,https://www.saraymuhallebicisi.com,instagram.com,https://www.instagram.com/saraymuhallebicisi/?hl=tr
Saray Muhallebicisi,,https://www.saraymuhallebicisi.com,youtube.com,https://www.youtube.com/channel/UCnIWwIKLT6leaMNazyZC2QQ/featured
Sbarro,,https://www.sbarro.com.tr,facebook.com,https://www.facebook.com/SbarroTurkiye
Sbarro,,https://www.sbarro.com.tr,twitter.com,https://twitter.com/SbarroTR
Sbarro,,https://www.sbarro.com.tr,instagram.com,https://www.instagram.com/sbarroturkiye/
Sbarro,,https://www.sbarro.com.tr,youtube.com,http://www.youtube.com/user/sbarroturkiye
Semaver,,https://semavercafe.com,instagram.com,https://www.instagram.com/semaverhookahlounge
Semaver,,https://semavercafe.com,facebook.com,http://www.facebook.com/sultanahmetsemaver
SEO KAOS,,https://www.seokaos.com,facebook.com,https://www.facebook.com/seokaos/
SEO KAOS,,https://www.seokaos.com,twitter.com,https://twitter.com/seokaos1
SEO KAOS,,https://www.seokaos.com,instagram.com,https://www.instagram.com/seokaos/
Shang Palace,,https://www.shangri-la.com,instagram.com,https://www.instagram.com/shangrilahotels/
Shang Palace,,https://www.shangri-la.com,facebook.com,https://www.facebook.com/shangrila
Serez Dondurma,,https://www.serezdondurmacisi.com,facebook.com,https://www.facebook.com/serezdondurmaci
Serez Dondurma,,https://www.serezdondurmacisi.com,x.com,https://x.com/serezdondurmaci
Serez Dondurma,,https://www.serezdondurmacisi.com,instagram.com,https://www.instagram.com/serezdondurmacisi/
Serez Dondurma,,https://www.serezdondurmacisi.com,youtube.com,https://www.youtube.com/channel/UC7ijxjuNnOM4JIu4EEzs1jg
Sezen Meyhanesi,,https://www.sezenmeyhane.com,instagram.com,https://www.instagram.com/sezenmeyhanesi
Seven Hills Restaurant,,https://www.sevenhillsrestaurant.com,facebook.com,https://www.facebook.com/SevenHillsRestaurant
Seven Hills Restaurant,,https://www.sevenhillsrestaurant.com,instagram.com,https://www.instagram.com/sevenhillsrestaurant
Seven Hills Restaurant,,https://www.sevenhillsrestaurant.com,youtube.com,https://www.youtube.com/@sevenhillsrestaurantt
Sinop Mantı,,http://sinopmantikadikoy.com,facebook.com,https://www.facebook.com/sinopmantikadikoy
Sinop Mantı,,http://sinopmantikadikoy.com,instagram.com,https://www.instagram.com/sinopmantikadikoy/
Sinop Mantı,,http://sinopmantikadikoy.com,twitter.com,https://twitter.com/sinopmanti57
Simit Sarayı,,https://www.simitsarayi.com,facebook.com,https://www.facebook.com/simitsarayi/
Simit Sarayı,,https://www.simitsarayi.com,twitter.com,https://twitter.com/simitsarayi
Simit Sarayı,,https://www.simitsarayi.com,instagram.com,https://www.instagram.com/simitsarayiofficial/
Simit Sarayı,,https://www.simitsarayi.com,youtube.com,https://www.youtube.com/user/simitsarayiofficial
Snog Rooftop Bar,,https://www.snog.com.tr,facebook.com,http://www.facebook.com/snogroomsandsuites
Snog Rooftop Bar,,https://www.snog.com.tr,instagram.com,http://instagram.com/snogroomssuites
SOFA,,https://www.houseofsofa.com.tr,instagram.com,https://www.instagram.com/sofa__moda/
Starbucks,,http://www.starbucks.com.tr,instagram.com,https://www.instagram.com/starbucks_tr
Starbucks,,http://www.starbucks.com.tr,facebook.com,https://www.facebook.com/StarbucksTurkiye
Starbucks,,http://www.starbucks.com.tr,tiktok.com,https://www.tiktok.com/@starbucks_turkiye
Starbucks,,http://www.starbucks.com.tr,youtube.com,https://www.youtube.com/@StarbucksTr
Starbucks,,http://www.starbucks.com.tr,x.com,https://x.com/StarbucksTR
Starbucks,,https://www.starbucks.com.tr,instagram.com,https://www.instagram.com/starbucks_tr
Starbucks,,https://www.starbucks.com.tr,facebook.com,https://www.facebook.com/StarbucksTurkiye
Starbucks,,https://www.starbucks.com.tr,tiktok.com,https://www.tiktok.com/@starbucks_turkiye
Starbucks,,https://www.starbucks.com.tr,youtube.com,https://www.youtube.com/@StarbucksTr
Starbucks,,https://www.starbucks.com.tr,x.com,https://x.com/StarbucksTR
Starbucks,,https://www.starbucks.co.uk,facebook.com,https://www.facebook.com/starbucksuk
Starbucks,,https://www.starbucks.co.uk,instagram.com,https://www.instagram.com/starbucksuk/
Starbucks,,https://www.starbucks.co.uk,youtube.com,https://www.youtube.com/@starbucksuk2728
Starbucks,,https://www.starbucks.co.uk,tiktok.com,https://www.tiktok.com/@starbucksuk
Starbucks,,https://www.starbucks.co.uk,x.com,https://x.com/starbucksuk
Starbucks,,https://www.starbucks.com.tr,instagram.com,https://www.instagram.com/starbucks_tr
Starbucks,,https://www.starbucks.com.tr,facebook.com,https://www.facebook.com/StarbucksTurkiye
Starbucks,,https://www.starbucks.com.tr,tiktok.com,https://www.tiktok.com/@starbucks_turkiye
Starbucks,,https://www.starbucks.com.tr,youtube.com,https://www.youtube.com/@StarbucksTr
Starbucks,,https://www.starbucks.com.tr,x.com,https://x.com/StarbucksTR
Starbucks,,https://www.starbucks.co.uk,facebook.com,https://www.facebook.com/starbucksuk
Starbucks,,https://www.starbucks.co.uk,instagram.com,https://www.instagram.com/starbucksuk/
Starbucks,,https://www.starbucks.co.uk,youtube.com,https://www.youtube.com/@starbucksuk2728
Starbucks,,https://www.starbucks.co.uk,tiktok.com,https://www.tiktok.com/@starbucksuk
Starbucks,,https://www.starbucks.co.uk,x.com,https://x.com/starbucksuk
Starbucks,,https://www.starbucks.co.uk,facebook.com,https://www.facebook.com/starbucksuk
Starbucks,,https://www.starbucks.co.uk,instagram.com,https://www.instagram.com/starbucksuk/
Starbucks,,https://www.starbucks.co.uk,youtube.com,https://www.youtube.com/@starbucksuk2728
Starbucks,,https://www.starbucks.co.uk,tiktok.com,https://www.tiktok.com/@starbucksuk
Starbucks,,https://www.starbucks.co.uk,x.com,https://x.com/starbucksuk
Starbucks,,https://www.starbucks.co.uk,facebook.com,https://www.facebook.com/starbucksuk
Starbucks,,https://www.starbucks.co.uk,instagram.com,https://www.instagram.com/starbucksuk/
Starbucks,,https://www.starbucks.co.uk,youtube.com,https://www.youtube.com/@starbucksuk2728
Starbucks,,https://www.starbucks.co.uk,tiktok.com,https://www.tiktok.com/@starbucksuk
Starbucks,,https://www.starbucks.co.uk,x.com,https://x.com/starbucksuk
Starbucks,,https://www.starbucks.co.uk,facebook.com,https://www.facebook.com/starbucksuk
Starbucks,,https://www.starbucks.co.uk,instagram.com,https://www.instagram.com/starbucksuk/
Starbucks,,https://www.starbucks.co.uk,youtube.com,https://www.youtube.com/@starbucksuk2728
Starbucks,,https://www.starbucks.co.uk,tiktok.com,https://www.tiktok.com/@starbucksuk
Starbucks,,https://www.starbucks.co.uk,x.com,https://x.com/starbucksuk
Starbucks,,https://www.starbucks.co.uk,facebook.com,https://www.facebook.com/starbucksuk
Starbucks,,https://www.starbucks.co.uk,instagram.com,https://www.instagram.com/starbucksuk/
Starbucks,,https://www.starbucks.co.uk,youtube.com,https://www.youtube.com/@starbucksuk2728
Starbucks,,https://www.starbucks.co.uk,tiktok.com,https://www.tiktok.com/@starbucksuk
Starbucks,,https://www.starbucks.co.uk,x.com,https://x.com/starbucksuk
Starbucks,,https://www.starbucks.co.uk,facebook.com,https://www.facebook.com/starbucksuk
Starbucks,,https://www.starbucks.co.uk,instagram.com,https://www.instagram.com/starbucksuk/
Starbucks,,https://www.starbucks.co.uk,youtube.com,https://www.youtube.com/@starbucksuk2728
Starbucks,,https://www.starbucks.co.uk,tiktok.com,https://www.tiktok.com/@starbucksuk
Starbucks,,https://www.starbucks.co.uk,x.com,https://x.com/starbucksuk
Starbucks,,https://www.starbucks.co.uk,facebook.com,https://www.facebook.com/starbucksuk
Starbucks,,https://www.starbucks.co.uk,instagram.com,https://www.instagram.com/starbucksuk/
Starbucks,,https://www.starbucks.co.uk,youtube.com,https://www.youtube.com/@starbucksuk2728
Starbucks,,https://www.starbucks.co.uk,tiktok.com,https://www.tiktok.com/@starbucksuk
Starbucks,,https://www.starbucks.co.uk,x.com,https://x.com/starbucksuk
Starbucks,,https://www.starbucks.co.uk,facebook.com,https://www.facebook.com/starbucksuk
Starbucks,,https://www.starbucks.co.uk,instagram.com,https://www.instagram.com/starbucksuk/
Starbucks,,https://www.starbucks.co.uk,youtube.com,https://www.youtube.com/@starbucksuk2728
Starbucks,,https://www.starbucks.co.uk,tiktok.com,https://www.tiktok.com/@starbucksuk
Starbucks,,https://www.starbucks.co.uk,x.com,https://x.com/starbucksuk
Starbucks,,https://www.starbucks.co.uk,facebook.com,https://www.facebook.com/starbucksuk
Starbucks,,https://www.starbucks.co.uk,instagram.com,https://www.instagram.com/starbucksuk/
Starbucks,,https://www.starbucks.co.uk,youtube.com,https://www.youtube.com/@starbucksuk2728
Starbucks,,https://www.starbucks.co.uk,tiktok.com,https://www.tiktok.com/@starbucksuk
Starbucks,,https://www.starbucks.co.uk,x.com,https://x.com/starbucksuk
Starbucks,,https://www.starbucks.co.uk,facebook.com,https://www.facebook.com/starbucksuk
Starbucks,,https://www.starbucks.co.uk,instagram.com,https://www.instagram.com/starbucksuk/
Starbucks,,https://www.starbucks.co.uk,youtube.com,https://www.youtube.com/@starbucksuk2728
Starbucks,,https://www.starbucks.co.uk,tiktok.com,https://www.tiktok.com/@starbucksuk
Starbucks,,https://www.starbucks.co.uk,x.com,https://x.com/starbucksuk
Starbucks,,https://www.starbucks.co.uk,facebook.com,https://www.facebook.com/starbucksuk
Starbucks,,https://www.starbucks.co.uk,instagram.com,https://www.instagram.com/starbucksuk/
Starbucks,,https://www.starbucks.co.uk,youtube.com,https://www.youtube.com/@starbucksuk2728
Starbucks,,https://www.starbucks.co.uk,tiktok.com,https://www.tiktok.com/@starbucksuk
Starbucks,,https://www.starbucks.co.uk,x.com,https://x.com/starbucksuk
Starbucks,,https://www.starbucks.co.uk,facebook.com,https://www.facebook.com/starbucksuk
Starbucks,,https://www.starbucks.co.uk,instagram.com,https://www.instagram.com/starbucksuk/
Starbucks,,https://www.starbucks.co.uk,youtube.com,https://www.youtube.com/@starbucksuk2728
Starbucks,,https://www.starbucks.co.uk,tiktok.com,https://www.tiktok.com/@starbucksuk
Starbucks,,https://www.starbucks.co.uk,x.com,https://x.com/starbucksuk
Starbucks,,https://www.starbucks.co.uk,facebook.com,https://www.facebook.com/starbucksuk
Starbucks,,https://www.starbucks.co.uk,instagram.com,https://www.instagram.com/starbucksuk/
Starbucks,,https://www.starbucks.co.uk,youtube.com,https://www.youtube.com/@starbucksuk2728
Starbucks,,https://www.starbucks.co.uk,tiktok.com,https://www.tiktok.com/@starbucksuk
Starbucks,,https://www.starbucks.co.uk,x.com,https://x.com/starbucksuk
Starbucks,,https://www.starbucks.co.uk,facebook.com,https://www.facebook.com/starbucksuk
Starbucks,,https://www.starbucks.co.uk,instagram.com,https://www.instagram.com/starbucksuk/
Starbucks,,https://www.starbucks.co.uk,youtube.com,https://www.youtube.com/@starbucksuk2728
Starbucks,,https://www.starbucks.co.uk,tiktok.com,https://www.tiktok.com/@starbucksuk
Starbucks,,https://www.starbucks.co.uk,x.com,https://x.com/starbucksuk
Starbucks,,https://www.starbucks.co.uk,facebook.com,https://www.facebook.com/starbucksuk
Starbucks,,https://www.starbucks.co.uk,instagram.com,https://www.instagram.com/starbucksuk/
Starbucks,,https://www.starbucks.co.uk,youtube.com,https://www.youtube.com/@starbucksuk2728
Starbucks,,https://www.starbucks.co.uk,tiktok.com,https://www.tiktok.com/@starbucksuk
Starbucks,,https://www.starbucks.co.uk,x.com,https://x.com/starbucksuk
Starbucks,,https://www.starbucks.co.uk,facebook.com,https://www.facebook.com/starbucksuk
Starbucks,,https://www.starbucks.co.uk,instagram.com,https://www.instagram.com/starbucksuk/
Starbucks,,https://www.starbucks.co.uk,youtube.com,https://www.youtube.com/@starbucksuk2728
Starbucks,,https://www.starbucks.co.uk,tiktok.com,https://www.tiktok.com/@starbucksuk
Starbucks,,https://www.starbucks.co.uk,x.com,https://x.com/starbucksuk
Starbucks,,https://www.starbucks.co.uk,facebook.com,https://www.facebook.com/starbucksuk
Starbucks,,https://www.starbucks.co.uk,instagram.com,https://www.instagram.com/starbucksuk/
Starbucks,,https://www.starbucks.co.uk,youtube.com,https://www.youtube.com/@starbucksuk2728
Starbucks,,https://www.starbucks.co.uk,tiktok.com,https://www.tiktok.com/@starbucksuk
Starbucks,,https://www.starbucks.co.uk,x.com,https://x.com/starbucksuk
Starbucks,,https://www.starbucks.co.uk,facebook.com,https://www.facebook.com/starbucksuk
Starbucks,,https://www.starbucks.co.uk,instagram.com,https://www.instagram.com/starbucksuk/
Starbucks,,https://www.starbucks.co.uk,youtube.com,https://www.youtube.com/@starbucksuk2728
Starbucks,,https://www.starbucks.co.uk,tiktok.com,https://www.tiktok.com/@starbucksuk
Starbucks,,https://www.starbucks.co.uk,x.com,https://x.com/starbucksuk
Starbucks,,https://www.starbucks.co.uk,facebook.com,https://www.facebook.com/starbucksuk
Starbucks,,https://www.starbucks.co.uk,instagram.com,https://www.instagram.com/starbucksuk/
Starbucks,,https://www.starbucks.co.uk,youtube.com,https://www.youtube.com/@starbucksuk2728
Starbucks,,https://www.starbucks.co.uk,tiktok.com,https://www.tiktok.com/@starbucksuk
Starbucks,,https://www.starbucks.co.uk,x.com,https://x.com/starbucksuk
Starbucks,,https://www.starbucks.co.uk,facebook.com,https://www.facebook.com/starbucksuk
Starbucks,,https://www.starbucks.co.uk,instagram.com,https://www.instagram.com/starbucksuk/
Starbucks,,https://www.starbucks.co.uk,youtube.com,https://www.youtube.com/@starbucksuk2728
Starbucks,,https://www.starbucks.co.uk,tiktok.com,https://www.tiktok.com/@starbucksuk
Starbucks,,https://www.starbucks.co.uk,x.com,https://x.com/starbucksuk
Starbucks,,https://www.starbucks.co.uk,facebook.com,https://www.facebook.com/starbucksuk
Starbucks,,https://www.starbucks.co.uk,instagram.com,https://www.instagram.com/starbucksuk/
Starbucks,,https://www.starbucks.co.uk,youtube.com,https://www.youtube.com/@starbucksuk2728
Starbucks,,https://www.starbucks.co.uk,tiktok.com,https://www.tiktok.com/@starbucksuk
Starbucks,,https://www.starbucks.co.uk,x.com,https://x.com/starbucksuk
Starbucks,,https://www.starbucks.co.uk,facebook.com,https://www.facebook.com/starbucksuk
Starbucks,,https://www.starbucks.co.uk,instagram.com,https://www.instagram.com/starbucksuk/
Starbucks,,https://www.starbucks.co.uk,youtube.com,https://www.youtube.com/@starbucksuk2728
Starbucks,,https://www.starbucks.co.uk,tiktok.com,https://www.tiktok.com/@starbucksuk
Starbucks,,https://www.starbucks.co.uk,x.com,https://x.com/starbucksuk
Starbucks,,https://www.starbucks.co.uk,facebook.com,https://www.facebook.com/starbucksuk
Starbucks,,https://www.starbucks.co.uk,instagram.com,https://www.instagram.com/starbucksuk/
Starbucks,,https://www.starbucks.co.uk,youtube.com,https://www.youtube.com/@starbucksuk2728
Starbucks,,https://www.starbucks.co.uk,tiktok.com,https://www.tiktok.com/@starbucksuk
Starbucks,,https://www.starbucks.co.uk,x.com,https://x.com/starbucksuk
Starbucks,,https://www.starbucks.co.uk,facebook.com,https://www.facebook.com/starbucksuk
Starbucks,,https://www.starbucks.co.uk,instagram.com,https://www.instagram.com/starbucksuk/
Starbucks,,https://www.starbucks.co.uk,youtube.com,https://www.youtube.com/@starbucksuk2728
Starbucks,,https://www.starbucks.co.uk,tiktok.com,https://www.tiktok.com/@starbucksuk
Starbucks,,https://www.starbucks.co.uk,x.com,https://x.com/starbucksuk
Starbucks,,https://www.starbucks.co.uk,facebook.com,https://www.facebook.com/starbucksuk
Starbucks,,https://www.starbucks.co.uk,instagram.com,https://www.instagram.com/starbucksuk/
Starbucks,,https://www.starbucks.co.uk,youtube.com,https://www.youtube.com/@starbucksuk2728
Starbucks,,https://www.starbucks.co.uk,tiktok.com,https://www.tiktok.com/@starbucksuk
Starbucks,,https://www.starbucks.co.uk,x.com,https://x.com/starbucksuk
Starbucks,,https://www.starbucks.co.uk,facebook.com,https://www.facebook.com/starbucksuk
Starbucks,,https://www.starbucks.co.uk,instagram.com,https://www.instagram.com/starbucksuk/
Starbucks,,https://www.starbucks.co.uk,youtube.com,https://www.youtube.com/@starbucksuk2728
Starbucks,,https://www.starbucks.co.uk,tiktok.com,https://www.tiktok.com/@starbucksuk
Starbucks,,https://www.starbucks.co.uk,x.com,https://x.com/starbucksuk
Starbucks,,https://www.starbucks.co.uk,facebook.com,https://www.facebook.com/starbucksuk
Starbucks,,https://www.starbucks.co.uk,instagram.com,https://www.instagram.com/starbucksuk/
Starbucks,,https://www.starbucks.co.uk,youtube.com,https://www.youtube.com/@starbucksuk2728
Starbucks,,https://www.starbucks.co.uk,tiktok.com,https://www.tiktok.com/@starbucksuk
Starbucks,,https://www.starbucks.co.uk,x.com,https://x.com/starbucksuk
Starbucks,,https://www.starbucks.co.uk,facebook.com,https://www.facebook.com/starbucksuk
Starbucks,,https://www.starbucks.co.uk,instagram.com,https://www.instagram.com/starbucksuk/
Starbucks,,https://www.starbucks.co.uk,youtube.com,https://www.youtube.com/@starbucksuk2728
Starbucks,,https://www.starbucks.co.uk,tiktok.com,https://www.tiktok.com/@starbucksuk
Starbucks,,https://www.starbucks.co.uk,x.com,https://x.com/starbucksuk
Starbucks,,https://www.starbucks.co.uk,facebook.com,https://www.facebook.com/starbucksuk
Starbucks,,https://www.starbucks.co.uk,instagram.com,https://www.instagram.com/starbucksuk/
Starbucks,,https://www.starbucks.co.uk,youtube.com,https://www.youtube.com/@starbucksuk2728
Starbucks,,https://www.starbucks.co.uk,tiktok.com,https://www.tiktok.com/@starbucksuk
Starbucks,,https://www.starbucks.co.uk,x.com,https://x.com/starbucksuk
Starbucks,,https://www.starbucks.co.uk,facebook.com,https://www.facebook.com/starbucksuk
Starbucks,,https://www.starbucks.co.uk,instagram.com,https://www.instagram.com/starbucksuk/
Starbucks,,https://www.starbucks.co.uk,youtube.com,https://www.youtube.com/@starbucksuk2728
Starbucks,,https://www.starbucks.co.uk,tiktok.com,https://www.tiktok.com/@starbucksuk
Starbucks,,https://www.starbucks.co.uk,x.com,https://x.com/starbucksuk
Starbucks,,https://www.starbucks.co.uk,facebook.com,https://www.facebook.com/starbucksuk
Starbucks,,https://www.starbucks.co.uk,instagram.com,https://www.instagram.com/starbucksuk/
Starbucks,,https://www.starbucks.co.uk,youtube.com,https://www.youtube.com/@starbucksuk2728
Starbucks,,https://www.starbucks.co.uk,tiktok.com,https://www.tiktok.com/@starbucksuk
Starbucks,,https://www.starbucks.co.uk,x.com,https://x.com/starbucksuk
Starbucks,,https://www.starbucks.co.uk,facebook.com,https://www.facebook.com/starbucksuk
Starbucks,,https://www.starbucks.co.uk,instagram.com,https://www.instagram.com/starbucksuk/
Starbucks,,https://www.starbucks.co.uk,youtube.com,https://www.youtube.com/@starbucksuk2728
Starbucks,,https://www.starbucks.co.uk,tiktok.com,https://www.tiktok.com/@starbucksuk
Starbucks,,https://www.starbucks.co.uk,x.com,https://x.com/starbucksuk
Starbucks,,https://www.starbucks.co.uk,facebook.com,https://www.facebook.com/starbucksuk
Starbucks,,https://www.starbucks.co.uk,instagram.com,https://www.instagram.com/starbucksuk/
Starbucks,,https://www.starbucks.co.uk,youtube.com,https://www.youtube.com/@starbucksuk2728
Starbucks,,https://www.starbucks.co.uk,tiktok.com,https://www.tiktok.com/@starbucksuk
Starbucks,,https://www.starbucks.co.uk,x.com,https://x.com/starbucksuk
Starbucks,,https://www.starbucks.co.uk,facebook.com,https://www.facebook.com/starbucksuk
Starbucks,,https://www.starbucks.co.uk,instagram.com,https://www.instagram.com/starbucksuk/
Starbucks,,https://www.starbucks.co.uk,youtube.com,https://www.youtube.com/@starbucksuk2728
Starbucks,,https://www.starbucks.co.uk,tiktok.com,https://www.tiktok.com/@starbucksuk
Starbucks,,https://www.starbucks.co.uk,x.com,https://x.com/starbucksuk
Starbucks,,https://www.starbucks.co.uk,facebook.com,https://www.facebook.com/starbucksuk
Starbucks,,https://www.starbucks.co.uk,instagram.com,https://www.instagram.com/starbucksuk/
Starbucks,,https://www.starbucks.co.uk,youtube.com,https://www.youtube.com/@starbucksuk2728
Starbucks,,https://www.starbucks.co.uk,tiktok.com,https://www.tiktok.com/@starbucksuk
Starbucks,,https://www.starbucks.co.uk,x.com,https://x.com/starbucksuk
Starbucks,,https://www.starbucks.com.tr,instagram.com,https://www.instagram.com/starbucks_tr
Starbucks,,https://www.starbucks.com.tr,facebook.com,https://www.facebook.com/StarbucksTurkiye
Starbucks,,https://www.starbucks.com.tr,tiktok.com,https://www.tiktok.com/@starbucks_turkiye
Starbucks,,https://www.starbucks.com.tr,youtube.com,https://www.youtube.com/@StarbucksTr
Starbucks,,https://www.starbucks.com.tr,x.com,https://x.com/StarbucksTR
Starbucks,,https://www.starbucks.com.tr,instagram.com,https://www.instagram.com/starbucks_tr
Starbucks,,https://www.starbucks.com.tr,facebook.com,https://www.facebook.com/StarbucksTurkiye
Starbucks,,https://www.starbucks.com.tr,tiktok.com,https://www.tiktok.com/@starbucks_turkiye
Starbucks,,https://www.starbucks.com.tr,youtube.com,https://www.youtube.com/@StarbucksTr
Starbucks,,https://www.starbucks.com.tr,x.com,https://x.com/StarbucksTR
Starbucks,,https://www.starbucks.co.uk,facebook.com,https://www.facebook.com/starbucksuk
Starbucks,,https://www.starbucks.co.uk,instagram.com,https://www.instagram.com/starbucksuk/
Starbucks,,https://www.starbucks.co.uk,youtube.com,https://www.youtube.com/@starbucksuk2728
Starbucks,,https://www.starbucks.co.uk,tiktok.com,https://www.tiktok.com/@starbucksuk
Starbucks,,https://www.starbucks.co.uk,x.com,https://x.com/starbucksuk
Starbucks,,https://www.starbucks.co.uk,facebook.com,https://www.facebook.com/starbucksuk
Starbucks,,https://www.starbucks.co.uk,instagram.com,https://www.instagram.com/starbucksuk/
Starbucks,,https://www.starbucks.co.uk,youtube.com,https://www.youtube.com/@starbucksuk2728
Starbucks,,https://www.starbucks.co.uk,tiktok.com,https://www.tiktok.com/@starbucksuk
Starbucks,,https://www.starbucks.co.uk,x.com,https://x.com/starbucksuk
Starbucks,,https://www.starbucks.com.tr,instagram.com,https://www.instagram.com/starbucks_tr
Starbucks,,https://www.starbucks.com.tr,facebook.com,https://www.facebook.com/StarbucksTurkiye
Starbucks,,https://www.starbucks.com.tr,tiktok.com,https://www.tiktok.com/@starbucks_turkiye
Starbucks,,https://www.starbucks.com.tr,youtube.com,https://www.youtube.com/@StarbucksTr
Starbucks,,https://www.starbucks.com.tr,x.com,https://x.com/StarbucksTR
Starbucks,,https://www.starbucks.co.uk,facebook.com,https://www.facebook.com/starbucksuk
Starbucks,,https://www.starbucks.co.uk,instagram.com,https://www.instagram.com/starbucksuk/
Starbucks,,https://www.starbucks.co.uk,youtube.com,https://www.youtube.com/@starbucksuk2728
Starbucks,,https://www.starbucks.co.uk,tiktok.com,https://www.tiktok.com/@starbucksuk
Starbucks,,https://www.starbucks.co.uk,x.com,https://x.com/starbucksuk
Starbucks,,https://www.starbucks.com.tr,instagram.com,https://www.instagram.com/starbucks_tr
Starbucks,,https://www.starbucks.com.tr,facebook.com,https://www.facebook.com/StarbucksTurkiye
Starbucks,,https://www.starbucks.com.tr,tiktok.com,https://www.tiktok.com/@starbucks_turkiye
Starbucks,,https://www.starbucks.com.tr,youtube.com,https://www.youtube.com/@StarbucksTr
Starbucks,,https://www.starbucks.com.tr,x.com,https://x.com/StarbucksTR
Starbucks,,https://www.starbucks.co.uk,facebook.com,https://www.facebook.com/starbucksuk
Starbucks,,https://www.starbucks.co.uk,instagram.com,https://www.instagram.com/starbucksuk/
Starbucks,,https://www.starbucks.co.uk,youtube.com,https://www.youtube.com/@starbucksuk2728
Starbucks,,https://www.starbucks.co.uk,tiktok.com,https://www.tiktok.com/@starbucksuk
Starbucks,,https://www.starbucks.co.uk,x.com,https://x.com/starbucksuk
Starbucks,,https://www.starbucks.co.uk,facebook.com,https://www.facebook.com/starbucksuk
Starbucks,,https://www.starbucks.co.uk,instagram.com,https://www.instagram.com/starbucksuk/
Starbucks,,https://www.starbucks.co.uk,youtube.com,https://www.youtube.com/@starbucksuk2728
Starbucks,,https://www.starbucks.co.uk,tiktok.com,https://www.tiktok.com/@starbucksuk
Starbucks,,https://www.starbucks.co.uk,x.com,https://x.com/starbucksuk
Starbucks,,https://www.starbucks.co.uk,facebook.com,https://www.facebook.com/starbucksuk
Starbucks,,https://www.starbucks.co.uk,instagram.com,https://www.instagram.com/starbucksuk/
Starbucks,,https://www.starbucks.co.uk,youtube.com,https://www.youtube.com/@starbucksuk2728
Starbucks,,https://www.starbucks.co.uk,tiktok.com,https://www.tiktok.com/@starbucksuk
Starbucks,,https://www.starbucks.co.uk,x.com,https://x.com/starbucksuk
Starbucks,,https://www.starbucks.co.uk,facebook.com,https://www.facebook.com/starbucksuk
Starbucks,,https://www.starbucks.co.uk,instagram.com,https://www.instagram.com/starbucksuk/
Starbucks,,https://www.starbucks.co.uk,youtube.com,https://www.youtube.com/@starbucksuk2728
Starbucks,,https://www.starbucks.co.uk,tiktok.com,https://www.tiktok.com/@starbucksuk
Starbucks,,https://www.starbucks.co.uk,x.com,https://x.com/starbucksuk
Starbucks,,https://www.starbucks.co.uk,facebook.com,https://www.facebook.com/starbucksuk
Starbucks,,https://www.starbucks.co.uk,instagram.com,https://www.instagram.com/starbucksuk/
Starbucks,,https://www.starbucks.co.uk,youtube.com,https://www.youtube.com/@starbucksuk2728
Starbucks,,https://www.starbucks.co.uk,tiktok.com,https://www.tiktok.com/@starbucksuk
Starbucks,,https://www.starbucks.co.uk,x.com,https://x.com/starbucksuk
Starbucks,,https://www.starbucks.co.uk,facebook.com,https://www.facebook.com/starbucksuk
Starbucks,,https://www.starbucks.co.uk,instagram.com,https://www.instagram.com/starbucksuk/
Starbucks,,https://www.starbucks.co.uk,youtube.com,https://www.youtube.com/@starbucksuk2728
Starbucks,,https://www.starbucks.co.uk,tiktok.com,https://www.tiktok.com/@starbucksuk
Starbucks,,https://www.starbucks.co.uk,x.com,https://x.com/starbucksuk
Starbucks,,https://www.starbucks.co.uk,facebook.com,https://www.facebook.com/starbucksuk
Starbucks,,https://www.starbucks.co.uk,instagram.com,https://www.instagram.com/starbucksuk/
Starbucks,,https://www.starbucks.co.uk,youtube.com,https://www.youtube.com/@starbucksuk2728
Starbucks,,https://www.starbucks.co.uk,tiktok.com,https://www.tiktok.com/@starbucksuk
Starbucks,,https://www.starbucks.co.uk,x.com,https://x.com/starbucksuk
Starbucks,,https://starbucks.com.tr,instagram.com,https://www.instagram.com/starbucks_tr
Starbucks,,https://starbucks.com.tr,facebook.com,https://www.facebook.com/StarbucksTurkiye
Starbucks,,https://starbucks.com.tr,tiktok.com,https://www.tiktok.com/@starbucks_turkiye
Starbucks,,https://starbucks.com.tr,youtube.com,https://www.youtube.com/@StarbucksTr
Starbucks,,https://starbucks.com.tr,x.com,https://x.com/StarbucksTR
Starbucks,,https://www.starbucks.co.uk,facebook.com,https://www.facebook.com/starbucksuk
Starbucks,,https://www.starbucks.co.uk,instagram.com,https://www.instagram.com/starbucksuk/
Starbucks,,https://www.starbucks.co.uk,youtube.com,https://www.youtube.com/@starbucksuk2728
Starbucks,,https://www.starbucks.co.uk,tiktok.com,https://www.tiktok.com/@starbucksuk
Starbucks,,https://www.starbucks.co.uk,x.com,https://x.com/starbucksuk
Starbucks,,https://www.starbucks.co.uk,facebook.com,https://www.facebook.com/starbucksuk
Starbucks,,https://www.starbucks.co.uk,instagram.com,https://www.instagram.com/starbucksuk/
Starbucks,,https://www.starbucks.co.uk,youtube.com,https://www.youtube.com/@starbucksuk2728
Starbucks,,https://www.starbucks.co.uk,tiktok.com,https://www.tiktok.com/@starbucksuk
Starbucks,,https://www.starbucks.co.uk,x.com,https://x.com/starbucksuk
Starbucks,,https://www.starbucks.co.uk,facebook.com,https://www.facebook.com/starbucksuk
Starbucks,,https://www.starbucks.co.uk,instagram.com,https://www.instagram.com/starbucksuk/
Starbucks,,https://www.starbucks.co.uk,youtube.com,https://www.youtube.com/@starbucksuk2728
Starbucks,,https://www.starbucks.co.uk,tiktok.com,https://www.tiktok.com/@starbucksuk
Starbucks,,https://www.starbucks.co.uk,x.com,https://x.com/starbucksuk
Subway,,https://www.subway.com.tr,facebook.com,https://www.facebook.com/SubwayTurkiye/
Subway,,https://www.subway.com.tr,instagram.com,https://www.instagram.com/subwayturkiye/
Strada Suadiye,,https://stradasuadiye.com,instagram.com,https://www.instagram.com/strada.suadiye/
Sultanahmet Köftecisi,,https://sultanahmetkoftesi.com,instagram.com,https://www.instagram.com/tarihisultanahmetkoftecisi1920/
Sultanahmet Köftecisi,,https://sultanahmetkoftesi.com,facebook.com,https://www.facebook.com/tarihisultanahmetkoftecisi1920
Superr Taco,,https://superrtaco.com.tr,facebook.com,https://www.facebook.com/SuperrTacoo/
Superr Taco,,https://superrtaco.com.tr,instagram.com,https://instagram.com/superrtaco.tr
Sur Balık Restoran Arnavutköy,,https://surbalik.com,facebook.com,https://www.facebook.com/surbalik
Sur Balık Restoran Arnavutköy,,https://surbalik.com,instagram.com,https://www.instagram.com/surbalik
Sunset,,https://www.sunsetgrillbar.com,instagram.com,https://www.instagram.com/sunsetgrillbar/
Sunset,,https://www.sunsetgrillbar.com,facebook.com,https://www.facebook.com/sunsetgrillbar/
Sushi & Spice,,https://sushiandspice.com,instagram.com,https://www.instagram.com/sushiandspice/
Sütçüoğulları Muhallebicisi,,https://www.sutcuogullari.com.tr,facebook.com,https://www.facebook.com/sutcuogullarimuhallebicisi
Sütçüoğulları Muhallebicisi,,https://www.sutcuogullari.com.tr,instagram.com,https://www.instagram.com/sutcuogullarimuhallebicisi/
Sütçüoğulları Muhallebicisi,,https://www.sutcuogullari.com.tr,youtube.com,https://www.youtube.com/@Sutcuogullarimuhallebicisi
Sütçüoğulları Muhallebicisi,,https://www.sutcuogullari.com.tr,tiktok.com,https://www.tiktok.com/@sutcuogullari
Tahtasaray,,https://tahtasaray.com,facebook.com,https://www.facebook.com/pg/TahtasarayLevent/
Tahtasaray,,https://tahtasaray.com,instagram.com,https://www.instagram.com/tahtasaray/
Sıralı Kebap,,https://www.siralikebap.com,instagram.com,http://instagram.com/siralikebap
Tarihi Sultanahmet Köftecisi Selim Usta,,https://www.sultanahmetkoftesi.com,instagram.com,https://www.instagram.com/tarihisultanahmetkoftecisi1920/
Tarihi Sultanahmet Köftecisi Selim Usta,,https://www.sultanahmetkoftesi.com,facebook.com,https://www.facebook.com/tarihisultanahmetkoftecisi1920
Tatar Salim,,https://www.tatarsalim.com.tr,facebook.com,https://www.facebook.com/pages/Tatar-Salim-D%C3%B6ner-Lokantas%C4%B1/413888692051164?rf=460398577381651
Tatar Salim,,https://www.tatarsalim.com.tr,instagram.com,http://instagram.com/tatarsalimdoner
Tarihi Unkapanı Pilavcısı,,http://www.tarihiunkapanipilavcisi.com,youtu.be,https://youtu.be/otARhlL0MQQ
Tarihi Unkapanı Pilavcısı,,http://www.tarihiunkapanipilavcisi.com,instagram.com,https://www.instagram.com/tarihiunkapanipilavcisi/
Tarihi Unkapanı Pilavcısı,,http://www.tarihiunkapanipilavcisi.com,facebook.com,https://www.facebook.com/tarihiunkapanipilavcisi/
Tarihi Unkapanı Pilavcısı,,http://www.tarihiunkapanipilavcisi.com,twitter.com,https://twitter.com/tarihiunkapanipilavcisi/
Tavuk Dünyası,,https://www.tavukdunyasi.com,tiktok.com,https://www.tiktok.com/@berketasdelenn/video/7676149125657742613?is_from_webapp=1&sender_device=pc&web_id=7665747951609087489
Tavuk Dünyası,,https://www.tavukdunyasi.com,instagram.com,https://www.instagram.com/tavukdunyasi/
Tavuk Dünyası,,https://www.tavukdunyasi.com,youtube.com,https://www.youtube.com/@tavukdunyasii
Tavuk Dünyası,,https://www.tavukdunyasi.com,facebook.com,https://www.facebook.com/TavukDunyasi/
Tavuk Dünyası,,https://www.tavukdunyasi.com,twitter.com,https://twitter.com/tavuk_dunyasi
Tavuk Dünyası,,https://www.tavukdunyasi.com,tiktok.com,https://www.tiktok.com/@berketasdelenn/video/7676149125657742613?is_from_webapp=1&sender_device=pc&web_id=7665747951609087489
Tavuk Dünyası,,https://www.tavukdunyasi.com,instagram.com,https://www.instagram.com/tavukdunyasi/
Tavuk Dünyası,,https://www.tavukdunyasi.com,youtube.com,https://www.youtube.com/@tavukdunyasii
Tavuk Dünyası,,https://www.tavukdunyasi.com,facebook.com,https://www.facebook.com/TavukDunyasi/
Tavuk Dünyası,,https://www.tavukdunyasi.com,twitter.com,https://twitter.com/tavuk_dunyasi
Tavuk Dünyası,,https://www.tavukdunyasi.com,tiktok.com,https://www.tiktok.com/@berketasdelenn/video/7676149125657742613?is_from_webapp=1&sender_device=pc&web_id=7665747951609087489
Tavuk Dünyası,,https://www.tavukdunyasi.com,instagram.com,https://www.instagram.com/tavukdunyasi/
Tavuk Dünyası,,https://www.tavukdunyasi.com,youtube.com,https://www.youtube.com/@tavukdunyasii
Tavuk Dünyası,,https://www.tavukdunyasi.com,facebook.com,https://www.facebook.com/TavukDunyasi/
Tavuk Dünyası,,https://www.tavukdunyasi.com,twitter.com,https://twitter.com/tavuk_dunyasi
Tatar Salim,,http://www.tatarsalim.com.tr,facebook.com,https://www.facebook.com/pages/Tatar-Salim-D%C3%B6ner-Lokantas%C4%B1/413888692051164?rf=460398577381651
Tatar Salim,,http://www.tatarsalim.com.tr,instagram.com,http://instagram.com/tatarsalimdoner
Tavuk Dünyası,,https://tavukdunyasi.com,tiktok.com,https://www.tiktok.com/@berketasdelenn/video/7676149125657742613?is_from_webapp=1&sender_device=pc&web_id=7665747951609087489
Tavuk Dünyası,,https://tavukdunyasi.com,instagram.com,https://www.instagram.com/tavukdunyasi/
Tavuk Dünyası,,https://tavukdunyasi.com,youtube.com,https://www.youtube.com/@tavukdunyasii
Tavuk Dünyası,,https://tavukdunyasi.com,facebook.com,https://www.facebook.com/TavukDunyasi/
Tavuk Dünyası,,https://tavukdunyasi.com,twitter.com,https://twitter.com/tavuk_dunyasi
Tavuk Dünyası,,https://www.tavukdunyasi.com,tiktok.com,https://www.tiktok.com/@berketasdelenn/video/7676149125657742613?is_from_webapp=1&sender_device=pc&web_id=7665747951609087489
Tavuk Dünyası,,https://www.tavukdunyasi.com,instagram.com,https://www.instagram.com/tavukdunyasi/
Tavuk Dünyası,,https://www.tavukdunyasi.com,youtube.com,https://www.youtube.com/@tavukdunyasii
Tavuk Dünyası,,https://www.tavukdunyasi.com,facebook.com,https://www.facebook.com/TavukDunyasi/
Tavuk Dünyası,,https://www.tavukdunyasi.com,twitter.com,https://twitter.com/tavuk_dunyasi
Tavuk Dünyası,,https://www.tavukdunyasi.com,tiktok.com,https://www.tiktok.com/@berketasdelenn/video/7676149125657742613?is_from_webapp=1&sender_device=pc&web_id=7665747951609087489
Tavuk Dünyası,,https://www.tavukdunyasi.com,instagram.com,https://www.instagram.com/tavukdunyasi/
Tavuk Dünyası,,https://www.tavukdunyasi.com,youtube.com,https://www.youtube.com/@tavukdunyasii
Tavuk Dünyası,,https://www.tavukdunyasi.com,facebook.com,https://www.facebook.com/TavukDunyasi/
Tavuk Dünyası,,https://www.tavukdunyasi.com,twitter.com,https://twitter.com/tavuk_dunyasi
The Date Gastro & Pub,,https://thedatepub.com,instagram.com,https://www.instagram.com/thedatepub/
The House Cafe,,https://www.thehousecafe.com,facebook.com,https://www.facebook.com/thehousecafe/?locale=tr_TR
The House Cafe,,https://www.thehousecafe.com,twitter.com,https://twitter.com/thehousecafethc?lang=hr
The House Cafe,,https://www.thehousecafe.com,instagram.com,https://www.instagram.com/thehousecafe/
the beauty store,,https://thebeautystore.com.tr,instagram.com,https://www.instagram.com/thebeautystoreturkey
the beauty store,,https://thebeautystore.com.tr,youtube.com,https://www.youtube.com/@TheBeautyStoreTurkey
The Hill Cafe,,https://thehillcafe.dslink.co,instagram.com,https://www.instagram.com/thehillcafesisli
The House Cafe,,https://thehousecafe.com,facebook.com,https://www.facebook.com/thehousecafe/?locale=tr_TR
The House Cafe,,https://thehousecafe.com,twitter.com,https://twitter.com/thehousecafethc?lang=hr
The House Cafe,,https://thehousecafe.com,instagram.com,https://www.instagram.com/thehousecafe/
The House Cafe İstiklal,,https://thehousecafe.com,facebook.com,https://www.facebook.com/thehousecafe/?locale=tr_TR
The House Cafe İstiklal,,https://thehousecafe.com,twitter.com,https://twitter.com/thehousecafethc?lang=hr
The House Cafe İstiklal,,https://thehousecafe.com,instagram.com,https://www.instagram.com/thehousecafe/
The Hunger,,https://thehunger.com.tr,instagram.com,https://www.instagram.com/thehunger/
The Hunger,,https://thehunger.com.tr,tiktok.com,https://www.tiktok.com/@the.hunger
The Hunger Ümraniye Limonlu Cadde,,https://thehunger.com.tr,instagram.com,https://www.instagram.com/thehunger/
The Hunger Ümraniye Limonlu Cadde,,https://thehunger.com.tr,tiktok.com,https://www.tiktok.com/@the.hunger
The North Shield Pub,,https://thenorthshield.com,instagram.com,https://www.instagram.com/thenorthshieldvadistanbul/
The St. Bernard Restaurant,,https://monnacafe.qr.menulux.com,instagram.com,https://www.instagram.com/sakizagci_cardak_caybahcesi?igsh=YjQ5ZjEwdjN1cnpn
Tike Suadiye,,https://www.tikesuadiye.com,instagram.com,https://www.instagram.com/tikesuadiye
Tiryaki Restorant,,https://tiryakikebap.com,facebook.com,https://www.facebook.com/
Tiryaki Restorant,,https://tiryakikebap.com,twitter.com,https://twitter.com/?lang=tr
Tiryaki Restorant,,https://tiryakikebap.com,instagram.com,https://www.instagram.com/tiryaki_kebap_yenikoy/
Tike Restoran,,https://tike.com.tr,facebook.com,https://facebook.com/pages/Tike%20Etiler/509803999530859/
Tike Restoran,,https://tike.com.tr,instagram.com,https://instagram.com/tiketasteofistanbul
The Townhouse,,https://www.thetownhouse.com.tr,facebook.com,https://www.facebook.com/thetownhouseistanbul
The Townhouse,,https://www.thetownhouse.com.tr,instagram.com,https://www.instagram.com/thetownhouseistanbul
Tomris Ocakbaşı,,https://tomrisocakbasi.com,instagram.com,https://www.instagram.com/tomrisocakbasi/
Tombul Tavuk,,https://tombultavuk.com,instagram.com,https://www.instagram.com/tombul.tavuk/
Tost Akademisi,,https://tostakademisi.com.tr,facebook.com,https://www.facebook.com/Tost-Akademisi-463356474206177
Tost Akademisi,,https://tostakademisi.com.tr,twitter.com,https://twitter.com/watergardenist/status/1412428916426428422
Tost Akademisi,,https://tostakademisi.com.tr,instagram.com,https://www.instagram.com/tostakademisi/
Tost Akademisi,,https://tostakademisi.com.tr,facebook.com,https://www.facebook.com/Tost-Akademisi-463356474206177
Tost Akademisi,,https://tostakademisi.com.tr,twitter.com,https://twitter.com/watergardenist/status/1412428916426428422
Tost Akademisi,,https://tostakademisi.com.tr,instagram.com,https://www.instagram.com/tostakademisi/
Trakyum,,https://trakyum.com.tr,instagram.com,https://www.instagram.com/trakyum/
TRIA ELEGANCE TERRACE RESTAURANT,,https://www.triahotelistanbul.com,instagram.com,https://www.instagram.com/triaterracerestaurant/
TRIA ELEGANCE TERRACE RESTAURANT,,https://www.triahotelistanbul.com,facebook.com,https://www.facebook.com/triaeleganceterracerestaurant
Trattoria Carbonara,,https://www.carbonararestaurant.com,instagram.com,https://www.instagram.com/trattoria.carbonara/
Tschibo,,https://www.tchibo.com.tr,facebook.com,https://www.facebook.com/TchiboTurkiye
Tschibo,,https://www.tchibo.com.tr,youtube.com,https://www.youtube.com/user/tchiboturkiye
Tschibo,,https://www.tchibo.com.tr,instagram.com,https://www.instagram.com/tchiboturkiye/
Tschibo,,https://www.tchibo.com.tr,twitter.com,https://twitter.com/tchiboturkiye
Türkistan Kültür Evi - Kitap & Kahve,,https://www.dtv.org.tr,facebook.com,https://www.facebook.com/DoguTurkistanVakfi
Türkistan Kültür Evi - Kitap & Kahve,,https://www.dtv.org.tr,instagram.com,https://www.instagram.com/doguturkistanvakfi/
Türkistan Kültür Evi - Kitap & Kahve,,https://www.dtv.org.tr,x.com,https://x.com/DTvakfi
Usta Pideci,,https://www.ustapideci.com.tr,facebook.com,https://www.facebook.com/pideciustatr
Usta Pideci,,https://www.ustapideci.com.tr,x.com,https://x.com/Usta_Pideci
Usta Pideci,,https://www.ustapideci.com.tr,instagram.com,https://www.instagram.com/ustapidecitr/?hl=tr
Uzunya,,https://www.uzunya.com,facebook.com,https://www.facebook.com/uzunyacom/
Uzunya,,https://www.uzunya.com,instagram.com,https://www.instagram.com/uzunyarestaurant/
Tuzla Balıkçısı Başakşehir,,https://tuzlabalikcisi.com,facebook.com,http://facebook.com/tuzlabalikcisi
Tuzla Balıkçısı Başakşehir,,https://tuzlabalikcisi.com,youtube.com,http://youtube.com/channel/UC-NopRCqGUmiRmcqBpqZJ0A
Tuzla Balıkçısı Başakşehir,,https://tuzlabalikcisi.com,twitter.com,http://twitter.com/tuzlabalikcisi
Tuzla Balıkçısı Başakşehir,,https://tuzlabalikcisi.com,instagram.com,http://instagram.com/tuzlabalikcisi/
Varuna Gezgin,,https://varunagezgin.com,facebook.com,https://www.facebook.com/groups/varunagezgin
Varuna Gezgin,,https://varunagezgin.com,twitter.com,https://twitter.com/VarunaGezgin
Varuna Gezgin,,https://varunagezgin.com,instagram.com,https://www.instagram.com/varunagezgin
Varuna Gezgin,,https://varunagezgin.com,youtube.com,https://www.youtube.com/channel/UC1EICBmMpqoz2D7LD_vbo9A
Vardarlı Dondurma,,http://www.vardarlidondurma.com,instagram.com,https://www.instagram.com/dondurmavardarli/
Vardarlı Dondurma,,http://www.vardarlidondurma.com,facebook.com,https://www.facebook.com/Vardarl%C4%B1-Dondurma-Cafe-2122374544663098/
Vardarlı Dondurma,,http://www.vardarlidondurma.com,youtube.com,https://www.youtube.com/channel/UCbgYuJoxqa9yYqrEdND6nPw
Vegan Dukkan Lokanta,,https://vegandukkanlokanta.com,instagram.com,http://instagram.com/vegandukkanlokanta
Vera Restaurant Fish & Meat House,,https://www.verarestaurant.com,instagram.com,https://www.instagram.com/vera_restaurant_mh/
Viktor Levi Şarap Evi,,https://www.viktorlevimoda.com,instagram.com,https://www.instagram.com/viktorlevimoda/
Viktor Levi Şarap Evi,,https://www.viktorlevimoda.com,facebook.com,https://tr-tr.facebook.com/pages/Viktor-Levi-%C5%9Earap-Evi/102149576525687
Waffle Works,,https://www.waffleworks.com.tr,facebook.com,https://www.facebook.com/waffleworkstr/
Waffle Works,,https://www.waffleworks.com.tr,instagram.com,https://www.instagram.com/waffleworkstr/
voi cadde,,https://www.voi.com.tr,instagram.com,https://instagram.com/voi.coffee?igshid=MzRlODBiNWFlZA==
voi cadde,,https://www.voi.com.tr,tiktok.com,https://www.tiktok.com/@voi.coffee?_t=8eSHAimVimk&_r=1
voi cadde,,https://www.voi.com.tr,x.com,https://x.com/voicoffee?s=21&t=yTnDariOrEdi0His_Yucsg
Welldone,,https://www.well-done.com.tr,facebook.com,https://www.facebook.com/WelldonebyMidpoint
Welldone,,https://www.well-done.com.tr,instagram.com,https://www.instagram.com/welldonebymidpoint
Welldone,,https://www.well-done.com.tr,youtube.com,https://www.youtube.com/channel/UCRPPplx8R4tOPNPf8TbEdNw
WestMix,,http://www.westmix.com.tr,facebook.com,https://www.facebook.com/pages/WestMix-cafe-restaurant/219822774714128?sk=wall
Yanyalı Fehmi Lokantası,,http://www.fehmilokantasi.com,facebook.com,https://www.facebook.com/yanyalifehmi
Yanyalı Fehmi Lokantası,,http://www.fehmilokantasi.com,twitter.com,https://www.twitter.com/yanyalifehmi
Yanyalı Fehmi Lokantası,,http://www.fehmilokantasi.com,instagram.com,https://www.instagram.com/yanyalifehmi
White Pepper,,https://www.divan.com.tr,instagram.com,https://www.instagram.com/divanotelleri/?hl=tr
White Pepper,,https://www.divan.com.tr,facebook.com,https://www.facebook.com/divandayiz
White Pepper,,https://www.divan.com.tr,youtube.com,https://www.youtube.com/channel/UCD8DsbP7bE0aTgG4HW8WREQ
Yeni Lokanta,,https://www.yenilokanta.com,instagram.com,https://www.instagram.com/yenisoho/
youme smash burgers,,https://youmecadde.com,instagram.com,https://www.instagram.com/youmecadde/
Zeplin Pub,,https://zeplinpub.com,facebook.com,https://www.facebook.com/ZeplinPub/
Zeplin Pub,,https://zeplinpub.com,twitter.com,https://www.twitter.com/zeplinpub
Zeplin Pub,,https://zeplinpub.com,instagram.com,https://www.instagram.com/zeplinpub
Zeytin Ocakbaşı,,https://zeytinbostanci.com,instagram.com,https://www.instagram.com/zeytinbostanci/
Ziyafet kuzu çevirme İstanbul,,https://ziyafetkuzucevirme.com,facebook.com,https://www.facebook.com/kuzucevirmee
Ziyafet kuzu çevirme İstanbul,,https://ziyafetkuzucevirme.com,instagram.com,https://www.instagram.com/ziyafetkuzucevirme
Ziyafet kuzu çevirme İstanbul,,https://ziyafetkuzucevirme.com,tiktok.com,https://www.tiktok.com/@ziyafetkuzucevirme
Ziyafet kuzu çevirme İstanbul,,https://ziyafetkuzucevirme.com,x.com,https://www.x.com/Ziyafet_KuzuCvr
Ziyafet kuzu çevirme İstanbul,,https://ziyafetkuzucevirme.com,youtube.com,https://www.youtube.com/@ZiyafetKuzu%C3%87evirmesirkeci
Çakıl Meyhanesi,,https://www.cakilmeyhane.com,facebook.com,http://facebook.com/cakilmeyhane
Zürafa no 203,,https://www.no203.com,instagram.com,https://www.instagram.com/zurafano203cadde
Zürafa no 203,,https://www.no203.com,facebook.com,https://www.facebook.com/zurafano203cadde
Çeşme Kahve - Ümraniye,,https://cesmekahve.com,instagram.com,https://www.instagram.com/cesme_kahve/
Çınaraltı Dürüm,,http://www.cinaraltidurum.com,instagram.com,https://www.instagram.com/cinaralti_durum
Çorbacı Gada,,https://corbacigada.com,instagram.com,https://instagram.com/corbacigada
Çorbacı Gada,,https://corbacigada.com,facebook.com,https://www.facebook.com/corbacigada
Çınaraltı Mangalbaşı,,https://www.cinaraltimangalbasi.com.tr,instagram.com,https://instagram.com/cinaraltimangalbasi.com.tr
Çosa,,https://cosamutfak.com,facebook.com,https://facebook.com/PAY4D_group/
Çosa,,https://cosamutfak.com,instagram.com,https://www.instagram.com/PAY4D_group
Çosa,,https://cosamutfak.com,tiktok.com,https://www.tiktok.com/@PAY4D_group
Ümit Pastanesi,,https://www.umitpastanesi.com.tr,facebook.com,https://www.facebook.com/umitpastaneleri
Ümit Pastanesi,,https://www.umitpastanesi.com.tr,twitter.com,https://www.twitter.com/umitpastaneleri
Ümit Pastanesi,,https://www.umitpastanesi.com.tr,instagram.com,https://www.instagram.com/umitpastaneleri
Şaşkınbalık,,https://saskinbalik.com,instagram.com,https://www.instagram.com/saskinbalikefkaninyeri/
Şaşkınbalık,,https://saskinbalik.com,youtube.com,https://www.youtube.com/@saskinbalik
Şaşkınbalık,,https://saskinbalik.com,facebook.com,https://www.facebook.com/saskinbalikefkaninyeri/
Şenol Kolcuoğlu,,https://www.senolkolcuoglu.com,facebook.com,https://www.facebook.com/senolkolcuoglumaltepe/
Şenol Kolcuoğlu,,https://www.senolkolcuoglu.com,twitter.com,https://twitter.com/divarestauran
1080 Coffe Shop,,https://www.1080coffeeshop.com,instagram.com,https://www.instagram.com/1080coffeeshop/
1080 Coffe Shop,,https://www.1080coffeeshop.com,facebook.com,https://www.facebook.com/1080coffeeshop/
1080 Coffe Shop,,https://www.1080coffeeshop.com,twitter.com,https://twitter.com/1080coffeeshop
Şevketin Yeri Samsun Pidesi & Mantı,,https://tr.foursquare.com,x.com,https://x.com/foursquare?lang=en
Adil Müftüoğlu,,https://adilmuftuoglu.com.tr,instagram.com,https://www.instagram.com/adilmuftuoglu_ugurlokantasi/
Adil Müftüoğlu,,https://adilmuftuoglu.com.tr,facebook.com,https://www.facebook.com/adilmuftuogluugurlokantasi/
Alaş Kımız Çiftliği,,http://kimizciftligi.com,facebook.com,https://www.facebook.com/K%C4%B1m%C4%B1z-Kazak-Vadisi-198468582501
Alaş Kımız Çiftliği,,http://kimizciftligi.com,twitter.com,https://twitter.com/KazakVadisi
Alaş Kımız Çiftliği,,http://kimizciftligi.com,instagram.com,https://www.instagram.com/kazakvadisi/
Azmak Cafe,,https://cafeazmak.github.io,twitter.com,https://twitter.com/githubstatus
Asma Yaprağı,,https://www.asmayapragi.com.tr,instagram.com,https://www.instagram.com/asmayapragialacati/
Barış Piliçmatik,,https://foursquare.com,x.com,https://x.com/foursquare?lang=en
Atadan Fırın,,https://www.atadanbakery.com,instagram.com,https://www.instagram.com/atadanfirin/
Atadan Fırın,,https://www.atadanbakery.com,tiktok.com,https://www.tiktok.com/@atadanfirinizmir
Atadan Fırın,,https://www.atadanbakery.com,youtube.com,https://www.youtube.com/@atadanfirinizmirtr
Atadan Fırın,,https://www.atadanbakery.com,facebook.com,https://www.facebook.com/atadanfirin/
Burger King,,https://www.burgerking.com.tr,facebook.com,https://www.facebook.com/BurgerKingTurkiye
Burger King,,https://www.burgerking.com.tr,twitter.com,https://twitter.com/BurgerKingTR
Burger King,,https://www.burgerking.com.tr,youtube.com,https://www.youtube.com/user/BurgerKingTurkiye
Burger King,,https://www.burgerking.com.tr,instagram.com,https://instagram.com/burgerkingtr/
Burger King,,https://www.burgerking.com.tr,facebook.com,https://www.facebook.com/BurgerKingTurkiye
Burger King,,https://www.burgerking.com.tr,twitter.com,https://twitter.com/BurgerKingTR
Burger King,,https://www.burgerking.com.tr,youtube.com,https://www.youtube.com/user/BurgerKingTurkiye
Burger King,,https://www.burgerking.com.tr,instagram.com,https://instagram.com/burgerkingtr/
Buckin Coffee Çeşme Marina,,https://buckin.com.tr,facebook.com,https://www.facebook.com/buckincoffeeco
Buckin Coffee Çeşme Marina,,https://buckin.com.tr,instagram.com,https://www.instagram.com/buckincoffee_tr/
Buckin Coffee,,https://buckin.com.tr,facebook.com,https://www.facebook.com/buckincoffeeco
Buckin Coffee,,https://buckin.com.tr,instagram.com,https://www.instagram.com/buckincoffee_tr/
Ceka Life Yapı İnşaat,,https://cekalifeyapi.com,facebook.com,https://www.facebook.com/cekalifeyapi
Ceka Life Yapı İnşaat,,https://cekalifeyapi.com,instagram.com,https://www.instagram.com/cekalifeyapi
Ceka Life Yapı İnşaat,,https://cekalifeyapi.com,x.com,https://x.com/cekalifeyapi
Ceka Life Yapı İnşaat,,https://cekalifeyapi.com,youtube.com,https://www.youtube.com/@cekalifeyapi
Ceka Life Yapı İnşaat,,https://cekalifeyapi.com,tiktok.com,https://www.tiktok.com/@cekalifeyapi
Ferdi Baba,,https://ferdibaba.com.tr,instagram.com,http://instagram.com/ferdibabarestaurant
Colombia Coffee Urla Bamboo AVM,,https://www.colombiacoffeetr.com.tr,facebook.com,https://www.facebook.com/colombiacoffeetr
Colombia Coffee Urla Bamboo AVM,,https://www.colombiacoffeetr.com.tr,instagram.com,https://www.instagram.com/colombiacoffeetr/
Colombia Coffee Urla Bamboo AVM,,https://www.colombiacoffeetr.com.tr,youtube.com,https://www.youtube.com/channel/UCxi2kXfw389B4cy1U_DWLBw
Gondol Kafe,,http://www.karsiyakakentas.com,instagram.com,https://www.instagram.com/karsiyakakentas
Gondol Kafe,,http://www.karsiyakakentas.com,facebook.com,https://www.facebook.com/karsiyakakentas
Gondol Kafe,,http://www.karsiyakakentas.com,twitter.com,https://twitter.com/karsiyakakentas
Gülgün Pide,,https://www.gulgunpide.com,facebook.com,https://tr-tr.facebook.com/gulgunpide
Jefe Fabrika Satış Mağazası,,https://jefefood.com,twitter.com,https://twitter.com/jefefood
Jefe Fabrika Satış Mağazası,,https://jefefood.com,facebook.com,https://www.facebook.com/jefefood
Jefe Fabrika Satış Mağazası,,https://jefefood.com,youtube.com,https://www.youtube.com/channel/UCVG8W6KMNGOZUa2fnRkvPjQ
Jefe Fabrika Satış Mağazası,,https://jefefood.com,instagram.com,https://www.instagram.com/jefefood
Kahve Diyarı,,https://www.kahvediyari.com.tr,instagram.com,https://www.instagram.com/kahvediyariofficial/
Kahve Diyarı,,https://www.kahvediyari.com.tr,youtube.com,https://www.youtube.com/@kahvediyaritr
Köşe Kahve,,https://www.kosekahve.com,facebook.com,https://www.facebook.com/pages/K%C3%B6%C5%9Fe%20Kahve/187566134624421/
Köşe Kahve,,https://www.kosekahve.com,instagram.com,https://www.instagram.com/kosekahve/
Köyce,,https://www.urlakoyce.com.tr,facebook.com,https://www.facebook.com/beliziboutique
Köyce,,https://www.urlakoyce.com.tr,instagram.com,https://www.instagram.com/beliziboutique/
Little One - Ebeveyn Cafe - Oyun Alanı,,https://littleoneguzelbahce.com,instagram.com,https://instagram.com/littleoneguzelbahce
Köfteci Zeki Usta,,http://www.koftecizekiusta.com,instagram.com,https://www.instagram.com/reel/CkdPHvcDR7h/
Köfteci Zeki Usta,,http://www.koftecizekiusta.com,facebook.com,https://www.facebook.com/pages/K%C3%B6fteci-Zeki-Usta/239223076617027?__tn__=C-R
Lime Alaçatı - İstinye Park,,https://limealacati.com,youtube.com,https://www.youtube.com/@LimeAla%C3%A7at%C4%B1
Lime Alaçatı - İstinye Park,,https://limealacati.com,instagram.com,https://www.instagram.com/limealacati/
Mavi Değirmen,,https://mavidegirmen.com,facebook.com,https://www.facebook.com/574237982785732
Mavi Değirmen,,https://mavidegirmen.com,instagram.com,https://www.instagram.com/mavidegirmen
Léone Patisserie & Boulangerie HILLTOWN,,https://leone-tr.com,facebook.com,https://tr-tr.facebook.com/leonepatisserieboulangerie/
Léone Patisserie & Boulangerie HILLTOWN,,https://leone-tr.com,instagram.com,https://www.instagram.com/leone.patisserie/
Léone Patisserie & Boulangerie URLA,,https://leone-tr.com,facebook.com,https://tr-tr.facebook.com/leonepatisserieboulangerie/
Léone Patisserie & Boulangerie URLA,,https://leone-tr.com,instagram.com,https://www.instagram.com/leone.patisserie/
Léone Patisserie & Boulangerie ALSANCAK,,https://leone-tr.com,facebook.com,https://tr-tr.facebook.com/leonepatisserieboulangerie/
Léone Patisserie & Boulangerie ALSANCAK,,https://leone-tr.com,instagram.com,https://www.instagram.com/leone.patisserie/
McDonald's,,https://mcdonalds.com.tr,facebook.com,https://www.facebook.com/McDonaldsTurkiye
McDonald's,,https://mcdonalds.com.tr,twitter.com,https://twitter.com/mcdonaldstr
McDonald's,,https://mcdonalds.com.tr,instagram.com,https://www.instagram.com/mcdonaldsturkiye
McDonald's,,https://mcdonalds.com.tr,youtube.com,https://www.youtube.com/user/mcdonaldstr
Mercan,,https://mercanrestoran.com.tr,facebook.com,https://www.facebook.com/mercanbalikrestoran/
Mercan,,https://mercanrestoran.com.tr,twitter.com,https://twitter.com/mercanrestoran
Mercan,,https://mercanrestoran.com.tr,instagram.com,https://instagram.com/mercanrestoran/
McDonald's,,https://mcdonalds.com.tr,facebook.com,https://www.facebook.com/McDonaldsTurkiye
McDonald's,,https://mcdonalds.com.tr,twitter.com,https://twitter.com/mcdonaldstr
McDonald's,,https://mcdonalds.com.tr,instagram.com,https://www.instagram.com/mcdonaldsturkiye
McDonald's,,https://mcdonalds.com.tr,youtube.com,https://www.youtube.com/user/mcdonaldstr
Meşhur Tavacı Recep Usta,,https://tavacirecepusta.com.tr,instagram.com,https://www.instagram.com/trecepusta/?hl=tr
Meşhur Tavacı Recep Usta,,https://tavacirecepusta.com.tr,facebook.com,https://www.facebook.com/trecepusta/?locale=tr_TR
Meşhur Tavacı Recep Usta,,https://tavacirecepusta.com.tr,youtube.com,https://www.youtube.com/@tavacrecepusta/videos
Moka Beach,,https://www.mokabeach.com,instagram.com,https://www.instagram.com/moka.beach/
Murano's Kitchen Alsancak,,https://muranoskitchen.com.tr,facebook.com,https://www.facebook.com/muranoskitchenalsancak
Murano's Kitchen Alsancak,,https://muranoskitchen.com.tr,instagram.com,https://www.instagram.com/muranoskitchen/
Murano's Kitchen Alsancak,,https://muranoskitchen.com.tr,facebook.com,https://www.facebook.com/muranoskitchenalsancak
Murano's Kitchen Alsancak,,https://muranoskitchen.com.tr,instagram.com,https://www.instagram.com/muranoskitchen/
Murano's Kitchen Çeşme,,https://muranoskitchen.com.tr,facebook.com,https://www.facebook.com/muranoskitchenalsancak
Murano's Kitchen Çeşme,,https://muranoskitchen.com.tr,instagram.com,https://www.instagram.com/muranoskitchen/
Starbucks,,https://www.starbucks.co.uk,facebook.com,https://www.facebook.com/starbucksuk
Starbucks,,https://www.starbucks.co.uk,instagram.com,https://www.instagram.com/starbucksuk/
Starbucks,,https://www.starbucks.co.uk,youtube.com,https://www.youtube.com/@starbucksuk2728
Starbucks,,https://www.starbucks.co.uk,tiktok.com,https://www.tiktok.com/@starbucksuk
Starbucks,,https://www.starbucks.co.uk,x.com,https://x.com/starbucksuk
Starbucks,,https://www.starbucks.co.uk,facebook.com,https://www.facebook.com/starbucksuk
Starbucks,,https://www.starbucks.co.uk,instagram.com,https://www.instagram.com/starbucksuk/
Starbucks,,https://www.starbucks.co.uk,youtube.com,https://www.youtube.com/@starbucksuk2728
Starbucks,,https://www.starbucks.co.uk,tiktok.com,https://www.tiktok.com/@starbucksuk
Starbucks,,https://www.starbucks.co.uk,x.com,https://x.com/starbucksuk
Starbucks,,https://www.starbucks.co.uk,facebook.com,https://www.facebook.com/starbucksuk
Starbucks,,https://www.starbucks.co.uk,instagram.com,https://www.instagram.com/starbucksuk/
Starbucks,,https://www.starbucks.co.uk,youtube.com,https://www.youtube.com/@starbucksuk2728
Starbucks,,https://www.starbucks.co.uk,tiktok.com,https://www.tiktok.com/@starbucksuk
Starbucks,,https://www.starbucks.co.uk,x.com,https://x.com/starbucksuk
Scappi (Swissôtel Büyük Efes),,https://ristorantescappi.com,facebook.com,https://www.facebook.com/people/Ristorante-Scappi/100094346007902/
Scappi (Swissôtel Büyük Efes),,https://ristorantescappi.com,instagram.com,https://www.instagram.com/ristorantescappi/
Starbucks,,https://www.starbucks.co.uk,facebook.com,https://www.facebook.com/starbucksuk
Starbucks,,https://www.starbucks.co.uk,instagram.com,https://www.instagram.com/starbucksuk/
Starbucks,,https://www.starbucks.co.uk,youtube.com,https://www.youtube.com/@starbucksuk2728
Starbucks,,https://www.starbucks.co.uk,tiktok.com,https://www.tiktok.com/@starbucksuk
Starbucks,,https://www.starbucks.co.uk,x.com,https://x.com/starbucksuk
Ristorante Pizzeria Venedik,,https://www.pizzavenedik.com,instagram.com,https://www.instagram.com/pizzavenedik/
Starbucks,,https://www.starbucks.co.uk,facebook.com,https://www.facebook.com/starbucksuk
Starbucks,,https://www.starbucks.co.uk,instagram.com,https://www.instagram.com/starbucksuk/
Starbucks,,https://www.starbucks.co.uk,youtube.com,https://www.youtube.com/@starbucksuk2728
Starbucks,,https://www.starbucks.co.uk,tiktok.com,https://www.tiktok.com/@starbucksuk
Starbucks,,https://www.starbucks.co.uk,x.com,https://x.com/starbucksuk
Starbucks,,https://www.starbucks.co.uk,facebook.com,https://www.facebook.com/starbucksuk
Starbucks,,https://www.starbucks.co.uk,instagram.com,https://www.instagram.com/starbucksuk/
Starbucks,,https://www.starbucks.co.uk,youtube.com,https://www.youtube.com/@starbucksuk2728
Starbucks,,https://www.starbucks.co.uk,tiktok.com,https://www.tiktok.com/@starbucksuk
Starbucks,,https://www.starbucks.co.uk,x.com,https://x.com/starbucksuk
Starbucks,,https://www.starbucks.co.uk,facebook.com,https://www.facebook.com/starbucksuk
Starbucks,,https://www.starbucks.co.uk,instagram.com,https://www.instagram.com/starbucksuk/
Starbucks,,https://www.starbucks.co.uk,youtube.com,https://www.youtube.com/@starbucksuk2728
Starbucks,,https://www.starbucks.co.uk,tiktok.com,https://www.tiktok.com/@starbucksuk
Starbucks,,https://www.starbucks.co.uk,x.com,https://x.com/starbucksuk
Starbucks,,https://www.starbucks.co.uk,facebook.com,https://www.facebook.com/starbucksuk
Starbucks,,https://www.starbucks.co.uk,instagram.com,https://www.instagram.com/starbucksuk/
Starbucks,,https://www.starbucks.co.uk,youtube.com,https://www.youtube.com/@starbucksuk2728
Starbucks,,https://www.starbucks.co.uk,tiktok.com,https://www.tiktok.com/@starbucksuk
Starbucks,,https://www.starbucks.co.uk,x.com,https://x.com/starbucksuk
Starbucks,,https://www.starbucks.co.uk,facebook.com,https://www.facebook.com/starbucksuk
Starbucks,,https://www.starbucks.co.uk,instagram.com,https://www.instagram.com/starbucksuk/
Starbucks,,https://www.starbucks.co.uk,youtube.com,https://www.youtube.com/@starbucksuk2728
Starbucks,,https://www.starbucks.co.uk,tiktok.com,https://www.tiktok.com/@starbucksuk
Starbucks,,https://www.starbucks.co.uk,x.com,https://x.com/starbucksuk
Starbucks,,http://starbucks.com.tr,instagram.com,https://www.instagram.com/starbucks_tr
Starbucks,,http://starbucks.com.tr,facebook.com,https://www.facebook.com/StarbucksTurkiye
Starbucks,,http://starbucks.com.tr,tiktok.com,https://www.tiktok.com/@starbucks_turkiye
Starbucks,,http://starbucks.com.tr,youtube.com,https://www.youtube.com/@StarbucksTr
Starbucks,,http://starbucks.com.tr,x.com,https://x.com/StarbucksTR
Starbucks,,https://www.starbucks.co.uk,facebook.com,https://www.facebook.com/starbucksuk
Starbucks,,https://www.starbucks.co.uk,instagram.com,https://www.instagram.com/starbucksuk/
Starbucks,,https://www.starbucks.co.uk,youtube.com,https://www.youtube.com/@starbucksuk2728
Starbucks,,https://www.starbucks.co.uk,tiktok.com,https://www.tiktok.com/@starbucksuk
Starbucks,,https://www.starbucks.co.uk,x.com,https://x.com/starbucksuk
Starbucks,,https://www.starbucks.co.uk,facebook.com,https://www.facebook.com/starbucksuk
Starbucks,,https://www.starbucks.co.uk,instagram.com,https://www.instagram.com/starbucksuk/
Starbucks,,https://www.starbucks.co.uk,youtube.com,https://www.youtube.com/@starbucksuk2728
Starbucks,,https://www.starbucks.co.uk,tiktok.com,https://www.tiktok.com/@starbucksuk
Starbucks,,https://www.starbucks.co.uk,x.com,https://x.com/starbucksuk
Starbucks,,https://www.starbucks.co.uk,facebook.com,https://www.facebook.com/starbucksuk
Starbucks,,https://www.starbucks.co.uk,instagram.com,https://www.instagram.com/starbucksuk/
Starbucks,,https://www.starbucks.co.uk,youtube.com,https://www.youtube.com/@starbucksuk2728
Starbucks,,https://www.starbucks.co.uk,tiktok.com,https://www.tiktok.com/@starbucksuk
Starbucks,,https://www.starbucks.co.uk,x.com,https://x.com/starbucksuk
Starbucks,,https://www.starbucks.co.uk,facebook.com,https://www.facebook.com/starbucksuk
Starbucks,,https://www.starbucks.co.uk,instagram.com,https://www.instagram.com/starbucksuk/
Starbucks,,https://www.starbucks.co.uk,youtube.com,https://www.youtube.com/@starbucksuk2728
Starbucks,,https://www.starbucks.co.uk,tiktok.com,https://www.tiktok.com/@starbucksuk
Starbucks,,https://www.starbucks.co.uk,x.com,https://x.com/starbucksuk
Starbucks,,https://www.starbucks.co.uk,facebook.com,https://www.facebook.com/starbucksuk
Starbucks,,https://www.starbucks.co.uk,instagram.com,https://www.instagram.com/starbucksuk/
Starbucks,,https://www.starbucks.co.uk,youtube.com,https://www.youtube.com/@starbucksuk2728
Starbucks,,https://www.starbucks.co.uk,tiktok.com,https://www.tiktok.com/@starbucksuk
Starbucks,,https://www.starbucks.co.uk,x.com,https://x.com/starbucksuk
Varuna Gezgin,,https://varunagezgin.com,facebook.com,https://www.facebook.com/groups/varunagezgin
Varuna Gezgin,,https://varunagezgin.com,twitter.com,https://twitter.com/VarunaGezgin
Varuna Gezgin,,https://varunagezgin.com,instagram.com,https://www.instagram.com/varunagezgin
Varuna Gezgin,,https://varunagezgin.com,youtube.com,https://www.youtube.com/channel/UC1EICBmMpqoz2D7LD_vbo9A
Villa Grilla,,https://www.villagrilla.com,twitter.com,http://www.twitter.com/VillaGrillaTR
Villa Grilla,,https://www.villagrilla.com,facebook.com,http://www.facebook.com/VillaGrillaTR
Villa Grilla,,https://www.villagrilla.com,instagram.com,http://www.instagram.com/VillaGrillaTR
Waffle atölyesi,,https://waffleatolyesi.com,facebook.com,https://www.facebook.com/wix
Waffle atölyesi,,https://waffleatolyesi.com,instagram.com,https://www.instagram.com/wix
Waffle atölyesi,,https://waffleatolyesi.com,twitter.com,https://www.twitter.com/wix
Taşkent Fırın Cafe,,https://www.taskentekmek.com.tr,youtube.com,https://www.youtube.com/@Ta%C5%9FkentF%C4%B1r%C4%B1nCafe
Taşkent Fırın Cafe,,https://www.taskentekmek.com.tr,facebook.com,https://www.facebook.com/taskentfirin/
Taşkent Fırın Cafe,,https://www.taskentekmek.com.tr,instagram.com,https://www.instagram.com/taskentfirin/
Tuck Coffee Etc,,https://www.tuckcoffee.com,instagram.com,https://www.instagram.com/tuckcoffee/
Tuck Coffee Etc,,https://www.tuckcoffee.com,youtube.com,https://www.youtube.com/@tuckcoffee3515
Yalı Restoran,,https://www.yalibutikpansiyon.com,instagram.com,https://www.instagram.com/yalibutikpansiyon/
Yalı Restoran,,https://www.yalibutikpansiyon.com,facebook.com,https://tr-tr.facebook.com/YaliButikPansiyon
ØDEGARD,,https://www.theodegard.com,instagram.com,https://www.instagram.com/theodegard/
Şımarık Meyhane,,https://simarikmeyhane.net,instagram.com,https://www.instagram.com/simarikmeyhane
Şımarık Meyhane,,https://simarikmeyhane.net,facebook.com,https://tr-tr.facebook.com/simarikmeyhaneizmir
Özsüt,,http://www.ozsut.com.tr,facebook.com,https://www.facebook.com/ozsut/
Özsüt,,http://www.ozsut.com.tr,instagram.com,https://www.instagram.com/ozsutmutluluktadinda/?hl=tr
Özsüt,,http://www.ozsut.com.tr,youtube.com,https://www.youtube.com/channel/UCJKtyDhgeVMEZO16hZIZ8Ww
Çiy Restaurant,,https://ciy.com.tr,facebook.com,https://www.facebook.com/ciyrestaurant/
Çiy Restaurant,,https://ciy.com.tr,instagram.com,https://www.instagram.com/ciyteras/
Starbucks,,https://www.starbucks.co.uk,facebook.com,https://www.facebook.com/starbucksuk
Starbucks,,https://www.starbucks.co.uk,instagram.com,https://www.instagram.com/starbucksuk/
Starbucks,,https://www.starbucks.co.uk,youtube.com,https://www.youtube.com/@starbucksuk2728
Starbucks,,https://www.starbucks.co.uk,tiktok.com,https://www.tiktok.com/@starbucksuk
Starbucks,,https://www.starbucks.co.uk,x.com,https://x.com/starbucksuk
Zeplin Alacatı,,https://zeplinpub.com,facebook.com,https://www.facebook.com/ZeplinPub/
Zeplin Alacatı,,https://zeplinpub.com,twitter.com,https://www.twitter.com/zeplinpub
Zeplin Alacatı,,https://zeplinpub.com,instagram.com,https://www.instagram.com/zeplinpub
Chocolabs Kastamonu,,https://chocolabs.com.tr,facebook.com,https://www.facebook.com/chocolabsturkey
Chocolabs Kastamonu,,https://chocolabs.com.tr,twitter.com,https://twitter.com/ChocolabsTurkey
Chocolabs Kastamonu,,https://chocolabs.com.tr,instagram.com,https://www.instagram.com/chocolabs_turkiye?igsh=eDFrYnJpYmN6b28x
TheStock,,https://thestockcoffee.com,instagram.com,https://www.instagram.com/thestockcoffee/
TheStock,,https://thestockcoffee.com,tiktok.com,https://www.tiktok.com/@thestockcoffee
Tavuk Dünyası,,https://www.tavukdunyasi.com,tiktok.com,https://www.tiktok.com/@berketasdelenn/video/7676149125657742613?is_from_webapp=1&sender_device=pc&web_id=7665747951609087489
Tavuk Dünyası,,https://www.tavukdunyasi.com,instagram.com,https://www.instagram.com/tavukdunyasi/
Tavuk Dünyası,,https://www.tavukdunyasi.com,youtube.com,https://www.youtube.com/@tavukdunyasii
Tavuk Dünyası,,https://www.tavukdunyasi.com,facebook.com,https://www.facebook.com/TavukDunyasi/
Tavuk Dünyası,,https://www.tavukdunyasi.com,twitter.com,https://twitter.com/tavuk_dunyasi
Münire Sultan Sofrası,,https://www.muniresultansofrasi.com,facebook.com,https://www.facebook.com/MunireSultanSofrasiYoreselLezzetler
Erciyes Binicilik Ve Kahvaltı,,https://www.erciyesbinicilik.com,instagram.com,https://www.instagram.com/erciyesbinicilik/
Erciyes Binicilik Ve Kahvaltı,,https://www.erciyesbinicilik.com,facebook.com,https://www.facebook.com/erciyesbinicilik
Erciyes Binicilik Ve Kahvaltı,,https://www.erciyesbinicilik.com,twitter.com,http://www.twitter.com/erciyesbnclk
GUBATE RESTAURANT,,https://www.gubate.com.tr,facebook.com,https://www.facebook.com/restaurantgubate/
GUBATE RESTAURANT,,https://www.gubate.com.tr,instagram.com,https://www.instagram.com/gubate_restaurant/?hl=tr
Erguvan Restoran | Kaytur,,http://www.kaytur.com.tr,facebook.com,https://www.facebook.com/kayturkayseri/
Erguvan Restoran | Kaytur,,http://www.kaytur.com.tr,x.com,https://x.com/KayturKayseri
Erguvan Restoran | Kaytur,,http://www.kaytur.com.tr,youtube.com,https://www.youtube.com/channel/UCGmxFaX7AP7vETYlFh-v2lg
Erguvan Restoran | Kaytur,,http://www.kaytur.com.tr,instagram.com,https://www.instagram.com/kayturkayseri
Erguvan Restoran | Kaytur,,http://www.kaytur.com.tr,youtu.be,https://youtu.be/nijH2qeMnGA
McDonald's,,https://www.mcdonalds.com.tr,facebook.com,https://www.facebook.com/McDonaldsTurkiye
McDonald's,,https://www.mcdonalds.com.tr,twitter.com,https://twitter.com/mcdonaldstr
McDonald's,,https://www.mcdonalds.com.tr,instagram.com,https://www.instagram.com/mcdonaldsturkiye
McDonald's,,https://www.mcdonalds.com.tr,youtube.com,https://www.youtube.com/user/mcdonaldstr
Huga Künefe,,https://hugakunefe.com,facebook.com,https://www.facebook.com/hugakunefe
Huga Künefe,,https://hugakunefe.com,instagram.com,https://www.instagram.com/hugakunefe
Huga Künefe,,https://hugakunefe.com,youtube.com,https://www.youtube.com/@hugakunefe600
Tıqın Fast Food,,https://tiqinfastfood.com.tr,instagram.com,https://www.instagram.com/tiqinfastfood/
Tıqın Fast Food,,https://tiqinfastfood.com.tr,facebook.com,https://www.facebook.com/tiqinfastfood
Tıqın Fast Food,,https://tiqinfastfood.com.tr,x.com,https://x.com/tiqinfastfood
Tıqın Fast Food,,https://tiqinfastfood.com.tr,youtube.com,https://www.youtube.com/@tiqinfastfood
Biberzade Çiğköfte,,https://biberzade.com,facebook.com,https://www.facebook.com/biberzade/
Biberzade Çiğköfte,,https://biberzade.com,instagram.com,https://www.instagram.com/biberzadecigkofte/
Grid Restoran,,https://www.balkayaciftligi.com,facebook.com,https://www.facebook.com/balkayaciftligi
Grid Restoran,,https://www.balkayaciftligi.com,instagram.com,https://www.instagram.com/balkayaciftligi
RC Restaurant & Winehouse,,https://www.referenceclub.com.tr,x.com,https://x.com/referenceclub_?lang=tl
RC Restaurant & Winehouse,,https://www.referenceclub.com.tr,facebook.com,https://www.facebook.com/thereferenceclub/
RC Restaurant & Winehouse,,https://www.referenceclub.com.tr,instagram.com,https://www.instagram.com/referenceclub/
RC Restaurant & Winehouse,,https://www.referenceclub.com.tr,youtube.com,https://www.youtube.com/@thereferenceclub
Kahve Tutkusu Pınarhisar,,https://karekodrestaurantmenu.com,youtu.be,https://youtu.be/IQW0trb36HM
Erguvan Restoran | Kaytur,,http://www.kaytur.com.tr,facebook.com,https://www.facebook.com/kayturkayseri/
Erguvan Restoran | Kaytur,,http://www.kaytur.com.tr,x.com,https://x.com/KayturKayseri
Erguvan Restoran | Kaytur,,http://www.kaytur.com.tr,youtube.com,https://www.youtube.com/channel/UCGmxFaX7AP7vETYlFh-v2lg
Erguvan Restoran | Kaytur,,http://www.kaytur.com.tr,instagram.com,https://www.instagram.com/kayturkayseri
Erguvan Restoran | Kaytur,,http://www.kaytur.com.tr,youtu.be,https://youtu.be/nijH2qeMnGA
Starbucks,,https://www.starbucks.co.uk,facebook.com,https://www.facebook.com/starbucksuk
Starbucks,,https://www.starbucks.co.uk,instagram.com,https://www.instagram.com/starbucksuk/
Starbucks,,https://www.starbucks.co.uk,youtube.com,https://www.youtube.com/@starbucksuk2728
Starbucks,,https://www.starbucks.co.uk,tiktok.com,https://www.tiktok.com/@starbucksuk
Starbucks,,https://www.starbucks.co.uk,x.com,https://x.com/starbucksuk
The Reference Club 2  - Restaurant & Konaklama,,https://www.referenceclub.com.tr,x.com,https://x.com/referenceclub_?lang=tl
The Reference Club 2  - Restaurant & Konaklama,,https://www.referenceclub.com.tr,facebook.com,https://www.facebook.com/thereferenceclub/
The Reference Club 2  - Restaurant & Konaklama,,https://www.referenceclub.com.tr,instagram.com,https://www.instagram.com/referenceclub/
The Reference Club 2  - Restaurant & Konaklama,,https://www.referenceclub.com.tr,youtube.com,https://www.youtube.com/@thereferenceclub
Happymoon’s Cafe,,http://www.happymoons.com.tr,facebook.com,https://www.facebook.com/HappyMoonsCafe/
Happymoon’s Cafe,,http://www.happymoons.com.tr,instagram.com,https://www.instagram.com/happymoonscafe/
Happymoon’s Cafe,,http://www.happymoons.com.tr,youtube.com,https://www.youtube.com/channel/UCIAbrOGENUVBFggXD4nY5gw
Happymoon’s Cafe,,http://www.happymoons.com.tr,x.com,https://www.x.com/happymoonscafe
McDonald's,,https://www.mcdonalds.com.tr,facebook.com,https://www.facebook.com/McDonaldsTurkiye
McDonald's,,https://www.mcdonalds.com.tr,twitter.com,https://twitter.com/mcdonaldstr
McDonald's,,https://www.mcdonalds.com.tr,instagram.com,https://www.instagram.com/mcdonaldsturkiye
McDonald's,,https://www.mcdonalds.com.tr,youtube.com,https://www.youtube.com/user/mcdonaldstr
McDonald's,,https://mcdonalds.com.tr,facebook.com,https://www.facebook.com/McDonaldsTurkiye
McDonald's,,https://mcdonalds.com.tr,twitter.com,https://twitter.com/mcdonaldstr
McDonald's,,https://mcdonalds.com.tr,instagram.com,https://www.instagram.com/mcdonaldsturkiye
McDonald's,,https://mcdonalds.com.tr,youtube.com,https://www.youtube.com/user/mcdonaldstr
Starbucks,,https://www.starbucks.co.uk,facebook.com,https://www.facebook.com/starbucksuk
Starbucks,,https://www.starbucks.co.uk,instagram.com,https://www.instagram.com/starbucksuk/
Starbucks,,https://www.starbucks.co.uk,youtube.com,https://www.youtube.com/@starbucksuk2728
Starbucks,,https://www.starbucks.co.uk,tiktok.com,https://www.tiktok.com/@starbucksuk
Starbucks,,https://www.starbucks.co.uk,x.com,https://x.com/starbucksuk
Starbucks,,https://www.starbucks.co.uk,facebook.com,https://www.facebook.com/starbucksuk
Starbucks,,https://www.starbucks.co.uk,instagram.com,https://www.instagram.com/starbucksuk/
Starbucks,,https://www.starbucks.co.uk,youtube.com,https://www.youtube.com/@starbucksuk2728
Starbucks,,https://www.starbucks.co.uk,tiktok.com,https://www.tiktok.com/@starbucksuk
Starbucks,,https://www.starbucks.co.uk,x.com,https://x.com/starbucksuk
Starbucks,,https://www.starbucks.co.uk,facebook.com,https://www.facebook.com/starbucksuk
Starbucks,,https://www.starbucks.co.uk,instagram.com,https://www.instagram.com/starbucksuk/
Starbucks,,https://www.starbucks.co.uk,youtube.com,https://www.youtube.com/@starbucksuk2728
Starbucks,,https://www.starbucks.co.uk,tiktok.com,https://www.tiktok.com/@starbucksuk
Starbucks,,https://www.starbucks.co.uk,x.com,https://x.com/starbucksuk
Starbucks,,https://www.starbucks.co.uk,facebook.com,https://www.facebook.com/starbucksuk
Starbucks,,https://www.starbucks.co.uk,instagram.com,https://www.instagram.com/starbucksuk/
Starbucks,,https://www.starbucks.co.uk,youtube.com,https://www.youtube.com/@starbucksuk2728
Starbucks,,https://www.starbucks.co.uk,tiktok.com,https://www.tiktok.com/@starbucksuk
Starbucks,,https://www.starbucks.co.uk,x.com,https://x.com/starbucksuk
Pasaport Pizza,,http://pasaportpizza.com,instagram.com,https://www.instagram.com/pasaportpizzatr/
Pasaport Pizza,,http://pasaportpizza.com,facebook.com,https://www.facebook.com/pasaportpizzatr/
Starbucks,,https://www.starbucks.co.uk,facebook.com,https://www.facebook.com/starbucksuk
Starbucks,,https://www.starbucks.co.uk,instagram.com,https://www.instagram.com/starbucksuk/
Starbucks,,https://www.starbucks.co.uk,youtube.com,https://www.youtube.com/@starbucksuk2728
Starbucks,,https://www.starbucks.co.uk,tiktok.com,https://www.tiktok.com/@starbucksuk
Starbucks,,https://www.starbucks.co.uk,x.com,https://x.com/starbucksuk
Starbucks,,https://www.starbucks.co.uk,facebook.com,https://www.facebook.com/starbucksuk
Starbucks,,https://www.starbucks.co.uk,instagram.com,https://www.instagram.com/starbucksuk/
Starbucks,,https://www.starbucks.co.uk,youtube.com,https://www.youtube.com/@starbucksuk2728
Starbucks,,https://www.starbucks.co.uk,tiktok.com,https://www.tiktok.com/@starbucksuk
Starbucks,,https://www.starbucks.co.uk,x.com,https://x.com/starbucksuk
Starbucks,,https://www.starbucks.co.uk,facebook.com,https://www.facebook.com/starbucksuk
Starbucks,,https://www.starbucks.co.uk,instagram.com,https://www.instagram.com/starbucksuk/
Starbucks,,https://www.starbucks.co.uk,youtube.com,https://www.youtube.com/@starbucksuk2728
Starbucks,,https://www.starbucks.co.uk,tiktok.com,https://www.tiktok.com/@starbucksuk
Starbucks,,https://www.starbucks.co.uk,x.com,https://x.com/starbucksuk
Starbucks,,https://www.starbucks.co.uk,facebook.com,https://www.facebook.com/starbucksuk
Starbucks,,https://www.starbucks.co.uk,instagram.com,https://www.instagram.com/starbucksuk/
Starbucks,,https://www.starbucks.co.uk,youtube.com,https://www.youtube.com/@starbucksuk2728
Starbucks,,https://www.starbucks.co.uk,tiktok.com,https://www.tiktok.com/@starbucksuk
Starbucks,,https://www.starbucks.co.uk,x.com,https://x.com/starbucksuk
Starbucks,,https://www.starbucks.co.uk,facebook.com,https://www.facebook.com/starbucksuk
Starbucks,,https://www.starbucks.co.uk,instagram.com,https://www.instagram.com/starbucksuk/
Starbucks,,https://www.starbucks.co.uk,youtube.com,https://www.youtube.com/@starbucksuk2728
Starbucks,,https://www.starbucks.co.uk,tiktok.com,https://www.tiktok.com/@starbucksuk
Starbucks,,https://www.starbucks.co.uk,x.com,https://x.com/starbucksuk
Starbucks,,https://www.starbucks.co.uk,facebook.com,https://www.facebook.com/starbucksuk
Starbucks,,https://www.starbucks.co.uk,instagram.com,https://www.instagram.com/starbucksuk/
Starbucks,,https://www.starbucks.co.uk,youtube.com,https://www.youtube.com/@starbucksuk2728
Starbucks,,https://www.starbucks.co.uk,tiktok.com,https://www.tiktok.com/@starbucksuk
Starbucks,,https://www.starbucks.co.uk,x.com,https://x.com/starbucksuk
Taşhan Cafe Restaurant,,https://www.mygreen.com.tr,instagram.com,https://www.instagram.com/mygreenboutique
The Co.,,https://www.coffeetheco.com,instagram.com,https://www.instagram.com/coffeetheco/
The Co.,,https://www.coffeetheco.com,x.com,https://x.com/coffeetheco
Tchibo,,http://tchibo.com.tr,facebook.com,https://www.facebook.com/TchiboTurkiye
Tchibo,,http://tchibo.com.tr,youtube.com,https://www.youtube.com/user/tchiboturkiye
Tchibo,,http://tchibo.com.tr,instagram.com,https://www.instagram.com/tchiboturkiye/
Tchibo,,http://tchibo.com.tr,twitter.com,https://twitter.com/tchiboturkiye
Zenka Baklava,,https://zenkabaklava.com,facebook.com,https://www.facebook.com/gazianteplizenka
Zenka Baklava,,https://zenkabaklava.com,instagram.com,https://www.instagram.com/baklavacizenka/
Zenka Baklava,,https://zenkabaklava.com,youtube.com,https://www.youtube.com/channel/UC2q9PmOdl_g_Kv3Lo1J1NSA
Özler Lezzet Pazarı,,https://ozleret.com,facebook.com,https://www.facebook.com/ozleret/
Özler Lezzet Pazarı,,https://ozleret.com,instagram.com,https://www.instagram.com/ozleret/?utm_source=ig_profile_share&igshid=1sukxc2rz2cqz
Chocolabs,,https://chocolabs.com.tr,facebook.com,https://www.facebook.com/chocolabsturkey
Chocolabs,,https://chocolabs.com.tr,twitter.com,https://twitter.com/ChocolabsTurkey
Chocolabs,,https://chocolabs.com.tr,instagram.com,https://www.instagram.com/chocolabs_turkiye?igsh=eDFrYnJpYmN6b28x
"Pure Black Coffee, Alikahya",,https://www.pureblack.coffee,instagram.com,https://www.instagram.com/tastethepureblack/
Hasan Şendağlı - Türbe Önü,,https://hasansendagli.com,instagram.com,https://www.instagram.com/hasansendagli
Dudu Gelato,,https://dudufirin.com,facebook.com,https://www.facebook.com/Dudu-F%C4%B1r%C4%B1n-61556441122637/
Dudu Gelato,,https://dudufirin.com,instagram.com,https://www.instagram.com/dudufirin
Brew Mood Coffee & Tea Konya,,https://www.brewmood.com.tr,instagram.com,https://www.instagram.com/brewmoodturkiye/
Brew Mood Coffee & Tea Konya,,https://www.brewmood.com.tr,youtube.com,https://www.youtube.com/@BrewMoodCoffee
Brew Mood Coffee & Tea Konya,,https://www.brewmood.com.tr,x.com,https://x.com/BrewMoodTR
Brew Mood Coffee & Tea Konya,,https://www.brewmood.com.tr,twitter.com,https://twitter.com/brewmoodtr
Brew Mood Coffee & Tea Konya,,https://www.brewmood.com.tr,facebook.com,https://www.facebook.com/brewmoodturkiye
Dudu Fırın Kahve,,https://dudufirin.com,facebook.com,https://www.facebook.com/Dudu-F%C4%B1r%C4%B1n-61556441122637/
Dudu Fırın Kahve,,https://dudufirin.com,instagram.com,https://www.instagram.com/dudufirin
Divane Kahve Evi,,https://www.divanekahveevi.com,facebook.com,https://www.facebook.com/divanekahveevi/?ref=br_rs
Divane Kahve Evi,,https://www.divanekahveevi.com,instagram.com,https://www.instagram.com/divanekahveevi/
Kronotrop,,https://www.kronotrop.com.tr,instagram.com,https://www.instagram.com/kronotrop/
Kronotrop,,https://www.kronotrop.com.tr,facebook.com,https://www.facebook.com/Kronotrop
Kronotrop,,https://www.kronotrop.com.tr,youtube.com,https://www.youtube.com/channel/UCCcZU6Jtcn5Fd5Ns4Bs-jmg
Kronotrop,,https://www.kronotrop.com.tr,twitter.com,https://twitter.com/KronotropCoffee
Kırkikindi Pastane Meydan Evleri,,https://kirkikindi.com.tr,instagram.com,https://www.instagram.com/p/CyyZ2J6tWFd/
Kırkikindi Pastane Türbe Önü,,https://kirkikindi.com.tr,instagram.com,https://www.instagram.com/p/CyyZ2J6tWFd/
Maruf Türbeönü Lokantası,,https://turbeonu.com,facebook.com,https://www.facebook.com/marufturbeonu
Maruf Türbeönü Lokantası,,https://turbeonu.com,instagram.com,https://instagram.com/marufturbeonu
Palize,,https://palize.com.tr,instagram.com,https://www.instagram.com/palizekahvalti/
Starbucks,,https://www.starbucks.co.uk,facebook.com,https://www.facebook.com/starbucksuk
Starbucks,,https://www.starbucks.co.uk,instagram.com,https://www.instagram.com/starbucksuk/
Starbucks,,https://www.starbucks.co.uk,youtube.com,https://www.youtube.com/@starbucksuk2728
Starbucks,,https://www.starbucks.co.uk,tiktok.com,https://www.tiktok.com/@starbucksuk
Starbucks,,https://www.starbucks.co.uk,x.com,https://x.com/starbucksuk
Starbucks,,https://www.starbucks.co.uk,facebook.com,https://www.facebook.com/starbucksuk
Starbucks,,https://www.starbucks.co.uk,instagram.com,https://www.instagram.com/starbucksuk/
Starbucks,,https://www.starbucks.co.uk,youtube.com,https://www.youtube.com/@starbucksuk2728
Starbucks,,https://www.starbucks.co.uk,tiktok.com,https://www.tiktok.com/@starbucksuk
Starbucks,,https://www.starbucks.co.uk,x.com,https://x.com/starbucksuk
Starbucks,,https://www.starbucks.co.uk,facebook.com,https://www.facebook.com/starbucksuk
Starbucks,,https://www.starbucks.co.uk,instagram.com,https://www.instagram.com/starbucksuk/
Starbucks,,https://www.starbucks.co.uk,youtube.com,https://www.youtube.com/@starbucksuk2728
Starbucks,,https://www.starbucks.co.uk,tiktok.com,https://www.tiktok.com/@starbucksuk
Starbucks,,https://www.starbucks.co.uk,x.com,https://x.com/starbucksuk
Starbucks,,https://www.starbucks.co.uk,facebook.com,https://www.facebook.com/starbucksuk
Starbucks,,https://www.starbucks.co.uk,instagram.com,https://www.instagram.com/starbucksuk/
Starbucks,,https://www.starbucks.co.uk,youtube.com,https://www.youtube.com/@starbucksuk2728
Starbucks,,https://www.starbucks.co.uk,tiktok.com,https://www.tiktok.com/@starbucksuk
Starbucks,,https://www.starbucks.co.uk,x.com,https://x.com/starbucksuk
Starbucks,,https://www.starbucks.co.uk,facebook.com,https://www.facebook.com/starbucksuk
Starbucks,,https://www.starbucks.co.uk,instagram.com,https://www.instagram.com/starbucksuk/
Starbucks,,https://www.starbucks.co.uk,youtube.com,https://www.youtube.com/@starbucksuk2728
Starbucks,,https://www.starbucks.co.uk,tiktok.com,https://www.tiktok.com/@starbucksuk
Starbucks,,https://www.starbucks.co.uk,x.com,https://x.com/starbucksuk
Starbucks,,https://www.starbucks.co.uk,facebook.com,https://www.facebook.com/starbucksuk
Starbucks,,https://www.starbucks.co.uk,instagram.com,https://www.instagram.com/starbucksuk/
Starbucks,,https://www.starbucks.co.uk,youtube.com,https://www.youtube.com/@starbucksuk2728
Starbucks,,https://www.starbucks.co.uk,tiktok.com,https://www.tiktok.com/@starbucksuk
Starbucks,,https://www.starbucks.co.uk,x.com,https://x.com/starbucksuk
Mikel Coffee Meram,,https://mikelcoffee.com,facebook.com,https://www.facebook.com/MikelCoffeeCompany/
Mikel Coffee Meram,,https://mikelcoffee.com,instagram.com,https://www.instagram.com/mikelcoffeeofficial/
Mikel Coffee Meram,,https://mikelcoffee.com,youtube.com,https://www.youtube.com/c/MikelccTv
Mikel Coffee Meram,,https://mikelcoffee.com,tiktok.com,https://www.tiktok.com/@mikel.coffee?_t=8gTme5DZEzB&_r=1
The Hunger,,https://thehunger.com.tr,instagram.com,https://www.instagram.com/thehunger/
The Hunger,,https://thehunger.com.tr,tiktok.com,https://www.tiktok.com/@the.hunger
Boston Drink & Dessert,,https://bostondd.com,facebook.com,https://www.facebook.com/bostondd
Boston Drink & Dessert,,https://bostondd.com,instagram.com,https://www.instagram.com/bostondd
Boston Drink & Dessert,,https://bostondd.com,tiktok.com,https://www.tiktok.com/@bostondd
Timboo Cafe,,https://www.timboocafe.com,instagram.com,https://www.instagram.com/timboocafe
Timboo Cafe,,https://www.timboocafe.com,facebook.com,https://www.facebook.com/timboocafe
Colombia Coffee,,https://www.colombiacoffeetr.com.tr,facebook.com,https://www.facebook.com/colombiacoffeetr
Colombia Coffee,,https://www.colombiacoffeetr.com.tr,instagram.com,https://www.instagram.com/colombiacoffeetr/
Colombia Coffee,,https://www.colombiacoffeetr.com.tr,youtube.com,https://www.youtube.com/channel/UCxi2kXfw389B4cy1U_DWLBw
Fesleğen Restoran,,https://feslegenrestoran.com,instagram.com,https://www.instagram.com/feslegenrestoran/
Popeyes,,https://www.popeyes.com.tr,facebook.com,http://www.facebook.com/PopeyesTurkiye
Popeyes,,https://www.popeyes.com.tr,twitter.com,https://twitter.com/PopeyesTR
Popeyes,,https://www.popeyes.com.tr,youtube.com,http://www.youtube.com/user/popeyesturkiye
Popeyes,,https://www.popeyes.com.tr,instagram.com,https://www.instagram.com/popeyesturkiye/
Pasaport Pizza,,https://www.pasaportpizza.com,instagram.com,https://www.instagram.com/pasaportpizzatr/
Pasaport Pizza,,https://www.pasaportpizza.com,facebook.com,https://www.facebook.com/pasaportpizzatr/
Çıtır Simit,,https://www.meramcitirsimit.com,facebook.com,https://www.facebook.com/mcitirsimit/
Çıtır Simit,,https://www.meramcitirsimit.com,instagram.com,https://www.instagram.com/mcitirsimit/
Çıtır Simit,,https://www.meramcitirsimit.com,youtube.com,https://www.youtube.com/channel/UCq8syMtDGDHo9Nu2sR-Yyeg
Starbucks,,https://www.starbucks.com.tr,instagram.com,https://www.instagram.com/starbucks_tr
Starbucks,,https://www.starbucks.com.tr,facebook.com,https://www.facebook.com/StarbucksTurkiye
Starbucks,,https://www.starbucks.com.tr,tiktok.com,https://www.tiktok.com/@starbucks_turkiye
Starbucks,,https://www.starbucks.com.tr,youtube.com,https://www.youtube.com/@StarbucksTr
Starbucks,,https://www.starbucks.com.tr,x.com,https://x.com/StarbucksTR
Starbucks,,https://www.starbucks.co.uk,facebook.com,https://www.facebook.com/starbucksuk
Starbucks,,https://www.starbucks.co.uk,instagram.com,https://www.instagram.com/starbucksuk/
Starbucks,,https://www.starbucks.co.uk,youtube.com,https://www.youtube.com/@starbucksuk2728
Starbucks,,https://www.starbucks.co.uk,tiktok.com,https://www.tiktok.com/@starbucksuk
Starbucks,,https://www.starbucks.co.uk,x.com,https://x.com/starbucksuk
Sbarro,,https://www.sbarro.com.tr,facebook.com,https://www.facebook.com/SbarroTurkiye
Sbarro,,https://www.sbarro.com.tr,twitter.com,https://twitter.com/SbarroTR
Sbarro,,https://www.sbarro.com.tr,instagram.com,https://www.instagram.com/sbarroturkiye/
Sbarro,,https://www.sbarro.com.tr,youtube.com,http://www.youtube.com/user/sbarroturkiye
Donas,,https://donas.com.tr,facebook.com,https://www.facebook.com/donastr
Donas,,https://donas.com.tr,twitter.com,https://twitter.com/trdonas
Donas,,https://donas.com.tr,instagram.com,https://www.instagram.com/donastr/
Donas,,https://donas.com.tr,youtube.com,https://www.youtube.com/channel/UCc0R-KZ-loCFR0pTDF-7Omg
Donas,,https://donas.com.tr,tiktok.com,https://www.tiktok.com/@donasdonertr
Starbucks,,https://www.starbucks.co.uk,facebook.com,https://www.facebook.com/starbucksuk
Starbucks,,https://www.starbucks.co.uk,instagram.com,https://www.instagram.com/starbucksuk/
Starbucks,,https://www.starbucks.co.uk,youtube.com,https://www.youtube.com/@starbucksuk2728
Starbucks,,https://www.starbucks.co.uk,tiktok.com,https://www.tiktok.com/@starbucksuk
Starbucks,,https://www.starbucks.co.uk,x.com,https://x.com/starbucksuk
Restaurat Günet,,https://nemrutgunesmotel.com,instagram.com,https://www.instagram.com/mount_nemrut_tour?igsh=MTBsZDJmN3Zva24xZA==
Tavuk Dünyası,,https://www.tavukdunyasi.com,tiktok.com,https://www.tiktok.com/@berketasdelenn/video/7676149125657742613?is_from_webapp=1&sender_device=pc&web_id=7665747951609087489
Tavuk Dünyası,,https://www.tavukdunyasi.com,instagram.com,https://www.instagram.com/tavukdunyasi/
Tavuk Dünyası,,https://www.tavukdunyasi.com,youtube.com,https://www.youtube.com/@tavukdunyasii
Tavuk Dünyası,,https://www.tavukdunyasi.com,facebook.com,https://www.facebook.com/TavukDunyasi/
Tavuk Dünyası,,https://www.tavukdunyasi.com,twitter.com,https://twitter.com/tavuk_dunyasi
Tavuk Dünyası,,https://www.tavukdunyasi.com,tiktok.com,https://www.tiktok.com/@berketasdelenn/video/7676149125657742613?is_from_webapp=1&sender_device=pc&web_id=7665747951609087489
Tavuk Dünyası,,https://www.tavukdunyasi.com,instagram.com,https://www.instagram.com/tavukdunyasi/
Tavuk Dünyası,,https://www.tavukdunyasi.com,youtube.com,https://www.youtube.com/@tavukdunyasii
Tavuk Dünyası,,https://www.tavukdunyasi.com,facebook.com,https://www.facebook.com/TavukDunyasi/
Tavuk Dünyası,,https://www.tavukdunyasi.com,twitter.com,https://twitter.com/tavuk_dunyasi
McDonald's,,https://www.mcdonalds.com.tr,facebook.com,https://www.facebook.com/McDonaldsTurkiye
McDonald's,,https://www.mcdonalds.com.tr,twitter.com,https://twitter.com/mcdonaldstr
McDonald's,,https://www.mcdonalds.com.tr,instagram.com,https://www.instagram.com/mcdonaldsturkiye
McDonald's,,https://www.mcdonalds.com.tr,youtube.com,https://www.youtube.com/user/mcdonaldstr
Starbucks,,https://www.starbucks.co.uk,facebook.com,https://www.facebook.com/starbucksuk
Starbucks,,https://www.starbucks.co.uk,instagram.com,https://www.instagram.com/starbucksuk/
Starbucks,,https://www.starbucks.co.uk,youtube.com,https://www.youtube.com/@starbucksuk2728
Starbucks,,https://www.starbucks.co.uk,tiktok.com,https://www.tiktok.com/@starbucksuk
Starbucks,,https://www.starbucks.co.uk,x.com,https://x.com/starbucksuk
Tarihi Mardin Kahvaltıcısı,,https://tarihimardinkahvalticisi.com,instagram.com,https://www.instagram.com/tarihimardinkahvalticisi/
BistraVilla,,https://www.bistravilla.com,facebook.com,https://facebook.com/villafirin
BistraVilla,,https://www.bistravilla.com,instagram.com,https://instagram.com/villafirin
BistraVilla,,https://www.bistravilla.com,twitter.com,https://twitter.com/villafirin
Caffeine Coffee,,https://caffeineroaster.com,instagram.com,https://www.instagram.com/caffeinecoffeeroaster/
Caffeine Coffee Roaster,,https://www.caffeineroaster.com,instagram.com,https://www.instagram.com/caffeinecoffeeroaster/
Caribou Coffee,,https://www.cariboucoffee.com.tr,instagram.com,https://www.instagram.com/cariboucoffeetur/
Caribou Coffee,,https://www.cariboucoffee.com.tr,facebook.com,https://www.facebook.com/cariboucoffeeturkiye
Caribou Coffee,,https://www.cariboucoffee.com.tr,x.com,https://x.com/CaribouCoffeeTR
Caribou Coffee,,https://www.cariboucoffee.com.tr,youtube.com,https://www.youtube.com/channel/UCcItebjgiFWrltPaR6eLlKQ
Gloria Jean's,,https://www.gloriajeans.com.tr,instagram.com,https://www.instagram.com/accounts/login/?next=https%3A%2F%2Fwww.instagram.com%2Fgjcsturkey%2F&is_from_rle
Gloria Jean's,,https://www.gloriajeans.com.tr,x.com,https://x.com/gjcsturkey
Gloria Jean's,,https://www.gloriajeans.com.tr,youtube.com,https://www.youtube.com/channel/UCaJ46WNFFmf19h7MG9wJXeQ
Gloria Jean's,,https://www.gloriajeans.com.tr,youtu.be,https://youtu.be/wYpxl-8SWX8
Mangal Restoran,,https://mangal.com.tr,facebook.com,https://www.facebook.com/Mersin-Mangal-Restaurant-174055699369472/
Mangal Restoran,,https://mangal.com.tr,twitter.com,https://twitter.com/
Mangal Restoran,,https://mangal.com.tr,youtube.com,https://www.youtube.com/channel/UC1SsA8u3K-kszC3qxj6mIeQ
Nergizli Tesisleri Pirzolacı Ferhat,,https://nergizlitesisleri.com,instagram.com,https://www.instagram.com/nergizli_tesisleri/
Memoş Tantuni,,https://memostantuni.com,facebook.com,https://www.facebook.com/mehmet.yelkenac
Memoş Tantuni,,https://memostantuni.com,instagram.com,https://www.instagram.com/memostantuni/
Memoş Tantuni,,https://memostantuni.com,x.com,https://x.com/MemosTantuni
Oses Çiğköfte,,https://www.oses.com.tr,facebook.com,https://www.facebook.com/osesonadoyumolmaz
Oses Çiğköfte,,https://www.oses.com.tr,twitter.com,https://twitter.com/onadoyumolmaz
Oses Çiğköfte,,https://www.oses.com.tr,youtube.com,https://www.youtube.com/user/osesonadoyumolmaz
Oses Çiğköfte,,https://www.oses.com.tr,instagram.com,https://www.instagram.com/osesonadoyumolmaz
Starbucks,,https://www.starbucks.co.uk,facebook.com,https://www.facebook.com/starbucksuk
Starbucks,,https://www.starbucks.co.uk,instagram.com,https://www.instagram.com/starbucksuk/
Starbucks,,https://www.starbucks.co.uk,youtube.com,https://www.youtube.com/@starbucksuk2728
Starbucks,,https://www.starbucks.co.uk,tiktok.com,https://www.tiktok.com/@starbucksuk
Starbucks,,https://www.starbucks.co.uk,x.com,https://x.com/starbucksuk
Starbucks,,https://www.starbucks.co.uk,facebook.com,https://www.facebook.com/starbucksuk
Starbucks,,https://www.starbucks.co.uk,instagram.com,https://www.instagram.com/starbucksuk/
Starbucks,,https://www.starbucks.co.uk,youtube.com,https://www.youtube.com/@starbucksuk2728
Starbucks,,https://www.starbucks.co.uk,tiktok.com,https://www.tiktok.com/@starbucksuk
Starbucks,,https://www.starbucks.co.uk,x.com,https://x.com/starbucksuk
Starbucks,,https://www.starbucks.co.uk,facebook.com,https://www.facebook.com/starbucksuk
Starbucks,,https://www.starbucks.co.uk,instagram.com,https://www.instagram.com/starbucksuk/
Starbucks,,https://www.starbucks.co.uk,youtube.com,https://www.youtube.com/@starbucksuk2728
Starbucks,,https://www.starbucks.co.uk,tiktok.com,https://www.tiktok.com/@starbucksuk
Starbucks,,https://www.starbucks.co.uk,x.com,https://x.com/starbucksuk
Starbucks,,https://www.starbucks.co.uk,facebook.com,https://www.facebook.com/starbucksuk
Starbucks,,https://www.starbucks.co.uk,instagram.com,https://www.instagram.com/starbucksuk/
Starbucks,,https://www.starbucks.co.uk,youtube.com,https://www.youtube.com/@starbucksuk2728
Starbucks,,https://www.starbucks.co.uk,tiktok.com,https://www.tiktok.com/@starbucksuk
Starbucks,,https://www.starbucks.co.uk,x.com,https://x.com/starbucksuk
Starbucks,,https://www.starbucks.co.uk,facebook.com,https://www.facebook.com/starbucksuk
Starbucks,,https://www.starbucks.co.uk,instagram.com,https://www.instagram.com/starbucksuk/
Starbucks,,https://www.starbucks.co.uk,youtube.com,https://www.youtube.com/@starbucksuk2728
Starbucks,,https://www.starbucks.co.uk,tiktok.com,https://www.tiktok.com/@starbucksuk
Starbucks,,https://www.starbucks.co.uk,x.com,https://x.com/starbucksuk
Starbucks,,https://www.starbucks.co.uk,facebook.com,https://www.facebook.com/starbucksuk
Starbucks,,https://www.starbucks.co.uk,instagram.com,https://www.instagram.com/starbucksuk/
Starbucks,,https://www.starbucks.co.uk,youtube.com,https://www.youtube.com/@starbucksuk2728
Starbucks,,https://www.starbucks.co.uk,tiktok.com,https://www.tiktok.com/@starbucksuk
Starbucks,,https://www.starbucks.co.uk,x.com,https://x.com/starbucksuk
Starbucks,,https://www.starbucks.co.uk,facebook.com,https://www.facebook.com/starbucksuk
Starbucks,,https://www.starbucks.co.uk,instagram.com,https://www.instagram.com/starbucksuk/
Starbucks,,https://www.starbucks.co.uk,youtube.com,https://www.youtube.com/@starbucksuk2728
Starbucks,,https://www.starbucks.co.uk,tiktok.com,https://www.tiktok.com/@starbucksuk
Starbucks,,https://www.starbucks.co.uk,x.com,https://x.com/starbucksuk
Starbucks,,https://www.starbucks.co.uk,facebook.com,https://www.facebook.com/starbucksuk
Starbucks,,https://www.starbucks.co.uk,instagram.com,https://www.instagram.com/starbucksuk/
Starbucks,,https://www.starbucks.co.uk,youtube.com,https://www.youtube.com/@starbucksuk2728
Starbucks,,https://www.starbucks.co.uk,tiktok.com,https://www.tiktok.com/@starbucksuk
Starbucks,,https://www.starbucks.co.uk,x.com,https://x.com/starbucksuk
Agora Gurme Restoran ve Yöresel Ürünler,,https://www.agoragurme.com,facebook.com,https://www.facebook.com/agoragurme
Agora Gurme Restoran ve Yöresel Ürünler,,https://www.agoragurme.com,instagram.com,https://www.instagram.com/agoragurme/
1200 Rakim,,https://www.babadagteleferik.com.tr,facebook.com,https://www.facebook.com/babadag.teleferik/
1200 Rakim,,https://www.babadagteleferik.com.tr,twitter.com,https://twitter.com/babadagtlf
1200 Rakim,,https://www.babadagteleferik.com.tr,instagram.com,https://www.instagram.com/babadag.teleferik/
1200 Rakim,,https://www.babadagteleferik.com.tr,youtube.com,https://www.youtube.com/channel/UCibirySBrgOSCVH0KL18pNA
Anjelika Kitchen,,https://www.yoncaanjelikahotel.com,instagram.com,https://www.instagram.com/17841434325013704/
Anjelika Kitchen,,https://www.yoncaanjelikahotel.com,facebook.com,https://www.facebook.com/yoncaanjelika
Anjelika Kitchen,,https://www.yoncaanjelikahotel.com,youtube.com,https://m.youtube.com/@yoncaanjelika
Babadag 1700 Grill & Bar,,https://www.babadagteleferik.com.tr,facebook.com,https://www.facebook.com/babadag.teleferik/
Babadag 1700 Grill & Bar,,https://www.babadagteleferik.com.tr,twitter.com,https://twitter.com/babadagtlf
Babadag 1700 Grill & Bar,,https://www.babadagteleferik.com.tr,instagram.com,https://www.instagram.com/babadag.teleferik/
Babadag 1700 Grill & Bar,,https://www.babadagteleferik.com.tr,youtube.com,https://www.youtube.com/channel/UCibirySBrgOSCVH0KL18pNA
Behabey,,https://www.behabey.com,youtube.com,https://www.youtube.com/channel/UCw0XWXh_hIHzdk3-xUJj_oQ
Bella Gusto,,https://www.bellagusto.com,facebook.com,https://www.facebook.com/BellaGusto
Bella Gusto,,https://www.bellagusto.com,twitter.com,https://twitter.com/bellagustotr
Books & Coffee Marmaris,,https://books-coffee.com,instagram.com,https://instagram.com/booksandcoffeeturkiye
Chez La Vie,,https://chezlavieeatery.com,instagram.com,https://www.instagram.com/chezlavieeatery
Buzz Beach Bar,,http://buzzbeachbar.com,facebook.com,https://www.facebook.com/buzzbeachbar
Buzz Beach Bar,,http://buzzbeachbar.com,instagram.com,https://www.instagram.com/buzzbeachbar/
Buzz Beach Bar,,http://buzzbeachbar.com,twitter.com,https://www.twitter.com/buzzbeachbar
Civciv Waffle Dondurma,,https://www.civcivwaffle.com,instagram.com,https://www.instagram.com/civcivwaffle/
Civciv Waffle Dondurma,,https://www.civcivwaffle.com,facebook.com,https://www.facebook.com/civcivwaffle/
Dede restaurant,,https://dederestaurant.com,instagram.com,https://www.instagram.com/dederestoran/
Dede restaurant,,https://dederestaurant.com,facebook.com,https://www.facebook.com/dederestaurantmarmaris
Demir restaurant,,http://www.demirrestaurant.com,instagram.com,https://www.instagram.com/demir_restaurant?igsh=MTNvYjlkN3ducjF2MA==
Eda Balık Restaurant & Motel,,https://www.edamotel.com,instagram.com,https://www.instagram.com/edaotelrestaurant/
Eda Balık Restaurant & Motel,,https://www.edamotel.com,facebook.com,https://www.facebook.com/EdaRestaurant
Gloria Jean's,,https://www.gloriajeans.com.tr,instagram.com,https://www.instagram.com/accounts/login/?next=https%3A%2F%2Fwww.instagram.com%2Fgjcsturkey%2F&is_from_rle
Gloria Jean's,,https://www.gloriajeans.com.tr,x.com,https://x.com/gjcsturkey
Gloria Jean's,,https://www.gloriajeans.com.tr,youtube.com,https://www.youtube.com/channel/UCaJ46WNFFmf19h7MG9wJXeQ
Gloria Jean's,,https://www.gloriajeans.com.tr,youtu.be,https://youtu.be/wYpxl-8SWX8
Ekin Kır Evi Restoran,,https://ekinkirevi.com,instagram.com,https://www.instagram.com/ekinapartrestoran/
Ekin Kır Evi Restoran,,https://ekinkirevi.com,facebook.com,https://facebook.com/
Gusto Marina,,https://gustomarmaris.com,facebook.com,https://www.facebook.com/gustopizzamarmaris/
Gusto Marina,,https://gustomarmaris.com,instagram.com,https://www.instagram.com/gustomarmaris/
İksirci Tezcan,,https://www.orkaboutique.com,facebook.com,https://www.facebook.com/orkaboutiquehotel
İksirci Tezcan,,https://www.orkaboutique.com,instagram.com,https://www.instagram.com/orkaboutiquehotel/
Misk Yalıkavak,,https://www.miskistanbul.com,instagram.com,https://instagram.com/miskfloralcafe
Llull Tersane,,https://www.llulltersane.com,instagram.com,https://instagram.com/llulltersane?igshid=YmMyMTA2M2Y=
Melinda Restaurant,,https://www.melinda.com.tr,facebook.com,https://www.facebook.com/MelindaPansiyon/
Melinda Restaurant,,https://www.melinda.com.tr,instagram.com,https://www.instagram.com/melindadatca/
Olive Garden Kabak,,https://www.olivegardenkabak.com,instagram.com,https://www.instagram.com/olivegardenkabak/
Olive Garden Kabak,,https://www.olivegardenkabak.com,facebook.com,https://www.facebook.com/TheOliveGardenKabak
Mynos,,https://mynos.com.tr,facebook.com,https://www.facebook.com/mynosyalikavak
Mynos,,https://mynos.com.tr,instagram.com,https://www.instagram.com/mynosyalikavak/
Orfoz,,https://orfoz.net,instagram.com,https://www.instagram.com/orfozbodrum/
Orfoz,,https://orfoz.net,youtube.com,https://www.youtube.com/channel/UCTsYdovzWVTrmueZ58T1oQg
Pasaport Pizza,,https://www.pasaportpizza.com,instagram.com,https://www.instagram.com/pasaportpizzatr/
Pasaport Pizza,,https://www.pasaportpizza.com,facebook.com,https://www.facebook.com/pasaportpizzatr/
Paşafırını,,https://www.pasafirini.com.tr,instagram.com,https://instagram.com/pasafirini
Paşafırını,,https://www.pasafirini.com.tr,facebook.com,http://facebook.com/pasafirinlari
Paşafırını,,https://www.pasafirini.com.tr,youtube.com,https://www.youtube.com/@pasafrnturkiye254
Paşafırını,,https://www.pasafirini.com.tr,twitter.com,http://twitter.com/pasafirini
Rups By The Sea,,https://rups.com.tr,instagram.com,https://www.instagram.com/rupsbythesea/
Sakhalin Bodrum,,https://sakhalin-bodrum.wrf.su,facebook.com,https://www.facebook.com/Sakhalin.Bodrum.WRF?mibextid=LQQJ4d
Sakhalin Bodrum,,https://sakhalin-bodrum.wrf.su,instagram.com,https://www.instagram.com/sakhalin.bodrum.wrf?igsh=MzdkaG9renhvdGFv
Pizza Rucola Bodrum Boğaziçi,,https://pizzarucola.com,facebook.com,https://tr-tr.facebook.com/pizzarucola.com.tr/
Pizza Rucola Bodrum Boğaziçi,,https://pizzarucola.com,youtube.com,https://www.youtube.com/@pizzarucola7403
Pizza Rucola Bodrum Boğaziçi,,https://pizzarucola.com,instagram.com,https://www.instagram.com/pizzarucola/
Saliha Sultan,,https://www.salihasultan.com.tr,facebook.com,https://www.facebook.com/SalihaSultanPastaneleri/
Saliha Sultan,,https://www.salihasultan.com.tr,instagram.com,https://www.instagram.com/salihasultanpastanesi/
Saliha Sultan,,https://www.salihasultan.com.tr,facebook.com,https://www.facebook.com/SalihaSultanPastaneleri/
Saliha Sultan,,https://www.salihasultan.com.tr,instagram.com,https://www.instagram.com/salihasultanpastanesi/
Sarıyer Börekçisi,,https://fethiyesariyerborekcisi.com,facebook.com,https://www.facebook.com/fethiyesariyerborekcisi/
Sarıyer Börekçisi,,https://fethiyesariyerborekcisi.com,instagram.com,https://www.instagram.com/fethiyesariyerborekcisi/
Saliha Sultan,,https://www.salihasultan.com.tr,facebook.com,https://www.facebook.com/SalihaSultanPastaneleri/
Saliha Sultan,,https://www.salihasultan.com.tr,instagram.com,https://www.instagram.com/salihasultanpastanesi/
Saliha Sultan,,https://www.salihasultan.com.tr,facebook.com,https://www.facebook.com/SalihaSultanPastaneleri/
Saliha Sultan,,https://www.salihasultan.com.tr,instagram.com,https://www.instagram.com/salihasultanpastanesi/
Starbucks,,https://www.starbucks.co.uk,facebook.com,https://www.facebook.com/starbucksuk
Starbucks,,https://www.starbucks.co.uk,instagram.com,https://www.instagram.com/starbucksuk/
Starbucks,,https://www.starbucks.co.uk,youtube.com,https://www.youtube.com/@starbucksuk2728
Starbucks,,https://www.starbucks.co.uk,tiktok.com,https://www.tiktok.com/@starbucksuk
Starbucks,,https://www.starbucks.co.uk,x.com,https://x.com/starbucksuk
Starbucks,,https://www.starbucks.co.uk,facebook.com,https://www.facebook.com/starbucksuk
Starbucks,,https://www.starbucks.co.uk,instagram.com,https://www.instagram.com/starbucksuk/
Starbucks,,https://www.starbucks.co.uk,youtube.com,https://www.youtube.com/@starbucksuk2728
Starbucks,,https://www.starbucks.co.uk,tiktok.com,https://www.tiktok.com/@starbucksuk
Starbucks,,https://www.starbucks.co.uk,x.com,https://x.com/starbucksuk
Starbucks,,https://www.starbucks.co.uk,facebook.com,https://www.facebook.com/starbucksuk
Starbucks,,https://www.starbucks.co.uk,instagram.com,https://www.instagram.com/starbucksuk/
Starbucks,,https://www.starbucks.co.uk,youtube.com,https://www.youtube.com/@starbucksuk2728
Starbucks,,https://www.starbucks.co.uk,tiktok.com,https://www.tiktok.com/@starbucksuk
Starbucks,,https://www.starbucks.co.uk,x.com,https://x.com/starbucksuk
Starbucks,,https://www.starbucks.co.uk,facebook.com,https://www.facebook.com/starbucksuk
Starbucks,,https://www.starbucks.co.uk,instagram.com,https://www.instagram.com/starbucksuk/
Starbucks,,https://www.starbucks.co.uk,youtube.com,https://www.youtube.com/@starbucksuk2728
Starbucks,,https://www.starbucks.co.uk,tiktok.com,https://www.tiktok.com/@starbucksuk
Starbucks,,https://www.starbucks.co.uk,x.com,https://x.com/starbucksuk
Starbucks,,https://www.starbucks.co.uk,facebook.com,https://www.facebook.com/starbucksuk
Starbucks,,https://www.starbucks.co.uk,instagram.com,https://www.instagram.com/starbucksuk/
Starbucks,,https://www.starbucks.co.uk,youtube.com,https://www.youtube.com/@starbucksuk2728
Starbucks,,https://www.starbucks.co.uk,tiktok.com,https://www.tiktok.com/@starbucksuk
Starbucks,,https://www.starbucks.co.uk,x.com,https://x.com/starbucksuk
Starbucks,,https://www.starbucks.co.uk,facebook.com,https://www.facebook.com/starbucksuk
Starbucks,,https://www.starbucks.co.uk,instagram.com,https://www.instagram.com/starbucksuk/
Starbucks,,https://www.starbucks.co.uk,youtube.com,https://www.youtube.com/@starbucksuk2728
Starbucks,,https://www.starbucks.co.uk,tiktok.com,https://www.tiktok.com/@starbucksuk
Starbucks,,https://www.starbucks.co.uk,x.com,https://x.com/starbucksuk
Starbucks,,https://www.starbucks.co.uk,facebook.com,https://www.facebook.com/starbucksuk
Starbucks,,https://www.starbucks.co.uk,instagram.com,https://www.instagram.com/starbucksuk/
Starbucks,,https://www.starbucks.co.uk,youtube.com,https://www.youtube.com/@starbucksuk2728
Starbucks,,https://www.starbucks.co.uk,tiktok.com,https://www.tiktok.com/@starbucksuk
Starbucks,,https://www.starbucks.co.uk,x.com,https://x.com/starbucksuk
Trio Cafe,,https://triofethiye.com,facebook.com,https://www.facebook.com/TrioFethiye/
Trio Cafe,,https://triofethiye.com,instagram.com,https://www.instagram.com/triofethiye/
Yuvarlakçay Defne Restaurant,,https://topgozudefnerestoran.com,facebook.com,https://www.facebook.com/yuvarlakcayrestaurantdefne/
Yuvarlakçay Defne Restaurant,,https://topgozudefnerestoran.com,instagram.com,https://www.instagram.com/yuvarlakcaydefnerestaurant/
Çarıklı,,https://www.carikli.com.tr,facebook.com,https://www.facebook.com/cariklietrestaurant
Çarıklı,,https://www.carikli.com.tr,instagram.com,https://www.instagram.com/cariklietrestaurant/
Köşebaşı Kapadokya,,http://kosebasi.com,instagram.com,https://www.instagram.com/kosebasi_tr?utm_source=ig_web_button_share_sheet&igsh=ZDNlZDc0MzIxNw%3D%3D
Quick China,,https://quickchina.com.tr,facebook.com,https://www.facebook.com/QuickChinaTR
Quick China,,https://quickchina.com.tr,instagram.com,https://www.instagram.com/quickchina
Quick China,,https://quickchina.com.tr,tiktok.com,https://www.tiktok.com/@quick.china
Starbucks,,https://www.starbucks.co.uk,facebook.com,https://www.facebook.com/starbucksuk
Starbucks,,https://www.starbucks.co.uk,instagram.com,https://www.instagram.com/starbucksuk/
Starbucks,,https://www.starbucks.co.uk,youtube.com,https://www.youtube.com/@starbucksuk2728
Starbucks,,https://www.starbucks.co.uk,tiktok.com,https://www.tiktok.com/@starbucksuk
Starbucks,,https://www.starbucks.co.uk,x.com,https://x.com/starbucksuk
Yaşar Baba Restaurant,,https://yasarbaba.com,instagram.com,https://www.instagram.com/yasarbabarestoran/
YASTIK LOUNGE,,https://www.yastikhouses.com,facebook.com,https://www.facebook.com/pages/category/Hotel---Lodging/Yastik-Houses-Cappadocia-101719718180863/
YASTIK LOUNGE,,https://www.yastikhouses.com,instagram.com,https://www.instagram.com/yastikhouses/
Topuzlu Han Restoran,,https://www.nevsehir.pol.tr,youtube.com,https://www.youtube.com/channel/UCjklrappwuUquXvJO9hMp6w?view_as=subscriber&fbclid=IwAR3aJvTDLXLPal21nioqoI9irCOqePNnybByCPAjrzoY1tvUQlVF3vaDGVw5DU6KZo5fjhvm6fSMklVV5
Topuzlu Han Restoran,,https://www.nevsehir.pol.tr,twitter.com,https://twitter.com/NevsehirEmniyet
Topuzlu Han Restoran,,https://www.nevsehir.pol.tr,instagram.com,https://www.instagram.com/nevsehiremniyet_resmi/
Topuzlu Han Restoran,,https://www.nevsehir.pol.tr,facebook.com,https://www.facebook.com/NevsehirEmniyet/
Burger King,,https://www.burgerking.com.tr,facebook.com,https://www.facebook.com/BurgerKingTurkiye
Burger King,,https://www.burgerking.com.tr,twitter.com,https://twitter.com/BurgerKingTR
Burger King,,https://www.burgerking.com.tr,youtube.com,https://www.youtube.com/user/BurgerKingTurkiye
Burger King,,https://www.burgerking.com.tr,instagram.com,https://instagram.com/burgerkingtr/
Aktaşlar Restaurant Çarşı,,http://www.aktaslarrestaurant.com,facebook.com,https://www.facebook.com/nelipidetr
Aktaşlar Restaurant Çarşı,,http://www.aktaslarrestaurant.com,twitter.com,http://www.twitter.com/NeliPideTR
Aktaşlar Restaurant Çarşı,,http://www.aktaslarrestaurant.com,instagram.com,https://www.instagram.com/nelipide
Aktaşlar Restaurant Çarşı,,http://www.aktaslarrestaurant.com,youtube.com,https://www.youtube.com/channel/UCQgRVegPa5nl3kPIb8LoPaA/videos
Ensar Vakfı Gençlere Çağrı Gelişim Merkezi,,https://ensar.org,twitter.com,https://twitter.com/ensarvakfi
Ensar Vakfı Gençlere Çağrı Gelişim Merkezi,,https://ensar.org,facebook.com,https://www.facebook.com/ensarinfo
Ensar Vakfı Gençlere Çağrı Gelişim Merkezi,,https://ensar.org,youtube.com,https://www.youtube.com/c/EnsarVakf%C4%B1EnsarTV
Ensar Vakfı Gençlere Çağrı Gelişim Merkezi,,https://ensar.org,instagram.com,https://www.instagram.com/ensarvakfi
BEREKET DÖNER,,https://www.bereketdoner.com.tr,instagram.com,https://www.instagram.com/bereketdoner
BEREKET DÖNER,,https://www.bereketdoner.com.tr,facebook.com,https://www.facebook.com/bereketdonertr/
BEREKET DÖNER,,https://www.bereketdoner.com.tr,twitter.com,https://twitter.com/bereketdoner
BEREKET DÖNER,,https://www.bereketdoner.com.tr,youtube.com,https://www.youtube.com/c/BereketD%C3%B6nerTv
Can Pasta,,https://canpasta.com,facebook.com,https://www.facebook.com/Can.Pasta.Cafe/
Can Pasta,,https://canpasta.com,instagram.com,https://www.instagram.com/can.pasta/?hl=tr
Hüsrev Lokantari,,http://www.husrev.com.tr,facebook.com,https://www.facebook.com/H%C3%BCsrev-Lokantalari-517255248316407/
Hüsrev Lokantari,,http://www.husrev.com.tr,instagram.com,https://www.instagram.com/husrevlokantalari/
Diver Street Food,,https://diverstreetfood.com,instagram.com,https://instagram.com/diverstreetfood
Burger King,,https://www.burgerking.com.tr,facebook.com,https://www.facebook.com/BurgerKingTurkiye
Burger King,,https://www.burgerking.com.tr,twitter.com,https://twitter.com/BurgerKingTR
Burger King,,https://www.burgerking.com.tr,youtube.com,https://www.youtube.com/user/BurgerKingTurkiye
Burger King,,https://www.burgerking.com.tr,instagram.com,https://instagram.com/burgerkingtr/
Burger King,,https://www.burgerking.com.tr,facebook.com,https://www.facebook.com/BurgerKingTurkiye
Burger King,,https://www.burgerking.com.tr,twitter.com,https://twitter.com/BurgerKingTR
Burger King,,https://www.burgerking.com.tr,youtube.com,https://www.youtube.com/user/BurgerKingTurkiye
Burger King,,https://www.burgerking.com.tr,instagram.com,https://instagram.com/burgerkingtr/
Diver Street Food,,https://diverstreetfood.com,instagram.com,https://instagram.com/diverstreetfood
Burger King,,https://www.burgerking.com.tr,facebook.com,https://www.facebook.com/BurgerKingTurkiye
Burger King,,https://www.burgerking.com.tr,twitter.com,https://twitter.com/BurgerKingTR
Burger King,,https://www.burgerking.com.tr,youtube.com,https://www.youtube.com/user/BurgerKingTurkiye
Burger King,,https://www.burgerking.com.tr,instagram.com,https://instagram.com/burgerkingtr/
Burger Yiyelim - Sakarya,,https://www.burgeryiyelim.com,facebook.com,https://www.facebook.com/burgeryiyelim
Burger Yiyelim - Sakarya,,https://www.burgeryiyelim.com,instagram.com,https://www.instagram.com/burgeryiyelimm
Burger Yiyelim - Sakarya,,https://www.burgeryiyelim.com,youtube.com,https://youtube.com/@burgeryiyelim
Hacı Arif Lokantası,,https://www.haciariflokantasi.com,instagram.com,https://www.instagram.com/haciariflokantasi/
Göynüklü Ömer Usta,,https://www.goynukluomerusta.com,instagram.com,https://www.instagram.com/goynukluomerusta/
Qırım Han Döner Lokantası,,https://www.qirimhandoner.com,instagram.com,https://instagram.com/qirimhandoner/
Qırım Han Döner Lokantası,,https://www.qirimhandoner.com,facebook.com,https://facebook.com/qirimhandoner/
Qırım Han Döner Lokantası,,https://www.qirimhandoner.com,twitter.com,https://twitter.com/qirimhandoner/
SASA Harmanlık Restoran,,https://www.sasasapanca.com,facebook.com,https://www.facebook.com/sasaharmanlik.sapanca
SASA Harmanlık Restoran,,https://www.sasasapanca.com,twitter.com,https://twitter.com/sasaharmanlik
SASA Harmanlık Restoran,,https://www.sasasapanca.com,instagram.com,https://instagram.com/sasasapanca/
Pekara,,https://www.pekara.com.tr,facebook.com,https://www.facebook.com/pekarabalkan
Pekara,,https://www.pekara.com.tr,instagram.com,https://www.instagram.com/pekaratr
Amisos Restoran ve Cafe,,https://www.samsunanakent.com,facebook.com,https://www.facebook.com/sbbanakent
Amisos Restoran ve Cafe,,https://www.samsunanakent.com,instagram.com,https://www.instagram.com/sbbanakent
Ramses Restaurant,,https://www.ramsestr.com,instagram.com,https://www.instagram.com/ramsessamsun/
Samsu Börek,,https://samsuborek.com.tr,instagram.com,https://www.instagram.com/samsuborek/
Samsu Börek,,https://samsuborek.com.tr,facebook.com,https://www.facebook.com/samsuborek/
Samsu Börek,,https://samsuborek.com.tr,twitter.com,https://twitter.com/samsuborek
Samsu Börek,,https://samsuborek.com.tr,youtube.com,https://www.youtube.com/@samsuborek7218/featured
Komagene,,https://www.komagene.com.tr,instagram.com,https://www.instagram.com/komagenetr/?hl=en
Komagene,,https://www.komagene.com.tr,twitter.com,https://twitter.com/komagenetr?lang=en
Komagene,,https://www.komagene.com.tr,facebook.com,https://www.facebook.com/komagene/
Komagene,,https://www.komagene.com.tr,youtube.com,https://www.youtube.com/channel/UCwjZW7hjUvP3OJDQ-dPOLkg
Starbucks,,https://www.starbucks.co.uk,facebook.com,https://www.facebook.com/starbucksuk
Starbucks,,https://www.starbucks.co.uk,instagram.com,https://www.instagram.com/starbucksuk/
Starbucks,,https://www.starbucks.co.uk,youtube.com,https://www.youtube.com/@starbucksuk2728
Starbucks,,https://www.starbucks.co.uk,tiktok.com,https://www.tiktok.com/@starbucksuk
Starbucks,,https://www.starbucks.co.uk,x.com,https://x.com/starbucksuk
Starbucks,,https://www.starbucks.co.uk,facebook.com,https://www.facebook.com/starbucksuk
Starbucks,,https://www.starbucks.co.uk,instagram.com,https://www.instagram.com/starbucksuk/
Starbucks,,https://www.starbucks.co.uk,youtube.com,https://www.youtube.com/@starbucksuk2728
Starbucks,,https://www.starbucks.co.uk,tiktok.com,https://www.tiktok.com/@starbucksuk
Starbucks,,https://www.starbucks.co.uk,x.com,https://x.com/starbucksuk
Starbucks,,https://www.starbucks.co.uk,facebook.com,https://www.facebook.com/starbucksuk
Starbucks,,https://www.starbucks.co.uk,instagram.com,https://www.instagram.com/starbucksuk/
Starbucks,,https://www.starbucks.co.uk,youtube.com,https://www.youtube.com/@starbucksuk2728
Starbucks,,https://www.starbucks.co.uk,tiktok.com,https://www.tiktok.com/@starbucksuk
Starbucks,,https://www.starbucks.co.uk,x.com,https://x.com/starbucksuk
Seven's Design - Samsun Web Tasarım & Samsun Grafik Tasarım,,https://www.sevens-design.com,facebook.com,https://facebook.com/sevens7design
Seven's Design - Samsun Web Tasarım & Samsun Grafik Tasarım,,https://www.sevens-design.com,twitter.com,https://twitter.com/sevensdesign7
Seven's Design - Samsun Web Tasarım & Samsun Grafik Tasarım,,https://www.sevens-design.com,instagram.com,https://instagram.com/sevensdesign
Seven's Design - Samsun Web Tasarım & Samsun Grafik Tasarım,,https://www.sevens-design.com,youtube.com,https://www.youtube.com/channel/UCvhOeNfHeiqzGVPepjsQd4Q
Yeşiloğlu Restaurant Çakallı,,http://www.yesiloglurestaurant.com,facebook.com,https://www.facebook.com/yesiloglurestaurant
Yeşiloğlu Restaurant Çakallı,,http://www.yesiloglurestaurant.com,youtube.com,https://www.youtube.com/channel/UCYd6H_Wwd9HrqjZ9JuMumIA
Yeşiloğlu Restaurant Çakallı,,http://www.yesiloglurestaurant.com,instagram.com,https://instagram.com/yesiloglurestaurant
Starbucks,,https://www.starbucks.co.uk,facebook.com,https://www.facebook.com/starbucksuk
Starbucks,,https://www.starbucks.co.uk,instagram.com,https://www.instagram.com/starbucksuk/
Starbucks,,https://www.starbucks.co.uk,youtube.com,https://www.youtube.com/@starbucksuk2728
Starbucks,,https://www.starbucks.co.uk,tiktok.com,https://www.tiktok.com/@starbucksuk
Starbucks,,https://www.starbucks.co.uk,x.com,https://x.com/starbucksuk
Yıldız Fast Food,,https://yildizcafe.com.tr,instagram.com,https://www.instagram.com/yildizcafetr/
By Ada Balık Restoran,,https://www.byadabalikrestaurant.com.tr,facebook.com,https://www.facebook.com/byadarestoran
By Ada Balık Restoran,,https://www.byadabalikrestaurant.com.tr,instagram.com,https://www.instagram.com/byada_balik_restoran
Mangal Döner,,https://mangaldoner.com.tr,instagram.com,https://www.instagram.com/mangaldoner_/
Starbucks,,https://www.starbucks.co.uk,facebook.com,https://www.facebook.com/starbucksuk
Starbucks,,https://www.starbucks.co.uk,instagram.com,https://www.instagram.com/starbucksuk/
Starbucks,,https://www.starbucks.co.uk,youtube.com,https://www.youtube.com/@starbucksuk2728
Starbucks,,https://www.starbucks.co.uk,tiktok.com,https://www.tiktok.com/@starbucksuk
Starbucks,,https://www.starbucks.co.uk,x.com,https://x.com/starbucksuk
Mikel Coffee Kapaklı,,https://mikelcoffee.com.tr,instagram.com,https://www.instagram.com/mikelcoffee_tr/
Mikel Coffee Kapaklı,,https://mikelcoffee.com.tr,youtube.com,https://www.youtube.com/@MikelCoffeeTr
Mikel Coffee Kapaklı,,https://mikelcoffee.com.tr,tiktok.com,https://www.tiktok.com/@mikelcoffee_tr
Tokoçin Restaurant,,https://www.tokocin.com,facebook.com,https://www.facebook.com/tokocinrestaurant
Tokoçin Restaurant,,https://www.tokocin.com,instagram.com,https://www.instagram.com/tokocinrestaurant
Yalı Restaurant,,https://www.yali.com.tr,twitter.com,http://twitter.com/yalirestaurant
Yalı Restaurant,,https://www.yali.com.tr,facebook.com,https://www.facebook.com/yalirestaurant
Yalı Restaurant,,https://www.yali.com.tr,instagram.com,https://www.instagram.com/yalirestaurant/
Yalı Restaurant,,https://www.yali.com.tr,youtube.com,https://www.youtube.com/yalirestaurant
Taksim Çiğköfte,,http://www.taksimcigkofte.com,facebook.com,https://www.facebook.com/taksimcigkoftemerkez
Taksim Çiğköfte,,http://www.taksimcigkofte.com,instagram.com,https://www.instagram.com/taksimcigkofte/
Öznur Kablo Yemekhane,,https://oznurkablo.com.tr,facebook.com,https://www.facebook.com/oznurkablo
Öznur Kablo Yemekhane,,https://oznurkablo.com.tr,instagram.com,https://www.instagram.com/oznurkablo/
Öznur Kablo Yemekhane,,https://oznurkablo.com.tr,twitter.com,https://twitter.com/oznurkablo
Öznur Kablo Yemekhane,,https://oznurkablo.com.tr,youtube.com,https://www.youtube.com/user/oznurkablo
Özcanlar Köfte,,https://www.ozcanlarkofte.com,facebook.com,https://www.facebook.com/ozcanlarkofte/
Özcanlar Köfte,,https://www.ozcanlarkofte.com,twitter.com,https://www.twitter.com/ozcanlarkofte
Özcanlar Köfte,,https://www.ozcanlarkofte.com,instagram.com,https://www.instagram.com/ozcanlarkofte
Özcanlar Köfte,,https://www.ozcanlarkofte.com,youtube.com,https://www.youtube.com/channel/UC9_0_F6Tcvgvq_wL8rTTOKQ
Beğendik Burger,,http://www.begendikburger.com,facebook.com,https://www.facebook.com/BegendikBurger
Beğendik Burger,,http://www.begendikburger.com,instagram.com,https://www.instagram.com/begendikburger
KD Katık Döner,,https://www.kdkatikdoner.com.tr,instagram.com,https://www.instagram.com/kdkatikdoner/
Kaan Olta Balık,,https://www.kaanoltabalik.com,facebook.com,https://www.facebook.com/kaanoltabalik/?locale=tr_TR
Kaan Olta Balık,,https://www.kaanoltabalik.com,youtube.com,https://www.youtube.com/@kaanoltabalk1041
Kaan Olta Balık,,https://www.kaanoltabalik.com,instagram.com,https://www.instagram.com/kaanoltabalik/?hl=tr
Mucca Coffee - Lavazza Shop,,https://mucca.com.tr,facebook.com,https://www.facebook.com/muccacafe
Mucca Coffee - Lavazza Shop,,https://mucca.com.tr,twitter.com,https://www.twitter.com/muccacafe
Mucca Coffee - Lavazza Shop,,https://mucca.com.tr,instagram.com,https://www.instagram.com/muccacafe
Cemilusta,,http://www.cemilusta.com.tr,facebook.com,https://www.facebook.com/cemilustarestaurant
Cemilusta,,http://www.cemilusta.com.tr,twitter.com,https://twitter.com/cemilusatr
Cemilusta,,http://www.cemilusta.com.tr,instagram.com,http://instagram.com/cemilustatr
Zeen Lounge Cafe,,https://zeenlounge.com,instagram.com,https://instagram.com/zeenlounge
Zeen Lounge Cafe,,https://zeenlounge.com,facebook.com,https://www.facebook.com/zeenlounge
Zeen Lounge Cafe,,https://zeenlounge.com,twitter.com,https://twitter.com/zeenlounge
Zeen Lounge Cafe,,https://zeenlounge.com,tiktok.com,https://www.tiktok.com/@zeenlounge?
Boost Coffee,,https://www.boostcoffee.com.tr,instagram.com,https://www.instagram.com/boostcoffeetr
Boost Coffee,,https://www.boostcoffee.com.tr,facebook.com,https://www.facebook.com/boostcoffeetr
Starbucks,,https://www.starbucks.com.tr,instagram.com,https://www.instagram.com/starbucks_tr
Starbucks,,https://www.starbucks.com.tr,facebook.com,https://www.facebook.com/StarbucksTurkiye
Starbucks,,https://www.starbucks.com.tr,tiktok.com,https://www.tiktok.com/@starbucks_turkiye
Starbucks,,https://www.starbucks.com.tr,youtube.com,https://www.youtube.com/@StarbucksTr
Starbucks,,https://www.starbucks.com.tr,x.com,https://x.com/StarbucksTR
Ova Et Köfte,,http://ovaetkofte.com,facebook.com,https://www.facebook.com/ovaetkofte/
Ova Et Köfte,,http://ovaetkofte.com,instagram.com,https://www.instagram.com/ova_et_kofte/
Ova Et Köfte,,http://ovaetkofte.com,twitter.com,https://twitter.com/ova_et_kofte
Yokuştepe Kahvaltı % Waffle,,https://www.yokustepe.com,instagram.com,https://www.instagram.com/yokustepewaffle/
