mekan,il,website,tur,kaynak_url,kalem_sayisi,not
Dafne Kebap Döner,,https://www.dafnedonerkebap.com,erisilemedi,,0,Page.goto: net::ERR_NAME_NOT_RESOLVED at https://www.dafnedo
Hugo'ss Cafe Restaurant,,https://www.huggoss.com,erisilemedi,,0,Page.goto: net::ERR_NAME_NOT_RESOLVED at https://www.huggoss
İstanbul Balıkçısı,,https://www.instagram.com,menu bulunamadi,,0,
Cihangir Kebap Kaburga,,https://www.cihangirkebap.com.tr,menu bulunamadi,,0,
Güney Yıldızı Kordon,,https://yumurtalikguneyyildizi.com,gorsel-ocr-gerekli,https://yumurtalikguneyyildizi.com/wp-content/uploads/2025/06/menu.jpeg,0,
Mantımania,,https://www.instagram.com,menu bulunamadi,,0,
Pizza Pan,,https://www.instagram.com,menu bulunamadi,,0,
McDonald's,,https://www.mcdonalds.com.tr,gorsel-ocr-gerekli,https://www.mcdonalds.com.tr/Files/Slider/gmalite/c5a03601-335f-43a0-8ca1-6df9aab05e5f-2-li-mcchicken-menu-1920x800.jpg,0,
Starbucks,,https://www.starbucks.com.tr,menu bulunamadi,,0,
Pizza Taxi Cumhuriyet,,https://www.pizzataxi.com.tr,menu bulunamadi,,0,
Rovers Gastropub & Live Music,,https://www.rovers.com.tr,menu bulunamadi,,0,
Starbucks,,https://www.starbucks.co.uk,pdf-menu-degil,https://www.starbucks.co.uk/sites/starbucks-uk-pwa/files/2026-04/FY25_Modern%20Slavery%20Statement_Final.pdf,0,
Starbucks,,https://www.starbucks.co.uk,pdf-menu-degil,https://www.starbucks.co.uk/sites/starbucks-uk-pwa/files/2026-04/FY25_Modern%20Slavery%20Statement_Final.pdf,0,
Starbucks,,https://www.starbucks.co.uk,pdf-menu-degil,https://www.starbucks.co.uk/sites/starbucks-uk-pwa/files/2026-04/FY25_Modern%20Slavery%20Statement_Final.pdf,0,
Starbucks,,https://www.starbucks.co.uk,pdf-menu-degil,https://www.starbucks.co.uk/sites/starbucks-uk-pwa/files/2026-04/FY25_Modern%20Slavery%20Statement_Final.pdf,0,
Starbucks,,https://www.starbucks.co.uk,pdf-menu-degil,https://www.starbucks.co.uk/sites/starbucks-uk-pwa/files/2026-04/FY25_Modern%20Slavery%20Statement_Final.pdf,0,
Starbucks,,https://www.starbucks.co.uk,pdf-menu-degil,https://www.starbucks.co.uk/sites/starbucks-uk-pwa/files/2026-04/FY25_Modern%20Slavery%20Statement_Final.pdf,0,
Starbucks,,https://www.starbucks.co.uk,pdf-menu-degil,https://www.starbucks.co.uk/sites/starbucks-uk-pwa/files/2026-04/FY25_Modern%20Slavery%20Statement_Final.pdf,0,
Starbucks,,https://www.starbucks.co.uk,pdf-menu-degil,https://www.starbucks.co.uk/sites/starbucks-uk-pwa/files/2026-04/FY25_Modern%20Slavery%20Statement_Final.pdf,0,
Starbucks,,https://www.starbucks.co.uk,pdf-menu-degil,https://www.starbucks.co.uk/sites/starbucks-uk-pwa/files/2026-04/FY25_Modern%20Slavery%20Statement_Final.pdf,0,
Starbucks,,https://www.starbucks.co.uk,pdf-menu-degil,https://www.starbucks.co.uk/sites/starbucks-uk-pwa/files/2026-04/FY25_Modern%20Slavery%20Statement_Final.pdf,0,
Starbucks,,https://www.starbucks.co.uk,pdf-menu-degil,https://www.starbucks.co.uk/sites/starbucks-uk-pwa/files/2026-04/FY25_Modern%20Slavery%20Statement_Final.pdf,0,
Altınşehir Burger King Popeyes Sbarro,,https://www.tiklagelsin.com,menu bulunamadi,,0,
Starbucks,,https://www.starbucks.co.uk,pdf-menu-degil,https://www.starbucks.co.uk/sites/starbucks-uk-pwa/files/2026-04/FY25_Modern%20Slavery%20Statement_Final.pdf,0,
Köfteci Yusuf,,https://kofteciyusuf.com,menu bulunamadi,,0,
Lagos Balık Restaurant,,http://www.lagosbalik.com,erisilemedi,,0,"Page.eval_on_selector_all: Execution context was destroyed, "
Starbucks,,https://www.starbucks.co.uk,pdf-menu-degil,https://www.starbucks.co.uk/sites/starbucks-uk-pwa/files/2026-04/FY25_Modern%20Slavery%20Statement_Final.pdf,0,
Starbucks,,https://www.starbucks.co.uk,pdf-menu-degil,https://www.starbucks.co.uk/sites/starbucks-uk-pwa/files/2026-04/FY25_Modern%20Slavery%20Statement_Final.pdf,0,
100 Burger,,https://100burger.com,menu bulunamadi,,0,
Ade Miel Coffee Shop,,https://www.ademielcoffee.com,menu bulunamadi,,0,
A4 Kahve,,https://a4kahve.com,menu bulunamadi,,0,
3 Cores Roastery Coffee Shop,,https://www.3coresroastery.com,menu bulunamadi,,0,
Starbucks,,https://www.starbucks.co.uk,pdf-menu-degil,https://www.starbucks.co.uk/sites/starbucks-uk-pwa/files/2026-04/FY25_Modern%20Slavery%20Statement_Final.pdf,0,
Adıyaman Çiğ Köftecisi,,https://www.adiyamancigkoftecisi.com,menu bulunamadi,,0,
Arabica,,https://arabicacoffee.com.tr,menu bulunamadi,,0,
Arabica,,https://arabicacoffee.com.tr,menu bulunamadi,,0,
Ayşe Hanım Ev Yemekleri,,https://aysehanim.com.tr,erisilemedi,,0,Page.goto: net::ERR_NAME_NOT_RESOLVED at https://aysehanim.c
Anka E-Spor Merkezi Bayındır,,https://ankaespormerkezi.com,menu bulunamadi,,0,
Arabica Coffee House,,https://arabicacoffee.com.tr,menu bulunamadi,,0,
Arabica,,https://arabicacoffee.com.tr,menu bulunamadi,,0,
Arabica,,https://arabicacoffee.com.tr,menu bulunamadi,,0,
Bilge Şahin Pasta Dükkanı,,https://bilgesahinpastadukkani.com,erisilemedi,,0,Page.goto: net::ERR_NAME_NOT_RESOLVED at https://bilgesahinp
Balıkçı Halil Faros,,https://balikcihalil.com,menu bulunamadi,,0,
ATEŞHAN ET KEBAP DÖNER,,https://www.ateshan.com.tr,menu bulunamadi,,0,
Bake & Joy,,https://www.instagram.com,menu bulunamadi,,0,
BOLFOOD,,https://bolfood.adisyonline.com,menu bulunamadi,,0,
Bogazici Lokantasi,,https://bogazicilokantasi.com.tr,menu bulunamadi,,0,
Cafe Puzzle barbekü,,https://cafepuzzle.com,menu bulunamadi,,0,
Buta Bakü,,https://butaankara.com,pdf-ocr-gerekli,https://butaankara.com/wp/wp-content/uploads/buta_me.pdf,0,
Burgerdinho,,https://www.burgerdinho.com,menu bulunamadi,,0,
Burger King,,https://www.burgerking.com.tr,gorsel-ocr-gerekli,https://www.burgerking.com.tr/cmsfiles/categories/urunler/menuler-icon.png?v=873,0,
Cennetkuşu Çukurambar,,https://cennetkusu.com,erisilemedi,,0,Page.goto: net::ERR_CERT_AUTHORITY_INVALID at https://cennet
Coffee de Madrid Aydınlıkevler,,https://,erisilemedi,,0,Page.goto: Protocol error (Page.navigate): Cannot navigate t
Catalyst Coffee and Hub,,https://www.instagram.com,menu bulunamadi,,0,
Ciğerci Bahattin,,https://www.cigercibahattin.net,menu bulunamadi,,0,
Central,,https://www.instagram.com,menu bulunamadi,,0,
bi'sütlü bi'tatlı,,https://bisutlubitatli.com.tr,erisilemedi,,0,"Page.goto: Timeout 20000ms exceeded.
Call log:
  - navigatin"
Coffee de Madrid Metromall,,https://coffeedemadrid.com.tr,menu bulunamadi,,0,
Coffee de Madrid Mamak,,https://coffeedemadrid.com.tr,menu bulunamadi,,0,
Dayi Kürek Lahmacun (Emek),,https://lezzetdayiyaceker.com,menu bulunamadi,,0,
Coffee Lab,,https://www.coffeelab.com.tr,menu bulunamadi,,0,
Düveroğlu,,https://www.duveroglu.com.tr,erisilemedi,,0,Page.goto: net::ERR_CERT_DATE_INVALID at https://www.duverog
Coffee de Madrid Yenikent,,https://coffeedemadrid.com.tr,menu bulunamadi,,0,
Coffee de Madrid Kalaba,,https://coffeedemadrid.com.tr,menu bulunamadi,,0,
EskiYeni Bar,,http://eskiyenibar.com,erisilemedi,,0,Page.goto: net::ERR_NAME_NOT_RESOLVED at http://eskiyenibar.
Dayı'nın Yeri,,https://dayininyeriankara.com,menu bulunamadi,,0,
Fahri Bey,,http://www.fahribeyakcaabatkofte.com,erisilemedi,,0,Page.goto: net::ERR_NAME_NOT_RESOLVED at http://www.fahribey
Divan Brasserie Çengelhan,,https://www.divan.com.tr,pdf-ocr-gerekli,https://www.divan.com.tr/getmedia/cfc50c94-a204-480b-ab85-55b5556488b0/Divan_Cerez_Aydinlatma_Metni.pdf?lang=tr-TR,0,
Eymir Bağevi,,https://eymirgolubagevi.com,menu bulunamadi,,0,
Fanus Komünite Kafe,,https://www.instagram.com,menu bulunamadi,,0,
Fevzi Hoca Balık Lokantası,,https://www.fevzihoca.com.tr,menu bulunamadi,,0,
Geyik Cafe Bistro,,https://www.geyikcafebistro.com.tr,erisilemedi,,0,Page.goto: net::ERR_NAME_NOT_RESOLVED at https://www.geyikca
Gazi Üniversitesi Mühendislik Yemekhanesi,,https://mediko.gazi.edu.tr,pdf-ocr-gerekli,https://webupload.gazi.edu.tr/upload/15/2023/11/30/b7fa70bb-acec-40fa-92ca-bcfdcc2b55d7-genel-dokuman-lIstesI.pdf,0,
Fiero Cafe,,https://restaurantguru.com,menu bulunamadi,,0,
GUA Coffee Company Vega Center,,https://www.instagram.com,menu bulunamadi,,0,
Emir Hatay Dürümcüsü,,https://www.simitcidunyasi.com.tr,erisilemedi,,0,"Page.eval_on_selector_all: Execution context was destroyed, "
Big Chefs,,https://www.bigchefs.com.tr,pdf-menu-degil,https://bigchefs.com.tr/wp-content/uploads/2026/07/Bu%CC%88yu%CC%88k%20S%CC%A7efler%2031.12.2025%20TSRS%20Raporu.pdf,0,pdf hata: 
Hacegan Sofrası,,https://hacegansofrasi.net,menu bulunamadi,,0,
Ekrem Usta,,https://www.ekremusta.com.tr,erisilemedi,,0,"Page.goto: Timeout 20000ms exceeded.
Call log:
  - navigatin"
Gıyma Kebap,,http://instagram.com,menu bulunamadi,,0,
homies pub,,https://www.instagram.com,menu bulunamadi,,0,
Jolly Joker Ankara,,http://www.jjankara.com,erisilemedi,,0,Page.goto: net::ERR_NAME_NOT_RESOLVED at http://www.jjankara
Hype Coffee,,https://www.instagram.com,menu bulunamadi,,0,
Guşgana Kebap,,https://www.gusgana.com,gorsel-ocr-gerekli,https://www.gusgana.com/homepage/menuButton.png,0,
Kalender Zebra,,https://kalenderzebra.com,menu bulunamadi,,0,
Keyfimce,,http://keyfimcecafe.com,erisilemedi,,0,Page.goto: net::ERR_NAME_NOT_RESOLVED at http://keyfimcecafe
IF Sokak,,https://ifsokak.com,menu bulunamadi,,0,
KITA MU Ankara,,https://www.instagram.com,menu bulunamadi,,0,
Klas Pastanesi,,https://www.klaspastaneleri.com,erisilemedi,,0,Page.goto: net::ERR_NAME_NOT_RESOLVED at https://www.klaspas
Kafeterya,,https://kafeterya.metu.edu.tr,pdf-ocr-gerekli,https://kafeterya.metu.edu.tr/system/files/agustos_2026_maliyetsiz_menu_-_kopya.pdf,0,
IF Sokak Çayyolu,,https://ifsokak.com,menu bulunamadi,,0,
IF Sokak Tunus,,https://ifsokak.com,menu bulunamadi,,0,
Klinik Kahve,,https://cliniccoffee.com,menu bulunamadi,,0,
Komagene,,https://komagene.com.tr,pdf-ocr-gerekli,https://www.komagene.com.tr/KL_PO_001_2_KALITE_VE_GIDA_GUVENLIGI_POLITIKASI.pdf,0,
Komagene,,https://www.komagene.com.tr,pdf-ocr-gerekli,https://www.komagene.com.tr/KL_PO_001_2_KALITE_VE_GIDA_GUVENLIGI_POLITIKASI.pdf,0,
Komagene,,https://komagene.com.tr,pdf-ocr-gerekli,https://www.komagene.com.tr/KL_PO_001_2_KALITE_VE_GIDA_GUVENLIGI_POLITIKASI.pdf,0,
Kavakli Restaurant,,https://www.kavaklirestaurant.com,menu bulunamadi,,0,
Köfteci Yusuf,,https://www.kofteciyusuf.com,menu bulunamadi,,0,
Komagene,,https://komagene.com.tr,pdf-ocr-gerekli,https://www.komagene.com.tr/KL_PO_001_2_KALITE_VE_GIDA_GUVENLIGI_POLITIKASI.pdf,0,
Livane Restaurant - Artvin Evi,,https://livanerestaurant.com,erisilemedi,,0,Page.goto: net::ERR_NAME_NOT_RESOLVED at https://livaneresta
Konakbay Çibörek-Mantı,,http://www.konakbay.com.tr,menu bulunamadi,,0,
Kronotrop Ankara Vega Center Bakery,,https://www.kronotrop.com.tr,pdf-ocr-gerekli,https://www.kronotrop.com.tr/pdf/kvkk_basvuru.pdf,0,
Kronotrop,,https://kronotrop.com.tr,pdf-ocr-gerekli,https://www.kronotrop.com.tr/pdf/kvkk_basvuru.pdf,0,
Liman Kitap Kafe,,https://www.limankitap.com,gorsel-ocr-gerekli,https://www.limankitap.com/class/INNOVAEditor/assets/Liman-Menu.png,0,
Marmara Tabldot Restoran,,http://kafemud.bilkent.edu.tr,menu bulunamadi,,0,
Marrakesh Garden Etlik,,https://www.marrakeshgardenetlik.com,erisilemedi,,0,Page.goto: net::ERR_NAME_NOT_RESOLVED at https://www.marrake
Melek Cafem,,http://www.melekcafem.com,erisilemedi,,0,Page.goto: net::ERR_NAME_NOT_RESOLVED at http://www.melekcaf
Közname - Tepe Prime,,https://kozname.com,menu bulunamadi,,0,
Meşhur Ülgerler Aspava,,https://www.ulgerleraspavaetlik.com,erisilemedi,,0,Page.goto: net::ERR_NAME_NOT_RESOLVED at https://www.ulgerle
Midpoint,,https://www.midpoint.com.tr,menu bulunamadi,,0,
Meşhur Özçelik Aspava,,https://ozcelikaspava.com,menu bulunamadi,,0,
Miso Ramen Ankara,,https://misoramenankara.qr.menulux.com,menu bulunamadi,,0,
Maharet Mantı Ankara & Kayseri Yağlaması,,https://www.maharetmanti.com,erisilemedi,,0,"Page.goto: Timeout 20000ms exceeded.
Call log:
  - navigatin"
Mezzaluna,,https://www.mezzaluna.com.tr,erisilemedi,,0,"Page.goto: Timeout 20000ms exceeded.
Call log:
  - navigatin"
Mutlu Günler Fırını,,https://mutlugunlerfirini.com.tr,menu bulunamadi,,0,
Mutlu Günler Fırını,,https://mutlugunlerfirini.com.tr,menu bulunamadi,,0,
Mozart Cafe,,http://www.mozartcafe.com.tr,menu bulunamadi,,0,
Mutlu Günler Fırını,,https://mutlugunlerfirini.com.tr,menu bulunamadi,,0,
Mozaik Kebap,,http://www.mozaikkebap.com,gorsel-ocr-gerekli,http://www.mozaikkebap.com/assets/img/menu/adana.png,0,
Mutlu Döner,,https://mutludoner.com.tr,erisilemedi,,0,"Page.goto: Timeout 20000ms exceeded.
Call log:
  - navigatin"
New Jersey Coffee House,,https://www.newjerseycoffeehouse.com,menu bulunamadi,,0,
N'JOY Lounge,,https://www.instagram.com,menu bulunamadi,,0,
Niyokki Armada,,https://niyokki.com.tr,menu bulunamadi,,0,
Niyokki Tepe Prime,,https://niyokki.com.tr,erisilemedi,,0,"Page.goto: Timeout 20000ms exceeded.
Call log:
  - navigatin"
Niyokki Vista,,https://niyokki.com.tr,erisilemedi,,0,"Page.goto: Timeout 20000ms exceeded.
Call log:
  - navigatin"
Ovalı Etliekmek,,https://www.ovalietliekmek.com,menu bulunamadi,,0,
Nusr-Et Steakhouse Ankara,,https://www.nusr-et.com.tr,pdf-ocr-gerekli,https://www.nusr-et.com.tr/pdf/nusr-et-kurumsal-davranis-ilkeleri.pdf,0,
Quick China,,https://www.quickchina.com.tr,menu bulunamadi,,0,
Pizza Time,,https://pizzatime.com.tr,menu bulunamadi,,0,
Pan Çiğ Köfte,,https://www.pancigkofte.com,erisilemedi,,0,"Page.goto: Timeout 20000ms exceeded.
Call log:
  - navigatin"
Mado,,https://mado.com.tr,,,0,
Runik Board Game Cafe,,https://runik.com,menu bulunamadi,,0,
Quito Coffee,,https://www.instagram.com,menu bulunamadi,,0,
Ring Music Studio & Living Room,,https://ringstudio.city,menu bulunamadi,,0,
Starbucks,,https://www.starbucks.co.uk,pdf-menu-degil,https://www.starbucks.co.uk/sites/starbucks-uk-pwa/files/2026-04/FY25_Modern%20Slavery%20Statement_Final.pdf,0,
Starbucks,,https://www.starbucks.co.uk,pdf-menu-degil,https://www.starbucks.co.uk/sites/starbucks-uk-pwa/files/2026-04/FY25_Modern%20Slavery%20Statement_Final.pdf,0,
Starbucks,,https://www.starbucks.co.uk,pdf-menu-degil,https://www.starbucks.co.uk/sites/starbucks-uk-pwa/files/2026-04/FY25_Modern%20Slavery%20Statement_Final.pdf,0,
Sagaris Ege ve Akdeniz Mutfağı,,https://www.sagarisbalikcisi.com,pdf-ocr-gerekli,http://www.sagarisbalikcisi.com/wp-content/uploads/2024/03/MENU-SON.pdf,0,
Starbucks,,https://www.starbucks.co.uk,pdf-menu-degil,https://www.starbucks.co.uk/sites/starbucks-uk-pwa/files/2026-04/FY25_Modern%20Slavery%20Statement_Final.pdf,0,
Starbucks,,https://www.starbucks.co.uk,pdf-menu-degil,https://www.starbucks.co.uk/sites/starbucks-uk-pwa/files/2026-04/FY25_Modern%20Slavery%20Statement_Final.pdf,0,
Starbucks,,https://www.starbucks.co.uk,pdf-menu-degil,https://www.starbucks.co.uk/sites/starbucks-uk-pwa/files/2026-04/FY25_Modern%20Slavery%20Statement_Final.pdf,0,
Starbucks,,https://www.starbucks.co.uk,pdf-menu-degil,https://www.starbucks.co.uk/sites/starbucks-uk-pwa/files/2026-04/FY25_Modern%20Slavery%20Statement_Final.pdf,0,
Starbucks,,https://www.starbucks.co.uk,pdf-menu-degil,https://www.starbucks.co.uk/sites/starbucks-uk-pwa/files/2026-04/FY25_Modern%20Slavery%20Statement_Final.pdf,0,
Starbucks,,https://www.starbucks.co.uk,pdf-menu-degil,https://www.starbucks.co.uk/sites/starbucks-uk-pwa/files/2026-04/FY25_Modern%20Slavery%20Statement_Final.pdf,0,
Starbucks,,https://www.starbucks.co.uk,pdf-menu-degil,https://www.starbucks.co.uk/sites/starbucks-uk-pwa/files/2026-04/FY25_Modern%20Slavery%20Statement_Final.pdf,0,
Starbucks,,https://www.starbucks.co.uk,pdf-menu-degil,https://www.starbucks.co.uk/sites/starbucks-uk-pwa/files/2026-04/FY25_Modern%20Slavery%20Statement_Final.pdf,0,
Starbucks,,https://www.starbucks.co.uk,pdf-menu-degil,https://www.starbucks.co.uk/sites/starbucks-uk-pwa/files/2026-04/FY25_Modern%20Slavery%20Statement_Final.pdf,0,
Starbucks,,https://www.starbucks.co.uk,pdf-menu-degil,https://www.starbucks.co.uk/sites/starbucks-uk-pwa/files/2026-04/FY25_Modern%20Slavery%20Statement_Final.pdf,0,
Starbucks,,https://www.starbucks.co.uk,pdf-menu-degil,https://www.starbucks.co.uk/sites/starbucks-uk-pwa/files/2026-04/FY25_Modern%20Slavery%20Statement_Final.pdf,0,
Mabel Engelesiz Cafe,,https://www.mamak.bel.tr,pdf-ocr-gerekli,https://wpimages.mamak.bel.tr/2025/01/Hayvan-Sahiplenme-Son-1.pdf,0,
Sultan Restoran,,http://kafemud.bilkent.edu.tr,menu bulunamadi,,0,
Starbucks,,https://www.starbucks.co.uk,pdf-menu-degil,https://www.starbucks.co.uk/sites/starbucks-uk-pwa/files/2026-04/FY25_Modern%20Slavery%20Statement_Final.pdf,0,
Starbucks,,https://www.starbucks.co.uk,pdf-menu-degil,https://www.starbucks.co.uk/sites/starbucks-uk-pwa/files/2026-04/FY25_Modern%20Slavery%20Statement_Final.pdf,0,
Tarihi İnegöl Köftecisi Nevzat Usta,,https://www.nevzatusta.com,erisilemedi,,0,Page.goto: net::ERR_NAME_NOT_RESOLVED at https://www.nevzatu
Süha  Döner & Köfteci,,https://restaurantguru.com,menu bulunamadi,,0,
Tavacı Recep Usta Parkvadi,,https://www.recepustaparkvadi.com,menu bulunamadi,,0,
Starbucks,,https://www.starbucks.co.uk,pdf-menu-degil,https://www.starbucks.co.uk/sites/starbucks-uk-pwa/files/2026-04/FY25_Modern%20Slavery%20Statement_Final.pdf,0,
Tarabya Balık Çayyolu,,https://www.tarabyabalikcisi.com,menu bulunamadi,,0,
This Town's Last Stop,,http://www.thistownslaststop.net,erisilemedi,,0,Page.goto: net::ERR_NAME_NOT_RESOLVED at http://www.thistown
Starbucks,,https://www.starbucks.co.uk,pdf-menu-degil,https://www.starbucks.co.uk/sites/starbucks-uk-pwa/files/2026-04/FY25_Modern%20Slavery%20Statement_Final.pdf,0,
The York Pub and Bar,,https://www.instagram.com,menu bulunamadi,,0,
Tavacı Recep Usta Ümitköy Şubesi,,https://tavacirecepusta.com.tr,pdf-ocr-gerekli,https://tavacirecepusta.com.tr/wp-content/uploads/2026/02/sertifika_compressed-1.pdf,0,
Yöresel Türk Mutfağı,,https://yoreselturkmitfagi.com,erisilemedi,,0,Page.goto: net::ERR_NAME_NOT_RESOLVED at https://yoreselturk
Wedding in Anka,,https://weddinginankara.com,menu bulunamadi,,0,
Vinni the Vegan Witch,,https://www.instagram.com,menu bulunamadi,,0,
Tetra N Roastery,,https://tetranroastery.com,menu bulunamadi,,0,
Urumchi Uyghur Restaurant,,https://www.instagram.com,menu bulunamadi,,0,
Yelken Balık,,https://yelkenbalik.com.tr,menu bulunamadi,,0,
Acıktım Köfte Kalkan,,http://www.kalkandayaztatili.com,erisilemedi,,0,Page.goto: net::ERR_NAME_NOT_RESOLVED at http://www.kalkanda
Çiçek Lokantası,,https://ciceklokantasi.com.tr,menu bulunamadi,,0,
Adalya,,https://www.cocoline.com.tr,erisilemedi,,0,Page.goto: net::ERR_NAME_NOT_RESOLVED at https://www.cocolin
Çadır Kafe,,https://cadirkafeankara.menudgtl.com,gorsel-ocr-gerekli,https://cadirkafeankara.menudgtl.com/uploads/menus/43/categories/1784665907726_category-553.jpg,0,
36 Konukzade Restaurant Pansiyon,,http://www.36konukzade.com,menu bulunamadi,,0,
Adanali Kemal Usta,,http://adanalikemalusta.com,erisilemedi,,0,Page.goto: net::ERR_NAME_NOT_RESOLVED at http://adanalikemal
Ada Kafe & Ev yemekleri,,https://www.yemeksepeti.com,menu bulunamadi,,0,
Alexandretta Restaurant,,https://AlexandrettaRestaurant.com,erisilemedi,,0,Page.goto: net::ERR_NAME_NOT_RESOLVED at https://alexandrett
Adem'in Yeri,,https://www.adrasanademinyeri.com,menu bulunamadi,,0,
% Arabica,,http://www.arabicacoffee.com.tr,menu bulunamadi,,0,
Al-Fakher Turkish Delight,,https://www.alfakher.com.tr,menu bulunamadi,,0,
Alanya City Pizza,,https://www.alanyacitypizza.com,menu bulunamadi,,0,
Antalya Anadolu Restaurant,,https://anadolupark.com.tr,menu bulunamadi,,0,
Aphrodite Restaurant & Lounge,,http://www.aphroditeside.com,menu bulunamadi,,0,
Çiğköftesim,,https://www.cigkoftesim.com,menu bulunamadi,,0,
Bean of Coffee,,http://mahmutlarlife.ru,erisilemedi,,0,Page.goto: net::ERR_NAME_NOT_RESOLVED at http://mahmutlarlif
Asmani Restaurant,,https://www.asmanirestaurant.com,gorsel-ocr-gerekli,https://www.asmanirestaurant.com/media/ad0lhhv1/asmani-restoran-menu-card.jpg,0,
Ayar Meyhanesi,,https://ayarmeyhanesi.com,menu bulunamadi,,0,
Antalya Balikevi,,https://antalyabalikevi.com.tr,menu bulunamadi,,0,
"bi lokma ""Mama's Kitchen""",,https://www.bilokma.com.tr,erisilemedi,,0,Page.goto: net::ERR_NAME_NOT_RESOLVED at https://www.bilokma
Bidana Döner,,https://www.bidanadoner.com.tr,erisilemedi,,0,Page.goto: net::ERR_NAME_NOT_RESOLVED at https://www.bidanad
Bisküvi Mutfak Kahve Evi,,https://biskuvimutfak.com,erisilemedi,,0,Page.goto: net::ERR_NAME_NOT_RESOLVED at https://biskuvimutf
Arby's,,https://www.arbys.com.tr,menu bulunamadi,,0,
Bodamya Tepe,,http://bodamyatepe.com,menu bulunamadi,,0,
Belforno Restaurant,,https://belmondosuites.com,pdf-menu-degil,https://belmondosuites.com/certificates/belmondo-suites-2-sustainability.pdf,0,
Bombay Masala,,https://bombaymasalaantalya.com,menu bulunamadi,,0,
Bonjour Lounge,,https://www.instagram.com,menu bulunamadi,,0,
Bunbun Kaş,,https://www.bunbunkasmenu.com,menu bulunamadi,,0,
Base,,https://basebungalows.com,erisilemedi,,0,"Page.goto: Timeout 20000ms exceeded.
Call log:
  - navigatin"
BigChefs,,https://www.bigchefs.com.tr,pdf-menu-degil,https://bigchefs.com.tr/wp-content/uploads/2025/12/bigcehssurrapor.pdf,0,
Bereket Döner,,https://bereketdoner.com.tr,pdf-ocr-gerekli,https://www.bereketdoner.com.tr/wp-content/uploads/2026/07/ALERJENSIZ-AVM-1.pdf,0,
Bragi,,https://bragi.com.tr,menu bulunamadi,,0,
CANIM KEBAP,,https://canim-kebap.eatbu.com,menu bulunamadi,,0,
Charms Coffee,,https://charmscoffee.com,erisilemedi,,0,Page.goto: net::ERR_CERT_COMMON_NAME_INVALID at https://char
CebeliTeyirtepe Restaurant,,https://www.facebook.com,menu bulunamadi,,0,
chefyunuskalkan,,https://chefyunuskalkan.com,erisilemedi,,0,Page.goto: net::ERR_NAME_NOT_RESOLVED at https://chefyunuska
Carmelo,,https://coffeecarmelo.com,menu bulunamadi,,0,
Chicken stop,,https://chickenstop.com.tr,erisilemedi,,0,Page.goto: net::ERR_CERT_AUTHORITY_INVALID at https://chicke
Caglayan Restaurant,,http://www.caglayanrestaurant.com,gorsel-ocr-gerekli,http://www.caglayanrestaurant.com/wp-content/themes/restaurant-lite/images/menu1.jpg,0,
Can Ciğer Cafe,,https://cancigerocakbasi.com,gorsel-ocr-gerekli,https://cancigerocakbasi.com/images/menu resimleri/ciger-kebap/ciger-kebap-1.jpg,0,
Cihan Kebap Restaurant,,https://www.sidecihan.com,erisilemedi,,0,Page.goto: net::ERR_CERT_AUTHORITY_INVALID at https://www.si
Chemex,,https://www.chemexcoffee.com.tr,menu bulunamadi,,0,
Demre Bungalow & Cafe & Zühre,,https://zuhrebungalov.com.tr,erisilemedi,,0,Page.goto: net::ERR_NAME_NOT_RESOLVED at https://zuhrebungal
Doğa sofrası,,https://dogasofrasi.com,erisilemedi,,0,Page.goto: net::ERR_NAME_NOT_RESOLVED at https://dogasofrasi
By Marrakech Cafe,,https://allzinapp.com,menu bulunamadi,,0,
Conny's Restaurant - Bar,,https://connys.wixsite.com,menu bulunamadi,,0,
Chatme,,https://chatme.com.tr,menu bulunamadi,,0,
Dükkan Pub,,https://www.dukkanpup.com,erisilemedi,,0,Page.goto: net::ERR_NAME_NOT_RESOLVED at https://www.dukkanp
Etbaz,,http://www.etbazalanya.com,erisilemedi,,0,Page.goto: net::ERR_NAME_NOT_RESOLVED at http://www.etbazala
D La Plaza,,https://www.dlaplaza.com,menu bulunamadi,,0,
Elmalı Sultan Sofrası,,https://www.sultansofrasi.net,menu bulunamadi,,0,
Dımçayı Pınarbaşı,,https://dimcayipinarbasi.com,menu bulunamadi,,0,
Feneraltı Cafe & Restaurant,,https://feneralti.com,erisilemedi,,0,Page.goto: net::ERR_NAME_NOT_RESOLVED at https://feneralti.c
Finike 2000,,http://www.hotelfinike2000.com,erisilemedi,,0,Page.goto: net::ERR_NAME_NOT_RESOLVED at http://www.hotelfin
Dospresso,,https://www.dospresso.net,menu bulunamadi,,0,
Eterna House,,https://eternahouse.com.tr,menu bulunamadi,,0,
Fener Restaurant Lara,,http://www.fener1945.com,gorsel-ocr-gerekli,http://www.fener1945.com/images/special-menu-1.jpg,0,
Forellenhof Göynük Fish & Steak House,,https://www.facebook.com,menu bulunamadi,,0,
Gardenia Restaurant,,http://www.restaurantgardenia.com,menu bulunamadi,,0,
Dürümle,,https://www.durumle.com,pdf-ocr-gerekli,https://www.durumle.com/storage/downloads/genel-aydinlatma-metni.pdf?d=2025-08-01,0,
Flamingo lara,,https://qr.finedinemenu.com,menu bulunamadi,,0,
Giant Stride,,https://qr.adisyo.com,menu bulunamadi,,0,
Giant Stride,,https://qr.adisyo.com,menu bulunamadi,,0,
Flash Restaurant,,https://www.flashrestaurant.com.tr,menu bulunamadi,,0,
Green salads,,https://www.greensalads.com.tr,menu bulunamadi,,0,
Gloria Jean's coffees,,https://gloriajeans.com.tr,menu bulunamadi,,0,
Gypsophila Club Marine - Ethno Turkish A'la Carte Restaurant,,https://www.gypsophilamarine.com,erisilemedi,,0,"Page.goto: Timeout 20000ms exceeded.
Call log:
  - navigatin"
Gypsophila Club Marine - Restro Main Restaurant,,https://www.gypsophilamarine.com,erisilemedi,,0,"Page.goto: Timeout 20000ms exceeded.
Call log:
  - navigatin"
Gypsophila Club Marine - See You Fish A'la Carte Restaurant,,https://www.gypsophilamarine.com,erisilemedi,,0,"Page.goto: Timeout 20000ms exceeded.
Call log:
  - navigatin"
Hancı,,https://hancionline.com,erisilemedi,,0,Page.goto: net::ERR_NAME_NOT_RESOLVED at https://hancionline
Gypsophila Club Marine - Trattoria Italian A'la Carte Restaurant,,https://www.gypsophilamarine.com,erisilemedi,,0,"Page.goto: Timeout 20000ms exceeded.
Call log:
  - navigatin"
Hüseyinin Yeri,,http://www.ucuzvillam.com,menu bulunamadi,,0,
Gypsophila Club Marine Snack Bar & Restaurant,,https://www.gypsophilamarine.com,erisilemedi,,0,"Page.goto: Timeout 20000ms exceeded.
Call log:
  - navigatin"
Göksel Tantuni,,https://www.gokseltantuni.com,erisilemedi,,0,"Page.goto: Timeout 20000ms exceeded.
Call log:
  - navigatin"
Hawaii Restaurant & Bar,,https://hawaiirestaurantbar.com,erisilemedi,,0,"Page.goto: Timeout 20000ms exceeded.
Call log:
  - navigatin"
Hilmi Beken Restaurant,,https://hilmibeken.com,erisilemedi,,0,"Page.goto: Timeout 20000ms exceeded.
Call log:
  - navigatin"
Hotel Aybars,,http://aybarshotel.com,erisilemedi,,0,"Page.goto: Timeout 20000ms exceeded.
Call log:
  - navigatin"
Keyf-i Künefe Cikcilli,,http://keyfikunefe.com,erisilemedi,,0,Page.goto: net::ERR_NAME_NOT_RESOLVED at http://keyfikunefe.
Keyfi Künefe,,https://keyfikunefe.com.tr,erisilemedi,,0,Page.goto: net::ERR_CERT_AUTHORITY_INVALID at https://keyfik
İkizler Motel,,https://www.hotelaslihan.com,menu bulunamadi,,0,
Kahvedeyiz,,https://kahvedeyizcafe.com,erisilemedi,,0,Page.eval_on_selector_all: TypeError: Cannot read properties
KFC,,https://kfcturkiye.com,menu bulunamadi,,0,
Kahve Diyarı,,https://www.kahvediyari.com.tr,menu bulunamadi,,0,
Kiwi Park Yağmur Evleri,,https://www.kiwiparkyagmurevleri.com,menu bulunamadi,,0,
Karma Restaurant,,https://karmaside.com,menu bulunamadi,,0,
Korner Restaurant & Bar,,https://www.kornerrestaurantbar.com,erisilemedi,,0,Page.goto: net::ERR_CERT_DATE_INVALID at https://www.kornerr
La'Vera Restaurant,,https://instagram.com,menu bulunamadi,,0,
LafLafa,,http://www.laflafacafe.com,erisilemedi,,0,Page.goto: net::ERR_NAME_NOT_RESOLVED at http://www.laflafac
Kasap Şeref Izgara,,https://kasapseref.com,erisilemedi,,0,"Page.goto: Timeout 20000ms exceeded.
Call log:
  - navigatin"
Leman Kültür,,https://www.lemankultur.com.tr,erisilemedi,,0,Page.goto: net::ERR_CONNECTION_RESET at https://www.lemankul
Köfteci Ramiz,,https://www.kofteciramiz.com,menu bulunamadi,,0,
Köfteci Ramiz,,https://www.kofteciramiz.com,menu bulunamadi,,0,
Klub Kristall restoran,,https://klubkristall.com,erisilemedi,,0,"Page.goto: Timeout 20000ms exceeded.
Call log:
  - navigatin"
Level,,https://levelkaleici.com,menu bulunamadi,,0,
Little Vietnam,,https://www.littlevietnam.cafe,menu bulunamadi,,0,
Lime,,https://www.limerestaurantside.com,menu bulunamadi,,0,
Likya Otel,,https://www.likyaadrasanotel.com,menu bulunamadi,,0,
La Rocca,,http://www.laroccabistro.com,erisilemedi,,0,"Page.goto: Timeout 20000ms exceeded.
Call log:
  - navigatin"
May flower's Corner cafe,,http://www.sevenbrasserie.com,erisilemedi,,0,Page.goto: net::ERR_NAME_NOT_RESOLVED at http://www.sevenbra
Macbear Coffee Co. Tapas,,https://www.mackbearcoffee.com,menu bulunamadi,,0,
Meets Burger Cafe,,http://meetsburgercafe.com,erisilemedi,,0,Page.goto: net::ERR_NAME_NOT_RESOLVED at http://meetsburgerc
Mackbear,,https://mackbearcoffee.com,menu bulunamadi,,0,
Mr Anjeliq Kitchen,,https://www.mranjeliqkitchen.com,erisilemedi,,0,Page.goto: net::ERR_NAME_NOT_RESOLVED at https://www.mranjel
Mackbear Altınkum,,https://www.kokoyakisushi.com,erisilemedi,,0,Page.eval_on_selector_all: TypeError: Cannot read properties
Meşhur Sariyer Börek Si̇mi̇t Evi̇,,https://meshursariyerboreksimitevi.eatbu.com,menu bulunamadi,,0,
Mackbear Kampüs Manavgat,,https://www.google.com,menu bulunamadi,,0,
Natur-el Turkish Kitchen,,https://www.natur-el.com,menu bulunamadi,,0,
Luna Garden,,https://lunagarden.com.tr,menu bulunamadi,,0,
Misti Fresh Drinks & Cocktails,,https://mistidrinks.com,gorsel-ocr-gerekli,https://mistidrinks.com/wp-content/uploads/2024/06/menu_bg-1.jpg,0,
Oburus Momus,,http://oburusmomus.com,erisilemedi,,0,Page.goto: net::ERR_NAME_NOT_RESOLVED at http://oburusmomus.
"Nuri's Beach Bar possible, rent boat to kash",,https://www.nurisbeach.com,menu bulunamadi,,0,
Nuri's Beach Restaurant,,https://www.nurisbeach.com,menu bulunamadi,,0,
Orfoz Restaurant & Lounge Bar,,https://www.sideorfoz.com,erisilemedi,,0,Page.goto: net::ERR_NAME_NOT_RESOLVED at https://www.sideorf
Pacco Bistro,,https://bistro.paccohotel.com,erisilemedi,,0,Page.goto: net::ERR_NAME_NOT_RESOLVED at https://bistro.pacc
Northmen,,https://qr.finedinemenu.com,menu bulunamadi,,0,
Palmen Haus,,https://www.palmenhausantalya.com,erisilemedi,,0,Page.goto: net::ERR_NAME_NOT_RESOLVED at https://www.palmenh
Omar's Kokobüs - Mobil Köfteci,,https://www.kalkanyemek.com,menu bulunamadi,,0,
Orange Bar,,https://www.olymposorangepension.com,menu bulunamadi,,0,
Palm Beach Damlataş Restaurant,,https://alanya.dk,menu bulunamadi,,0,
Paşa Kır Bahçesi Çakırlar Kahvaltı,,http://www.pasakirbahcesi.com,menu bulunamadi,,0,
Nur Pastaneleri,,https://www.nurgida.com.tr,menu bulunamadi,,0,
Plumeria,,http://www.plumeria.com.tr,erisilemedi,,0,Page.goto: net::ERR_NAME_NOT_RESOLVED at http://www.plumeria
Pisekâr,,https://pisekarveganfood.com,erisilemedi,,0,Page.goto: net::ERR_NAME_NOT_RESOLVED at https://pisekarvega
Punto,,http://puntodondurma.com,erisilemedi,,0,Page.goto: net::ERR_NAME_NOT_RESOLVED at http://puntodondurm
Panorama,,https://alanyapanorama.com,menu bulunamadi,,0,
Puding Restaurant,,https://www.pudinghotels.com,menu bulunamadi,,0,
Pidem,,https://pidem.com.tr,menu bulunamadi,,0,
QBIK PUB & BAR,,https://derinnhotel.com,menu bulunamadi,,0,
Queen Sahne Antalya,,https://instagram.com,menu bulunamadi,,0,
Reka Cafe Alanya,,https://rekacafealanya.com,erisilemedi,,0,Page.goto: net::ERR_NAME_NOT_RESOLVED at https://rekacafeala
Rich Karaoke Bar,,https://www.richierichclubotel.com,erisilemedi,,0,Page.goto: net::ERR_NAME_NOT_RESOLVED at https://www.richier
Pura Vida Beach No. 73,,https://puravida.restaurant,pdf-ocr-gerekli,https://puravida.restaurant/Lunch_UK.pdf,0,
Rivera Park Restaurant,,https://www.beycikrivieraparkrestaurant.com,erisilemedi,,0,Page.goto: net::ERR_NAME_NOT_RESOLVED at https://www.beycikr
Robert’s coffee,,http://menu.robertscoffeebeachpark.com,erisilemedi,,0,Page.goto: net::ERR_NAME_NOT_RESOLVED at http://menu.roberts
Pura Vida Restaurant,,https://puravida.restaurant,pdf-ocr-gerekli,https://puravida.restaurant/Lunch_UK.pdf,0,
Oxygen Pub,,http://www.netagram.com,erisilemedi,,0,"Page.goto: Timeout 20000ms exceeded.
Call log:
  - navigatin"
Rolik sushi Alanya,,https://alanya.roliksushi.com,menu bulunamadi,,0,
patizim,,https://www.patizim.com,erisilemedi,,0,"Page.goto: Timeout 20000ms exceeded.
Call log:
  - navigatin"
Rüya Tepe,,http://www.ruyatepe.com,erisilemedi,,0,Page.goto: net::ERR_NAME_NOT_RESOLVED at http://www.ruyatepe
Rolik sushi Antalya,,https://roliksushi.com,menu bulunamadi,,0,
Quzu,,https://allzinapp.com,menu bulunamadi,,0,
Seyir Park,,https://seyirpark.com,erisilemedi,,0,Page.goto: net::ERR_NAME_NOT_RESOLVED at https://seyirpark.c
Route Burger House,,http://www.routeburger.com,menu bulunamadi,,0,
Schiller,,https://schillerturkiye.com,menu bulunamadi,,0,
Seyyah Döner,,https://www.seyyahdoner.com.tr,erisilemedi,,0,Page.eval_on_selector_all: TypeError: Cannot read properties
Schiller,,https://qr-menu.simprasuite.com,menu bulunamadi,,0,
Saban Treehouses,,http://www.sabanpansion.com,menu bulunamadi,,0,
Shakespeare,,https://www.shakespearebistro.com,gorsel-ocr-gerekli,https://cdn.prod.website-files.com/634c636e7000c838d3d0bb7f/68cd24812cb9b083ca0bea0a_s%CC%A7ubemenu%CC%88ler.jpg,0,
Shakespeare,,https://www.shakespearebistro.com,gorsel-ocr-gerekli,https://cdn.prod.website-files.com/634c636e7000c838d3d0bb7f/68cd24812cb9b083ca0bea0a_s%CC%A7ubemenu%CC%88ler.jpg,0,
Shark,,https://sharkkafebeach.eatbu.com,menu bulunamadi,,0,
Snowdrop restaurant,,https://snowdrop.club,erisilemedi,,0,Page.goto: net::ERR_NAME_NOT_RESOLVED at https://snowdrop.cl
Shakespeare,,https://paket.shxpr.com,menu bulunamadi,,0,
SKY HOOKAN & COFFEE(water pipe),,http://fb.com,menu bulunamadi,,0,
Streetcafe Adrasan,,http://www.streetcafe-adrasan.de,erisilemedi,,0,Page.goto: net::ERR_NAME_NOT_RESOLVED at http://www.streetca
Subway,,https://www.subway.com,erisilemedi,,0,Page.goto: net::ERR_HTTP2_PROTOCOL_ERROR at https://www.subw
Riviera Bistro,,https://www.rivierabistrocafe.com,menu bulunamadi,,0,
Soul Of Kitchen,,https://www.anjeliqhouse.com,menu bulunamadi,,0,
Social Point,,https://socialpoint.com.tr,gorsel-ocr-gerekli,https://files.cdn.elektraweb.com/bdcac343/34329/digitalMenu/26860c06-3f18-44ec-9ecb-c5601dfcb2b0.jpg,0,
Shakespeare,,https://shxpr.com,erisilemedi,,0,"Page.goto: Timeout 20000ms exceeded.
Call log:
  - navigatin"
Sütbeyaz,,https://sutbeyaz.com.tr,menu bulunamadi,,0,
SheMall AVM,,http://www.shemall.com.tr,erisilemedi,,0,"Page.goto: Timeout 20000ms exceeded.
Call log:
  - navigatin"
The Green Oasis,,http://www.the-green-oasis-cafe.tk,erisilemedi,,0,Page.goto: net::ERR_NAME_NOT_RESOLVED at http://www.the-gree
Sütbeyaz,,https://sutbeyaz.com.tr,menu bulunamadi,,0,
The Smokey BBQ & Burger,,https://thesmokey.net,menu bulunamadi,,0,
Tez Gah,,https://www.tezgahburger.com,menu bulunamadi,,0,
Tavuk Dünyası,,https://www.tavukdunyasi.com,menu bulunamadi,,0,
Tavuk Dünyası,,https://www.tavukdunyasi.com,menu bulunamadi,,0,
Trysa Restaurant Camping,,https://ilksayfareklamlari.com,erisilemedi,,0,Page.goto: net::ERR_NAME_NOT_RESOLVED at https://ilksayfarek
The Long Beach,,https://longbeach.com.tr,menu bulunamadi,,0,
Trend Coffee,,http://qrmenu.piworks.com.tr,menu bulunamadi,,0,
Urfa Sofrası,,https://urfasofrasi.com,erisilemedi,,0,Page.goto: net::ERR_CONNECTION_RESET at https://urfasofrasi.
Tavuk Dünyası,,https://tavukdunyasi.com,menu bulunamadi,,0,
Tostik,,https://www.tostik.com.tr,gorsel-ocr-gerekli,https://www.tostik.com.tr/images/menu-img.png,0,
West Verginia City,,http://www.west-virginia-city.de,erisilemedi,,0,Page.goto: net::ERR_NAME_NOT_RESOLVED at http://www.west-vir
Understone,,https://www.understone.com.tr,menu bulunamadi,,0,
Varuna,,https://varunagezgin.com,menu bulunamadi,,0,
U1 Coffee.,,https://u1coffee.com.tr,menu bulunamadi,,0,
Yalan Dünya Mağarası,,https://facebook.com,menu bulunamadi,,0,
The Sudd Coffee Old Town,,https://thesudd.com,menu bulunamadi,,0,
Urfa çitir lahmakun,,https://instagram.com,menu bulunamadi,,0,
White Studio Cafe,,https://www.whitestudiocafe.com,menu bulunamadi,,0,
Zilli Öküz Homemade Burger Alanya,,http://www.zilliokuz.com,menu bulunamadi,,0,
Çamlıca,,http://www.camlicadondurmasi.com,menu bulunamadi,,0,
Zeytin Dalı,,http://zeytindalirestaurant.com,gorsel-ocr-gerekli,http://zeytindalirestaurant.com/../img/menu/breakfast.jpeg,0,
Zula,,https://m.facebook.com,menu bulunamadi,,0,
ÇOBANNET FORESTALANYA RESTAURANT CAFE & BAR,,https://forestalanya.com,menu bulunamadi,,0,
Çınaraltı Et & Balık Evi,,https://cinaraltibeycik@hotmail.com,menu bulunamadi,,0,
Ömer Aybak,,https://adiyamancigkoftecisi.com,menu bulunamadi,,0,
Ömer Aybak,,https://adiyamancigkoftecisi.com,menu bulunamadi,,0,
Pansyon Karagöl,,http://www.savsatkaragol.com,erisilemedi,,0,Page.goto: net::ERR_NAME_NOT_RESOLVED at http://www.savsatka
Şelale Restoran,,http://selalerestoran.com,menu bulunamadi,,0,
Başdeğirmen Et Balık restoran,,http://basdegirmenaydin.com,erisilemedi,,0,Page.goto: net::ERR_NAME_NOT_RESOLVED at http://basdegirmena
"Кафе магазин ""Тобак, напитки, кальян""",,https://t.me,menu bulunamadi,,0,
Dina Natura,,https://www.dinanatura.com,menu bulunamadi,,0,
Cafedemi,,http://facebook.com,menu bulunamadi,,0,
Efsane Çöp Şiş Necati Baba,,http://www.ortaklarcopsisefsanenecatibaba.com,erisilemedi,,0,Page.goto: net::ERR_NAME_NOT_RESOLVED at http://www.ortaklar
"Anatolia Hotel, Restaurant & Camping",,https://www.anatoliaturizm.com.tr,menu bulunamadi,,0,
Pesto Makarna Aydın,,https://www.pestomakarna.com,erisilemedi,,0,Page.goto: net::ERR_CONNECTION_REFUSED at https://www.pestom
Colombia coffee,,https://www.colombiacoffeetr.com.tr,menu bulunamadi,,0,
Alibaba Restoran,,https://alibabarestoran.eatbu.com,menu bulunamadi,,0,
Altınoluk Doğa Restaurant,,https://www.altinolukdogarestaurant.com,erisilemedi,,0,Page.goto: net::ERR_NAME_NOT_RESOLVED at https://www.altinol
Pina Restaurant Mavişehir,,https://pinarestaurant.com,gorsel-ocr-gerekli,https://pina.qrmenu.biz.tr/image/catalog/pinalogo.png,0,
Sef Restaurant,,https://sefrestaurantkusadasi.com,gorsel-ocr-gerekli,https://sefrestaurantkusadasi.com/wp-content/uploads/2025/04/sef-bos-menu-88x88.jpg,0,
Bahçe Kahvaltı Konaklama,,http://www.altinolukbahce.com,erisilemedi,,0,Page.goto: net::ERR_NAME_NOT_RESOLVED at http://www.altinolu
Balikçi Korkmazlar,,http://www.korkmazlarbalikcilik.com,erisilemedi,,0,Page.goto: net::ERR_NAME_NOT_RESOLVED at http://www.korkmazl
Coffee 333,,https://coffee333.com.tr,menu bulunamadi,,0,
Benzin Kafe,,http://www.balikesirbenzincafe.com,erisilemedi,,0,Page.goto: net::ERR_NAME_NOT_RESOLVED at http://www.balikesi
ByBalık Lokantası,,https://www.bybalik.net,erisilemedi,,0,Page.goto: net::ERR_NAME_NOT_RESOLVED at https://www.bybalik
Cadde Altinoluk,,http://www.caddepasta.com.tr,erisilemedi,,0,Page.goto: net::ERR_NAME_NOT_RESOLVED at http://www.caddepas
Aydınlar Et & Restaurant,,https://aydinlaret.com,menu bulunamadi,,0,
Deli Mavi Cafe Bar,,http://www.delimavicafebar.com,erisilemedi,,0,Page.goto: net::ERR_NAME_NOT_RESOLVED at http://www.delimavi
Бар Asrın Beach Hotel,,https://asrinbeachhotel.com,,,0,pdf hata: 
Edremit-Burhaniye Airbus Uçak Restaurant,,http://www.korfezucakrestaurant.com,erisilemedi,,0,Page.goto: net::ERR_NAME_NOT_RESOLVED at http://www.korfezuc
Göbel Gizli Bahçe Kokoreç,,http://ttps:,erisilemedi,,0,"Page.goto: net::ERR_NAME_NOT_RESOLVED at http://ttps/
Call l"
Hancı Kebap Izgara,,http://www.mazahancikebap.com,erisilemedi,,0,Page.goto: net::ERR_NAME_NOT_RESOLVED at http://www.mazahanc
As Restaurant Et Balık Meze,,https://www.asrestaurant.com.tr,menu bulunamadi,,0,
Cunda Uno Restaurant,,https://cundauno.com,menu bulunamadi,,0,
Crow Coffee,,https://www.crowcoffee.co,menu bulunamadi,,0,
Happy Moon's Bandırma,,https://happymoons.com.tr,menu bulunamadi,,0,
Dem Bahçe,,https://dembahce.com,menu bulunamadi,,0,
Moshos Taverna Cunda,,http://moshostaverna.com,menu bulunamadi,,0,
Köşebaşı,,https://kosebasi.com,menu bulunamadi,,0,
Küçükhan'ım Cafe,,https://kucukhan.com,menu bulunamadi,,0,
Kebapçı,,https://www.akakar.com.tr,erisilemedi,,0,"Page.goto: Timeout 20000ms exceeded.
Call log:
  - navigatin"
Mahalle Cafe & Bar,,https://www.avsa.com.tr,pdf-ocr-gerekli,https://www.avsa.com.tr/fsek.pdf,0,
On On Kafe,,https://ononkafe.com,gorsel-ocr-gerekli,https://ononkafe.com/media/menu/limonata1.jpg,0,
On On Kafe,,https://www.ononkafe.com,gorsel-ocr-gerekli,https://www.ononkafe.com/media/menu/limonata1.jpg,0,
On On Kafe,,https://www.ononkafe.com,gorsel-ocr-gerekli,https://www.ononkafe.com/media/menu/limonata1.jpg,0,
On On Kafe,,https://www.ononkafe.com,gorsel-ocr-gerekli,https://www.ononkafe.com/media/menu/limonata1.jpg,0,
On On Kafe,,https://www.ononkafe.com,gorsel-ocr-gerekli,https://www.ononkafe.com/media/menu/limonata1.jpg,0,
On On Kafe,,https://www.ononkafe.com,gorsel-ocr-gerekli,https://www.ononkafe.com/media/menu/limonata1.jpg,0,
On On Kafe,,https://www.ononkafe.com,gorsel-ocr-gerekli,https://www.ononkafe.com/media/menu/limonata1.jpg,0,
On On Kafe,,https://www.ononkafe.com,gorsel-ocr-gerekli,https://www.ononkafe.com/media/menu/limonata1.jpg,0,
On On Kafe,,https://www.ononkafe.com,gorsel-ocr-gerekli,https://www.ononkafe.com/media/menu/limonata1.jpg,0,
On On Kafe,,https://www.ononkafe.com,gorsel-ocr-gerekli,https://www.ononkafe.com/media/menu/limonata1.jpg,0,
On On Kafe,,https://www.ononkafe.com,gorsel-ocr-gerekli,https://www.ononkafe.com/media/menu/limonata1.jpg,0,
On On Kafe,,https://www.ononkafe.com,gorsel-ocr-gerekli,https://www.ononkafe.com/media/menu/limonata1.jpg,0,
On On Kafe,,https://www.ononkafe.com,gorsel-ocr-gerekli,https://www.ononkafe.com/media/menu/limonata1.jpg,0,
On On Kafe,,https://ononkafe.com,gorsel-ocr-gerekli,https://ononkafe.com/media/menu/limonata1.jpg,0,
On On Kafe,,https://ononkafe.com,gorsel-ocr-gerekli,https://ononkafe.com/media/menu/limonata1.jpg,0,
On On Kafe,,https://www.ononkafe.com,gorsel-ocr-gerekli,https://www.ononkafe.com/media/menu/limonata1.jpg,0,
Palaz Et Restaurant,,https://www.palazet.com.tr,erisilemedi,,0,Page.goto: net::ERR_NAME_NOT_RESOLVED at https://www.palazet
Pasaport Pizza,,https://www.pasaportpizza.com,erisilemedi,,0,Page.goto: net::ERR_CERT_COMMON_NAME_INVALID at https://www.
On On Kafe,,https://ononkafe.com,gorsel-ocr-gerekli,https://ononkafe.com/media/menu/limonata1.jpg,0,
On On Kafe,,https://www.ononkafe.com,gorsel-ocr-gerekli,https://www.ononkafe.com/media/menu/limonata1.jpg,0,
Pizza Pizza,,https://www.pizzapizza.com.tr,erisilemedi,,0,Page.goto: net::ERR_NAME_NOT_RESOLVED at https://www.pizzapi
Tamam Meyhane Yalı,,https://www.tamammeyhane.com,gorsel-ocr-gerekli,https://www.tamammeyhane.com/gunduz-menusu.jpg,0,
On On Kafe,,https://www.ononkafe.com,gorsel-ocr-gerekli,https://www.ononkafe.com/media/menu/limonata1.jpg,0,
Vagon Döner İskender & Et Restoran,,https://www.vagondoner.com.tr,erisilemedi,,0,Page.goto: net::ERR_NAME_NOT_RESOLVED at https://www.vagondo
Pidemm,,https://www.pidem.com.tr,menu bulunamadi,,0,
On On Kafe İvrindi,,https://ononkafe.com,gorsel-ocr-gerekli,https://ononkafe.com/media/menu/limonata1.jpg,0,
Tellioğlu Değirmen Cafe & Restaurant,,http://www.telliogludegirmen.com,menu bulunamadi,,0,
SweetArts,,http://www.sweetarts.com.tr,erisilemedi,,0,Page.goto: net::ERR_NAME_NOT_RESOLVED at http://www.sweetart
Taş Kahve,,https://taskahve.com.tr,erisilemedi,,0,"Page.goto: Timeout 20000ms exceeded.
Call log:
  - navigatin"
Yasa - İzmir Yönü,,https://www.yasa.com.tr,menu bulunamadi,,0,
Yasa - İstanbul Yönü,,https://www.yasa.com.tr,menu bulunamadi,,0,
Mustafa Amca'nın Yeri,,https://www.amasracanlibalik.com,menu bulunamadi,,0,
semaver,,https://facebook.com,menu bulunamadi,,0,
alo 24,,https://www.alo24.com.tr,pdf-ocr-gerekli,https://www.alo24.com.tr/../akbuk.pdf,0,
Hahve Sokagi,,https://www.kahvesokagi.com,menu bulunamadi,,0,
Çeşmi Cihan Restaurant,,https://www.amasracanlibalik.com,menu bulunamadi,,0,
Coffy,,https://coffy.com.tr,menu bulunamadi,,0,
Askania,,https://www.iznikaskania.com,menu bulunamadi,,0,
Boynuz burger,,https://boynuzburger.com,erisilemedi,,0,Page.goto: net::ERR_NAME_NOT_RESOLVED at https://boynuzburge
Ekrem Coşkun Döner,,https://www.ekremcoskundoner.com.tr,menu bulunamadi,,0,
Beykapı Kebap,,https://beykapi.com,menu bulunamadi,,0,
Beceren Cafe,,http://www.becerencafe.com,menu bulunamadi,,0,
Dörtler Kebap Salonu,,https://dortlerkebap.com.tr,erisilemedi,,0,Page.goto: net::ERR_NAME_NOT_RESOLVED at https://dortlerkeba
Domino’s,,https://dominospizza.ru,menu bulunamadi,,0,
Bursa İskender Kebabı - İskender® 1867,,https://www.iskenderdeyim.com,menu bulunamadi,,0,
chies fastfood,,https://www.chiesfastfood.com,menu bulunamadi,,0,
Kasaba Garden,,http://www.kasabagarden.com,menu bulunamadi,,0,
Durak Muhallebicisi,,http://www.durakmuhallebicisi.com.tr,menu bulunamadi,,0,
Coffemania,,https://coffeemania.com,menu bulunamadi,,0,
Iskender kebapçi,,https://www.iskender.com.tr,pdf-ocr-gerekli,https://www.iskender.com.tr/images/basvuru.pdf,0,
Mantımia,,https://mantimia.com,pdf-ocr-gerekli,https://mantimia.com/files/aydinlatma_metni.pdf,0,
Mantımia,,https://mantimia.com,pdf-ocr-gerekli,https://mantimia.com/files/aydinlatma_metni.pdf,0,
New Castle,,https://www.newcastle.com.tr,menu bulunamadi,,0,
Pilav Kralı Rumeli Pilavcısı,,https://rumelipilavcisi.com.tr,erisilemedi,,0,Page.goto: net::ERR_NAME_NOT_RESOLVED at https://rumelipilav
Loa Bursa,,https://loabursa.com,menu bulunamadi,,0,
Muggle's Coffee Roastery FSM,,https://mugglescoffee.com.tr,menu bulunamadi,,0,
Kitap Evi,,http://kitapevi.com.tr,erisilemedi,,0,"Page.goto: Timeout 20000ms exceeded.
Call log:
  - navigatin"
Nevada Coffee 2,,https://nevadacoffee.co,pdf-ocr-gerekli,https://nevadacoffee.co/inc/Kvkk.pdf,0,
Sümbüllü Bahçe Konağı,,https://www.okikultur.com.tr,menu bulunamadi,,0,
Tavacı Namık,,https://www.tavacinamik.com.tr,gorsel-ocr-gerekli,https://www.tavacinamik.com.tr/menucebimde.logo.png,0,
Ayışığı Çamlık Restoran,,https://www.ayisigicamlik.com,erisilemedi,,0,Page.goto: net::ERR_NAME_NOT_RESOLVED at https://www.ayisigi
Özgen Plus,,https://www.ozgenkahve.com,menu bulunamadi,,0,
Maydonoz Döner,,https://maydonozdoner.com,erisilemedi,,0,"Page.goto: Timeout 20000ms exceeded.
Call log:
  - navigatin"
Antepli Tahir Usta,,https://instagram.com,menu bulunamadi,,0,
Umut Restaurant,,https://umutrestaurant.com,gorsel-ocr-gerekli,https://umutrestaurant.com/images/menu/banner.jpg,0,
Dami,,https://www.facebook.com,menu bulunamadi,,0,
Narlı cafe Burger & castello coffee,,https://www.narli.cafe,erisilemedi,,0,Page.goto: net::ERR_NAME_NOT_RESOLVED at https://www.narli.c
Meydani,,http://www.meydani.com,erisilemedi,,0,"Page.eval_on_selector_all: Execution context was destroyed, "
Meraklis Taverna,,https://meraklistaverna.com,menu bulunamadi,,0,
Uva Bozcaada,,https://uvabozcaada.com,erisilemedi,,0,Page.goto: net::ERR_NAME_NOT_RESOLVED at https://uvabozcaada
Son Vapur Imroz,,https://sonvapurimroz.com,menu bulunamadi,,0,
Harmanyeri Restorant,,https://canakkaleharmanyeri.com,gorsel-ocr-gerekli,https://menu.canakkaleharmanyeri.com/wp-content/uploads/2022/06/harmanyerilogo-1.png,0,
Çınaraltı Şelale Restaurant,,http://www.cinaraltiselale.com,erisilemedi,,0,Page.goto: net::ERR_NAME_NOT_RESOLVED at http://www.cinaralt
Baba Yorgo,,https://www.barbayorgo.com,menu bulunamadi,,0,
Süts Gelato,,https://suts.com.tr,menu bulunamadi,,0,
T-DONER,,https://tdoner.com,menu bulunamadi,,0,
Beltaş Adalet Park Kafe,,https://www.denizlibeltas.com,menu bulunamadi,,0,
Beltaş Atatürk Park Kafe,,https://www.denizlibeltas.com,menu bulunamadi,,0,
Beltaş Denizli Konağı,,https://www.denizlibeltas.com,menu bulunamadi,,0,
Bizz Cafe,,http://bizzcafemenu.site,erisilemedi,,0,Page.goto: net::ERR_NAME_NOT_RESOLVED at http://bizzcafemenu
Beltaş Candoğan Park Kafe,,https://www.denizlibeltas.com,menu bulunamadi,,0,
Dönerci Yaşar,,https://pinecaferestaurant.com,erisilemedi,,0,Page.goto: net::ERR_NAME_NOT_RESOLVED at https://pinecaferes
Edem Pastanesi,,http://edempastaneleri.com,erisilemedi,,0,Page.goto: net::ERR_NAME_NOT_RESOLVED at http://edempastanel
Boston Drink & Dessert,,https://www.bostondd.com,menu bulunamadi,,0,
HARBİYE RESTAURANT,,https://www.harbiyerestaurant.com,erisilemedi,,0,Page.goto: net::ERR_NAME_NOT_RESOLVED at https://www.harbiye
Beltaş Demokrasi Kafe,,https://www.denizlibeltas.com,menu bulunamadi,,0,
Fahham,,https://menu.fahhamcafe.com,gorsel-ocr-gerekli,https://menu.fahhamcafe.com/assets/logo.png,0,
Hüsamettin Usta Kocabaylar Kebap Salonu®,,https://kocabaylarkebap.com,menu bulunamadi,,0,
Honaz Çınaraltı Şelale Et & Balık & Kahvaltı Restoran,,https://www.facebook.com,menu bulunamadi,,0,
Beltaş İncilipınar Kafe,,https://www.denizlibeltas.com,menu bulunamadi,,0,
Beltaş Otogar Fast Food,,https://www.denizlibeltas.com,menu bulunamadi,,0,
Kebapçı Muhtar,,http://kebapcimuhtar.com,menu bulunamadi,,0,
Hazal Restaurant,,https://hazal.com.tr,menu bulunamadi,,0,
Midas Pub,,https://temassiz.restaurant,erisilemedi,,0,Page.goto: net::ERR_NAME_NOT_RESOLVED at https://temassiz.re
MySoho Lounge Brasserie,,http://www.mysoho.com.tr,menu bulunamadi,,0,
Mesken,,https://meskenocakbasi.com,menu bulunamadi,,0,
Kızgın Döner Evora,,https://web.javipos.com,menu bulunamadi,,0,
Simitçi Dünyası,,https://denizlisimitcidunyasi.com,erisilemedi,,0,Page.goto: net::ERR_NAME_NOT_RESOLVED at https://denizlisimi
Mesken Balık,,https://www.meskenocakbasi.com,menu bulunamadi,,0,
Lokum Steak House,,https://lokumsteakhouse.com,erisilemedi,,0,"Page.goto: Timeout 20000ms exceeded.
Call log:
  - navigatin"
Yayla Kafeterya,,https://yaylakafe.beltas.gen.tr,erisilemedi,,0,Page.goto: net::ERR_NAME_NOT_RESOLVED at https://yaylakafe.b
Varol Gurme,,http://varoltekstil.com.tr,menu bulunamadi,,0,
Peanut,,https://www.gloriajeans.com.tr,menu bulunamadi,,0,
Savora Restaurant,,https://emporia.com.tr,menu bulunamadi,,0,
Varol Veranda,,https://varolveranda.com,gorsel-ocr-gerekli,https://varolveranda.com/menu/veranda-logo.png?v=1,0,
Hancı Et Restaurant,,http://www.hanciet.com,erisilemedi,,0,Page.goto: net::ERR_NAME_NOT_RESOLVED at http://www.hanciet.
Gece Dönercisi Ciğerci Memo,,https://gecedonercisimemo.com,menu bulunamadi,,0,
KADAYIFÇI HACI SEYİD - KÜNEFE & PASTA ( NEVROZ ALANI ),,http://www.kadayifcihaciseyid.com,menu bulunamadi,,0,
KADAYIFÇI HACI SEYİD TEKEL - PASTA & KÜNEFE,,http://www.kadayifcihaciseyid.com,menu bulunamadi,,0,
Yayla Kıl Çadırı,,https://www.denizlibeltas.com,menu bulunamadi,,0,
Tarihi Adana Kazancılar Kebap,,http://kazancilardiyarbakir.com,menu bulunamadi,,0,
Çamlık Beyaz,,https://www.denizlibeltas.com,menu bulunamadi,,0,
Arabica Coffee House Düzce Garden,,https://www.arabicacoffee.com.tr,menu bulunamadi,,0,
Beyzade Gurme,,http://beyzadegurme.com.tr,menu bulunamadi,,0,
Beyaz Bahçe - Taşmekan,,https://www.beyazbahce.com,menu bulunamadi,,0,
Düzce Kasrı,,http://www.duzcekasri.com,erisilemedi,,0,Page.goto: net::ERR_NAME_NOT_RESOLVED at http://www.duzcekas
Alo24 Restorant Denizli,,https://alo24.com.tr,pdf-ocr-gerekli,https://alo24.com.tr/../akbuk.pdf,0,
Saklı Konak 1317,,https://www.saklikonak1317.com,menu bulunamadi,,0,
Gurme Restaurant & Camping,,https://www.gurmerestaurant.com,erisilemedi,,0,Page.eval_on_selector_all: TypeError: Cannot read properties
Kaplanoğlu Alabalık,,http://www.kaplanoglualabalik.com,menu bulunamadi,,0,
Konyalı Etli Ekmek,,http://www.konyalietliekmekkebap.com,erisilemedi,,0,Page.goto: net::ERR_NAME_NOT_RESOLVED at http://www.konyalie
CumayeriBalıkçısı,,https://cumayeribalikcisi.com.tr,menu bulunamadi,,0,
CumayeriBalıkçsı,,https://cumayeribalikcisi.com.tr,menu bulunamadi,,0,
Quechi Coffee Bakery,,https://quechicoffee.com,menu bulunamadi,,0,
Közde Köfte,,http://www.kozdekofte.com,menu bulunamadi,,0,
Bursa Kebap Evi,,https://www.bursakebapevi.com,menu bulunamadi,,0,
İbrahim'in Yeri Bolu Dağı Et Mangal ve Yöresel Kahvaltı,,https://ibrahiminyeri.com,gorsel-ocr-gerekli,https://static.parastorage.com/services/restaurant-menus-showcase-ooi/340b3d41e47b0b3c427ac7115aed2a32ad5fd0d85acabf4431a36ccd/media/menus_side_image.7077f229.jpeg,0,
Aydın Tava Ciğer,,https://www.aydintavaciger.com,gorsel-ocr-gerekli,https://www.aydintavaciger.com/images/sayfabg-menu.jpg,0,
Doyuyo,,https://doyuyo.com,gorsel-ocr-gerekli,https://doyuyo.com/storage/305/conversions/baslangic-menuleri-middle.webp,0,
Dürümle,,https://durumle.com,pdf-ocr-gerekli,https://durumle.com/storage/downloads/genel-aydinlatma-metni.pdf?d=2025-08-01,0,
Coffee Bee Bakery Lab,,https://www.coffeebeebakerylab.com,menu bulunamadi,,0,
Edirne Tabip Odası Sosyal Tesisi,,https://www.edirnetabipodasi.org,menu bulunamadi,,0,
Değirmen Ocakbaşı Restaurant,,https://www.degirmenocakbasi.com.tr,gorsel-ocr-gerekli,https://www.menuva.com.tr/uploads/eb15f61b6fc5116b04a79453c8ae73d5.webp,0,
Kafe Karamel,,http://iktisadiisletmeler.trakya.edu.tr,menu bulunamadi,,0,
GreenSalads,,https://www.greensalads.com.tr,menu bulunamadi,,0,
ONDO Tarihî Karaağaç Şubesi,,https://ondolezzetleri.com,menu bulunamadi,,0,
Kahve Dükkanı,,https://www.kahvedukkani.com.tr,gorsel-ocr-gerekli,https://www.kahvedukkani.com.tr/trash/menu-bg.png,0,
Kumpir Box,,https://kumpirbox.com,gorsel-ocr-gerekli,https://kumpirbox.com/wp-content/uploads/2026/07/menuboard-brandium-avm-187.5-x-45-cm-2-scaled.png,0,
Saloon Burger,,https://www.saloonburger.com.tr,menu bulunamadi,,0,
Pidem,,https://www.pidem.com.tr,menu bulunamadi,,0,
Serenita Restaurant,,https://hillyhotel.com,erisilemedi,,0,"Page.goto: Timeout 20000ms exceeded.
Call log:
  - navigatin"
thenewyork Pizza & Cafe,,https://www.nypizza.co,erisilemedi,,0,"Page.goto: Timeout 20000ms exceeded.
Call log:
  - navigatin"
The Coffee Factory,,http://thecoffeefactory.com,gorsel-ocr-gerekli,http://thecoffeefactory.com/assets/img/menu-banner.png,0,
Mavigöl Restaurant,,https://www.mavigol.com.tr,erisilemedi,,0,"Page.eval_on_selector_all: Execution context was destroyed, "
Clup pide,,http://clupkirpidesi.com,erisilemedi,,0,Page.goto: net::ERR_NAME_NOT_RESOLVED at http://clupkirpides
Tiloft Coffee,,https://tiloft.com.tr,erisilemedi,,0,"Page.goto: Timeout 20000ms exceeded.
Call log:
  - navigatin"
Kayseri Mutfağı,,https://www.kayserimutfagi.com,pdf-ocr-gerekli,https://www.kayserimutfagi.com/kayseri-mutfagi-kalori-ve-alerjen-listesi.pdf,0,
Acıktım,,https://aciktimkafedeyiz.com,menu bulunamadi,,0,
Öncü Döner,,https://www.oncudoner.com,erisilemedi,,0,"Page.goto: Timeout 20000ms exceeded.
Call log:
  - navigatin"
Bolulu Hasan Usta,,https://www.bhu.com.tr,erisilemedi,,0,Page.goto: net::ERR_CERT_AUTHORITY_INVALID at https://www.bh
Güzelyurt,,http://www.guzelyurtrestaurant.com,erisilemedi,,0,"Page.goto: Timeout 20000ms exceeded.
Call log:
  - navigatin"
EBB Yaşam Kafe,,http://eskisehirbelkent.com.tr,menu bulunamadi,,0,
Dönerci Pehlivan,,https://donercipehlivan.com.tr,erisilemedi,,0,"Page.goto: Timeout 20000ms exceeded.
Call log:
  - navigatin"
Es Balaban Kebapçı Yunus Usta,,https://eskisehirbalabankebap.com,menu bulunamadi,,0,
Baydöner,,https://www.baydoner.com,pdf-ocr-gerekli,https://www.baydoner.com/cmsfiles/pressrooms/apaz-group-un-kalbinde-misafir-var-apaz-group-yonetim-kurulu-sahada.pdf,0,
Mado,,https://www.mado.com.tr,,,0,
Fırın-ci,,https://firin-ci.com,pdf-ocr-gerekli,https://firin-ci.com/wp-content/uploads/2026/06/2026-firin-ci-batman-menu.pdf,0,
Hippo French Tacos,,https://hippofrenchtacos.com,menu bulunamadi,,0,
Opia Coffee Co.,,https://www.picuki.com,menu bulunamadi,,0,
Köftes Balaban Kebap,,https://www.koftesbalaban.com,gorsel-ocr-gerekli,https://www.koftesbalaban.com/assets/img/menumuz/koftes_balabankebap.webp,0,
Hangover sky,,https://www.hangovergroup.com,menu bulunamadi,,0,
GiBi Kafe,,https://instagram.com,menu bulunamadi,,0,
Red Burger House,,https://redburgerhouse.com,erisilemedi,,0,Page.goto: net::ERR_NAME_NOT_RESOLVED at https://redburgerho
Sema Teyze Restaurant Fırın Cafe,,https://www.semateyzerestaurant.com,erisilemedi,,0,Page.goto: net::ERR_NAME_NOT_RESOLVED at https://www.sematey
Sky Cafe,,https://www.skycafe.com.tr,erisilemedi,,0,Page.goto: net::ERR_NAME_NOT_RESOLVED at https://www.skycafe
Prime Smash Burger,,https://primesmashburger.com,menu bulunamadi,,0,
SushiCo Eskişehir Cassaba Modern,,https://www.sushico.com.tr,menu bulunamadi,,0,
Pizza İl Forno,,https://pizzailforno.com.tr,,,0,
Pizza Locale,,https://www.pizzalocale.net,menu bulunamadi,,0,
Bellapais,,https://www.bellapaiscafe.com,menu bulunamadi,,0,
Katmerci Zekeriya Usta,,https://katmercizekeriya.com,menu bulunamadi,,0,
Kral Tantuni (Üniversite),,https://www.gazianteptantuni.com,erisilemedi,,0,Page.goto: net::ERR_NAME_NOT_RESOLVED at https://www.gaziant
Muhan Bohem,,https://www.muhanbohem.com,erisilemedi,,0,Page.goto: net::ERR_NAME_NOT_RESOLVED at https://www.muhanbo
Senfoni,,https://senfonigaziantep.com,erisilemedi,,0,Page.goto: net::ERR_NAME_NOT_RESOLVED at https://senfonigazi
SOFRAM Restaurant,,http://hassofram.com.tr,erisilemedi,,0,Page.goto: net::ERR_NAME_NOT_RESOLVED at http://hassofram.co
Tavuk Dünyası,,https://www.tavukdunyasi.com,menu bulunamadi,,0,
Tavuk Dünyası,,https://www.tavukdunyasi.com,menu bulunamadi,,0,
Çamlıca Köşkü Restaurant,,https://www.camlicakosku.com,erisilemedi,,0,Page.goto: net::ERR_NAME_NOT_RESOLVED at https://www.camlica
ÖZ CİĞERCİ ABE GAZİANTEP,,https://www.ozcigerciabegaziantep.com,erisilemedi,,0,Page.goto: net::ERR_NAME_NOT_RESOLVED at https://www.ozciger
İmam Çağdaş,,https://www.imamcagdas.com,menu bulunamadi,,0,
Pino,,https://www.pino.com.tr,gorsel-ocr-gerekli,https://www.pino.com.tr/resources/assets/upload/product/pino-burger-menu-ujwa4x.png?v=1.04,0,
326 Plus,,https://www.326pluscafe.com,menu bulunamadi,,0,
Carnaval Brunch & Bistro,,https://www.carnavalgida.com,erisilemedi,,0,Page.goto: net::ERR_NAME_NOT_RESOLVED at https://www.carnava
Ed Coffee Station,,https://www.instagtam.com,erisilemedi,,0,Page.goto: net::ERR_CERT_COMMON_NAME_INVALID at https://www.
Atom Station Arsuz,,https://www.atomstation.com.tr,menu bulunamadi,,0,
Kule Restaurant,,https://www.kulerestaurant.com,erisilemedi,,0,Page.goto: net::ERR_NAME_NOT_RESOLVED at https://www.kuleres
Popeyes,,https://www.popeyes.com.tr,menu bulunamadi,,0,
Cazibe Balık Cafe Restaurant,,https://instagram.com,menu bulunamadi,,0,
Altıkapı Antakya,,https://www.altikapi.com.tr,menu bulunamadi,,0,
La Pastaia,,https://instagram.com,menu bulunamadi,,0,
Gülpınar Restoran,,https://gulpinar.codeqr.com.tr,menu bulunamadi,,0,
Gülpınar Restoran,,https://gulpinar.codeqr.com.tr,menu bulunamadi,,0,
Napcaz Döner,,https://napcazdoner.com,erisilemedi,,0,Page.goto: net::ERR_CONNECTION_REFUSED at https://napcazdone
Pela Coffee & Ceramic,,https://pelasanat.com.tr,menu bulunamadi,,0,
Tinyan Gastro,,https://www.tinyan.com.tr,menu bulunamadi,,0,
Loop Burger Brasserie,,https://loopbrasserie.com,menu bulunamadi,,0,
Pehlivan Döner & Kebap,,https://pehlivandoner.com.tr,menu bulunamadi,,0,
Günübirlik Tesisi,,https://ispartadavraz.com,menu bulunamadi,,0,
Sandal Restaurant Et Balık & Kahvaltı,,https://www.sanaltur360.com,menu bulunamadi,,0,
Taş Cafe 1,,https://www.isperiahotels.com.tr,pdf-ocr-gerekli,https://www.isperiahotels.com.tr/ISPERIA_sur_raporu.pdf,0,
2'de 1 Köfte,,https://www.yummyadvisor.com,erisilemedi,,0,Page.goto: net::ERR_NAME_NOT_RESOLVED at https://www.yummyad
1A Meyhanesi,,https://foursquare.com,menu bulunamadi,,0,
1924 İstanbul,,http://www.1924istanbul.com,erisilemedi,,0,"Page.eval_on_selector_all: Execution context was destroyed, "
Petek Cafe,,https://www.peteksiparis.com,menu bulunamadi,,0,
1Kahve,,http://www.1-kahve.bussiness.site,menu bulunamadi,,0,
34 Restaurant,,https://www.hyattrestaurants.com,menu bulunamadi,,0,
Ada Cafe + Bookstore,,https://www.adakitapcafe.com,erisilemedi,,0,Page.goto: net::ERR_NAME_NOT_RESOLVED at https://www.adakita
6:45 Public House,,https://share.google,menu bulunamadi,,0,
Ab'bas Waffle,,https://abbaswaffle.com.tr,menu bulunamadi,,0,
ADAB Eski Usûl Meyhane,,https://adabmeyhanesi.com,menu bulunamadi,,0,
Adam's Pizza,,https://www.adamspizza.com,menu bulunamadi,,0,
5. Kat,,https://www.5kat.com,menu bulunamadi,,0,
Adana İl Sınırı,,https://www.adanailsiniri.com,menu bulunamadi,,0,
360 Istanbul,,https://360istanbul.com,pdf-metin,https://360istanbul.com/web_menu_pdf/dinner_sushi_menu_en.pdf,14,
Zater Döner Isparta,,https://zaterdoner.com,pdf-menu-degil,https://www.zaterdoner.com/kurumsal-kimlik-rehberi.pdf,0,
Adana Ocakbaşı Suadiye,,https://grablocals.com,menu bulunamadi,,0,
Adanali Ümit Usta,,https://www.umitusta.com.tr,menu bulunamadi,,0,
Ahali 279,,https://ahali279.com,menu bulunamadi,,0,
Adile Sultan Ev Yemekleri,,https://www.adilesultanevyemekleri.com,gorsel-ocr-gerekli,https://siparis.adilesultanevyemekleri.com/templates/webmenu/assets/images/app_dl.png,0,
Adile Sultan Ev Yemekleri,,https://adilesultanevyemekleri.com,erisilemedi,,0,"Page.goto: Timeout 20000ms exceeded.
Call log:
  - navigatin"
al lado está dogu karadeniz pide sarayi,,http://www.tacodelreyes.com,erisilemedi,,0,Page.goto: net::ERR_NAME_NOT_RESOLVED at http://www.tacodelr
Ala Türk Mutfagi,,http://alaturkmutfagi.com,erisilemedi,,0,Page.goto: net::ERR_NAME_NOT_RESOLVED at http://alaturkmutfa
Adile Sultan Ev Yemekleri,,https://adilesultanevyemekleri.com,gorsel-ocr-gerekli,https://siparis.adilesultanevyemekleri.com/templates/webmenu/assets/images/app_dl.png,0,
Adile Sultan Ev Yemekleri - Ümraniye Restoranı,,https://adilesultanevyemekleri.com,gorsel-ocr-gerekli,https://siparis.adilesultanevyemekleri.com/templates/webmenu/assets/images/app_dl.png,0,
Ali Muhiddin Hacı Bekir,,https://www.hacibekir.com.tr,menu bulunamadi,,0,
Akıntı Burnu Balık Restaurant,,https://www.akintiburnu.com,menu bulunamadi,,0,
Adanalı Kebapçı Mehmet,,https://adanalikebapcimehmet.com,gorsel-ocr-gerekli,https://adanalikebapcimehmet.com/menu/wp-content/uploads/2025/06/kalteli.jpg,0,
Allsports Cafe,,https://www.allsportscafe.com,erisilemedi,,0,"Page.eval_on_selector_all: Execution context was destroyed, "
Ali Ocakbaşı,,https://aliocakbasi.com,menu bulunamadi,,0,
Altın Sini,,https://altinsini.com.tr,erisilemedi,,0,Page.goto: net::ERR_NAME_NOT_RESOLVED at https://altinsini.c
Ali Ocakbaşı,,https://aliocakbasi.com,menu bulunamadi,,0,
Altınkapı Restaurant,,https://altinkapiiskender.com,erisilemedi,,0,Page.goto: net::ERR_NAME_NOT_RESOLVED at https://altinkapiis
Amedros Cafe and Restaurant,,https://www.amedroscafe.com,erisilemedi,,0,Page.goto: net::ERR_CERT_DATE_INVALID at https://www.amedros
Altkat Coffee Community,,https://altkatcoffee.com,menu bulunamadi,,0,
Allen Kitchen & Cocktail,,https://allensuadiye.com,menu bulunamadi,,0,
Altın Sofra,,https://www.altinsofrakebap.com,menu bulunamadi,,0,
Antebin İçi,,https://www.antebinici.com,erisilemedi,,0,Page.goto: net::ERR_CONNECTION_REFUSED at https://www.antebi
Antula Gurme,,https://antulagurme.com,gorsel-ocr-gerekli,https://antulagurme.com/public/default/images/menu-top-bg.png,0,
Ara Gurme Lahmacun Pide Kebap,,https://www.aragurme.com,erisilemedi,,0,Page.goto: net::ERR_NAME_NOT_RESOLVED at https://www.aragurm
Antik Köy,,https://www.antikkoy.com,menu bulunamadi,,0,
Antiochia,,http://www.antiochiaconcept.com,gorsel-ocr-gerekli,http://www.antiochiaconcept.com/assets/img/menu.jpg,0,
Anne Meze,,http://www.annemeze.com,erisilemedi,,0,"Page.goto: Timeout 20000ms exceeded.
Call log:
  - navigatin"
Antebi,,https://antebi.com.tr,menu bulunamadi,,0,
Arby's,,https://www.istairport.com,pdf-ocr-gerekli,https://www.istairport.com/media/y15c0g2d/iga-isletme-web-sitesi-aydinlatma-metni-tr.pdf,0,
Arnavutköy Balıkçısı,,https://arnavutkoybalikcisi.com,menu bulunamadi,,0,
Arnavutköy Balıkçısı,,https://arnavutkoybalikcisi.com,menu bulunamadi,,0,
ArtSmyrna Cafe & Gallery,,http://artsmyrnagalata.com,erisilemedi,,0,Page.goto: net::ERR_NAME_NOT_RESOLVED at http://artsmyrnagal
Arezu Moda,,https://arezucafemoda.com,menu bulunamadi,,0,
Arch Bistro,,https://www.archbistro.com,gorsel-ocr-gerekli,https://archbistro.com/img/menu/menuimg/ap-03-mixed-10-variety-meze-platter.jpg,0,
As İskender,,https://www.askebap.com,erisilemedi,,0,Page.goto: net::ERR_NAME_NOT_RESOLVED at https://www.askebap
Artois Cadde,,https://artois.com.tr,menu bulunamadi,,0,
Asitane,,https://www.asitanerestaurant.com,menu bulunamadi,,0,
Atıştır 1989,,https://quickly.restaurant,erisilemedi,,0,Page.goto: net::ERR_NAME_NOT_RESOLVED at https://quickly.res
Aslanbey Çiftliği,,https://www.aslanbeyciftligi.com,gorsel-ocr-gerekli,https://www.aslanbeyciftligi.com/wp-content/uploads/2024/06/domates-menu--300x300.png,0,
Ayvalık Fener Yolu Balıkçısı,,http://www.ayvalikfeneryolubalikcisi.com,erisilemedi,,0,Page.goto: net::ERR_NAME_NOT_RESOLVED at http://www.ayvalikf
Armada Teras,,https://www.armadahotel.com.tr,erisilemedi,,0,"Page.goto: Timeout 20000ms exceeded.
Call log:
  - navigatin"
Azur,,https://azuryenikoy.com,erisilemedi,,0,Page.goto: net::ERR_CERT_DATE_INVALID at https://azuryenikoy
Ba Hane,,https://ba-hane.com.tr,erisilemedi,,0,Page.goto: net::ERR_NAME_NOT_RESOLVED at https://ba-hane.com
Bab-ı Hayat,,https://www.babihayat.com,gorsel-ocr-gerekli,https://www.babihayat.com/common/images/menu1-img.jpg,0,
Babel Café Restaurant,,http://www.babelcaferestaurant.com,erisilemedi,,0,Page.goto: net::ERR_NAME_NOT_RESOLVED at http://www.babelcaf
Aşk Waffle & Cafe,,https://www.askwaffle.com,menu bulunamadi,,0,
Arya longue,,https://www.aryalounge.com,gorsel-ocr-gerekli,https://cdn.tabpadmenu.com/3110/c9299c0b-b753-4c54-bf6a-d072640fc067bac.jpg,0,
Ağa kapısı,,https://agakapisi.com.tr,menu bulunamadi,,0,
Back To Coffee Roaster,,http://www.backtocoffeeroaster.com,menu bulunamadi,,0,
Bahçe Ocakbaşı,,https://bahceocakbasi.com,erisilemedi,,0,Page.goto: net::ERR_CONNECTION_REFUSED at https://bahceocakb
Bafetto,,https://bafetto.com.tr,menu bulunamadi,,0,
Ataşehir Kültür Kafe,,https://www.atasehir.bel.tr,menu bulunamadi,,0,
Balon Cafe,,https://www.zomato.com,erisilemedi,,0,Page.goto: net::ERR_HTTP2_PROTOCOL_ERROR at https://www.zoma
Bafetto Pizza,,https://bafetto.com.tr,menu bulunamadi,,0,
Bafra Pide,,https://qrmenuapp.akinsoft.com.tr,gorsel-ocr-gerekli,https://qrmenuapp.akinsoft.com.tr/images/hero-qr-menu.webp?v=1ae7141,0,
Akasya,,https://www.akasyada.com,pdf-ocr-gerekli,https://akasyada.com/wp-content/uploads/2026/05/Akasya-Menu-Bistro-Yaz-2026.pdf,0,
Balıkçı Murat Abi - Balık ekmek,,https://balikcimurat.com,menu bulunamadi,,0,
Balaban Dondurma,,http://balabandondurma.com,menu bulunamadi,,0,
Baltalimanı Polisevi Şube Müdürlüğü Tesisi,,https://www.istanbul.pol.tr,menu bulunamadi,,0,
Banko Burger,,https://bankoburger.com,menu bulunamadi,,0,
Bausta,,https://bausta.com.tr,menu bulunamadi,,0,
Bay Mantı,,https://baymanti.com,menu bulunamadi,,0,
Barış Büfe,,https://www.barisbufe.com.tr,erisilemedi,,0,"Page.goto: Timeout 20000ms exceeded.
Call log:
  - navigatin"
Barış Büfe,,https://www.barisbufe.com.tr,erisilemedi,,0,"Page.goto: Timeout 20000ms exceeded.
Call log:
  - navigatin"
Baylan Pastanesi,,https://baylangida.com,menu bulunamadi,,0,
Başkent Aspava,,https://kgkasapbaskentaspava.com,erisilemedi,,0,Page.goto: net::ERR_CERT_DATE_INVALID at https://kgkasapbask
Bebek Balıkçı,,https://bebekbalikci.net,erisilemedi,,0,Page.goto: net::ERR_NAME_NOT_RESOLVED at https://bebekbalikc
Beacon Coffee,,https://www.beaconcoffee.com.tr,menu bulunamadi,,0,
Bebe İçli Köfte,,https://www.bebeiclikofte.com,menu bulunamadi,,0,
Bedir Kebap,,https://www.bedirkebap.tr,erisilemedi,,0,Page.goto: net::ERR_NAME_NOT_RESOLVED at https://www.bedirke
Bebek Koru Kahvesi,,https://tr-tr.facebook.com,menu bulunamadi,,0,
Bebek Lokal,,https://facebook.com,menu bulunamadi,,0,
Bayındır Restoran,,https://www.bayindirrestoran.com,menu bulunamadi,,0,
Bedri Usta Kalamış,,https://bedriusta.com,menu bulunamadi,,0,
Bella Bakery & Coffee,,https://unotrescoffee.com,erisilemedi,,0,Page.goto: net::ERR_NAME_NOT_RESOLVED at https://unotrescoff
Benusen Restoran,,http://benusenesnaflokantasi.com,erisilemedi,,0,Page.goto: net::ERR_NAME_NOT_RESOLVED at http://benusenesnaf
Bedri Usta Çiftehavuzlar Pide & Lahmacun,,https://bedriusta.com,menu bulunamadi,,0,
Beeves,,https://www.beevesteak.com,gorsel-ocr-gerekli,https://www.beevesteak.com/images/beeves-atasehir-menu.jpeg,0,
Beeves Steakhouse,,https://www.beevesteak.com,gorsel-ocr-gerekli,https://www.beevesteak.com/images/beeves-atasehir-menu.jpeg,0,
Beso Restaurant Bistro,,https://www.restaurantbeso.com,menu bulunamadi,,0,
BEYKOZ BELEDİYESİ GÜMÜŞSUYU KENT LOKANTASI,,http://www.beykoz.bel.tr,menu bulunamadi,,0,
BEYKOZ BELEDİYESİ ORTAÇEŞME LOKANTASI,,http://www.beykoz.bel.tr,menu bulunamadi,,0,
Beyaz Fırın - Erenköy,,https://www.beyazfirin.com,pdf-ocr-gerekli,https://belge.beyazfirin.com/files/KaliteGidaGuvenligi.pdf,0,
Beyzade Künefe,,https://www.beyzadekunefe.com,menu bulunamadi,,0,
Bi'Buçuk,,https://www.bibucuk.com.tr,pdf-ocr-gerekli,https://www.bibucuk.com.tr/caddebostan-menu.pdf,0,
Birecikli,,http://www.birecikli.com.tr,erisilemedi,,0,Page.goto: net::ERR_NAME_NOT_RESOLVED at http://www.birecikl
Biget,,https://biget.com.tr,menu bulunamadi,,0,
Bistro 33,,https://www.bistro33.com.tr,erisilemedi,,0,Page.goto: net::ERR_NAME_NOT_RESOLVED at https://www.bistro3
Beş Bıçak Steak House - Kasap,,https://www.besbicak.com,erisilemedi,,0,"Page.goto: Timeout 20000ms exceeded.
Call log:
  - navigatin"
Blablabla Istanbul,,https://www.blablablaistanbul.com,erisilemedi,,0,Page.goto: net::ERR_NAME_NOT_RESOLVED at https://www.blablab
Black Swan Coffee,,https://blackswancoffeetr.com,menu bulunamadi,,0,
Bistrot français,,https://www.ifturquie.org,menu bulunamadi,,0,
Bisiklet Kafe,,https://beykoz.bel.tr,erisilemedi,,0,"Page.goto: Timeout 20000ms exceeded.
Call log:
  - navigatin"
boga,,http://www.bogastekhous.com,erisilemedi,,0,Page.goto: net::ERR_NAME_NOT_RESOLVED at http://www.bogastek
Bolulu Hasan Usta,,https://bhu.com.tr,erisilemedi,,0,Page.goto: net::ERR_CERT_AUTHORITY_INVALID at https://bhu.co
Bayramoğlu Döner,,http://bayramogludoner.com.tr,pdf-ocr-gerekli,http://bayramogludoner.com.tr/menu.pdf,0,
BLAK Coffee Co.,,https://www.blakcoffee.co,menu bulunamadi,,0,
Bonny Gelato,,https://www.bonnygelato.com,gorsel-ocr-gerekli,https://www.bonnygelato.com/assets/images/menu/mango-passion-sorbet.webp,0,
BigChefs,,https://bigchefs.com.tr,pdf-menu-degil,https://bigchefs.com.tr/wp-content/uploads/2025/12/bigcehssurrapor.pdf,0,
BLAK Coffee Co. Özyeğin,,https://www.blakcoffee.co,menu bulunamadi,,0,
Bonne Nuit,,https://www.bonnenuit.com.tr,menu bulunamadi,,0,
Boukoleon Fish Restaurant,,http://www.boukoleon.com,menu bulunamadi,,0,
Borsa Lokantası Caddebostan,,https://www.borsaselfservis.com,menu bulunamadi,,0,
Bosphorus Brewing Company,,https://bbcist.com,menu bulunamadi,,0,
Brio İtalian İstanbul,,http://www.brioistanbul.com,menu bulunamadi,,0,
Boşnak Börekçi,,https://bosnakborekci.com.tr,menu bulunamadi,,0,
Brew Lab,,https://www.coffeebrewlab.com,menu bulunamadi,,0,
Burger Hopdaddy,,https://hopdaddyburger.com,menu bulunamadi,,0,
Brasserie Prime,,https://brasserieprime.com.tr,menu bulunamadi,,0,
Burger Blast Finans Şehir,,https://www.burger-blast.com,pdf-ocr-gerekli,https://www.burger-blast.com/burger-blast-menu-2025.pdf,0,
Burger Yiyelim,,https://www.burgeryiyelim.com,menu bulunamadi,,0,
Burger Yiyelim,,https://www.burgeryiyelim.com,menu bulunamadi,,0,
Burger Yiyelim,,https://www.burgeryiyelim.com,menu bulunamadi,,0,
Burgerillas,,https://burgerillas.com,menu bulunamadi,,0,
Burger Yiyelim,,https://www.burgeryiyelim.com,menu bulunamadi,,0,
Burgericos,,https://burgericos0.wixsite.com,menu bulunamadi,,0,
Burger Yiyelim - Şerifali,,https://www.burgeryiyelim.com,menu bulunamadi,,0,
Burrito Shop,,https://www.quandoo.com.tr,menu bulunamadi,,0,
Bysteak,,http://www.bysteak.com,erisilemedi,,0,Page.goto: net::ERR_NAME_NOT_RESOLVED at http://www.bysteak.
Byzantion Bistro & Restaurant,,http://www.byzantionbistro.com,erisilemedi,,0,Page.goto: net::ERR_NAME_NOT_RESOLVED at http://www.byzantio
Cabra Loca Coffee,,https://cabraloca.istanbul,erisilemedi,,0,Page.goto: net::ERR_NAME_NOT_RESOLVED at https://cabraloca.i
Butcha Steakhouse & Marly,,http://www.butcha.com,gorsel-ocr-gerekli,http://www.butcha.com/webdocs/mobmenu.png,0,
Cadde Köy,,https://caddekoy.com,erisilemedi,,0,Page.goto: net::ERR_NAME_NOT_RESOLVED at https://caddekoy.co
Burger Blast Ömerli,,https://www.burger-blast.com,pdf-ocr-gerekli,https://www.burger-blast.com/burger-blast-menu-2025.pdf,0,
Cafe Dora,,https://instagram.com,menu bulunamadi,,0,
Cafe Eya,,https://cafeeya.com,menu bulunamadi,,0,
Cadde İst'klal,,http://caddeistiklal.ist,menu bulunamadi,,0,
Buselik Meyhane,,https://www.buselikmeyhane.com,erisilemedi,,0,"Page.goto: Timeout 20000ms exceeded.
Call log:
  - navigatin"
Buselik Meyhane - Anadolu Hisarı,,https://buselikmeyhane.com,menu bulunamadi,,0,
Caffè Nero,,https://caffenero.com,menu bulunamadi,,0,
Cafe Pont,,https://cafepont.com,menu bulunamadi,,0,
Caffè Nero,,https://caffenero.com,menu bulunamadi,,0,
Can-u Can,,https://www.canucankofte.com.tr,erisilemedi,,0,Page.goto: net::ERR_NAME_NOT_RESOLVED at https://www.canucan
Caffè Nero,,https://caffenero.com,menu bulunamadi,,0,
Cankurtaran Öğretmenevi,,https://cankurtaranogretmenevi.com.tr,menu bulunamadi,,0,
Caffè Nero,,https://caffenero.com,menu bulunamadi,,0,
Caffè Nero,,https://www.caffenero.com,menu bulunamadi,,0,
Cantinery,,https://www.cantinery.com,menu bulunamadi,,0,
Catalca Gizli Bahce,,http://www.catalcagizlibahce.com,erisilemedi,,0,Page.goto: net::ERR_NAME_NOT_RESOLVED at http://www.catalcag
Cantinery İstinye Park,,https://www.cantinery.com,menu bulunamadi,,0,
Casita,,https://www.tripadvisor.com,menu bulunamadi,,0,
Carmelo,,https://coffeecarmelo.com,menu bulunamadi,,0,
Carl's Jr.,,https://www.carlsjr.com.tr,gorsel-ocr-gerekli,https://www.carlsjr.com.tr/img/burgermenu.jpg,0,
Chefet,,https://www.chefet.com,erisilemedi,,0,Page.goto: net::ERR_CONNECTION_REFUSED at https://www.chefet
Chilai,,https://www.chilai.com.tr,menu bulunamadi,,0,
Cecconis,,https://www.cecconisistanbul.com,menu bulunamadi,,0,
Chef Taus,,https://cheftaus.com.tr,menu bulunamadi,,0,
Cemil Hoca,,https://cemilhoca.com.tr,menu bulunamadi,,0,
Balıkçı Sabahattin,,https://www.balikcisabahattin.com,,,0,
CHN Döner,,http://www.chndoner.com,menu bulunamadi,,0,
Coffee Noche,,https://coffeenoche.com,menu bulunamadi,,0,
Civitas,,https://www.civitasistanbul.com,menu bulunamadi,,0,
Ciğerci Ahmet Usta,,https://mersinlicigerciahmet.com.tr,menu bulunamadi,,0,
Coffy,,https://coffy.com.tr,menu bulunamadi,,0,
Cihangir sosyal tesisleri,,https://tesislerimiz.ibb.istanbul,menu bulunamadi,,0,
Constantine's Ark,,http://www.constantinesark.com,erisilemedi,,0,Page.goto: net::ERR_NAME_NOT_RESOLVED at http://www.constant
Coffy,,https://coffy.com.tr,menu bulunamadi,,0,
Ciğerci Dr. Doğan,,https://www.cigercidrdogan.com,menu bulunamadi,,0,
Comedus şarap ve bira,,http://facebook.com,menu bulunamadi,,0,
Chocolabs,,https://chocolabs.com.tr,,,0,pdf hata: 
"Cook me, eat me",,https://www.cookmeeatme.com,gorsel-ocr-gerekli,"https://static.wixstatic.com/media/67d1fe_d9c42276eb2747d3b3c740e29b1fdeb3~mv2.jpg/v1/fill/w_980,h_1386,al_c,q_85,usm_0.66_1.00_0.01,enc_avif,quality_auto/alacarte%20menu%20_edited.jpg",0,
Cooşkun Balık,,http://www.coskunbalik.com,erisilemedi,,0,Page.goto: net::ERR_NAME_NOT_RESOLVED at http://www.coskunba
Cookshop,,https://www.cookshop.com.tr,menu bulunamadi,,0,
Cook Shop,,https://www.cookshop.com.tr,menu bulunamadi,,0,
Concetto Di Caffe,,https://www.concettodicaffe.com.tr,gorsel-ocr-gerekli,https://static.parastorage.com/services/restaurant-menus-showcase-ooi/340b3d41e47b0b3c427ac7115aed2a32ad5fd0d85acabf4431a36ccd/media/menus_side_image.7077f229.jpeg,0,
Cookshop,,https://www.cookshop.com.tr,menu bulunamadi,,0,
Cremeria Milano,,https://cremeriamilano.com.tr,menu bulunamadi,,0,
Cookshop,,https://www.cookshop.com.tr,menu bulunamadi,,0,
Cotto Gastro,,https://www.cotto.co,menu bulunamadi,,0,
Cremma,,https://www.cremma.com.tr,gorsel-ocr-gerekli,https://www.cremma.com.tr/wp-content/uploads/2024/11/menubasligigorseli.png,0,
Cunda Balık,,https://www.cundabalik.com.tr,menu bulunamadi,,0,
Curtis Restaurant&Bar,,https://curtisistanbul.com,erisilemedi,,0,Page.goto: net::ERR_NAME_NOT_RESOLVED at https://curtisistan
Cozy Etiler,,https://cozyistanbul.com.tr,pdf-metin,https://cozyistanbul.com.tr/wp-content/uploads/2025/06/Cozy-Menü-Mayis-Revize.pdf,102,
d'Orient Beyoğlu,,https://www.vitavien.com.tr,erisilemedi,,0,Page.goto: net::ERR_CONNECTION_REFUSED at https://www.vitavi
d'Orient Büyükada,,https://www.vitavien.com.tr,erisilemedi,,0,Page.goto: net::ERR_CONNECTION_REFUSED at https://www.vitavi
Damak İskender Kebapçısı,,http://www.damakiskender.com.tr,erisilemedi,,0,Page.goto: net::ERR_NAME_NOT_RESOLVED at http://www.damakisk
d'Orient | Kadıköy,,https://www.vitavien.com.tr,erisilemedi,,0,Page.goto: net::ERR_CONNECTION_REFUSED at https://www.vitavi
Dark Star Coffee,,https://www.darkstar.com.tr,erisilemedi,,0,Page.goto: net::ERR_NAME_NOT_RESOLVED at https://www.darksta
Dağlayan Cafe,,http://dagalayan.com.tr,erisilemedi,,0,Page.goto: net::ERR_NAME_NOT_RESOLVED at http://dagalayan.co
Cremma,,https://cremma.com.tr,gorsel-ocr-gerekli,https://www.cremma.com.tr/wp-content/uploads/2024/11/menubasligigorseli.png,0,
Daily Dana,,https://dailydana.com.tr,menu bulunamadi,,0,
Dedomi Dondurma,,https://www.dedomi.com.tr,erisilemedi,,0,Page.goto: net::ERR_CERT_COMMON_NAME_INVALID at https://www.
cremeria MILANO,,https://cremeriamilano.com,erisilemedi,,0,"Page.goto: Timeout 20000ms exceeded.
Call log:
  - navigatin"
Dedeman Roof Bar,,http://www.facebook.com,menu bulunamadi,,0,
Deniz Park,,http://www.alekodenizpark.com,erisilemedi,,0,Page.goto: net::ERR_NAME_NOT_RESOLVED at http://www.alekoden
Dekk,,https://www.dekk.ist,menu bulunamadi,,0,
Della Fame,,https://dellafame.com.tr,gorsel-ocr-gerekli,https://dellafame.com.tr/wp-content/uploads/web-menu.png,0,
Del Mare,,https://www.delmarerestaurant.com,menu bulunamadi,,0,
Dardenia,,https://www.dardenia.com,pdf-ocr-gerekli,https://www.dardenia.com/cms-uploads/2020/03/alerjen2020.pdf,0,
Değirmen,,https://www.degirmencafelens.com,erisilemedi,,0,Page.goto: net::ERR_NAME_NOT_RESOLVED at https://www.degirme
Değirmen Cafe,,https://www.degirmenpastaneleri.com,erisilemedi,,0,Page.goto: net::ERR_CERT_COMMON_NAME_INVALID at https://www.
Danilo's Pizza,,https://danilos.com.tr,gorsel-ocr-gerekli,https://danilos.com.tr/wp-content/uploads/2026/03/menu-gorsel-1-rev.png,0,
Derin Köfte&Burger,,http://Derinkofteburger.com,menu bulunamadi,,0,
Desi vibes,,http://desivibesrestaurant.com,menu bulunamadi,,0,
Dodo Belgium Waffle & Coffee,,https://dodobelgiumwaffle.com,erisilemedi,,0,Page.goto: net::ERR_NAME_NOT_RESOLVED at https://dodobelgium
Dogaciyiz.com gourmet şarküteri,,https://www.dogaciyiz.com,erisilemedi,,0,Page.goto: net::ERR_NAME_NOT_RESOLVED at https://www.dogaciy
Dibek Pastanesi,,https://menu.kaffa.com.tr,gorsel-ocr-gerekli,https://menu.kaffa.com.tr/public/dist/img/kaffalogo_png.png,0,
Develi,,https://www.develi1912.com,pdf-ocr-gerekli,https://www.develi1912.com/samatyamenu.pdf,0,
Dorock Heavy Metal Club,,https://instagram.com,menu bulunamadi,,0,
Doğa Cafe Restaurant - Alev Hanım'ın Mutfağı,,https://www.dogacaferestaurant.com.tr,erisilemedi,,0,Page.goto: net::ERR_NAME_NOT_RESOLVED at https://www.dogacaf
Doğa kır lokantası,,http://dogakirlokantasi.com,erisilemedi,,0,Page.goto: net::ERR_NAME_NOT_RESOLVED at http://dogakirlokan
Doyuyo,,https://doyuyo.com,gorsel-ocr-gerekli,https://doyuyo.com/storage/305/conversions/baslangic-menuleri-middle.webp,0,
Diyar Burma Tatlıcısı,,https://www.diyarburma.com.tr,menu bulunamadi,,0,
Dilek Kafe,,https://www.dilek.com.tr,gorsel-ocr-gerekli,https://www.dilek.com.tr/assets/images/menu/menu1.jpg,0,
Draft,,http://www.draftpubistanbul.com,menu bulunamadi,,0,
Doz Roastery,,https://doz.coffee,menu bulunamadi,,0,
Dragon Restaurant,,http://dragonrest.wpengine.com,menu bulunamadi,,0,
Dubb Indian Bosphorus Restaurant,,http://bosphorus.dubbindian.com,menu bulunamadi,,0,
Dream Lounge,,https://www.dreamloungeistanbul.com,erisilemedi,,0,Page.goto: net::ERR_CONNECTION_REFUSED at https://www.dreaml
Develi Kalamış,,https://www.develi1912.com,pdf-ocr-gerekli,https://www.develi1912.com/samatyamenu.pdf,0,
Duble Meze,,http://www.dublemezebar.com,pdf-ocr-gerekli,http://www.dublemezebar.com/./STANDARDMENU.pdf,0,
Durak Büfe,,http://www.durakbufe.com.tr,menu bulunamadi,,0,
Dudu Restaurant,,https://www.dudurestaurant.com,menu bulunamadi,,0,
Dönerci Ali Usta Ataşehir,,https://www.aliusta.com.tr,erisilemedi,,0,Page.goto: net::ERR_CERT_DATE_INVALID at https://www.aliusta
Dukkan Galata,,https://instagram.com,menu bulunamadi,,0,
Duma Duma,,https://qrmenuapp.akinsoft.com.tr,gorsel-ocr-gerekli,https://qrmenuapp.akinsoft.com.tr/images/hero-qr-menu.webp?v=1ae7141,0,
Durusu Club Restaurant,,https://www.durusuclubhotel.com,gorsel-ocr-gerekli,https://www.durusuclubhotel.com/images/KirDugunu/Menuler/thumbs/Durusu-Club-Hotel-Menuler-1.jpg,0,
Dürümcü Baba,,https://www.durumcubaba.com.tr,menu bulunamadi,,0,
Dönerci Celal Usta,,https://www.donercicelalusta.com,gorsel-ocr-gerekli,https://www.donercicelalusta.com/wp-content/uploads/2021/03/donerci_celal_usta_menu_tom_doner_01.jpg,0,
Dönerci Celal Usta - Ümraniye (Atakent) Şubesi,,https://www.donercicelalusta.com,gorsel-ocr-gerekli,https://www.donercicelalusta.com/wp-content/uploads/2021/03/donerci_celal_usta_menu_tom_doner_01.jpg,0,
Dönerci Celal Usta,,https://donercicelalusta.com,gorsel-ocr-gerekli,https://www.donercicelalusta.com/wp-content/uploads/2021/03/donerci_celal_usta_menu_tom_doner_01.jpg,0,
Dönerci Celal Usta,,https://www.donercicelalusta.com,gorsel-ocr-gerekli,https://www.donercicelalusta.com/wp-content/uploads/2021/03/donerci_celal_usta_menu_tom_doner_01.jpg,0,
Ekmek Teknesi,,https://kuzguncukekmekteknesi.com,erisilemedi,,0,Page.goto: net::ERR_NAME_NOT_RESOLVED at https://kuzguncukek
Dürümle,,https://www.durumle.com,pdf-ocr-gerekli,https://www.durumle.com/storage/downloads/genel-aydinlatma-metni.pdf?d=2025-08-01,0,
Egenin İncisi,,http://www.egeninincisi.com.tr,menu bulunamadi,,0,
Eagle chinese gastro & sushi,,https://eaglechinese.com.tr,menu bulunamadi,,0,
Efe Ocakbaşı Yeşilköy,,https://www.efeocakbasi.com,menu bulunamadi,,0,
Emilia Cafe,,https://www.emiliacafe.com,erisilemedi,,0,Page.goto: net::ERR_NAME_NOT_RESOLVED at https://www.emiliac
Emek Mantı Evi,,https://emekmanti.net,erisilemedi,,0,Page.goto: net::ERR_CERT_DATE_INVALID at https://emekmanti.n
Ekspres İnegöl Köftecisi,,http://www.ekspresinegolkoftecisi.com,menu bulunamadi,,0,
Ekspres İnegöl Köftecisi,,https://www.ekspresinegolkoftecisi.com,menu bulunamadi,,0,
Dürümle,,https://durumle.com,pdf-ocr-gerekli,https://durumle.com/storage/downloads/genel-aydinlatma-metni.pdf?d=2025-08-01,0,
Enbey Döner,,https://enbeydoner.com,erisilemedi,,0,Page.goto: net::ERR_NAME_NOT_RESOLVED at https://enbeydoner.
Ercan Burger,,https://www.ercanburger.com,erisilemedi,,0,Page.goto: net::ERR_SSL_PROTOCOL_ERROR at https://www.ercanb
Ekol Hatay Künefe,,https://ekolkunefe.com,gorsel-ocr-gerekli,https://ekolkunefe.com/menu/menu-1.jpg,0,
Espresso Bar,,https://www.zomato.com,erisilemedi,,0,Page.goto: net::ERR_HTTP2_PROTOCOL_ERROR at https://www.zoma
Espressolab,,https://www.espressolab.com,menu bulunamadi,,0,
Emirgan Sütiş,,https://www.sutis.com.tr,menu bulunamadi,,0,
Emirgan Sütiş,,https://www.sutis.com.tr,menu bulunamadi,,0,
Emirgan Sütiş,,https://www.sutis.com.tr,menu bulunamadi,,0,
Espressolab,,https://www.borsaselfservis.com,menu bulunamadi,,0,
Espressolab,,https://espressolab.com.tr,menu bulunamadi,,0,
Espressolab,,https://www.espressolab.com,menu bulunamadi,,0,
Espressolab,,https://espressolab.com,menu bulunamadi,,0,
Espressolab,,https://www.espressolab.com,menu bulunamadi,,0,
Et-Inn Kebap&Steak,,https://etinn.com,menu bulunamadi,,0,
Espressolab,,https://www.espressolab.com,menu bulunamadi,,0,
Ercan Pizza,,https://www.ercanpizza.com,erisilemedi,,0,"Page.goto: Timeout 20000ms exceeded.
Call log:
  - navigatin"
Eta Bakery Arena Park 2,,https://www.etabakery.com,menu bulunamadi,,0,
Etci Mehmet,,https://etcimehmet.com,menu bulunamadi,,0,
Ethem Efendi Kahvaltı,,https://ethemefendikahvalti.com,menu bulunamadi,,0,
Ethem Efendi Kahvaltı,,https://www.ethemefendikahvalti.com,menu bulunamadi,,0,
Ethem Efendi Kahvaltı,,https://www.ethemefendikahvalti.com,menu bulunamadi,,0,
Expressolab Koşuyolu,,https://www.espressolab.com,menu bulunamadi,,0,
Fabbrica,,https://guley.co,erisilemedi,,0,"Page.goto: net::ERR_NAME_NOT_RESOLVED at https://guley.co/
C"
Falafel House,,https://www.falafelhouse.net,erisilemedi,,0,Page.goto: net::ERR_NAME_NOT_RESOLVED at https://www.falafel
Facyo,,https://www.facyo.com.tr,menu bulunamadi,,0,
Ezme Dürüm Evi,,https://ezmedurum.com,menu bulunamadi,,0,
Etiler Marmaris Büfe Nişantaşı,,https://www.etilermarmaris.com.tr,erisilemedi,,0,"Page.goto: Timeout 20000ms exceeded.
Call log:
  - navigatin"
Fasuli,,https://fasuli.com,erisilemedi,,0,Page.goto: net::ERR_NAME_NOT_RESOLVED at https://fasuli.com/
Evrim Restoran,,https://www.evrimrestaurant.com,menu bulunamadi,,0,
FatCat,,https://instagram.com,menu bulunamadi,,0,
Fiko Ocakbaşı,,https://fikoocakbasi.com,erisilemedi,,0,Page.goto: net::ERR_NAME_NOT_RESOLVED at https://fikoocakbas
Etiler Marmaris,,https://www.etilermarmaris.com.tr,pdf-ocr-gerekli,https://www.etilermarmaris.com.tr/website/images/ESAS SÖZLEŞME_85ca.PDF,0,
Fazıl Bey'in Türk Kahvesi,,https://www.fazilbey.com.tr,menu bulunamadi,,0,
Filtre Coffee Shop,,https://filtrecoffeeshop.com,erisilemedi,,0,Page.goto: net::ERR_NAME_NOT_RESOLVED at https://filtrecoffe
Falls in Galata,,https://www.fallsingalata.com.tr,erisilemedi,,0,"Page.goto: Timeout 20000ms exceeded.
Call log:
  - navigatin"
Filizler Köftecisi,,http://www.filizler.com,menu bulunamadi,,0,
Fish Var,,https://facebook.com,menu bulunamadi,,0,
Ferida,,https://www.ferida.com.tr,menu bulunamadi,,0,
Firuzende,,https://www.anemonhotels.com,menu bulunamadi,,0,
Fincan,,https://www.fincankahve.com,menu bulunamadi,,0,
Fiyonk,,https://www.fiyonkbakery.com,menu bulunamadi,,0,
Fornello Pizzeria,,https://fornellopizza.com,menu bulunamadi,,0,
Fern Cafe,,https://fern.ist,pdf-metin,http://fern.ist/wp-content/uploads/2026/07/Kitchen-soft.pdf,98,
Fit House,,https://www.fithousetr.com,menu bulunamadi,,0,
Flake Breakfast & More,,https://flakebreakfast.com,menu bulunamadi,,0,
Frontiere İstanbul,,https://www.frontiereistanbul.com,erisilemedi,,0,Page.goto: net::ERR_NAME_NOT_RESOLVED at https://www.frontie
Fusion Indian,,https://www.fusionindianrestaurant.com,erisilemedi,,0,Page.goto: net::ERR_CERT_DATE_INVALID at https://www.fusioni
Florida Coffee,,https://www.floridacoffee.com.tr,menu bulunamadi,,0,
Foça Balık Restaurant,,https://www.focafishgourmet.com,erisilemedi,,0,Page.eval_on_selector_all: TypeError: Cannot read properties
Fıstık Ağacı,,http://www.fistikagaci.com.tr,menu bulunamadi,,0,
Galapera Restaurant,,http://www.galperaresturant.net,erisilemedi,,0,Page.goto: net::ERR_NAME_NOT_RESOLVED at http://www.galperar
Fıstık Ağacı,,http://fistikagaci.com.tr,menu bulunamadi,,0,
Gallant Galata,,https://bufibu.com,erisilemedi,,0,Page.goto: net::ERR_TOO_MANY_REDIRECTS at https://bufibu.com
Gallada by Fatih Tutak,,https://www.galladaistanbul.com,menu bulunamadi,,0,
Gaja Garden,,https://allzinapp.com,menu bulunamadi,,0,
Forno Fırın İşletmeciliği,,https://www.fornobalat.com,pdf-ocr-gerekli,http://fornobalat.com/pdf/all-eylul.pdf,0,
Garden Iskender,,https://www.gardeniskender.com,erisilemedi,,0,Page.goto: net::ERR_CERT_COMMON_NAME_INVALID at https://www.
Gardaş Cag Kebap,,https://gardascagkebap.com,menu bulunamadi,,0,
Frango,,https://frango.com.tr,menu bulunamadi,,0,
Gasto Nişantaşı,,http://www.gasto.com.tr,menu bulunamadi,,0,
Gardaş Cağ Kebap,,https://gardascagkebap.com,menu bulunamadi,,0,
Gardaş Cağ Kebap,,https://gardascagkebap.com,menu bulunamadi,,0,
Gezi İstanbul Cafe,,http://www.geziistanbul.com,menu bulunamadi,,0,
Gaziantepli Bozkaya Baklavaları,,https://bozkayabaklavalari.com,menu bulunamadi,,0,
Fıccın,,https://www.ficcin.com,menu bulunamadi,,0,
Girandola,,https://girandola.com.tr,erisilemedi,,0,Page.goto: net::ERR_CERT_COMMON_NAME_INVALID at https://gira
Gizia Brasserie,,https://www.giziabrasserie.com,gorsel-ocr-gerekli,https://www.giziabrasserie.com/wp-content/themes/gizia/assets/images/GIZIA-Brasserie-Menu-Title.png,0,
Giritli,,http://www.giritlirestoran.com,menu bulunamadi,,0,
Gelik ET Ataköy Istanbul,,https://www.gelik.com.tr,menu bulunamadi,,0,
Gloria Jean's,,https://www.gloriajeans.com.tr,menu bulunamadi,,0,
Glutensiz Ada,,https://www.glutensizada.com,erisilemedi,,0,Page.goto: net::ERR_CERT_AUTHORITY_INVALID at https://www.gl
Geççi Maslak,,https://gecci.org,menu bulunamadi,,0,
Gloria Jean's,,https://gloriajeans.com.tr,menu bulunamadi,,0,
Gospoda 1882,,http://gospodapolonezkoy.com,erisilemedi,,0,Page.goto: net::ERR_NAME_NOT_RESOLVED at http://gospodapolon
Golden Horse Coffee,,https://goldenhorsecoffee.com,menu bulunamadi,,0,
Golden Spoon,,https://foursquare.com,menu bulunamadi,,0,
Glowing Forest Shop&Coffee,,https://www.glowingforest.com,menu bulunamadi,,0,
Goblin Oyun Kulübü,,https://www.goblin-store.com,menu bulunamadi,,0,
Griffin Bomonti,,http://www.griffinglobal.net,menu bulunamadi,,0,
Grace Rooftop Restaurant,,https://gracerooftop.com,menu bulunamadi,,0,
Gulhane Sark Sofrasi,,https://gulhanesarksofrasi.thefork.rest,erisilemedi,,0,Page.goto: net::ERR_NAME_NOT_RESOLVED at https://gulhanesark
Güler Ocakbaşı Restaurant,,https://www.gulerocakbasi.com,menu bulunamadi,,0,
Greenwich Coffe,,https://watergarden.com.tr,pdf-ocr-gerekli,https://citypartners.fra1.digitaloceanspaces.com/extras/legal-requirements/watergarden-cookie-pdf_tr.pdf?1768578350046,0,
Günaydın,,https://www.gunaydinet.com,menu bulunamadi,,0,
Gülistan Sofrası,,http://www.gulistansofrasi.com,menu bulunamadi,,0,
Grandma Suadiye,,https://www.grandma.com.tr,menu bulunamadi,,0,
Greenwich,,https://www.greenwichcoffee.com.tr,erisilemedi,,0,"Page.goto: Timeout 20000ms exceeded.
Call log:
  - navigatin"
Günaydın Kalamış,,https://www.gunaydinet.com,menu bulunamadi,,0,
Günaydın Köfte Döner,,https://www.gunaydinet.com,menu bulunamadi,,0,
Günaydın Suadiye Kasap & Steakhouse,,https://www.gunaydinet.com,menu bulunamadi,,0,
Günaydın Şaşkınbakkal,,https://www.gunaydinet.com,menu bulunamadi,,0,
Günaydın,,https://gunaydinet.com,pdf-ocr-gerekli,https://gunaydinet.com/static/uploads/2026/07/Cerez_Aydinlatma_Politikasi.pdf,0,
Günışığı Kitap Kafe,,https://guley.co,erisilemedi,,0,"Page.goto: net::ERR_NAME_NOT_RESOLVED at https://guley.co/
C"
Hacı Ali Ocakbaşı,,https://www.hacialiocakbasi.com,erisilemedi,,0,Page.goto: net::ERR_NAME_NOT_RESOLVED at https://www.haciali
Gözdağı Sosyal Tesisleri,,https://tesislerimiz.ibb.istanbul,menu bulunamadi,,0,
Güneşin Sofrası,,http://gunesinsofrasi.com,gorsel-ocr-gerekli,http://gunesinsofrasi.com/./wp-content/uploads/menü-1-1.png,0,
Güneş Dondurma& Waffle,,https://instagram.com,menu bulunamadi,,0,
Ghalia Launge,,https://www.ghalia.com.tr,,,0,
Hacıbaşar,,https://www.hacibasar.com,gorsel-ocr-gerekli,https://hacibasar.com/wp-content/uploads/2025/04/menu.png,0,
Hacıbaşar,,https://hacibasar.com,gorsel-ocr-gerekli,https://hacibasar.com/wp-content/uploads/2025/04/menu.png,0,
Hacıbaşar Kebap,,https://hacibasar.com,gorsel-ocr-gerekli,https://hacibasar.com/wp-content/uploads/2025/04/menu.png,0,
Güney,,https://www.guneyrestaurant.com,menu bulunamadi,,0,
Hamdizade,,https://www.hamdizade.com.tr,menu bulunamadi,,0,
Hanedan Et,,http://hanedanrestaurant.com,menu bulunamadi,,0,
Hakiki Kebap,,https://www.hakikikebap.com,gorsel-ocr-gerekli,https://www.hakikikebap.com/wp-content/uploads/2022/12/menu-cizgi.png,0,
Halk Ulaşım Dergisi,,https://www.halkulasim.com,menu bulunamadi,,0,
Hanzade Terrace Restaurant,,https://www.hanzadeterracerestaurant.com,erisilemedi,,0,Page.goto: net::ERR_NAME_NOT_RESOLVED at https://www.hanzade
Hanegah,,https://instagram.com,menu bulunamadi,,0,
Han Restoran,,https://hanrestoran.com,menu bulunamadi,,0,
Hani,,https://www.hanirestaurant.com,menu bulunamadi,,0,
Happy Moon's,,https://www.happygroup.com.tr,menu bulunamadi,,0,
Happy Moon's,,https://www.happygroup.com.tr,menu bulunamadi,,0,
Happy Moon's Viaport,,https://www.zomato.com,erisilemedi,,0,Page.goto: net::ERR_HTTP2_PROTOCOL_ERROR at https://www.zoma
Happy Moon's Fenerbahçe,,https://www.happygroup.com.tr,menu bulunamadi,,0,
Happy Moon's Lens İstanbul,,https://www.happygroup.com.tr,menu bulunamadi,,0,
Harvest Cafe,,https://www.harvest.com.tr,menu bulunamadi,,0,
Hasan Usta Kebap,,https://www.hasanustakebap.com,menu bulunamadi,,0,
Hayal Kahvesi,,https://www.hayalkahvesi.com.tr,menu bulunamadi,,0,
Hatay Medeniyetler Sofrasi,,http://hataymedeniyetlersofrasi.com.tr,gorsel-ocr-gerekli,http://hataymedeniyetlersofrasi.com.tr/images/menu/1.jpg,0,
Hatay Gurme,,https://www.hataygurme.com.tr,,,0,
Hasırlı Konya Mutfağı,,https://www.hasirli.com,menu bulunamadi,,0,
Hafiz Mustafa 1864,,https://www.hafizmustafa.com,,,0,
Hayalimdeki Pasta Artisan Cakery&Coffee,,http://www.instagram.com,menu bulunamadi,,0,
Hazzo Pulo Restaurant & Şarap Evi,,https://www.hazzopulo.com.tr,menu bulunamadi,,0,
HD İskender,,https://www.hdiskender.com,pdf-ocr-gerekli,https://www.hdiskender.com/Content/media/kisisel-veri-sahibi-basvuru-formu-hd.pdf?1,0,
HD İskender,,https://hdiskender.com,pdf-ocr-gerekli,https://hdiskender.com/Content/media/kisisel-veri-sahibi-basvuru-formu-hd.pdf?1,0,
HD İskender,,https://www.hdiskender.com,pdf-ocr-gerekli,https://www.hdiskender.com/Content/media/kisisel-veri-sahibi-basvuru-formu-hd.pdf?1,0,
Hong Bin Lou,,https://www.hongbinlou.net,erisilemedi,,0,Page.goto: net::ERR_NAME_NOT_RESOLVED at https://www.hongbin
Hey Döner,,https://www.heydoner.com,gorsel-ocr-gerekli,https://heydoner.com/wp-content/themes/heydoner/assets/menuler-section-bowl-ve-box.png,0,
Heybet,,https://heybet.com.tr,menu bulunamadi,,0,
Hot Pot King,,https://hotpotking.ist,erisilemedi,,0,Page.goto: net::ERR_NAME_NOT_RESOLVED at https://hotpotking.
Hafiz Mustafa 1864,,https://www.hafizmustafa.com,,,0,
Hide Arnavutkoy,,https://www.cafehide.com,gorsel-ocr-gerekli,https://www.cafehide.com/img/menu_middle_line.png,0,
HOOFU-NA CAFE,,https://instagram.com,menu bulunamadi,,0,
Helvacı Ali Şile,,https://www.helvaciali.com,menu bulunamadi,,0,
Hook Balık,,https://www.hookbalik.com,menu bulunamadi,,0,
House Of SOFA,,https://www.houseofsofa.com.tr,menu bulunamadi,,0,
Hugs Dondurma,,https://www.hugsdondurma.com,erisilemedi,,0,Page.eval_on_selector_all: TypeError: Cannot read properties
Hugg Coffee,,https://www.huggcoffee.co,menu bulunamadi,,0,
Hükümdar Sofrası,,http://www.hukumdarsofrasi.com,erisilemedi,,0,Page.goto: net::ERR_NAME_NOT_RESOLVED at http://www.hukumdar
House of B,,https://houseofbturkey.com,menu bulunamadi,,0,
Huqqa,,https://huqqa.com,menu bulunamadi,,0,
Huqqa,,https://huqqa.com,menu bulunamadi,,0,
Huqqa,,https://huqqa.com,menu bulunamadi,,0,
Isola,,https://isolabomonto.com,erisilemedi,,0,Page.goto: net::ERR_NAME_NOT_RESOLVED at https://isolabomont
Ihlamur Kasrı Kafeterya,,https://www.millisaraylar.gov.tr,menu bulunamadi,,0,
HuQQabaz Mall Of İstanbul,,https://huqqabaz.com,menu bulunamadi,,0,
Hünkar,,https://hunkarlokantasi.com,menu bulunamadi,,0,
Ist Too,,https://www.shangri-la.com,menu bulunamadi,,0,
Ismet Baba,,http://ismetbaba.com.tr,menu bulunamadi,,0,
Işıl Garden Rooftop Restaurant & Turkish Cuisine,,https://isilgardenrestaurant.com,menu bulunamadi,,0,
İBB Arnavutköy Kent Lokantası,,https://tesislerimiz.ibb.istanbul,menu bulunamadi,,0,
İBB Avcılar Kent Lokantası,,https://tesislerimiz.ibb.istanbul,menu bulunamadi,,0,
İbb Gazi Sosyal Tesisleri,,https://tesislerimiz.ibb.istanbul,menu bulunamadi,,0,
İBB Altınboynuz Sosyal Tesisi,,https://tesislerimiz.ibb.istanbul,menu bulunamadi,,0,
İBB Bağcılar Kent Lokantası,,https://tesislerimiz.ibb.istanbul,menu bulunamadi,,0,
İBB Eyüpsultan Kent Lokantası,,https://tesislerimiz.ibb.istanbul,menu bulunamadi,,0,
İBB Hisarüstü Kent Lokantası,,https://tesislerimiz.ibb.istanbul,menu bulunamadi,,0,
İBB Küçükçekmece Kent Lokantası,,https://tesislerimiz.ibb.istanbul,menu bulunamadi,,0,
İBB Kent Lokantası,,https://tesislerimiz.ibb.istanbul,menu bulunamadi,,0,
İBB Safa Tepesi Sosyal Tesisleri,,https://tesislerimiz.ibb.istanbul,menu bulunamadi,,0,
İBB Sancaktepe Kent Lokantası,,https://tesislerimiz.ibb.istanbul,menu bulunamadi,,0,
İBB Pendik Kent Lokantası,,https://tesislerimiz.ibb.istanbul,menu bulunamadi,,0,
İBB Sultanahmet Kent Lokantası,,https://tesislerimiz.ibb.istanbul,menu bulunamadi,,0,
İBB Sultangazi Kent Lokantası,,https://tesislerimiz.ibb.istanbul,menu bulunamadi,,0,
İBB Sultanbeyli Kent Lokantası,,https://tesislerimiz.ibb.istanbul,menu bulunamadi,,0,
İBB Sarıgazi Kent Lokantası,,https://tesislerimiz.ibb.istanbul,menu bulunamadi,,0,
İBB Tuzla Kent Lokantası,,https://tesislerimiz.ibb.istanbul,menu bulunamadi,,0,
İkivedört,,https://ikivedort.com,erisilemedi,,0,Page.goto: net::ERR_NAME_NOT_RESOLVED at https://ikivedort.c
İBB Çapa Kent Lokantası,,https://tesislerimiz.ibb.istanbul,menu bulunamadi,,0,
İBB Çatalca Kent Lokantası,,https://tesislerimiz.ibb.istanbul,menu bulunamadi,,0,
İBB Üsküdar Kent Lokantası,,https://tesislerimiz.ibb.istanbul,menu bulunamadi,,0,
İntiba Döner,,https://intiba.com.tr,pdf-ocr-gerekli,https://intiba.com.tr/uploads/docs/cerez-politikasi.pdf,0,
İntiba Döner,,https://www.intiba.com.tr,pdf-ocr-gerekli,https://www.intiba.com.tr/uploads/docs/cerez-politikasi.pdf,0,
İntiba Döner,,https://www.intiba.com.tr,pdf-ocr-gerekli,https://www.intiba.com.tr/uploads/docs/cerez-politikasi.pdf,0,
İBB Ümraniye Kent Lokantası,,https://tesislerimiz.ibb.istanbul,menu bulunamadi,,0,
İstanbul Emniyet Müdürlüğü Polis Evi Ortaköy Sosyal Tesisleri,,http://www.polisevi.iem.gov.tr,erisilemedi,,0,Page.goto: net::ERR_NAME_NOT_RESOLVED at http://www.polisevi
İBB Çekmeköy Kent Lokantası,,https://tesislerimiz.ibb.istanbul,menu bulunamadi,,0,
İstek Börek,,https://www.istekborek.com,menu bulunamadi,,0,
Juliet,,http://www.julietistanbul.com,erisilemedi,,0,Page.goto: net::ERR_NAME_NOT_RESOLVED at http://www.julietis
Juicery,,https://juicery.bademsoft.com,erisilemedi,,0,Page.goto: net::ERR_NAME_NOT_RESOLVED at https://juicery.bad
K-Tea Chinese Dim Sum Cafe,,https://k-tea.cafe,erisilemedi,,0,Page.goto: net::ERR_NAME_NOT_RESOLVED at https://k-tea.cafe/
Kadi Nimet Balıkçılık,,https://www.kadinimet.com,erisilemedi,,0,Page.goto: net::ERR_NAME_NOT_RESOLVED at https://www.kadinim
Juan Valdez Coffee,,https://www.juanvaldezcoffee.com.tr,menu bulunamadi,,0,
İnönü Mahallesi Emekliler Kafeteryası,,https://kucukcekmece.istanbul,pdf-ocr-gerekli,https://kucukcekmece.istanbul/Content/dosya/31336/akilli-kitap-36975-1591037.pdf,0,
Just Pizza Gayrettepe,,https://www.justpizzatr.com,menu bulunamadi,,0,
İş Bankası Kalamış Lokali,,https://www.isbankalilardernegi.org.tr,pdf-ocr-gerekli,https://www.isbankalilardernegi.org.tr/dosyalar/detay/IBD_UYE_FORMU_2023.pdf,0,
Kaffee Schütz,,https://www.kaffeeschutz.com,menu bulunamadi,,0,
Kaffee Schütz,,https://www.kaffeeschutz.com,menu bulunamadi,,0,
İstanbul Lab,,https://www.labistanbul.com.tr,pdf-ocr-gerekli,https://www.labistanbul.com.tr/wp-content/uploads/2019/01/hastahaklari.pdf,0,
Kaffee Schütz,,https://www.kaffeeschutz.com,menu bulunamadi,,0,
Kaffa Miro,,https://kaffamiro.com,gorsel-ocr-gerekli,https://panel.menufay.com/assets/images/logos/1649710562_605.png,0,
Kahve Limanı,,https://kahvelimani.com.tr,erisilemedi,,0,Page.goto: net::ERR_CERT_COMMON_NAME_INVALID at https://kahv
Kafka Kafe,,https://eksisozluk.com,menu bulunamadi,,0,
Kahvely,,https://kahvely.com.tr,erisilemedi,,0,Page.goto: net::ERR_NAME_NOT_RESOLVED at https://kahvely.com
Kaffee Schütz,,https://www.kaffeeschutz.com,menu bulunamadi,,0,
Kaffee Schütz,,https://www.schutz.com.tr,menu bulunamadi,,0,
Kahve Deryasi,,https://kahvederyasi.com.tr,menu bulunamadi,,0,
Kahve Dünyası,,https://ataturkkitapligi.ibb.gov.tr,menu bulunamadi,,0,
Kalpazankaya Restaurant,,https://www.kalpazankaya.com.tr,erisilemedi,,0,Page.goto: net::ERR_CERT_COMMON_NAME_INVALID at https://www.
Kalarmaria,,https://www.kadyagrup.com.tr,menu bulunamadi,,0,
Kalbur,,https://kalburet.com,gorsel-ocr-gerekli,https://kalburet.com/assets/images/icon-mobile-menu.png,0,
Kanaat Lokantası,,http://www.kanaatlokantasi.com.tr,menu bulunamadi,,0,
Karaköy Lokantası,,http://www.karakoylokantasi.com,menu bulunamadi,,0,
Karkas Ocakbaşı,,https://www.karkasocakbasi.com,menu bulunamadi,,0,
Kale Café,,http://kalecafe.com,erisilemedi,,0,"Page.goto: Timeout 20000ms exceeded.
Call log:
  - navigatin"
Kalpazankaya Restaurant,,https://www.kalpazankaya.com.tr,erisilemedi,,0,"Page.goto: Timeout 20000ms exceeded.
Call log:
  - navigatin"
Kalamissia,,https://www.kalamissia.com,menu bulunamadi,,0,
Katibim,,https://www.katibim.com.tr,erisilemedi,,0,Page.goto: net::ERR_NAME_NOT_RESOLVED at https://www.katibim
Kanatçı Haydar,,http://www.kanatcihaydar.com.tr,erisilemedi,,0,"Page.goto: Timeout 20000ms exceeded.
Call log:
  - navigatin"
Karafırın,,https://www.karafirin.com.tr,erisilemedi,,0,"Page.goto: Timeout 20000ms exceeded.
Call log:
  - navigatin"
Kasap İstanbul,,https://www.istanbulkasabi.com.tr,erisilemedi,,0,"Page.goto: Timeout 20000ms exceeded.
Call log:
  - navigatin"
Kasis Cafe & Lounge,,https://kasiscafe.qr.menulux.com,menu bulunamadi,,0,
Kavurmacı Efe Kemal,,https://kavurmaciefekemal.com.tr,erisilemedi,,0,"Page.goto: Timeout 20000ms exceeded.
Call log:
  - navigatin"
Kayseri Mutfağı,,https://www.kayserimutfagi.com,erisilemedi,,0,"Page.goto: Timeout 20000ms exceeded.
Call log:
  - navigatin"
Kayseri Mutfağı,,https://www.kayserimutfagi.com,erisilemedi,,0,"Page.goto: Timeout 20000ms exceeded.
Call log:
  - navigatin"
Kayseri Mutfağı,,https://www.kayserimutfagi.com,erisilemedi,,0,"Page.goto: Timeout 20000ms exceeded.
Call log:
  - navigatin"
Kayseri Mutfağı,,https://www.kayserimutfagi.com,erisilemedi,,0,"Page.goto: Timeout 20000ms exceeded.
Call log:
  - navigatin"
Kebapçı İskender,,https://iskenderiskenderoglu.com.tr,erisilemedi,,0,"Page.goto: Timeout 20000ms exceeded.
Call log:
  - navigatin"
Ken Sushi,,http://www.kensushiandmore.com,erisilemedi,,0,"Page.goto: Timeout 20000ms exceeded.
Call log:
  - navigatin"
Kernel Coffee Roasters,,https://kernelcoffee.co,erisilemedi,,0,"Page.goto: Timeout 20000ms exceeded.
Call log:
  - navigatin"
Kevok Ocakbaş,,http://tunnelmedya.com,erisilemedi,,0,"Page.goto: Timeout 20000ms exceeded.
Call log:
  - navigatin"
KFC,,https://www.kfcturkiye.com,menu bulunamadi,,0,
Kirpi Café Erenköy,,https://www.zomato.com,erisilemedi,,0,Page.goto: net::ERR_HTTP2_PROTOCOL_ERROR at https://www.zoma
Keyf-i Ala kokoreç,,https://keyfialakokorec.com,menu bulunamadi,,0,
Kiss The Frog Seafood Brasserie,,https://kissthefrog.com.tr,erisilemedi,,0,Page.goto: net::ERR_NAME_NOT_RESOLVED at https://kissthefrog
Kiraz Cafe & Pastane,,https://www.kirazpasta.com.tr,menu bulunamadi,,0,
Komün,,https://www.komunistanbul.com,erisilemedi,,0,Page.goto: net::ERR_NAME_NOT_RESOLVED at https://www.komunis
Klar Coffee,,https://m.facebook.com,menu bulunamadi,,0,
Khalkedon Fenerbahçe,,https://fenerbahcemenu.khalkedon.com,erisilemedi,,0,"Page.goto: Timeout 20000ms exceeded.
Call log:
  - navigatin"
Kirpi Kafe,,http://www.kirpicafe.com,pdf-ocr-gerekli,http://www.kirpicafe.com/./kvkk-basvuru-formu.pdf,0,
Kilimli Tesisleri Restaurant Cafe Beach,,http://www.kilimlitesisleri.com,menu bulunamadi,,0,
Konya Mevlana,,https://www.konyamevlana.com.tr,menu bulunamadi,,0,
Kot Sıfır Mekan,,https://kot0.com,menu bulunamadi,,0,
Koço,,https://www.kocorestaurant.com,menu bulunamadi,,0,
Kristal Büfe Caddebostan,,https://kristalbufe.com.tr,menu bulunamadi,,0,
konyamevlana.con,,https://konyamevlana.com,menu bulunamadi,,0,
Koska,,https://www.koska.com,menu bulunamadi,,0,
Kuru Fasulyeci Süleyman,,https://www.kurufasulyecisuleyman.com,menu bulunamadi,,0,
Kokoa,,https://www.kokoa.com.tr,erisilemedi,,0,"Page.goto: Timeout 20000ms exceeded.
Call log:
  - navigatin"
Kurukahveci Fuat bey,,https://www.kurukahvecifuatbey.com,menu bulunamadi,,0,
Krispy Kreme,,https://www.krispykreme.com.tr,menu bulunamadi,,0,
Kukis,,https://kukis.com.tr,menu bulunamadi,,0,
Kuruçeşme Kahvesi,,https://www.kurucesmekahvesi.com.tr,menu bulunamadi,,0,
Kuzguncuk Burger Cafe,,https://www.kuzguncuksteakhouse.com,erisilemedi,,0,Page.goto: net::ERR_NAME_NOT_RESOLVED at https://www.kuzgunc
Köprüaltı,,http://koprualti.kim,erisilemedi,,0,Page.goto: net::ERR_NAME_NOT_RESOLVED at http://koprualti.ki
Köyüm Köfte,,https://www.koyumkofte.com.tr,erisilemedi,,0,Page.goto: net::ERR_NAME_NOT_RESOLVED at https://www.koyumko
Kus Yuvasi Pera,,https://instagram.com,menu bulunamadi,,0,
Kuzen Beer,,http://cciqrmenum.com,gorsel-ocr-gerekli,https://cciqrmenum.com/img/yummymenu-logo.png?v=1,0,
Köyüm Pide,,https://www.koyumpide.com,menu bulunamadi,,0,
Köşem Karadeniz Pide,,http://kosempide.com,erisilemedi,,0,Page.goto: net::ERR_NAME_NOT_RESOLVED at http://kosempide.co
Kuruçeşme Balık,,https://kurucesmebalik.com,menu bulunamadi,,0,
Kukis,,https://kukis.com.tr,erisilemedi,,0,"Page.goto: Timeout 20000ms exceeded.
Call log:
  - navigatin"
Köşebaşı,,https://www.kosebasi.com,menu bulunamadi,,0,
Küçüksu Kasrı Kafe,,https://www.zomato.com,erisilemedi,,0,Page.goto: net::ERR_HTTP2_PROTOCOL_ERROR at https://www.zoma
Köşebaşı,,https://kosebasi.com,menu bulunamadi,,0,
Kırıntı,,https://www.kirinti.com.tr,menu bulunamadi,,0,
Kırıntı Cafe Bar,,https://kirinti.com.tr,menu bulunamadi,,0,
Kızıltoprak Dürümcüsü,,https://www.tripadvisor.com.tr,menu bulunamadi,,0,
Kör Agop,,http://www.koragop.com,erisilemedi,,0,"Page.goto: Timeout 20000ms exceeded.
Call log:
  - navigatin"
Kız Kulesi,,https://www.geziyerler.com,menu bulunamadi,,0,
Lahmacun Dükkani,,http://lahmacundukkani.com,erisilemedi,,0,Page.goto: net::ERR_NAME_NOT_RESOLVED at http://lahmacundukk
Küçük Ev,,https://www.kucukev.com,pdf-ocr-gerekli,https://www.kucukev.com/wp-content/uploads/2025/06/CEREZ-AYDINLATMA-METNI.pdf,0,
Kırk Fırın,,https://www.kirkfirin.com.tr,menu bulunamadi,,0,
Lalezar Meyhanesi,,https://www3.hilton.com,menu bulunamadi,,0,
Le Pain Quotidien,,https://www.lepainquotidien.com,menu bulunamadi,,0,
Le Bar,,https://www.shangri-la.com,menu bulunamadi,,0,
Lebon,,http://www.lebonpastanesi.com,erisilemedi,,0,Page.goto: net::ERR_NAME_NOT_RESOLVED at http://www.lebonpas
Leb-i derya,,http://lebiderya.com,menu bulunamadi,,0,
Lagos,,https://www.tuzlagos.com,menu bulunamadi,,0,
Linz Coffee,,https://linz.coffee,erisilemedi,,0,Page.goto: net::ERR_NAME_NOT_RESOLVED at https://linz.coffee
Limonluk Cafe - Dolmabahçe Sarayı/Palace,,https://msi.projects-tr.com,menu bulunamadi,,0,
Lipari,,https://www.arnavutkoylipari.com,erisilemedi,,0,Page.goto: net::ERR_NAME_NOT_RESOLVED at https://www.arnavut
Levent Börek,,https://www.leventborek.com.tr,menu bulunamadi,,0,
Küçük Ev,,https://www.kucukev.com,,,0,pdf hata: 
Lil bake,,https://qr.finedinemenu.com,menu bulunamadi,,0,
Loxxi Brasserie,,https://www.loxxi.com.tr,erisilemedi,,0,Page.goto: net::ERR_CERT_DATE_INVALID at https://www.loxxi.c
Lokanta Safderun,,https://lokantasafderun.com,gorsel-ocr-gerekli,https://lokantasafderun.com/images/safderunlokanta/menu-hikayemiz-tr.png?v=2,0,
Lucca,,https://luccastyle.com,menu bulunamadi,,0,
Lu Gelato Beylikdüzü,,https://https:,erisilemedi,,0,"Page.goto: net::ERR_NAME_NOT_RESOLVED at https://https/
Call"
Little Caesars,,https://www.littlecaesars.com.tr,menu bulunamadi,,0,
M-Point Cafe and restaurant,,https://www.m-point.com.tr,erisilemedi,,0,Page.goto: net::ERR_NAME_NOT_RESOLVED at https://www.m-point
Luuq Coffee Beylikdüzü Migros Avm,,https://luuqcoffee.com,menu bulunamadi,,0,
Lu Gelato,,https://www.lugelato.com,gorsel-ocr-gerekli,https://www.lugelato.com/assets/menuhakkimizda.jpg,0,
Magnolia,,https://www.magnoliashop.com.tr,menu bulunamadi,,0,
Magnolia Shop,,https://magnoliashop.com.tr,menu bulunamadi,,0,
Le'Mejnun Ocakbaşı,,https://mejnunocakbasi.com,gorsel-ocr-gerekli,https://mejnunocakbasi.com/menu/wp-content/uploads/2024/08/MEJNUN-logo.png,0,
Mahmiye,,http://mahmiye.com,erisilemedi,,0,Page.goto: net::ERR_NAME_NOT_RESOLVED at http://mahmiye.com/
Lunchbox,,https://www.cookshop.com.tr,menu bulunamadi,,0,
Magnolia Shop Coffee,,https://www.magnoliashop.com.tr,menu bulunamadi,,0,
Mabel Çikolata,,https://www.mabel.com.tr,gorsel-ocr-gerekli,https://www.mabel.com.tr/images/megamenu/tabletler-mabel.png,0,
Lucio Coffee,,https://luciocoffee.com.tr,erisilemedi,,0,"Page.goto: Timeout 20000ms exceeded.
Call log:
  - navigatin"
Mahmut Bey Döner,,https://mahmutbeydoner.com,menu bulunamadi,,0,
Mamabowl,,https://www.mamabowl.net,menu bulunamadi,,0,
Mama Bowl Kozyatağı,,http://mamabowl.net,menu bulunamadi,,0,
Mantımia,,https://www.mantimia.com,pdf-ocr-gerekli,https://www.mantimia.com/files/aydinlatma_metni.pdf,0,
Marmara Aile Çay Bahçesi,,https://www.zomato.com,erisilemedi,,0,Page.goto: net::ERR_HTTP2_PROTOCOL_ERROR at https://www.zoma
Maltepe Belediyesi Seyirtepe Sosyal Tesisleri,,https://maltepematas.com.tr,menu bulunamadi,,0,
mare mosso caffè e vendite,,https://qr.menufay.com,gorsel-ocr-gerekli,https://qr.menufay.com/assets/images/logo_login.png,0,
Maroof,,https://www.maroof.com.tr,erisilemedi,,0,Page.goto: net::ERR_CERT_COMMON_NAME_INVALID at https://www.
MANDI SEBAM,,https://www.mandisebam.com,erisilemedi,,0,"Page.goto: Timeout 20000ms exceeded.
Call log:
  - navigatin"
MANDI SEBAM,,https://www.mandisebam.com,erisilemedi,,0,"Page.goto: Timeout 20000ms exceeded.
Call log:
  - navigatin"
Marmaris Büfe,,https://www.marmarisbufe.com.tr,menu bulunamadi,,0,
Marmaris Büfe,,https://www.marmarisbufe.com.tr,menu bulunamadi,,0,
MAYBE,,https://www.maybe.com.tr,menu bulunamadi,,0,
Manzaram Eyüpsultan,,https://esbas.bel.tr,erisilemedi,,0,"Page.goto: Timeout 20000ms exceeded.
Call log:
  - navigatin"
Matters Suadiye,,https://matters.com.tr,menu bulunamadi,,0,
MASAL BAHÇE,,http://www.masalbahce.com.tr,menu bulunamadi,,0,
Mavi Balık,,https://www.mavibalik.com,menu bulunamadi,,0,
Memnun Döner,,http://www.memnundoner.com,menu bulunamadi,,0,
Maydonoz Döner,,https://maydonozdoner.com,gorsel-ocr-gerekli,https://maydonozdoner.com/wp-content/uploads/2026/08/gel-al-menu.png,0,
Mercezir Plus,,https://www.medcezirplus.com,gorsel-ocr-gerekli,https://www.medcezirplus.com/v2/assets/img/menucebimdeapplogo.png,0,
Maydonoz Döner,,https://maydonozdoner.com,gorsel-ocr-gerekli,https://maydonozdoner.com/wp-content/uploads/2026/08/gel-al-menu.png,0,
Metet,,https://metetdoner.com,menu bulunamadi,,0,
Metet Közde Döner,,https://metetdoner.com,menu bulunamadi,,0,
Mersinli Ciğerci Ahmet Usta,,https://mersinlicigerciahmet.com.tr,menu bulunamadi,,0,
Mezze House,,https://www.zomato.com,erisilemedi,,0,Page.goto: net::ERR_HTTP2_PROTOCOL_ERROR at https://www.zoma
Meşe Ağacı Pasta & Cafe,,https://yorumlartr.com,erisilemedi,,0,Page.goto: net::ERR_NAME_NOT_RESOLVED at https://yorumlartr.
Mert Yemek,,https://mertyemek.net,gorsel-ocr-gerekli,https://mertyemek.net/wp-content/uploads/2020/11/mert-yemek-catering-fiyat-teklifi.jpg,0,
Metet Közde Döner,,https://metetdoner.com,menu bulunamadi,,0,
Meşale Cafe,,https://mesalecafe.net,menu bulunamadi,,0,
Melbs burger,,http://www.melbsburger.com,erisilemedi,,0,Page.goto: net::ERR_CONNECTION_RESET at http://www.melbsburg
Meşhur Rumeli Pilavcısı,,https://www.meshurrumelipilavcisi.com.tr,menu bulunamadi,,0,
Minder 1871 Cafe Nargile,,https://www.minder1871.com,menu bulunamadi,,0,
Millet Sofrası,,http://milletsofrasi.com,menu bulunamadi,,0,
Mivan,,http://mivan-restaurant-cafe.bisiness.site,erisilemedi,,0,Page.goto: net::ERR_NAME_NOT_RESOLVED at http://mivan-restau
Misk Floral Cafe,,https://www.miskistanbul.com,menu bulunamadi,,0,
Mizah Kafe,,https://www.mizahkafe.com,erisilemedi,,0,Page.goto: net::ERR_NAME_NOT_RESOLVED at https://www.mizahka
Miss Pizza Şişhane,,http://www.misspizza.com.tr,menu bulunamadi,,0,
MOC Osmanbey,,http://mocosmanbey.site,erisilemedi,,0,Page.goto: net::ERR_NAME_NOT_RESOLVED at http://mocosmanbey.
MOC Coffee Roastery,,https://moc.com.tr,menu bulunamadi,,0,
Meşhur Beşiktaş Köftecisi,,http://besiktaskoftecisi.com,erisilemedi,,0,"Page.goto: Timeout 20000ms exceeded.
Call log:
  - navigatin"
Midpoint,,https://midpoint.com.tr,erisilemedi,,0,"Page.goto: Timeout 20000ms exceeded.
Call log:
  - navigatin"
Molka,,https://www.molkacafe.com,erisilemedi,,0,Page.goto: net::ERR_NAME_NOT_RESOLVED at https://www.molkaca
MOC Teşvikiye,,https://moc.com.tr,menu bulunamadi,,0,
MOOD Coffee & Eatery,,https://www.sayobooksandcoffee.com,erisilemedi,,0,Page.goto: net::ERR_NAME_NOT_RESOLVED at https://www.sayoboo
Morello Cafe,,https://morellocafe.com,erisilemedi,,0,Page.goto: net::ERR_NAME_NOT_RESOLVED at https://morellocafe
Morn,,http://www.mornkadikoy.com,menu bulunamadi,,0,
Moda Çikolatacısı,,https://modacikolatacisi.com,menu bulunamadi,,0,
Moni Restoran Cafe,,https://qr.finedinemenu.com,menu bulunamadi,,0,
Mojo,,http://www.mojolounge.com.tr,erisilemedi,,0,"Page.goto: Timeout 20000ms exceeded.
Call log:
  - navigatin"
MSA,,https://www.sakipsabancimuzesi.org,menu bulunamadi,,0,
Muhayyel Cafe,,https://muhayyel.com,menu bulunamadi,,0,
Mizu,,https://www.mizu.ist,,,0,pdf hata: 
mrJADE Italy İstanbul,,https://mrjadeitaly.com,menu bulunamadi,,0,
Murat İskender,,http://www.muratiskender.com,menu bulunamadi,,0,
Mr. Hamza,,https://mrhamza.net,menu bulunamadi,,0,
Mutfak Dili Ev Yemekleri,,http://www.mutfakdili.biz,erisilemedi,,0,Page.goto: net::ERR_NAME_NOT_RESOLVED at http://www.mutfakdi
Murat Kebap,,https://muratkebap.dijital.menu,gorsel-ocr-gerekli,https://assets.dijital.menu/photos/eIkaxjp16XbUBCy1/items/large/17688e2561b5bf290d67d7e17019a0ce.jpg,0,
Muhlama Karadeniz Mutfağı,,https://www.muhlama.com.tr,gorsel-ocr-gerekli,https://www.muhlama.com.tr/resimler/menu_k/Rize-Et-Kavurma8d96e.jpg,0,
My Home Döner,,https://www.myhomedoner.com,menu bulunamadi,,0,
muutto,,https://www.muutto.com.tr,menu bulunamadi,,0,
Nakkaş Kebap,,https://nakkaskebap.com,menu bulunamadi,,0,
Müsaade Meyhane,,https://musaademeyhane.com,menu bulunamadi,,0,
Muhtar,,https://www.themuhtar.com.tr,gorsel-ocr-gerekli,https://www.themuhtar.com.tr/wp-content/uploads/2026/04/Muhtar-fixmenu-04-2026.jpg,0,
Myra Çikokata Evim,,https://myracikolata.com.tr,menu bulunamadi,,0,
Nello's,,https://www.tripadvisor.com,menu bulunamadi,,0,
Nebras,,https://www.nebrasyemekmarket.com,erisilemedi,,0,"Page.goto: Timeout 20000ms exceeded.
Call log:
  - navigatin"
Neolokal,,https://www.neolokal.com,menu bulunamadi,,0,
Nevada Coffee,,https://nevadacoffee.co,pdf-ocr-gerekli,https://nevadacoffee.co/inc/Kvkk.pdf,0,
Nevada Coffee,,https://nevadacoffee.co,pdf-ocr-gerekli,https://nevadacoffee.co/inc/Kvkk.pdf,0,
Nelipide,,https://www.nelipide.com,pdf-ocr-gerekli,https://www.nelipide.com/wp-content/uploads/2025/01/POL.12-HELAL-POLITIKAMIZ.pdf,0,
Mien Coffee,,https://www.miencoffee.com,,,0,
Nevada Coffee,,https://nevadacoffee.co,pdf-ocr-gerekli,https://nevadacoffee.co/inc/Kvkk.pdf,0,
Nevale Mutfak,,https://nevalemutfak.dijital.menu,gorsel-ocr-gerekli,https://dijital.menu/img/ui/dm_navlogo_tr.png,0,
Nevmekan Kuzguncuk,,https://tesislerimiz.uskudar.bel.tr,menu bulunamadi,,0,
Nevmekan Bağlarbaşı,,https://tesislerimiz.uskudar.bel.tr,menu bulunamadi,,0,
Newcastle Pub with Restaurant,,https://newcastle.com.tr,menu bulunamadi,,0,
Nalia Karadeniz Mutfağı,,https://www.nalia.com.tr,pdf-ocr-gerekli,https://nalia.com.tr/wp-content/uploads/2026/02/nalia-2026-menu.pdf,0,
Nevmekan Selimiye,,https://tesislerimiz.uskudar.bel.tr,menu bulunamadi,,0,
Nevmekan Sahil,,https://tesislerimiz.uskudar.bel.tr,menu bulunamadi,,0,
No1 Culinaria,,https://no1firin.com,erisilemedi,,0,Page.goto: net::ERR_NAME_NOT_RESOLVED at https://no1firin.co
No:19 Dining,,http://no19dining.com,menu bulunamadi,,0,
Niwa,,https://www.niwachinesesushi.com,menu bulunamadi,,0,
Noodle House,,https://www.noodlehouse.com.tr,menu bulunamadi,,0,
Nizam Pide,,https://www.nizampide.com,menu bulunamadi,,0,
Noodle House,,https://www.noodlehouse.com.tr,menu bulunamadi,,0,
Nezih Kebap-Yuvalama,,https://www.nezihkebap.com,pdf-ocr-gerekli,https://images.samsung.com/is/content/samsung/assets/in/info/installation/Delivery-Service-TnC.pdf,0,
Noxus Chocolate & Coffee,,https://noxuschocolate.com,menu bulunamadi,,0,
Novas Hagiasophia,,https://www.tripadvisor.fr,menu bulunamadi,,0,
Nuvo Fırın & Cafe,,https://nuvofirin.com.tr,erisilemedi,,0,Page.goto: net::ERR_NAME_NOT_RESOLVED at https://nuvofirin.c
Nostalji Cafe & Restaurant,,https://nostaljiotel.com,menu bulunamadi,,0,
NumNum,,https://numnum.com.tr,menu bulunamadi,,0,
Olivia's Pizzeria,,http://www.olivi.as,erisilemedi,,0,Page.goto: net::ERR_NAME_NOT_RESOLVED at http://www.olivi.as
OMBOR,,https://www.omborkafe.com.tr,erisilemedi,,0,Page.goto: net::ERR_NAME_NOT_RESOLVED at https://www.omborka
Ono Restaurant,,https://onorestoran.com,erisilemedi,,0,Page.goto: net::ERR_NAME_NOT_RESOLVED at https://onorestoran
Olden 1772,,https://olden1772.com,pdf-ocr-gerekli,https://olden1772.com/storage/uploads/menus/f_6a3baaca2255c3.70113296.pdf,0,
Oligark İstanbul,,https://oligarkistanbul.com,menu bulunamadi,,0,
Olio Cafe & Restaurant,,https://oliobrasserie.qrmenu.web.tr,gorsel-ocr-gerekli,https://qrmenu.web.tr/images/qrmenu-web-tr.png,0,
Orman Cafe & Restaurant,,https://www.ormancafe.net,erisilemedi,,0,Page.goto: net::ERR_NAME_NOT_RESOLVED at https://www.ormanca
Nezih Dokuz Ondokuz,,https://dokuzondokuz.com,pdf-metin,https://dokuzondokuz.com/img/portfolio/menu.pdf,103,
Ortax Hobi Evi ve Cafe,,https://ortaxhobievi.com,menu bulunamadi,,0,
Orient Express Restaurant,,https://www.orientexpressrestaurant.net,menu bulunamadi,,0,
Ortaklar Kebab Lahmacun,,https://wa.me,menu bulunamadi,,0,
Oses Çiğ Köfte,,http://www.osescigkofte.com,menu bulunamadi,,0,
Oses Çiğ Köfte,,https://www.oses.com.tr,menu bulunamadi,,0,
Nupera,,http://www.nupera.com.tr,erisilemedi,,0,"Page.goto: Timeout 20000ms exceeded.
Call log:
  - navigatin"
Osmanlı Kahvecisi,,https://guley.co,erisilemedi,,0,"Page.goto: net::ERR_NAME_NOT_RESOLVED at https://guley.co/
C"
Oses Çiğköfte,,https://www.oses.com.tr,menu bulunamadi,,0,
OnurBalaban,,https://www.balabanvedatusta.com,erisilemedi,,0,"Page.goto: Timeout 20000ms exceeded.
Call log:
  - navigatin"
Otto Cihangir,,http://www.ottotr.org,erisilemedi,,0,Page.goto: net::ERR_NAME_NOT_RESOLVED at http://www.ottotr.o
Oses Çiğköfte,,https://www.oses.com.tr,menu bulunamadi,,0,
Otantik,,https://www.otantikcaferestaurant.com,erisilemedi,,0,Page.eval_on_selector_all: TypeError: Cannot read properties
Park Balık Çekmeköy,,https://www.parkbalikcekmekoy.com,erisilemedi,,0,Page.goto: net::ERR_NAME_NOT_RESOLVED at https://www.parkbal
Panorama34 Cafe & Restaurant,,https://panorama34cafe.com,gorsel-ocr-gerekli,https://panorama34cafe.com/qr-appmenu.png,0,
Patlıcan Cafe & Ev Yemekleri,,https://patlicancafe.com,menu bulunamadi,,0,
Paper Roasting Coffee & Chocolate,,https://paperroastingcoffee.com,menu bulunamadi,,0,
Paşahan Künefe,,https://pasahankunefe.com,erisilemedi,,0,Page.goto: net::ERR_NAME_NOT_RESOLVED at https://pasahankune
Pechko Moda,,https://> https:,erisilemedi,,0,Page.goto: Protocol error (Page.navigate): Cannot navigate t
Pelikan Balık & Restaurant,,https://pelikanbalik.com,erisilemedi,,0,Page.goto: net::ERR_CERT_DATE_INVALID at https://pelikanbali
Pardon Boulangerie,,https://pardonboulangerie.com.tr,erisilemedi,,0,"Page.goto: Timeout 20000ms exceeded.
Call log:
  - navigatin"
Paysage,,https://kalamispaysage.com,menu bulunamadi,,0,
Ora Coffee,,https://oracoffee.co,menu bulunamadi,,0,
Pera's Coffee,,https://thegoldenperashotel.com,erisilemedi,,0,Page.goto: net::ERR_SSL_VERSION_OR_CIPHER_MISMATCH at https:
PenCR Güzelyalı Sosyal Tesisleri,,https://www.pentas.istanbul,erisilemedi,,0,"Page.goto: Timeout 20000ms exceeded.
Call log:
  - navigatin"
Peçka Et & Mangal Kahvaltı,,http://peckamangalbasi.com,erisilemedi,,0,Page.goto: net::ERR_NAME_NOT_RESOLVED at http://peckamangalb
PenCR Koru,,https://pentas.istanbul,erisilemedi,,0,"Page.goto: Timeout 20000ms exceeded.
Call log:
  - navigatin"
Pide Nova,,http://www.novapide.com,erisilemedi,,0,Page.goto: net::ERR_NAME_NOT_RESOLVED at http://www.novapide
Pera 77,,https://pera77.com.tr,erisilemedi,,0,"Page.goto: Timeout 20000ms exceeded.
Call log:
  - navigatin"
Pandeli,,https://www.pandeli.com.tr,pdf-ocr-gerekli,https://www.pandeli.com.tr/./PANDELI-MENU.pdf,0,
Peyra Gelato,,https://www.peyragalata.com,menu bulunamadi,,0,
Paşalimanı Kafe,,https://tesislerimiz.ibb.istanbul,menu bulunamadi,,0,
Pide Ban,,https://www.pideban.com.tr,menu bulunamadi,,0,
Pidepark,,https://yemeksepeti.com,menu bulunamadi,,0,
Pizeria Quattro,,https://pizzeriaquattro.com,erisilemedi,,0,"Page.eval_on_selector_all: Execution context was destroyed, "
Pidem,,https://pidem.com.tr,menu bulunamadi,,0,
Pizza Lazza,,https://www.pizzalazza.com.tr,gorsel-ocr-gerekli,https://www.pizzalazza.com.tr/pizzalazza-icons/hamburger-menu-green.png,0,
Pizza Lazza,,https://www.pizzalazza.com.tr,gorsel-ocr-gerekli,https://www.pizzalazza.com.tr/pizzalazza-icons/hamburger-menu-green.png,0,
Pilavcı İslam Usta,,https://www.pilavciislamusta.com,menu bulunamadi,,0,
Pizza Lazza Kazasker,,https://www.pizzalazza.com.tr,gorsel-ocr-gerekli,https://www.pizzalazza.com.tr/pizzalazza-icons/hamburger-menu-green.png,0,
Pizza Locale,,https://www.pizzalocale.net,menu bulunamadi,,0,
Pizza Hut,,https://www.pizzahut.com.tr,erisilemedi,,0,"Page.goto: Timeout 20000ms exceeded.
Call log:
  - navigatin"
Pizza Rucola,,https://www.pizzarucola.com,gorsel-ocr-gerekli,https://www.pizzarucola.com/wp-content/uploads/2023/01/menu-pizza.png,0,
Pizzeria Pera,,https://www.pizzeriapera.com,gorsel-ocr-gerekli,https://static.parastorage.com/services/restaurant-menus-showcase-ooi/340b3d41e47b0b3c427ac7115aed2a32ad5fd0d85acabf4431a36ccd/media/menus_side_image.7077f229.jpeg,0,
Pizza V,,https://v.pizza,gorsel-ocr-gerekli,https://v.pizza/wp-content/uploads/v-menu-kaleici-3004-web-13.jpg,0,
Pizzeria Al Dente,,http://pizzeriaaldente.com,menu bulunamadi,,0,
PizzaTeo,,https://www.pizzateo.com.tr,menu bulunamadi,,0,
Popeyes,,https://www.popeyes.com.tr,menu bulunamadi,,0,
Postane Cafe,,https://postane.co,menu bulunamadi,,0,
Poppin’ Bubble Tea & Coffee,,https://www.poppinbubbletea.com,menu bulunamadi,,0,
Popeyes,,https://www.popeyes.com.tr,menu bulunamadi,,0,
Primos De Colombia,,https://www.primosdecolombia.com,erisilemedi,,0,Page.goto: net::ERR_NAME_NOT_RESOLVED at https://www.primosd
Premium Dem Hotel,,https://demhotelpremium.com,menu bulunamadi,,0,
Plevne Kahvesi,,https://plevnekahvesi.com,erisilemedi,,0,"Page.goto: Timeout 20000ms exceeded.
Call log:
  - navigatin"
Poyraz Balık,,https://poyrazbalik.com,menu bulunamadi,,0,
Pug coffee,,https://www.pugcoffee.co,menu bulunamadi,,0,
Privato Cafe,,http://privatocafe.com,menu bulunamadi,,0,
Poyraz Sahil Balık Restaurant,,https://www.poyrazsahilbalik.com,menu bulunamadi,,0,
Poyraz Sahil Balık Restaurant,,https://www.poyrazsahilbalik.com,menu bulunamadi,,0,
Restohan,,https://www.restohan.net,erisilemedi,,0,Page.goto: net::ERR_NAME_NOT_RESOLVED at https://www.restoha
Reyhun Iranian Restaurant,,https://www.iranyemekleri.com,erisilemedi,,0,Page.goto: net::ERR_CERT_AUTHORITY_INVALID at https://www.ir
Rice House,,https://www.ricehousee.com,erisilemedi,,0,Page.goto: net::ERR_NAME_NOT_RESOLVED at https://www.ricehou
Rafine Espresso Bar,,https://www.rafineespressobar.com,menu bulunamadi,,0,
Rise & Shine,,https://www.zomato.com,erisilemedi,,0,Page.goto: net::ERR_HTTP2_PROTOCOL_ERROR at https://www.zoma
Revma Balık,,https://www.revmabalik.com,menu bulunamadi,,0,
Roofstar Bosphorus,,https://www.roofstarbosphorus.com,menu bulunamadi,,0,
Roofstar Bosphorus,,https://www.roofstarbosphorus.com,menu bulunamadi,,0,
Rossi,,https://www.rossisuadiye.com,erisilemedi,,0,Page.goto: net::ERR_NAME_NOT_RESOLVED at https://www.rossisu
Probador Colectiva,,https://www.probadorcolectiva.com,erisilemedi,,0,"Page.goto: Timeout 20000ms exceeded.
Call log:
  - navigatin"
RUB,,https://www.tripadvisor.com,menu bulunamadi,,0,
RTR80 Retro Burger,,https://www.facebook.com,menu bulunamadi,,0,
Ranchero Mexican Restaurant,,https://www.ranchero.com.tr,menu bulunamadi,,0,
Rune Coffee Roastery,,https://www.runecoffeeroastery.com,menu bulunamadi,,0,
Saca Marin,,https://www.sacagrup.com,menu bulunamadi,,0,
Sa Va Anatolian Breakfast House,,https://www.savaanatolianbreakfasthouse.com,gorsel-ocr-gerekli,https://static.parastorage.com/services/restaurant-menus-showcase-ooi/340b3d41e47b0b3c427ac7115aed2a32ad5fd0d85acabf4431a36ccd/media/menus_side_image.7077f229.jpeg,0,
Sabirtaşi restoran,,https://www.sabirtasi.com.tr,menu bulunamadi,,0,
Ringa Sea Food,,https://ringaseafood.com,erisilemedi,,0,"Page.goto: Timeout 20000ms exceeded.
Call log:
  - navigatin"
Saca Ocakbaşı,,https://www.sacagrup.com,menu bulunamadi,,0,
Pyrgos Otel Restaurant,,https://pyrgosotelrestaurant.com,menu bulunamadi,,0,
SAH BAR,,https://www.sahbar.com,erisilemedi,,0,Page.goto: net::ERR_NAME_NOT_RESOLVED at https://www.sahbar.
Saca Ocakbaşı,,https://www.sacagrup.com,menu bulunamadi,,0,
Sagra,,https://sagra.com.tr,pdf-menu-degil,https://sagra.com.tr/sagra.pdf,0,
Salacak,,https://www.salacakcafe.com,erisilemedi,,0,Page.goto: net::ERR_NAME_NOT_RESOLVED at https://www.salacak
Sahan Kebap,,https://www.sahan.com,menu bulunamadi,,0,
Sahan,,https://allzinapp.com,menu bulunamadi,,0,
Salt Fried Chicken,,https://www.saltfriedchicken.com,gorsel-ocr-gerekli,https://saltfriedchicken.com/wp-content/uploads/2023/12/Int-Site-Menu-05-300x293.png,0,
Sakhalin İstanbul,,https://sakhalin.rest,pdf-metin,https://wrf.su/Sakhalin_Main_Istanbul_tur+eng.pdf,84,
Samua Coffee,,https://samuacoffee.com,erisilemedi,,0,Page.goto: net::ERR_NAME_NOT_RESOLVED at https://samuacoffee
Sanat Ocakbaşı,,https://www.sanatocakbasi.com,erisilemedi,,0,Page.goto: net::ERR_CERT_COMMON_NAME_INVALID at https://www.
Sandal Balık,,https://yenikoysandalbalik.com.tr,erisilemedi,,0,Page.goto: net::ERR_NAME_NOT_RESOLVED at https://yenikoysand
SALT Fried Chicken,,https://www.saltfriedchicken.com,gorsel-ocr-gerekli,https://saltfriedchicken.com/wp-content/uploads/2023/12/Int-Site-Menu-05-300x293.png,0,
Samsaland,,https://www.samsaland.com,menu bulunamadi,,0,
Salt Fried Chicken,,https://www.saltfriedchicken.com,gorsel-ocr-gerekli,https://saltfriedchicken.com/wp-content/uploads/2023/12/Int-Site-Menu-05-300x293.png,0,
Sahan,,https://www.sahan.com,erisilemedi,,0,"Page.goto: Timeout 20000ms exceeded.
Call log:
  - navigatin"
Sahan,,https://www.sahan.com,erisilemedi,,0,"Page.goto: Timeout 20000ms exceeded.
Call log:
  - navigatin"
Sans,,https://sansrestaurant.com,gorsel-ocr-gerekli,https://sansrestaurant.com/tr/images/header-menu.png,0,
Santral Coffee House,,http://www.santralcoffee.com,pdf-metin,http://www.santralcoffee.com/santral-coffee-menu.pdf,39,
saray muhallebicisi,,http://saraymuhallebicisi.com,menu bulunamadi,,0,
Saray Muhallebicisi,,http://saraymuhallebicisi.com,menu bulunamadi,,0,
SCHLEPP Cafe & Pub,,http://www.schlepp.pub,erisilemedi,,0,Page.goto: net::ERR_NAME_NOT_RESOLVED at http://www.schlepp.
Saray Muhallebicisi,,http://saraymuhallebicisi.com,menu bulunamadi,,0,
Saray Muhallebicisi,,http://saraymuhallebicisi.com,menu bulunamadi,,0,
Secret garden,,http://secretgardenistanbul.com,menu bulunamadi,,0,
Saray Muhallebicisi,,http://saraymuhallebicisi.com,menu bulunamadi,,0,
Selim Kebap,,https://www.selimkebap.com,erisilemedi,,0,Page.goto: net::ERR_NAME_NOT_RESOLVED at https://www.selimke
Selim Kebap,,https://www.selimkebap.com,erisilemedi,,0,Page.goto: net::ERR_NAME_NOT_RESOLVED at https://www.selimke
Saray Muhallebicisi,,https://www.saraymuhallebicisi.com,menu bulunamadi,,0,
Sefa Restaurant,,https://sefarestaurant.com,menu bulunamadi,,0,
Sembol Ocakbaşı,,https://www.sembolocakbasi.com.tr,erisilemedi,,0,Page.goto: net::ERR_CERT_COMMON_NAME_INVALID at https://www.
Sbarro,,https://www.sbarro.com.tr,menu bulunamadi,,0,
Sembol Ocakbaşı Bosphorus,,https://www.sembolocakbasi.com.tr,erisilemedi,,0,Page.goto: net::ERR_CERT_COMMON_NAME_INVALID at https://www.
Sehzadem,,https://sehzademdoner.com,erisilemedi,,0,Page.goto: net::ERR_SSL_PROTOCOL_ERROR at https://sehzademdo
Sefa-i Hürrem Kafe,,https://sefaihurremcafe.com,gorsel-ocr-gerekli,https://www.sefaihurremcafe.com/wp-content/themes/elitv1/images/menu_back.png,0,
Serez Dondurma,,https://www.serezdondurmacisi.com,menu bulunamadi,,0,
SEO KAOS,,https://www.seokaos.com,gorsel-ocr-gerekli,https://www.seokaos.com/wp-content/uploads/2020/01/seo-fiyatlari.jpg,0,
Shang Palace,,https://www.shangri-la.com,menu bulunamadi,,0,
Seven Hills Restaurant,,https://www.sevenhillsrestaurant.com,menu bulunamadi,,0,
Simit Café Restaurant,,https://simitcaferestaurant.com,erisilemedi,,0,Page.goto: net::ERR_NAME_NOT_RESOLVED at https://simitcafere
Sezen Meyhanesi,,https://www.sezenmeyhane.com,erisilemedi,,0,"Page.goto: Timeout 20000ms exceeded.
Call log:
  - navigatin"
Sinop Mantı,,https://www.sinopmanti.com,erisilemedi,,0,Page.goto: net::ERR_NAME_NOT_RESOLVED at https://www.sinopma
Sirtaki Meyhanesi,,https://www.sirtakimeyhanesi.com,erisilemedi,,0,Page.goto: net::ERR_NAME_NOT_RESOLVED at https://www.sirtaki
Shine İst Restaurant,,https://shineist.qr.menulux.com,menu bulunamadi,,0,
Simit Sarayı,,https://www.simitsarayi.com,menu bulunamadi,,0,
Sinop Mantı,,http://sinopmantikadikoy.com,menu bulunamadi,,0,
Smoky Lounge,,http://www.mahall.com.tr,menu bulunamadi,,0,
Sofyalı 9 Restoran,,https://www.sofyali.com.tr,erisilemedi,,0,Page.goto: net::ERR_NAME_NOT_RESOLVED at https://www.sofyali
Sofyalı 9 Restoran,,https://www.sofyali.com.tr,erisilemedi,,0,Page.goto: net::ERR_NAME_NOT_RESOLVED at https://www.sofyali
Snog Rooftop Bar,,https://www.snog.com.tr,menu bulunamadi,,0,
Sole Mio Cafe & Brasserie,,https://solemio.com.tr,erisilemedi,,0,Page.goto: net::ERR_NAME_NOT_RESOLVED at https://solemio.com
Sorriso Restaurant Kuruçeşme,,http://sorrisokurucesme.com,erisilemedi,,0,Page.goto: net::ERR_NAME_NOT_RESOLVED at http://sorrisokuruc
Sosrates - Burger & Snack,,https://www.sosrates.com,erisilemedi,,0,Page.goto: net::ERR_CERT_COMMON_NAME_INVALID at https://www.
SOFA,,https://www.houseofsofa.com.tr,menu bulunamadi,,0,
SOİ Cadde,,https://www.soirestoran.com,menu bulunamadi,,0,
Starbucks,,http://www.starbucks.com.tr,menu bulunamadi,,0,
Subway,,https://www.subway.com,erisilemedi,,0,Page.goto: net::ERR_HTTP2_PROTOCOL_ERROR at https://www.subw
Starbucks,,https://starbucks.com.tr,menu bulunamadi,,0,
Selvi,,https://selvirestaurant.com,menu bulunamadi,,0,
Strada Suadiye,,https://stradasuadiye.com,menu bulunamadi,,0,
Sultan’s Inn,,https://www.sultansinn.com,erisilemedi,,0,Page.goto: net::ERR_CERT_COMMON_NAME_INVALID at https://www.
Sultan sarnıcı,,http://sultansarnic.com,menu bulunamadi,,0,
Suna'nın Yeri,,http://www.sunaninyeri.com,erisilemedi,,0,Page.goto: net::ERR_NAME_NOT_RESOLVED at http://www.sunaniny
Subway,,https://www.subway.com.tr,gorsel-ocr-gerekli,https://www.subway.com.tr/cmsfiles/widgets/sub-3-luk-menu.jpg?v=130,0,
Sultanahmet Köftecisi,,https://sultanahmetkoftesi.com,menu bulunamadi,,0,
Summit Bar & Terrace,,https://conradhotels3.hilton.com,menu bulunamadi,,0,
Startup Cafe Healthy Food & Networking 42 Maslak 🚀,,https://startupcafes.com,erisilemedi,,0,"Page.goto: Timeout 20000ms exceeded.
Call log:
  - navigatin"
Semaver,,https://semavercafe.com,pdf-menu-degil,https://www.semavercafe.com/_files/ugd/8353a6_cdd50180d78d4ce3b1ed3c6a49dd110d.pdf,0,
Superr Taco,,https://superrtaco.com.tr,menu bulunamadi,,0,
SushiCo,,https://www.sushico.com.tr,menu bulunamadi,,0,
SushiCo,,https://www.sushico.com.tr,menu bulunamadi,,0,
Suvi Mutfak,,https://www.suvimutfak.com,erisilemedi,,0,Page.goto: net::ERR_NAME_NOT_RESOLVED at https://www.suvimut
Swedish Coffee Point,,http://www.SwedishCoffeePoint.com,erisilemedi,,0,Page.goto: net::ERR_NAME_NOT_RESOLVED at http://www.swedishc
SushiCo zen,,https://sushico.com.tr,menu bulunamadi,,0,
SushiCo Kalamış,,https://www.sushico.com.tr,menu bulunamadi,,0,
Sur Balık Restoran Arnavutköy,,https://surbalik.com,menu bulunamadi,,0,
Sushi & Spice,,https://sushiandspice.com,menu bulunamadi,,0,
Sütçüoğulları Muhallebicisi,,https://www.sutcuogullari.com.tr,menu bulunamadi,,0,
Sırdaş Lokanta,,https://instagram.com,menu bulunamadi,,0,
Sıralı Kebap,,https://www.siralikebap.com,menu bulunamadi,,0,
Tahtalıköy,,http://www.tahtalikoy.com.tr,menu bulunamadi,,0,
Takanik Balık Park,,https://takanik.com.tr,menu bulunamadi,,0,
Taner Börek,,http://tanerborek.com.tr,menu bulunamadi,,0,
Taner Börek,,http://tanerborek.com.tr,menu bulunamadi,,0,
Tahtasaray,,https://tahtasaray.com,pdf-menu-degil,https://tahtasaray.com/images/kisisel-verilerin-korunmasi.pdf,0,
Tarhun fırın,,https://tarhunfirin.com,menu bulunamadi,,0,
Sunset,,https://www.sunsetgrillbar.com,pdf-ocr-gerekli,https://www.sunsetgrillbar.com/assets/tatli.pdf,0,
Tariflerle Yemekler,,https://tariflerleyemekler.com,menu bulunamadi,,0,
Tarihi Sultanahmet Köftecisi Selim Usta,,https://www.sultanahmetkoftesi.com,menu bulunamadi,,0,
Tarihi Kahve,,https://www.pierrelotitepesi.com,pdf-ocr-gerekli,https://www.pierrelotitepesi.com/images/Surdurulebilirlik.pdf,0,
Tariflerle Yemekler,,https://tariflerleyemekler.com,menu bulunamadi,,0,
Taner Börek,,http://tanerborek.com.tr,erisilemedi,,0,"Page.goto: Timeout 20000ms exceeded.
Call log:
  - navigatin"
Taner Börek,,http://tanerborek.com.tr,erisilemedi,,0,"Page.goto: Timeout 20000ms exceeded.
Call log:
  - navigatin"
Tatar Salim,,http://www.tatarsalim.com.tr,gorsel-ocr-gerekli,http://www.tatarsalim.com.tr/wp-content/uploads/2021/09/Menu_MercimekCorbasi-370x247.jpg,0,
Tatar Salim,,https://www.tatarsalim.com.tr,gorsel-ocr-gerekli,https://www.tatarsalim.com.tr/wp-content/uploads/2021/09/Menu_MercimekCorbasi-370x247.jpg,0,
Tavuk Dünyası,,https://www.tavukdunyasi.com,menu bulunamadi,,0,
Tavuk Dünyası,,https://tavukdunyasi.com,menu bulunamadi,,0,
Tchibo,,https://www.zomato.com,erisilemedi,,0,Page.goto: net::ERR_HTTP2_PROTOCOL_ERROR at https://www.zoma
Teeo Restaurant & Pub,,https://www.teeoistanbul.com,erisilemedi,,0,Page.goto: net::ERR_SSL_PROTOCOL_ERROR at https://www.teeois
Tavuk Dünyası,,https://www.tavukdunyasi.com,menu bulunamadi,,0,
Tavuk Dünyası,,https://www.tavukdunyasi.com,menu bulunamadi,,0,
Tarihi Unkapanı Pilavcısı,,http://www.tarihiunkapanipilavcisi.com,gorsel-ocr-gerekli,http://www.tarihiunkapanipilavcisi.com/../images/menu1.jpg,0,
Thai Roll Ice,,https://thairollice.com,erisilemedi,,0,Page.goto: net::ERR_NAME_NOT_RESOLVED at https://thairollice
The Crazy Company,,https://www.thecrazycompany.com,menu bulunamadi,,0,
Tavuk Dünyası,,https://www.tavukdunyasi.com,menu bulunamadi,,0,
The Food Clan,,http://www.thefoodclantr.com,erisilemedi,,0,Page.goto: net::ERR_NAME_NOT_RESOLVED at http://www.thefoodc
Tavuk Dünyası,,https://www.tavukdunyasi.com,menu bulunamadi,,0,
Tepsi Et Başakşehir,,https://tepsiet.com,menu bulunamadi,,0,
the beauty store,,https://thebeautystore.com.tr,menu bulunamadi,,0,
The Date Gastro & Pub,,https://thedatepub.com,pdf-menu-degil,https://www.thedatepub.com/_files/ugd/b329ca_7e74faacd8c74fd39dd87128005be082.pdf,0,
The House Cafe,,https://thehousecafe.com,menu bulunamadi,,0,
The Hill Cafe,,https://thehillcafe.dslink.co,menu bulunamadi,,0,
The House Cafe İstiklal,,https://thehousecafe.com,menu bulunamadi,,0,
The House Cafe,,https://www.thehousecafe.com,menu bulunamadi,,0,
The Populist,,http://populistbomonti.wizlo.io,menu bulunamadi,,0,
The Hunger Ümraniye Limonlu Cadde,,https://thehunger.com.tr,menu bulunamadi,,0,
The Rua Suadiye,,https://theruasuadiye.com,menu bulunamadi,,0,
The Hunger,,https://thehunger.com.tr,menu bulunamadi,,0,
The North Shield Pub,,https://thenorthshield.com,pdf-menu-degil,https://thenorthshield.com/wp-content/uploads/2023/11/TNS-MENU.pdf,0,
The St. Bernard Restaurant,,https://monnacafe.qr.menulux.com,menu bulunamadi,,0,
Tike Restoran,,https://tike.com.tr,gorsel-ocr-gerekli,https://tike.com.tr/uploads/res_menus/thumb/200x200/77f1231ae7affa011483324b70a2ef12-127.jpg,0,
The Townhouse,,https://www.thetownhouse.com.tr,erisilemedi,,0,"Page.goto: Timeout 20000ms exceeded.
Call log:
  - navigatin"
Tiryaki Restorant,,https://tiryakikebap.com,erisilemedi,,0,"Page.goto: Timeout 20000ms exceeded.
Call log:
  - navigatin"
Tike Suadiye,,https://www.tikesuadiye.com,gorsel-ocr-gerekli,https://static.parastorage.com/services/restaurant-menus-showcase-ooi/340b3d41e47b0b3c427ac7115aed2a32ad5fd0d85acabf4431a36ccd/media/menus_side_image.7077f229.jpeg,0,
Titiz Pastaneleri,,http://www.titizpastaneleri.com,erisilemedi,,0,"Page.goto: Timeout 20000ms exceeded.
Call log:
  - navigatin"
Town Bakery & Cafe,,https://www.townbakeries.com,erisilemedi,,0,Page.goto: net::ERR_NAME_NOT_RESOLVED at https://www.townbak
Tombul Tavuk,,https://tombultavuk.com,erisilemedi,,0,"Page.goto: Timeout 20000ms exceeded.
Call log:
  - navigatin"
Trakyum,,https://trakyum.com.tr,gorsel-ocr-gerekli,https://trakyum.com.tr/panel/uploads/urunler/1753544008_serpme-kahvalti-menusu.jpg,0,
Tomris Ocakbaşı,,https://tomrisocakbasi.com,menu bulunamadi,,0,
Toros Tantuni,,https://www.toros-tantuni.com,menu bulunamadi,,0,
Trattoria Carbonara,,https://www.carbonararestaurant.com,menu bulunamadi,,0,
Tost Akademisi,,https://tostakademisi.com.tr,pdf-ocr-gerekli,https://tostakademisi.com.tr/wp-content/uploads/2023/01/Bayilik-28-01-2023.pdf,0,
Tuğbiş Mantı,,https://www.tripadvisor.com,menu bulunamadi,,0,
TX Burger,,https://menu-online.co,menu bulunamadi,,0,
Tuzla Balıkçısı Başakşehir,,https://tuzlabalikcisi.com,erisilemedi,,0,"Page.goto: Timeout 20000ms exceeded.
Call log:
  - navigatin"
Türkistan Kültür Evi - Kitap & Kahve,,https://www.dtv.org.tr,erisilemedi,,0,"Page.goto: Timeout 20000ms exceeded.
Call log:
  - navigatin"
Tschibo,,https://www.tchibo.com.tr,menu bulunamadi,,0,
Ulus 29,,https://www.group-29.com,erisilemedi,,0,"Page.goto: Timeout 20000ms exceeded.
Call log:
  - navigatin"
Tost Akademisi,,https://tostakademisi.com.tr,pdf-ocr-gerekli,https://tostakademisi.com.tr/wp-content/uploads/2022/05/Tost-Akademisi-Bayilik-Sunum-son-06.05.2022-sikis%CC%A7tirildi.pdf,0,pdf hata: 
Ulviye Börek,,https://www.ulviyeborek.com,erisilemedi,,0,"Page.goto: Timeout 20000ms exceeded.
Call log:
  - navigatin"
Uzunlar Kebap,,https://www.uzunlarkebap.com.tr,menu bulunamadi,,0,
TRIA ELEGANCE TERRACE RESTAURANT,,https://www.triahotelistanbul.com,pdf-menu-degil,https://www.triahotelistanbul.com/static/assets/pages/docs/sustainability-report.pdf,0,
Uzunya,,https://www.uzunya.com,menu bulunamadi,,0,
Valibey Kebap & Künefe,,https://www.valibeykebap.com,erisilemedi,,0,Page.goto: net::ERR_CONNECTION_REFUSED at https://www.valibe
Vandal Çamsan Park,,https://www.vandal.com.tr,erisilemedi,,0,Page.goto: net::ERR_NAME_NOT_RESOLVED at https://www.vandal.
Urban Cafe,,https://www.urbanbeyoglu.com,menu bulunamadi,,0,
Vanilya,,https://qr-menu.simprasuite.com,menu bulunamadi,,0,
Vagabondo's Pizzeria,,https://vagabondosrest.com,erisilemedi,,0,Page.goto: net::ERR_SSL_PROTOCOL_ERROR at https://vagabondos
Varuna Gezgin,,https://varunagezgin.com,menu bulunamadi,,0,
Vefakar,,https://vefakar.com.tr,menu bulunamadi,,0,
Vefa Bozacısı 1876,,https://www.vefa.com.tr,menu bulunamadi,,0,
Vardarlı Dondurma,,http://www.vardarlidondurma.com,menu bulunamadi,,0,
Vefalı Köfteci,,http://vefalikofteci.com.tr,menu bulunamadi,,0,
Usta Pideci,,https://www.ustapideci.com.tr,menu bulunamadi,,0,
Venor Coffee,,https://www.venorcoffee.com,menu bulunamadi,,0,
Venge,,http://www.venge.com.tr,gorsel-ocr-gerekli,http://www.venge.com.tr/assets/img/gallery/menu-1.jpg,0,
Vegan Food Cartel,,https://www.veganfoodcartel.com,menu bulunamadi,,0,
Via Romana Pizza,,https://www.viaromanapizza.com,erisilemedi,,0,Page.goto: net::ERR_NAME_NOT_RESOLVED at https://www.viaroma
Verdura,,https://verdura.com.tr,menu bulunamadi,,0,
Vegan Masa,,https://allzinapp.com,menu bulunamadi,,0,
Villa Park İstanbul,,https://villaparkwedding.com,menu bulunamadi,,0,
Vegan Dukkan Lokanta,,https://vegandukkanlokanta.com,gorsel-ocr-gerekli,https://images.squarespace-cdn.com/content/v1/6995ee4ae4f4401f4636de62/cebb827e-c784-4b0a-b7e4-15de36ef8364/Vegan-Lokanta-Menu-1.jpg,0,
Vitavien Galata,,http://www.vitavien.com.tr,menu bulunamadi,,0,
Vizzju Lounge,,https://vizzju.com,erisilemedi,,0,Page.goto: net::ERR_NAME_NOT_RESOLVED at https://vizzju.com/
Vitavien Bahariye,,https://www.vitavien.com.tr,erisilemedi,,0,Page.goto: net::ERR_CONNECTION_REFUSED at https://www.vitavi
Viktor Levi Şarap Evi,,https://www.viktorlevimoda.com,menu bulunamadi,,0,
Vøler Coffee,,https://www.volercofee.com,erisilemedi,,0,Page.goto: net::ERR_NAME_NOT_RESOLVED at https://www.volerco
Vera Restaurant Fish & Meat House,,https://www.verarestaurant.com,menu bulunamadi,,0,
Warung Nusantara Indonesian Restaurant,,https://www.warungnusantara.com.tr,erisilemedi,,0,Page.goto: net::ERR_NAME_NOT_RESOLVED at https://www.warungn
Vivi,,https://www.vivicoffeeandchiling.com,menu bulunamadi,,0,
Viva Gelateria di Roma,,https://instagram.com,menu bulunamadi,,0,
Whisper Kitchen Bar,,https://whisperistanbul.com,erisilemedi,,0,Page.goto: net::ERR_NAME_NOT_RESOLVED at https://whisperista
Waffle Works,,https://www.waffleworks.com.tr,menu bulunamadi,,0,
voi cadde,,https://www.voi.com.tr,menu bulunamadi,,0,
Yaşayan Mutfak,,https://yasayanmutfakrestaurant.com,erisilemedi,,0,Page.goto: net::ERR_NAME_NOT_RESOLVED at https://yasayanmutf
Vogs,,https://qr.finedinemenu.com,menu bulunamadi,,0,
Yeni Meyhane,,https://yenimeyhane.com.tr,erisilemedi,,0,Page.goto: net::ERR_NAME_NOT_RESOLVED at https://yenimeyhane
Wuufbox Cafe,,https://wuufbox.com,menu bulunamadi,,0,
Yeniköy Kavak Balıkçısı,,https://kavakbalikcisi.com,erisilemedi,,0,Page.goto: net::ERR_NAME_NOT_RESOLVED at https://kavakbalikc
WestMix,,http://www.westmix.com.tr,gorsel-ocr-gerekli,http://www.westmix.com.tr/menu/westmix_kahvalti1.jpg,0,
Yanyalı Fehmi Lokantası,,http://www.fehmilokantasi.com,menu bulunamadi,,0,
Yeşilcam Kahve Evi,,https://www.yesilcamkahveevi.com,menu bulunamadi,,0,
Yonca Restaurant,,http://www.yoncalalaali.com,erisilemedi,,0,Page.goto: net::ERR_NAME_NOT_RESOLVED at http://www.yoncalal
Yeni Lokanta,,https://www.yenilokanta.com,pdf-menu-degil,https://www.yenilokanta.com/_files/ugd/174615_6282ec26cdd749739a9915e3c93e7b0a.pdf,0,
Yeşilköy Tavuk&Tavuk,,http://ytat.com.tr,menu bulunamadi,,0,
Yeniköy Lokantası,,https://facebook.com,menu bulunamadi,,0,
Yücetepe Kır Gazinosu,,https://yucetepe.com.tr,erisilemedi,,0,Page.goto: net::ERR_CERT_COMMON_NAME_INVALID at https://yuce
Yenıköy Kahvesı,,http://yenikoykahvesi.com,gorsel-ocr-gerekli,http://yenikoykahvesi.com/wp-content/gallery/menu/22.11.13.jpeg?t=1668359216,0,
Zeynel Gülkardeşler Kebap Salonu,,https://zeynelkebap.com,erisilemedi,,0,Page.goto: net::ERR_SSL_PROTOCOL_ERROR at https://zeynelkeba
Zennup 1844 Fişekhane,,https://zennup.com.tr,menu bulunamadi,,0,
ZeytinDalı Kır Bahçesi,,https://zeytindalikirbahcesi.com,erisilemedi,,0,Page.goto: net::ERR_NAME_NOT_RESOLVED at https://zeytindalik
youme smash burgers,,https://youmecadde.com,gorsel-ocr-gerekli,https://youmecadde.com/images/menu/kokorec-bites.webp,0,
Zhû İstanbul,,https://www.zhuistanbul.com,erisilemedi,,0,Page.goto: net::ERR_NAME_NOT_RESOLVED at https://www.zhuista
Zeytin Kurtköy,,https://www.zeytinrestoran.com,menu bulunamadi,,0,
Zeytin Ocakbaşı,,https://zeytinbostanci.com,menu bulunamadi,,0,
Zeplin Pub,,https://zeplinpub.com,menu bulunamadi,,0,
Zübeyir Ocakbaşı,,https://zubeyirocakbasi.com.tr,menu bulunamadi,,0,
Çanak Kebap,,http://www.canakkebap.com.tr,erisilemedi,,0,Page.goto: net::ERR_NAME_NOT_RESOLVED at http://www.canakkeb
ÇC Lider Pide Tepeüstü Otoparklı Şube,,https://www.liderpide.com.tr,erisilemedi,,0,Page.goto: net::ERR_SSL_PROTOCOL_ERROR at https://www.liderp
Çeşme Bazlama Kahvaltı,,http://bazlamakahvaltı.com,menu bulunamadi,,0,
Çakıl Meyhanesi,,https://www.cakilmeyhane.com,menu bulunamadi,,0,
Zuğa Beach & Restaurant,,https://www.zugabeachrestaurant.com,erisilemedi,,0,"Page.goto: Timeout 20000ms exceeded.
Call log:
  - navigatin"
Zürafa no 203,,https://www.no203.com,menu bulunamadi,,0,
Çikolatapare,,https://www.cikolatapare.com.tr,erisilemedi,,0,Page.goto: net::ERR_CERT_DATE_INVALID at https://www.cikolat
Çiya Sofrası,,http://www.ciya.com.tr,menu bulunamadi,,0,
Çiya Kebap 2,,http://www.ciya.com.tr,menu bulunamadi,,0,
Welldone,,https://www.well-done.com.tr,pdf-ocr-gerekli,https://www.well-done.com.tr/../assets/uploads/welldone_menu.pdf,0,
Çosa,,https://cosamutfak.com,erisilemedi,,0,Page.goto: net::ERR_NAME_NOT_RESOLVED at https://cosamutfak.
Çorbacı Ali Usta,,https://corbacialiusta.eatbu.com,menu bulunamadi,,0,
Çuf Çuf Cafe,,https://www.zomato.com,erisilemedi,,0,Page.goto: net::ERR_HTTP2_PROTOCOL_ERROR at https://www.zoma
Çınaraltı Dürüm,,http://www.cinaraltidurum.com,menu bulunamadi,,0,
Çorbacı Gada,,https://corbacigada.com,menu bulunamadi,,0,
Çeşme Kahve - Ümraniye,,https://cesmekahve.com,menu bulunamadi,,0,
Ülker Abla Ev Yemekleri,,https://ulkerablaevyemekleri.eatbu.com,menu bulunamadi,,0,
Şanda Tiryaki Ocakbaşı Restaurant,,https://sandatiryaki.com.tr,erisilemedi,,0,Page.goto: net::ERR_NAME_NOT_RESOLVED at https://sandatiryak
Çınaraltı Mangalbaşı,,https://www.cinaraltimangalbasi.com.tr,menu bulunamadi,,0,
Şaşkın Et Mangal,,http://www.saskinet.com.tr,menu bulunamadi,,0,
Şehbender 14,,http://www.sehbender14.com,erisilemedi,,0,Page.goto: net::ERR_NAME_NOT_RESOLVED at http://www.sehbende
Şenol Kolcuoğlu,,https://www.senolkolcuoglurestaurant.com,menu bulunamadi,,0,
Özgün Kokoreç,,https://www.ozgunkokorec.com,menu bulunamadi,,0,
Şaşkınbalık,,https://saskinbalik.com,menu bulunamadi,,0,
Şölen,,https://solendoner.com,erisilemedi,,0,Page.goto: net::ERR_NAME_NOT_RESOLVED at https://solendoner.
Ümit Pastanesi,,https://www.umitpastanesi.com.tr,menu bulunamadi,,0,
Çok Çok Thai Restaurant,,https://www.cokcok.com.tr,erisilemedi,,0,"Page.goto: Timeout 20000ms exceeded.
Call log:
  - navigatin"
911 Medusa,,https://911medusa35.com,menu bulunamadi,,0,
Akarca Restaurant,,https://www.ixirmenu.com,menu bulunamadi,,0,
Şevketin Yeri Samsun Pidesi & Mantı,,https://tr.foursquare.com,menu bulunamadi,,0,
1080 Coffe Shop,,https://www.1080coffeeshop.com,gorsel-ocr-gerekli,https://static.parastorage.com/services/restaurant-menus-showcase-ooi/340b3d41e47b0b3c427ac7115aed2a32ad5fd0d85acabf4431a36ccd/media/menus_side_image.7077f229.jpeg,0,
Altı Üstü Pilav,,https://www.altiustupilav.com,menu bulunamadi,,0,
Alaş Kımız Çiftliği,,http://kimizciftligi.com,menu bulunamadi,,0,
Şenol Kolcuoğlu,,https://www.senolkolcuoglu.com,pdf-ocr-gerekli,https://www.senolkolcuoglu.com/dijital-menu.pdf,0,
Asma Yaprağı,,https://www.asmayapragi.com.tr,menu bulunamadi,,0,
Adil Müftüoğlu,,https://adilmuftuoglu.com.tr,menu bulunamadi,,0,
Azmak Cafe,,https://cafeazmak.github.io,menu bulunamadi,,0,
Aziziye Restaurant,,http://aziziyerestaurant.net,menu bulunamadi,,0,
Ziyafet kuzu çevirme İstanbul,,https://ziyafetkuzucevirme.com,pdf-ocr-gerekli,https://img1.wsimg.com/blobby/go/159bbbf9-9236-4d49-9203-600dafe80198/ziyafet%20menu%20no%20price%20reduced%20s%C4%B1ze.pdf,0,
Barış Piliçmatik,,https://foursquare.com,menu bulunamadi,,0,
BİRALEM,,https://digitalmenucheck.com,menu bulunamadi,,0,
Atadan Fırın,,https://www.atadanbakery.com,menu bulunamadi,,0,
Belle Bakery & Social Zone,,https://menu.bellebakerysocialzone.com,menu bulunamadi,,0,
Buckin Coffee,,https://buckin.com.tr,menu bulunamadi,,0,
Buckin Coffee Çeşme Marina,,https://buckin.com.tr,menu bulunamadi,,0,
Café Descanso,,https://aninda.link,menu bulunamadi,,0,
co. inside,,https://coinsidecoffee.com,erisilemedi,,0,Page.goto: net::ERR_NAME_NOT_RESOLVED at https://coinsidecof
Cevizalti Kahvalti,,https://www.facebook.com,menu bulunamadi,,0,
Caffè Nero,,https://caffenero.com,menu bulunamadi,,0,
Ceka Life Yapı İnşaat,,https://cekalifeyapi.com,menu bulunamadi,,0,
By Melly,,https://bymelly.com,menu bulunamadi,,0,
Ergin Restaurant,,http://erginpansiyon.net,erisilemedi,,0,Page.goto: net::ERR_NAME_NOT_RESOLVED at http://erginpansiyo
Gelato Roma,,https://www.gelato.com.tr,erisilemedi,,0,Page.goto: net::ERR_CERT_COMMON_NAME_INVALID at https://www.
Celep,,https://celeprestaurant.com,menu bulunamadi,,0,
Dönerci Orhan,,http://donerciorhan.com,gorsel-ocr-gerekli,http://donerciorhan.com/img/site/icon/menu_icon.png,0,
GN Burger bar,,https://gnburger.com,erisilemedi,,0,Page.eval_on_selector_all: TypeError: Cannot read properties
Göbek Bostanlı,,https://gobekbostanli.com.tr,erisilemedi,,0,Page.goto: net::ERR_NAME_NOT_RESOLVED at https://gobekbostan
Colombia Coffee Urla Bamboo AVM,,https://www.colombiacoffeetr.com.tr,menu bulunamadi,,0,
Dodo Pizza,,https://dodopizza.com.tr,menu bulunamadi,,0,
Güverte Balık Restaurant,,https://www.guvertebalik.com,erisilemedi,,0,Page.goto: net::ERR_NAME_NOT_RESOLVED at https://www.guverte
Ferdi Baba,,https://ferdibaba.com.tr,menu bulunamadi,,0,
heroon Coffee,,https://heroon.com.tr,erisilemedi,,0,Page.goto: net::ERR_NAME_NOT_RESOLVED at https://heroon.com.
Hyra's Coffee & Bakery,,https://www.hyrascoffeebakery.com,erisilemedi,,0,Page.goto: net::ERR_NAME_NOT_RESOLVED at https://www.hyrasco
Gondol Kafe,,http://www.karsiyakakentas.com,menu bulunamadi,,0,
Kardeşler Büfe,,https://kardeslerbufe.com.tr,menu bulunamadi,,0,
Gülgün Pide,,https://www.gulgunpide.com,menu bulunamadi,,0,
Gumus Balik,,https://www.gumusbalik.com,menu bulunamadi,,0,
kokorecin alasi,,http://www.matchcostmetics.com,erisilemedi,,0,Page.goto: net::ERR_NAME_NOT_RESOLVED at http://www.matchcos
Kahve Diyarı,,https://www.kahvediyari.com.tr,menu bulunamadi,,0,
Gümüldür Mavi Deniz Pide & Kebap & Zeytin Yağlı,,https://www.mavidenizpide.com,menu bulunamadi,,0,
Köfteci Zeki Usta,,http://www.koftecizekiusta.com,gorsel-ocr-gerekli,https://www.koftecizekiusta.com/wp-content/uploads/2022/06/zeki_usta_menu_ic_02_montaj_orjinal_baski-6-150x150.jpg,0,
La Storia Coffee Shop,,https://www.lastoriacoffee.com,erisilemedi,,0,Page.goto: net::ERR_NAME_NOT_RESOLVED at https://www.lastori
Köyce,,https://www.urlakoyce.com.tr,menu bulunamadi,,0,
Köşe Kahve,,https://www.kosekahve.com,menu bulunamadi,,0,
Kavala  cafe,,https://www.kavalawinebistrobar.com,,,0,
Lozan Pastanesi,,https://lozanpastanesi.com.tr,erisilemedi,,0,Page.goto: net::ERR_CERT_DATE_INVALID at https://lozanpastan
Little One - Ebeveyn Cafe - Oyun Alanı,,https://littleoneguzelbahce.com,menu bulunamadi,,0,
Léone Patisserie & Boulangerie ALSANCAK,,https://leone-tr.com,menu bulunamadi,,0,
Léone Patisserie & Boulangerie HILLTOWN,,https://leone-tr.com,menu bulunamadi,,0,
Jefe Fabrika Satış Mağazası,,https://jefefood.com,menu bulunamadi,,0,
Léone Patisserie & Boulangerie URLA,,https://leone-tr.com,menu bulunamadi,,0,
Lime Alaçatı - İstinye Park,,https://limealacati.com,menu bulunamadi,,0,
Kasap Fuat,,https://www.kasapfuat.com,menu bulunamadi,,0,
Mercan,,https://mercanrestoran.com.tr,menu bulunamadi,,0,
Minimey Alaçatı,,https://minimey.com.tr,menu bulunamadi,,0,
Moka Beach,,https://www.mokabeach.com,menu bulunamadi,,0,
Mavi Değirmen,,https://mavidegirmen.com,pdf-menu-degil,https://img1.wsimg.com/blobby/go/518b00fb-42a5-4026-8831-f4cf15b636aa/MaviDegirmen_Sunum.pdf,0,
Number One,,https://www.nr1apart.com,erisilemedi,,0,Page.goto: net::ERR_NAME_NOT_RESOLVED at https://www.nr1apar
McDonald's,,https://mcdonalds.com.tr,gorsel-ocr-gerekli,https://www.mcdonalds.com.tr/Files/Slider/gmalite/c5a03601-335f-43a0-8ca1-6df9aab05e5f-2-li-mcchicken-menu-1920x800.jpg,0,
Orhanlı Büyülü Vadi Butik Otel-Cafe,,https://www.orhanlibuyuluvadi.com,erisilemedi,,0,Page.goto: net::ERR_NAME_NOT_RESOLVED at https://www.orhanli
pizzapizza,,https://www.pizzapizza.com.tr,erisilemedi,,0,Page.goto: net::ERR_NAME_NOT_RESOLVED at https://www.pizzapi
McDonald's,,https://mcdonalds.com.tr,gorsel-ocr-gerekli,https://www.mcdonalds.com.tr/Files/Slider/gmalite/c5a03601-335f-43a0-8ca1-6df9aab05e5f-2-li-mcchicken-menu-1920x800.jpg,0,
rePUBlic,,http://republicizmir.com,erisilemedi,,0,Page.goto: net::ERR_NAME_NOT_RESOLVED at http://republicizmi
quartet,,https://instagram.com,menu bulunamadi,,0,
Opera Coffee,,https://operacoffee.com.tr,menu bulunamadi,,0,
S.A.H.İ.L. Urla,,https://instagram.com,menu bulunamadi,,0,
Schnitzel Factory,,https://www.schnitzelfactory.com.tr,erisilemedi,,0,Page.goto: net::ERR_NAME_NOT_RESOLVED at https://www.schnitz
Murano's Kitchen Alsancak,,https://muranoskitchen.com.tr,erisilemedi,,0,"Page.goto: Timeout 20000ms exceeded.
Call log:
  - navigatin"
Murano's Kitchen Alsancak,,https://muranoskitchen.com.tr,erisilemedi,,0,"Page.goto: Timeout 20000ms exceeded.
Call log:
  - navigatin"
Murano's Kitchen Çeşme,,https://muranoskitchen.com.tr,erisilemedi,,0,"Page.goto: Timeout 20000ms exceeded.
Call log:
  - navigatin"
SushiCo,,https://www.sushico.com.tr,menu bulunamadi,,0,
Scappi (Swissôtel Büyük Efes),,https://ristorantescappi.com,menu bulunamadi,,0,
Tastyy,,https://tastyy.com.tr,menu bulunamadi,,0,
Starbucks,,http://starbucks.com.tr,menu bulunamadi,,0,
Tuck Coffee Etc,,https://www.tuckcoffee.com,menu bulunamadi,,0,
Varuna Gezgin,,https://varunagezgin.com,menu bulunamadi,,0,
Viking Pizzeria & Burger,,https://viking-pizzeria.com,menu bulunamadi,,0,
Yakamoz,,https://www.yakamozbar.com,erisilemedi,,0,Page.goto: net::ERR_NAME_NOT_RESOLVED at https://www.yakamoz
Villa Grilla,,https://www.villagrilla.com,gorsel-ocr-gerekli,https://www.villagrilla.com/img/menu.png,0,
Taşkent Fırın Cafe,,https://www.taskentekmek.com.tr,menu bulunamadi,,0,
Yandım Çavuş,,https://yandimcavus.com.tr,erisilemedi,,0,Page.goto: net::ERR_NAME_NOT_RESOLVED at https://yandimcavus
Ristorante Pizzeria Venedik,,https://www.pizzavenedik.com,pdf-ocr-gerekli,https://www.pizzavenedik.com/wp-content/uploads/2026/07/WEB_Sarap-menusu-Temmuz-2026.pdf,0,
Viramor Balık Restoran,,https://www.facebook.com,menu bulunamadi,,0,
Çaykovski,,https://caykovski.com,erisilemedi,,0,Page.goto: net::ERR_NAME_NOT_RESOLVED at https://caykovski.c
Özmert Kokoreç ve Söğüş,,http://ozmertkokorec.com.tr,erisilemedi,,0,Page.goto: net::ERR_NAME_NOT_RESOLVED at http://ozmertkokore
Yalı Restoran,,https://www.yalibutikpansiyon.com,menu bulunamadi,,0,
Waffle atölyesi,,https://waffleatolyesi.com,gorsel-ocr-gerekli,https://static.parastorage.com/services/restaurant-menus-showcase-ooi/340b3d41e47b0b3c427ac7115aed2a32ad5fd0d85acabf4431a36ccd/media/menus_side_image.7077f229.jpeg,0,
Zeplin Alacatı,,https://zeplinpub.com,menu bulunamadi,,0,
Yasam Vegan Kafe,,https://yasamfoods.com,menu bulunamadi,,0,
Ani Ocakbasi,,http://www.aniocakbasi.com,erisilemedi,,0,Page.goto: net::ERR_NAME_NOT_RESOLVED at http://www.aniocakb
Şımarık Meyhane,,https://simarikmeyhane.net,menu bulunamadi,,0,
ØDEGARD,,https://www.theodegard.com,gorsel-ocr-gerekli,https://static.parastorage.com/services/restaurant-menus-showcase-ooi/340b3d41e47b0b3c427ac7115aed2a32ad5fd0d85acabf4431a36ccd/media/menus_side_image.7077f229.jpeg,0,
İzbeli Çiftliği,,http://www.izbeliciftligi.com,erisilemedi,,0,Page.goto: net::ERR_NAME_NOT_RESOLVED at http://www.izbelici
Çiy Restaurant,,https://ciy.com.tr,menu bulunamadi,,0,
Münire Sultan Sofrası,,https://www.muniresultansofrasi.com,menu bulunamadi,,0,
Beştepe Restaurant,,http://www.besteperestaurant.com,menu bulunamadi,,0,
Bolu Mangal,,https://www.kayseribolumangal.com,erisilemedi,,0,Page.goto: net::ERR_NAME_NOT_RESOLVED at https://www.kayseri
Develi Mangal Restaurant,,https://develimangal.com.tr,erisilemedi,,0,Page.goto: net::ERR_NAME_NOT_RESOLVED at https://develimanga
TheStock,,https://thestockcoffee.com,menu bulunamadi,,0,
Tavuk Dünyası,,https://www.tavukdunyasi.com,menu bulunamadi,,0,
Özsüt,,http://www.ozsut.com.tr,erisilemedi,,0,"Page.goto: Timeout 20000ms exceeded.
Call log:
  - navigatin"
Erciyes Binicilik Ve Kahvaltı,,https://www.erciyesbinicilik.com,menu bulunamadi,,0,
Elmacıoğlu İskender,,https://www.elmaciogluiskender.com,menu bulunamadi,,0,
Glutensiz Kafe | Kaytur,,https://www.glutensizkaytur.com,menu bulunamadi,,0,
Özsüt Cafe,,https://www.ozsut.com.tr,pdf-ocr-gerekli,https://ozsut.com.tr/site/images/Ozsut-2025-2026-Yaz-Menusu.pdf,0,
Chocolabs Kastamonu,,https://chocolabs.com.tr,,,0,pdf hata: 
Erguvan Restoran | Kaytur,,http://www.kaytur.com.tr,erisilemedi,,0,"Page.goto: Timeout 20000ms exceeded.
Call log:
  - navigatin"
GUBATE RESTAURANT,,https://www.gubate.com.tr,menu bulunamadi,,0,
Erguvan Restoran | Kaytur,,http://www.kaytur.com.tr,erisilemedi,,0,"Page.goto: Timeout 20000ms exceeded.
Call log:
  - navigatin"
Huga Künefe,,https://hugakunefe.com,menu bulunamadi,,0,
Biberzade Çiğköfte,,https://biberzade.com,menu bulunamadi,,0,
Tıqın Fast Food,,https://tiqinfastfood.com.tr,menu bulunamadi,,0,
Saklıkent Beylerbeyi Çiftliği,,http://www.saklıkentbeylerbeyiciftligi.com,erisilemedi,,0,Page.goto: net::ERR_NAME_NOT_RESOLVED at http://www.xn--sakl
Emirgan Köftecisi | Kaytur,,https://www.kaytur.com.tr,pdf-ocr-gerekli,https://www.kaytur.com.tr/kisisel-verilerin-korunmasi.pdf,0,
Grid Restoran,,https://www.balkayaciftligi.com,menu bulunamadi,,0,
Kahve Tutkusu Pınarhisar,,https://karekodrestaurantmenu.com,menu bulunamadi,,0,
Sini Kebap,,https://www.sinikebap.com,erisilemedi,,0,"Page.goto: Timeout 20000ms exceeded.
Call log:
  - navigatin"
Doğalhane,,https://dogalhane.com,menu bulunamadi,,0,
Yenice Köylü Kır Lokantası - Çamlık,,https://yenice.com.tr,menu bulunamadi,,0,
Fun & Fam Cafe,,https://funandfam.com.tr,menu bulunamadi,,0,
Kare Restaurant,,https://www.karerestaurant.com,erisilemedi,,0,Page.goto: net::ERR_NAME_NOT_RESOLVED at https://www.kareres
Eylül Cafe,,https://www.facebook.com,menu bulunamadi,,0,
Cevizdibi Yıldız Restaurant,,https://cevizdibi.com.tr,menu bulunamadi,,0,
Happymoon’s Cafe,,http://www.happymoons.com.tr,menu bulunamadi,,0,
Maksut Bey,,https://www.maksutbey.com.tr,menu bulunamadi,,0,
Mixsos Körfez,,https://www.mixsos.com,menu bulunamadi,,0,
Nil Garden Kahvaltı,,http://nilgardenkahvalti.metro.biz,menu bulunamadi,,0,
RC Restaurant & Winehouse,,https://www.referenceclub.com.tr,menu bulunamadi,,0,
The Reference Club 2  - Restaurant & Konaklama,,https://www.referenceclub.com.tr,menu bulunamadi,,0,
McDonald's,,https://mcdonalds.com.tr,gorsel-ocr-gerekli,https://www.mcdonalds.com.tr/Files/Slider/gmalite/c5a03601-335f-43a0-8ca1-6df9aab05e5f-2-li-mcchicken-menu-1920x800.jpg,0,
Pasaport Pizza,,http://pasaportpizza.com,gorsel-ocr-gerekli,http://pasaportpizza.com/img/products/kampanyalar/genc-menu.png,0,
Yayla Alabalık Maşukiye,,https://www.yaylaalabalikmasukiye.com,erisilemedi,,0,Page.goto: net::ERR_NAME_NOT_RESOLVED at https://www.yaylaal
Maçka İşkembe,,https://www.macka.com.tr,erisilemedi,,0,"Page.goto: Timeout 20000ms exceeded.
Call log:
  - navigatin"
Yağız Et & Kebap Pide Lahmacun İşkembe,,https://www.yagizkebap.com,erisilemedi,,0,Page.goto: net::ERR_NAME_NOT_RESOLVED at https://www.yagizke
Zemonia Coffee,,http://www.zemonia.com,erisilemedi,,0,Page.goto: net::ERR_NAME_NOT_RESOLVED at http://www.zemonia.
Taşhan Cafe Restaurant,,https://www.mygreen.com.tr,menu bulunamadi,,0,
Zemonia Coffee,,http://zemonia.com,erisilemedi,,0,Page.goto: net::ERR_NAME_NOT_RESOLVED at http://zemonia.com/
The Co.,,https://www.coffeetheco.com,menu bulunamadi,,0,
Tchibo,,http://tchibo.com.tr,menu bulunamadi,,0,
Ali Baba 2 Firin Kebap,,https://www.konyafirinkebabi.com,erisilemedi,,0,Page.goto: net::ERR_CONNECTION_REFUSED at https://www.konyaf
Chocolabs,,https://chocolabs.com.tr,erisilemedi,,0,Page.goto: net::ERR_CONNECTION_RESET at https://chocolabs.co
Zenka Baklava,,https://zenkabaklava.com,menu bulunamadi,,0,
Özler Lezzet Pazarı,,https://ozleret.com,menu bulunamadi,,0,
"Pure Black Coffee, Alikahya",,https://www.pureblack.coffee,menu bulunamadi,,0,
Iconium Pizza,,https://iconiumpizza.com,erisilemedi,,0,Page.goto: net::ERR_NAME_NOT_RESOLVED at https://iconiumpizz
Konya Sufi Restaurant Geleneksel Konya Mutfağı,,https://sufirestoran.com.tr,erisilemedi,,0,Page.goto: net::ERR_NAME_NOT_RESOLVED at https://sufirestora
Brew Mood Coffee & Tea Konya,,https://www.brewmood.com.tr,menu bulunamadi,,0,
Dudu Fırın Kahve,,https://dudufirin.com,menu bulunamadi,,0,
Hasan Şendağlı - Türbe Önü,,https://hasansendagli.com,menu bulunamadi,,0,
Divane Kahve Evi,,https://www.divanekahveevi.com,menu bulunamadi,,0,
Kırkikindi Pastane Türbe Önü,,https://kirkikindi.com.tr,pdf-ocr-gerekli,https://www.konbeltas.com/menuler/kirkikindi-restoran.pdf,0,
Kırkikindi Pastane Meydan Evleri,,https://kirkikindi.com.tr,pdf-ocr-gerekli,https://www.konbeltas.com/menuler/kirkikindi-restoran.pdf,0,
Dudu Gelato,,https://dudufirin.com,menu bulunamadi,,0,
Maruf Türbeönü Lokantası,,https://turbeonu.com,menu bulunamadi,,0,
Rolik sushi Konya,,https://roliksushi.com,menu bulunamadi,,0,
Mikel Coffee Meram,,https://mikelcoffee.com,erisilemedi,,0,"Page.goto: Timeout 20000ms exceeded.
Call log:
  - navigatin"
Simit Durağı 3,,http://slcklusimitduragi.wixsite.com,menu bulunamadi,,0,
Sultan Somatı Restaurant,,https://www.sultansomati.com.tr,menu bulunamadi,,0,
Ohannes Burger Konya,,https://ohannesburger.com,menu bulunamadi,,0,
Mevlevi Sofrası 1971,,https://www.mevlevisofrasi.com,menu bulunamadi,,0,
Palize,,https://palize.com.tr,pdf-ocr-gerekli,https://www.konbeltas.com/menuler/palize.pdf,0,
Şehr-i Çorba,,https://www.sehricorba.com,erisilemedi,,0,Page.eval_on_selector_all: TypeError: Cannot read properties
Boston Drink & Dessert,,https://bostondd.com,menu bulunamadi,,0,
Çıtır Simit,,https://www.meramcitirsimit.com,erisilemedi,,0,"Page.goto: Timeout 20000ms exceeded.
Call log:
  - navigatin"
Mülayimoğulları,,http://www.mulayimogullari.com,erisilemedi,,0,Page.goto: net::ERR_NAME_NOT_RESOLVED at http://www.mulayimo
Pasaport Pizza,,https://www.pasaportpizza.com,erisilemedi,,0,Page.goto: net::ERR_CERT_COMMON_NAME_INVALID at https://www.
Colombia Coffee,,https://www.colombiacoffeetr.com.tr,menu bulunamadi,,0,
Donas,,https://donas.com.tr,erisilemedi,,0,"Page.goto: Timeout 20000ms exceeded.
Call log:
  - navigatin"
Fesleğen Restoran,,https://feslegenrestoran.com,erisilemedi,,0,"Page.goto: Timeout 20000ms exceeded.
Call log:
  - navigatin"
The Hunger,,https://thehunger.com.tr,menu bulunamadi,,0,
Restaurat Günet,,https://nemrutgunesmotel.com,menu bulunamadi,,0,
Popeyes,,https://www.popeyes.com.tr,erisilemedi,,0,"Page.goto: Timeout 20000ms exceeded.
Call log:
  - navigatin"
Tavuk Dünyası,,https://www.tavukdunyasi.com,menu bulunamadi,,0,
Nimora Coffee & Bakery,,https://nimoracoffee.com,erisilemedi,,0,Page.goto: net::ERR_NAME_NOT_RESOLVED at https://nimoracoffe
Timboo Cafe,,https://www.timboocafe.com,pdf-ocr-gerekli,https://www.timboocafe.com/timboo-tr.pdf,0,
Sbarro,,https://www.sbarro.com.tr,menu bulunamadi,,0,
Tavuk Dünyası,,https://www.tavukdunyasi.com,menu bulunamadi,,0,
Taylan Restaurant,,https://taylangida.com.tr,erisilemedi,,0,"Page.goto: Timeout 20000ms exceeded.
Call log:
  - navigatin"
Hivroj Konak Cafe,,https://hivrojcafe.tetratasarim.net,erisilemedi,,0,"Page.goto: Timeout 20000ms exceeded.
Call log:
  - navigatin"
Tarihi Mardin Kahvaltıcısı,,https://tarihimardinkahvalticisi.com,menu bulunamadi,,0,
Yahya Usta,,https://www.tripadvisor.com.tr,menu bulunamadi,,0,
Sadik Künefe,,https://www.sadikkunefe.com,menu bulunamadi,,0,
Cafe Betul,,https://berullezzetleri.com,erisilemedi,,0,Page.goto: net::ERR_NAME_NOT_RESOLVED at https://berullezzet
Caffe dei Fiori,,https://caffedeifiori.com.tr,erisilemedi,,0,Page.goto: net::ERR_NAME_NOT_RESOLVED at https://caffedeifio
Sadık Künefe,,https://www.sadikkunefe.com,erisilemedi,,0,"Page.goto: Timeout 20000ms exceeded.
Call log:
  - navigatin"
Bayram-Et Mersin,,https://www.bayramet.com.tr,erisilemedi,,0,"Page.goto: Timeout 20000ms exceeded.
Call log:
  - navigatin"
Cantina dei Fiori,,https://cantinadeifiori.com,erisilemedi,,0,Page.goto: net::ERR_NAME_NOT_RESOLVED at https://cantinadeif
Caribou Coffee,,https://www.cariboucoffee.com.tr,erisilemedi,,0,Page.goto: net::ERR_CERT_DATE_INVALID at https://www.caribou
Boho Selefkia,,https://instagram.com,menu bulunamadi,,0,
Burger Town,,https://burgertown.com.tr,menu bulunamadi,,0,
BistraVilla,,https://www.bistravilla.com,gorsel-ocr-gerekli,https://vdc01-cdnv2.akinsoft.com.tr/qrmenu-storage/775568cd-d477-4799-bb07-ac2a72723c12.png,0,
Gül Cafe Plus,,https://gulcafeplus.com,erisilemedi,,0,Page.goto: net::ERR_NAME_NOT_RESOLVED at https://gulcafeplus
Hazan Usta Tantuni,,https://yemeksepeti.com,menu bulunamadi,,0,
Caffeine Coffee,,https://caffeineroaster.com,erisilemedi,,0,"Page.goto: Timeout 20000ms exceeded.
Call log:
  - navigatin"
Caffeine Coffee Roaster,,https://www.caffeineroaster.com,erisilemedi,,0,"Page.goto: Timeout 20000ms exceeded.
Call log:
  - navigatin"
Gloria Jean's,,https://www.gloriajeans.com.tr,menu bulunamadi,,0,
Dodo Pizza,,https://dodopizza.com.tr,menu bulunamadi,,0,
Jomo Lounge,,https://jomomersin.com,menu bulunamadi,,0,
Küfi Coffee,,https://kuficoffeefood.com,menu bulunamadi,,0,
Dodo Pizza,,https://dodopizza.com.tr,erisilemedi,,0,"Page.goto: Timeout 20000ms exceeded.
Call log:
  - navigatin"
Mangal Restoran,,https://mangal.com.tr,,,0,
Nergizli Tesisleri Pirzolacı Ferhat,,https://nergizlitesisleri.com,menu bulunamadi,,0,
Memoş Tantuni,,https://memostantuni.com,menu bulunamadi,,0,
Otto,,https://ottobrosburgercafe.com,erisilemedi,,0,Page.goto: net::ERR_NAME_NOT_RESOLVED at https://ottobrosbur
Park Point,,http://parkpointcafe.com,erisilemedi,,0,Page.goto: net::ERR_NAME_NOT_RESOLVED at http://parkpointcaf
Next Republic Mersin,,http://nextrepublic.com.tr,menu bulunamadi,,0,
Ohannes Burger Silifke,,https://ohannesburger.com,gorsel-ocr-gerekli,https://dpqemkjot00yr.cloudfront.net/sales-category/original/iconmenu-b-1715369047.png,0,
Oses Çiğköfte,,https://www.oses.com.tr,menu bulunamadi,,0,
Safarim Cafe,,https://safarimcafe.com,erisilemedi,,0,Page.goto: net::ERR_NAME_NOT_RESOLVED at https://safarimcafe
Saffron Restaurant & Bistro,,https://saffronfish.com,erisilemedi,,0,Page.goto: net::ERR_NAME_NOT_RESOLVED at https://saffronfish
L-Alem Cafe & Restaurant,,https://vk.com,menu bulunamadi,,0,
Rolik sushi Mersin,,https://mersin.roliksushi.com,menu bulunamadi,,0,
Sabah Et Lokantası,,https://sabahlokantasi.com.tr,menu bulunamadi,,0,
Додо Пицца,,https://dodopizza.com.tr,menu bulunamadi,,0,
Sabah Et Lokantası Mezitli,,https://sabahlokantasi.com.tr,menu bulunamadi,,0,
Antepli Çıtırım,,http://www.anteplicitirim.com,erisilemedi,,0,Page.goto: net::ERR_NAME_NOT_RESOLVED at http://www.anteplic
1200 Rakim,,https://www.babadagteleferik.com.tr,menu bulunamadi,,0,
Sabah Et Lokantası Pozcu,,https://sabahlokantasi.com.tr,menu bulunamadi,,0,
Beach Bars,,https://bennubodrum.com,erisilemedi,,0,Page.goto: net::ERR_NAME_NOT_RESOLVED at https://bennubodrum
Alfheim,,https://h28249.bisiparis.com,menu bulunamadi,,0,
Agora Gurme Restoran ve Yöresel Ürünler,,https://www.agoragurme.com,menu bulunamadi,,0,
Beer Land - Beer Пиво,,http://www.thebottlesitsbeertime.com,menu bulunamadi,,0,
Babadag 1700 Grill & Bar,,https://www.babadagteleferik.com.tr,menu bulunamadi,,0,
Bodrum Pier,,http://www.bodrumpier.com.tr,erisilemedi,,0,Page.goto: net::ERR_NAME_NOT_RESOLVED at http://www.bodrumpi
Atlas Bikery Cafe,,https://fethiyebike.com,menu bulunamadi,,0,
Blisss,,https://blissstr.com,erisilemedi,,0,Page.goto: net::ERR_CERT_DATE_INVALID at https://blissstr.co
Behabey,,https://www.behabey.com,menu bulunamadi,,0,
Buena Vista Restaurant & Hotel Bozburun,,http://hotelbozburun.com,erisilemedi,,0,Page.goto: net::ERR_NAME_NOT_RESOLVED at http://hotelbozburu
Anjelika Kitchen,,https://www.yoncaanjelikahotel.com,,,0,pdf hata: Server disconnected without sending a re
Camp Nasuh Caffeteria,,https://www.campnasuh.com,erisilemedi,,0,Page.goto: net::ERR_NAME_NOT_RESOLVED at https://www.campnas
Cafe Cafen,,https://www.cafecafen.com,menu bulunamadi,,0,
Bella Gusto,,https://www.bellagusto.com,menu bulunamadi,,0,
Books & Coffee Marmaris,,https://books-coffee.com,menu bulunamadi,,0,
Cadde Döner Türkbükü,,https://instagram.com,menu bulunamadi,,0,
Dede restaurant,,https://dederestaurant.com,,,0,
Civciv Waffle Dondurma,,https://www.civcivwaffle.com,menu bulunamadi,,0,
Demir restaurant,,http://www.demirrestaurant.com,menu bulunamadi,,0,
Deniz Kızı Restaurant,,https://dalyanteknekoop.com,menu bulunamadi,,0,
Foırtissimo Bodrum,,https://www.fortisimo.net,erisilemedi,,0,Page.goto: net::ERR_NAME_NOT_RESOLVED at https://www.fortisi
Franco Cafe Beach,,https://franco_cafebeach,erisilemedi,,0,Page.goto: net::ERR_NAME_NOT_RESOLVED at https://franco_cafe
Eda Balık Restaurant & Motel,,https://www.edamotel.com,menu bulunamadi,,0,
Ekin Kır Evi Restoran,,https://ekinkirevi.com,menu bulunamadi,,0,
Buzz Beach Bar,,http://buzzbeachbar.com,pdf-ocr-gerekli,http://buzzbeachbar.com/images/2026-07-dinner.pdf,0,
Fredonia Coffee,,https://www.facebook.com,menu bulunamadi,,0,
GlassHouse,,https://ahama.guestservice.app,menu bulunamadi,,0,
Demeter Restaurant & Bar,,https://www.demeterbar.com,menu bulunamadi,,0,
Göcek Denizatı Restaurant & Bar,,http://www.gocekdenizati.com,erisilemedi,,0,Page.goto: net::ERR_NAME_NOT_RESOLVED at http://www.gocekden
Göcek Alaturka Cafe & Restaurant,,https://www.gocekalaturka.com,erisilemedi,,0,Page.goto: net::ERR_CERT_DATE_INVALID at https://www.gocekal
Güneş Büfe Kahvaltı Evi,,http://datcagunesbufe.com,menu bulunamadi,,0,
Kai Beach,,https://kai.com.tr,erisilemedi,,0,Page.goto: net::ERR_NAME_NOT_RESOLVED at https://kai.com.tr/
Gloria Jean's,,https://www.gloriajeans.com.tr,menu bulunamadi,,0,
Help Beach and Yacht Club,,http://helpbeachandyachtclub.com,menu bulunamadi,,0,
Kurul Bitez,,https://kurulbitez.com,menu bulunamadi,,0,
Küçük Ev,,https://facebook.com,menu bulunamadi,,0,
Levant Ocakbaşı,,https://levant-ocakbas.business.site,menu bulunamadi,,0,
Chez La Vie,,https://chezlavieeatery.com,menu bulunamadi,,0,
Love breakfast,,https://rests.app,erisilemedi,,0,"Page.goto: net::ERR_NAME_NOT_RESOLVED at https://rests.app/
"
Mandarins Dalyan,,https://mandarins.online,erisilemedi,,0,Page.goto: net::ERR_NAME_NOT_RESOLVED at https://mandarins.o
İksirci Tezcan,,https://www.orkaboutique.com,pdf-menu-degil,https://www.orkaboutique.com/mesafeli-satis-sozlesmesi.pdf,0,
Gusto Marina,,https://gustomarmaris.com,menu bulunamadi,,0,
Likya restaurant & camping,,https://www.facebook.com,menu bulunamadi,,0,
Memed Ocakbaşı,,https://memedocakbasi.com,menu bulunamadi,,0,
Muzzy's Place,,http://www.muzzysplacekayakoy.com,erisilemedi,,0,Page.goto: net::ERR_NAME_NOT_RESOLVED at http://www.muzzyspl
Midyeci Şehmus Usta'nın Yeri,,https://www.sehmususta.com,erisilemedi,,0,Page.goto: net::ERR_CERT_DATE_INVALID at https://www.sehmusu
Lumina Maris Ölüdeniz,,https://www.luminamarisoludeniz.com,menu bulunamadi,,0,
Misk Yalıkavak,,https://www.miskistanbul.com,menu bulunamadi,,0,
Melinda Restaurant,,https://www.melinda.com.tr,menu bulunamadi,,0,
Llull Tersane,,https://www.llulltersane.com,menu bulunamadi,,0,
Pasaport Pizza,,https://www.pasaportpizza.com,erisilemedi,,0,Page.goto: net::ERR_CERT_COMMON_NAME_INVALID at https://www.
Novikov,,https://www.novikov-restaurants.com,menu bulunamadi,,0,
Payidar Salon,,https://payidarsalon.com,erisilemedi,,0,Page.goto: net::ERR_NAME_NOT_RESOLVED at https://payidarsalo
Patara Green Park,,http://pataragreenpark.com,menu bulunamadi,,0,
Pamukkale,,https://pamukkaleotelrestaurant.com,gorsel-ocr-gerekli,https://pamukkaleotelrestaurant.com/wp-content/uploads/2019/09/menu-baslik.jpg,0,
Paşafırını,,https://www.pasafirini.com.tr,pdf-menu-degil,https://www.pasafirini.com.tr/uploadqr/dijitalmenu.pdf,0,
Raca Kitchen,,http://racakirchen.com,erisilemedi,,0,Page.goto: net::ERR_NAME_NOT_RESOLVED at http://racakirchen.
Olive Garden Kabak,,https://www.olivegardenkabak.com,pdf-ocr-gerekli,https://www.olivegardenkabak.com/_files/ugd/db00b1_15d62a89eddb4dbca706d75731a669ea.pdf,0,
Pineapple restaurant,,https://www.pineapple.com.tr,menu bulunamadi,,0,
Rove Bodrum,,https://www.rovebodrum.com,menu bulunamadi,,0,
Rups By The Sea,,https://rups.com.tr,menu bulunamadi,,0,
Mynos,,https://mynos.com.tr,pdf-ocr-gerekli,https://mynos.com.tr/MENU_DRINKS_2026.pdf,0,
Saliha Sultan,,https://www.salihasultan.com.tr,menu bulunamadi,,0,
Pizza Rucola Bodrum Boğaziçi,,https://pizzarucola.com,gorsel-ocr-gerekli,https://www.pizzarucola.com/wp-content/uploads/2023/01/menu-pizza.png,0,
Saliha Sultan,,https://www.salihasultan.com.tr,menu bulunamadi,,0,
Smooth Coffee,,https://smoothcoffee.com.tr,erisilemedi,,0,Page.goto: net::ERR_NAME_NOT_RESOLVED at https://smoothcoffe
SO Datça Cafe&Store,,https://soliving.shop,erisilemedi,,0,Page.goto: net::ERR_NAME_NOT_RESOLVED at https://soliving.sh
Orfoz,,https://orfoz.net,pdf-ocr-gerekli,https://www.orfoz.net/_files/ugd/ac7294_d2f3e7687096437691761a6d177bea93.pdf,0,
Vera Beach Hotel,,https://verabeachhotel.com,erisilemedi,,0,Page.goto: net::ERR_NAME_NOT_RESOLVED at https://verabeachho
Saliha Sultan,,https://www.salihasultan.com.tr,menu bulunamadi,,0,
Zeynep,,https://zeyneperkan731,erisilemedi,,0,Page.goto: net::ERR_NAME_NOT_RESOLVED at https://zeyneperkan
Sakhalin Bodrum,,https://sakhalin-bodrum.wrf.su,pdf-ocr-gerekli,https://wrf.su/Sakhalin_Main_bodrum_tur+rus.pdf,0,
Yuvarlakçay Defne Restaurant,,https://topgozudefnerestoran.com,gorsel-ocr-gerekli,https://topgozudefnerestoran.com/uploads/food-menu-129.jpeg,0,
Sarıyer Börekçisi,,https://fethiyesariyerborekcisi.com,gorsel-ocr-gerekli,https://menu.fethiyesariyerborekcisi.com/wp-content/uploads/2021/10/fethiye-sariyer-borekcisi-logo.png,0,
Şişko Perihan Yalıkavak,,https://siskoperihan.com.tr,erisilemedi,,0,Page.goto: net::ERR_NAME_NOT_RESOLVED at https://siskoperiha
Bizim Ev,,https://bizim-ev.com,erisilemedi,,0,Page.goto: net::ERR_SSL_PROTOCOL_ERROR at https://bizim-ev.c
Saliha Sultan,,https://www.salihasultan.com.tr,erisilemedi,,0,"Page.goto: Timeout 20000ms exceeded.
Call log:
  - navigatin"
Cappa Masa,,https://cappamasa.com,menu bulunamadi,,0,
Çarıklı,,https://www.carikli.com.tr,pdf-menu-degil,https://www.carikli.com.tr/./menu.pdf,0,
Çiftlik Döner,,http://www.ciftlikdoner.com.tr,gorsel-ocr-gerekli,http://ciftlikdoner.com.tr/wp-content/uploads/2026/05/2li-pepsi-menu-120x120.webp,0,
Ferize Meyhane,,https://www.ferize.com.tr,menu bulunamadi,,0,
Firin Expres,,http://www.firinexpres.com,erisilemedi,,0,Page.goto: net::ERR_NAME_NOT_RESOLVED at http://www.firinexp
Göre Anatolian Restaurant Cappadocia,,https://www.goreanatolian.com,erisilemedi,,0,Page.goto: net::ERR_NAME_NOT_RESOLVED at https://www.goreana
Ferize Restaurant,,https://ferize.com.tr,menu bulunamadi,,0,
Trio Cafe,,https://triofethiye.com,pdf-menu-degil,https://www.triofethiye.com/wp-content/uploads/2025/03/TrioWineMenu.pdf,0,
Kocabağ Şarapları,,http://www.kocabag.com,menu bulunamadi,,0,
Le Mouton Rouge,,https://www.le-mouton-rouge.com,erisilemedi,,0,Page.goto: net::ERR_NAME_NOT_RESOLVED at https://www.le-mout
Hanedan,,http://avanoshanedanrestaurant.com,menu bulunamadi,,0,
Nucello Cigköfte Salonu,,http://www.nucello.com,erisilemedi,,0,Page.goto: net::ERR_NAME_NOT_RESOLVED at http://www.nucello.
Piri ZARA Tours & Travel Coffee Shop,,https://www.pirizaratravel.com.tr,erisilemedi,,0,Page.goto: net::ERR_NAME_NOT_RESOLVED at https://www.pirizar
Meihua Chinese restaurant,,https://m.facebook.com,menu bulunamadi,,0,
Köşebaşı Kapadokya,,http://kosebasi.com,menu bulunamadi,,0,
Quick China,,https://quickchina.com.tr,menu bulunamadi,,0,
Tarihi Kebapçı Mustafa Usta,,https://tarihikebapcımustafausta.com,menu bulunamadi,,0,
WOOD FIRE BARBEQUE,,https://www.woodfirebarbeque.com,menu bulunamadi,,0,
YASTIK LOUNGE,,https://www.yastikhouses.com,menu bulunamadi,,0,
Ekonomik Balık,,https://www.ekonomikbalik.com,erisilemedi,,0,"Page.goto: Timeout 20000ms exceeded.
Call log:
  - navigatin"
Zelve,,http://www.zelvehotelrestaurant.com,erisilemedi,,0,Page.goto: net::ERR_NAME_NOT_RESOLVED at http://www.zelvehot
Zelve,,http://zelvehotel-restaurant.com,menu bulunamadi,,0,
52/24 Restaurant,,https://www.5224restaurant.com,erisilemedi,,0,Page.goto: net::ERR_NAME_NOT_RESOLVED at https://www.5224res
Topuzlu Han Restoran,,https://www.nevsehir.pol.tr,pdf-ocr-gerekli,https://www.nevsehir.pol.tr/kurumlar/nevsehir.pol.tr/Kurumsal/Kurumsal-Dosya-Plani.pdf,0,
Yaşar Baba Restaurant,,https://yasarbaba.com,menu bulunamadi,,0,
Janus Cappadocia Restaurant,,https://januscappadocia.com.tr,erisilemedi,,0,"Page.goto: Timeout 20000ms exceeded.
Call log:
  - navigatin"
Janus Cappadocia Restaurant,,https://www.januscappadocia.com.tr,erisilemedi,,0,"Page.goto: Timeout 20000ms exceeded.
Call log:
  - navigatin"
Zerdali,,https://www.isturturizm.com.tr,menu bulunamadi,,0,
Bulvar Cafe & Restoran,,http://bulvarcafe.com,menu bulunamadi,,0,
Rafine Cafe,,http://www.rafinecafe.com,erisilemedi,,0,Page.goto: net::ERR_NAME_NOT_RESOLVED at http://www.rafineca
Can Pasta,,https://canpasta.com,menu bulunamadi,,0,
Ensar Vakfı Gençlere Çağrı Gelişim Merkezi,,https://ensar.org,pdf-ocr-gerekli,https://media.ensar.org/dir/ensar/kurumsal-kimlik.pdf,0,
Meşhur Pide,,https://www.meshurpide.com,menu bulunamadi,,0,
Lale Lokantasi,,https://www.lalelokantasi.com,erisilemedi,,0,Page.goto: net::ERR_CERT_DATE_INVALID at https://www.lalelok
Liqapafruitjuicebreakfast,,https://www.liqapa.com.tr,erisilemedi,,0,Page.goto: net::ERR_HTTP2_PROTOCOL_ERROR at https://www.liqa
timyalokantacılık,,http://www.timyalokantacilik.com,erisilemedi,,0,Page.goto: net::ERR_NAME_NOT_RESOLVED at http://www.timyalok
Hüsrev Lokantari,,http://www.husrev.com.tr,menu bulunamadi,,0,
Aylanin Yeri,,https://www.aylaninyeri.com,gorsel-ocr-gerekli,https://www.aylaninyeri.com/../images/menuresimKahvalti.jpg,0,
Aktaşlar Restaurant Çarşı,,http://www.aktaslarrestaurant.com,erisilemedi,,0,"Page.goto: Timeout 20000ms exceeded.
Call log:
  - navigatin"
Denizciler,,https://www.denizcilerdondurma.com,erisilemedi,,0,"Page.goto: Timeout 20000ms exceeded.
Call log:
  - navigatin"
Burger Yiyelim - Sakarya,,https://www.burgeryiyelim.com,menu bulunamadi,,0,
Ehlikeyf Canlıbalık,,http://www.sapancaehlikeyf.com,erisilemedi,,0,Page.goto: net::ERR_NAME_NOT_RESOLVED at http://www.sapancae
Diver Street Food,,https://diverstreetfood.com,menu bulunamadi,,0,
Diver Street Food,,https://diverstreetfood.com,menu bulunamadi,,0,
Hacı Arif Lokantası,,https://www.haciariflokantasi.com,menu bulunamadi,,0,
Kvacoli Balık Lokantası,,https://www.kvacoli.com,erisilemedi,,0,"Page.goto: Timeout 20000ms exceeded.
Call log:
  - navigatin"
Qırım Han Döner Lokantası,,https://www.qirimhandoner.com,menu bulunamadi,,0,
Şesu Şerefiye Selim Usta,,https://serefiyeselimusta.com.tr,erisilemedi,,0,Page.goto: net::ERR_NAME_NOT_RESOLVED at https://serefiyesel
Adventure Park,,http://www.samsunadventurepark.com,erisilemedi,,0,Page.goto: net::ERR_NAME_NOT_RESOLVED at http://www.samsunad
Maja,,https://majakirkpinar.com,menu bulunamadi,,0,
Pekara,,https://www.pekara.com.tr,menu bulunamadi,,0,
SASA Harmanlık Restoran,,https://www.sasasapanca.com,pdf-ocr-gerekli,https://www.sasasapanca.com/menu.pdf,0,
Cigerci Hamza,,http://www.cigercihamza.com.tr,erisilemedi,,0,Page.goto: net::ERR_NAME_NOT_RESOLVED at http://www.cigercih
Kollekt,,https://www.kollekt.tr,erisilemedi,,0,Page.goto: net::ERR_NAME_NOT_RESOLVED at https://www.kollekt
Peçko,,https://www.pecko.com.tr,menu bulunamadi,,0,
Amisos Restoran ve Cafe,,https://www.samsunanakent.com,gorsel-ocr-gerekli,https://www.samsunanakent.com/assets/images/homemenu1.jpg,0,
Crakers Pizza,,https://www.crakerspizza.com,menu bulunamadi,,0,
Ramses Restaurant,,https://www.ramsestr.com,menu bulunamadi,,0,
Samsu Börek,,https://samsuborek.com.tr,menu bulunamadi,,0,
Yeşiloğlu Restaurant Çakallı,,http://www.yesiloglurestaurant.com,menu bulunamadi,,0,
Seven's Design - Samsun Web Tasarım & Samsun Grafik Tasarım,,https://www.sevens-design.com,menu bulunamadi,,0,
Müze cafe,,https://www.facebook.com,menu bulunamadi,,0,
Beylerbeyi Profiterol,,https://beylerbeyiprofiterol.com,menu bulunamadi,,0,
Yıldız Fast Food,,https://yildizcafe.com.tr,menu bulunamadi,,0,
Kanyon Kahvaltı,,http://www.kanyonkahvalti.com,erisilemedi,,0,Page.goto: net::ERR_NAME_NOT_RESOLVED at http://www.kanyonka
Köz Tat Çöp Şiş - Tekirdağ,,https://koztat.com,erisilemedi,,0,Page.goto: net::ERR_NAME_NOT_RESOLVED at https://koztat.com/
By Ada Balık Restoran,,https://www.byadabalikrestaurant.com.tr,gorsel-ocr-gerekli,https://www.byadabalikrestaurant.com.tr/static/img/menu.jpeg?v=1.1.1,0,
Mangal Döner,,https://mangaldoner.com.tr,menu bulunamadi,,0,
Balkır Çiftliği Restaurant,,https://www.balkirciftligi.com,menu bulunamadi,,0,
Koffee,,https://koffee.tr,menu bulunamadi,,0,
Mikel Coffee Kapaklı,,https://mikelcoffee.com.tr,pdf-ocr-gerekli,https://mikelcoffee.com.tr/list-of-allergens_tr.pdf,0,
Taksim Çiğköfte,,http://www.taksimcigkofte.com,gorsel-ocr-gerekli,http://www.taksimcigkofte.com/uploads/slider/bayilik-fiyat.png,0,
Trakya Saray Restaurant,,http://www.trakyasarayrestaurant.com,erisilemedi,,0,Page.goto: net::ERR_NAME_NOT_RESOLVED at http://www.trakyasa
Mustafa Veis Dondurma,,https://www.veisdondurma.com,menu bulunamadi,,0,
Zest Bistro Çorlu,,https://zestbistro.com.tr,erisilemedi,,0,Page.goto: net::ERR_NAME_NOT_RESOLVED at https://zestbistro.
Mustafa Veis Dondurma,,https://www.veisdondurma.com,menu bulunamadi,,0,
Ziyafet Çiğköfte,,http://www.ziyafetcigkofte.com.tr,erisilemedi,,0,Page.goto: net::ERR_NAME_NOT_RESOLVED at http://www.ziyafetc
Tokoçin Restaurant,,https://www.tokocin.com,gorsel-ocr-gerekli,https://vdc01-cdnv2.akinsoft.com.tr/qrmenu-storage/e3c93f9c-69e9-4585-93f4-addec25f8f0c.png,0,
Yalı Restaurant,,https://www.yali.com.tr,menu bulunamadi,,0,
BEREKET DÖNER,,https://www.bereketdoner.com.tr,pdf-ocr-gerekli,https://www.bereketdoner.com.tr/wp-content/uploads/2026/07/ALERJENSIZ-AVM-1.pdf,0,pdf hata: 
Bay Lahmacun,,https://www.baylahmacun.com,erisilemedi,,0,Page.goto: net::ERR_NAME_NOT_RESOLVED at https://www.baylahm
Özcanlar Köfte,,https://www.ozcanlarkofte.com,menu bulunamadi,,0,
Kahve Turkish Coffee Turhal,,https://kahveturkishcoffee.com,menu bulunamadi,,0,
All for More,,https://instagram,erisilemedi,,0,"Page.goto: net::ERR_NAME_NOT_RESOLVED at https://instagram/
"
Cafe Nosta,,http://www.cafenosta.com,erisilemedi,,0,Page.goto: net::ERR_NAME_NOT_RESOLVED at http://www.cafenost
Cafe5,,https://www.cafe5.com.tr,erisilemedi,,0,Page.goto: net::ERR_NAME_NOT_RESOLVED at https://www.cafe5.c
Jackie's,,http://www.jackiesdoner.com,erisilemedi,,0,Page.goto: net::ERR_NAME_NOT_RESOLVED at http://www.jackiesd
Öznur Kablo Yemekhane,,https://oznurkablo.com.tr,pdf-menu-degil,https://oznurkablo.com.tr/upl/oznur-kablo.pdf,0,
Cephanelik Restaurant,,https://www.cephanelik.com.tr,menu bulunamadi,,0,
KD Katık Döner,,https://www.kdkatikdoner.com.tr,menu bulunamadi,,0,
Beğendik Burger,,http://www.begendikburger.com,gorsel-ocr-gerekli,http://www.begendikburger.com/assets/img/menu/tsandwich.jpg,0,
Koru,,http://www.koru-cafe.com,erisilemedi,,0,Page.goto: net::ERR_NAME_NOT_RESOLVED at http://www.koru-caf
Merhan Cafe Restaurant,,https://www.merhanrestaurant.com,erisilemedi,,0,Page.goto: net::ERR_NAME_NOT_RESOLVED at https://www.merhanr
Göynüklü Ömer Usta,,https://www.goynukluomerusta.com,pdf-ocr-gerekli,https://www.goynukluomerusta.com/files/Goynuklu-Omer-Usta-Menu.pdf,0,
Çardak Pide,,http://www.cardakpide.com,erisilemedi,,0,Page.goto: net::ERR_NAME_NOT_RESOLVED at http://www.cardakpi
Kaan Olta Balık,,https://www.kaanoltabalik.com,menu bulunamadi,,0,
Nados Döner Hatay Soslu,,http://yemeksepeti.com,menu bulunamadi,,0,
Zeen Lounge Cafe,,https://zeenlounge.com,menu bulunamadi,,0,
Kahrvaltı salonu - süctü Kenan,,http://www.vandakahrvalti.com,erisilemedi,,0,Page.goto: net::ERR_NAME_NOT_RESOLVED at http://www.vandakah
Piknik Döner,,https://www.tikla.com.tr,menu bulunamadi,,0,
Mucca Coffee - Lavazza Shop,,https://mucca.com.tr,menu bulunamadi,,0,
Magnolia,,https://magnolia.yalova.com,erisilemedi,,0,Page.goto: net::ERR_SSL_UNRECOGNIZED_NAME_ALERT at https://m
bak hele bak kahvaltı kültür sarayı,,https://bakhelebak065@gmail.com,menu bulunamadi,,0,
Eylül sofrası )yemek ve ızgara (,,https://instagram.com,menu bulunamadi,,0,
Bozok Sosyal Tesisleri,,https://www.bozoksosyaltesis.com,erisilemedi,,0,Page.goto: net::ERR_NAME_NOT_RESOLVED at https://www.bozokso
Pizza Venezzia,,http://pizzavenezzia.com,erisilemedi,,0,Page.goto: net::ERR_NAME_NOT_RESOLVED at http://pizzavenezzi
Pizza Venezzia,,http://pizzavenezzia.com,erisilemedi,,0,Page.goto: net::ERR_NAME_NOT_RESOLVED at http://pizzavenezzi
Deep Corner Coffee,,https://deepcornercoffee.my.canva.site,menu bulunamadi,,0,
Gardenia Caffee & Restaurant,,https://gardenia.dijital.menu,menu bulunamadi,,0,
Cemilusta,,http://www.cemilusta.com.tr,menu bulunamadi,,0,
Boost Coffee,,https://www.boostcoffee.com.tr,pdf-ocr-gerekli,https://www.boostcoffee.com.tr/_files/ugd/e008fb_a4744ae7232147c1bc98f2e896da598b.pdf,0,
Ova Et Köfte,,http://ovaetkofte.com,gorsel-ocr-gerekli,http://ovaetkofte.com/wp-content/uploads/2017/03/salata-menu-1024x719.jpg,0,
Yokuştepe Kahvaltı % Waffle,,https://www.yokustepe.com,menu bulunamadi,,0,
Ali Ocakbaşı,Istanbul,https://aliocakbasi.com/post/istanbul-suadiye/40.html,menu bulunamadi,,0,
By Marrakech Cafe,Antalya,https://allzinapp.com/bymarrakechcafeuncali/menu/tatlilar-7930,menu bulunamadi,,0,
Quzu,Antalya,https://allzinapp.com/quzurestaurant/menu/ana-yemekler-4839,menu bulunamadi,,0,
5. Kat,Istanbul,https://www.5kat.com/tr,menu bulunamadi,,0,
Gaja Garden,Istanbul,https://allzinapp.com/gajagardenhookahlounge/menu,menu bulunamadi,,0,
GlassHouse,Mugla,https://ahama.guestservice.app/home/110/51663,erisilemedi,,0,"Page.goto: Timeout 20000ms exceeded.
Call log:
  - navigatin"
Sahan,Istanbul,https://allzinapp.com/sahankurtkoy,menu bulunamadi,,0,
Firuzende,Istanbul,https://www.anemonhotels.com/en/hotel-istanbul/anemon-galata.aspx,menu bulunamadi,,0,
Vegan Masa,Istanbul,https://allzinapp.com/veganmasakadikoy,menu bulunamadi,,0,
Adile Sultan Ev Yemekleri,Istanbul,https://adilesultanevyemekleri.com/sube/atasehir/,gorsel-ocr-gerekli,https://siparis.adilesultanevyemekleri.com/templates/webmenu/assets/images/app_dl.png,0,
Adile Sultan Ev Yemekleri - Ümraniye Restoranı,Istanbul,https://adilesultanevyemekleri.com/sube/umraniye/,gorsel-ocr-gerekli,https://siparis.adilesultanevyemekleri.com/templates/webmenu/assets/images/app_dl.png,0,
Soul Of Kitchen,Antalya,https://www.anjeliqhouse.com/restaurant.html,menu bulunamadi,,0,
Café Descanso,Izmir,https://aninda.link/cafedescanso/,menu bulunamadi,,0,
Arabica Coffee House,Ankara,https://arabicacoffee.com.tr/sube/atilim-universitesi,menu bulunamadi,,0,
Arabica,Ankara,https://arabicacoffee.com.tr/magaza/bilkent-station,menu bulunamadi,,0,
Arabica,Ankara,https://arabicacoffee.com.tr/sube/farilya-100-yil,menu bulunamadi,,0,
Kahve Dünyası,Istanbul,https://ataturkkitapligi.ibb.gov.tr/tr/Kitaplik/Kutuphanelerimiz/IBB-Kadikoy-Iskele-Kutuphanesi-/66,menu bulunamadi,,0,
1200 Rakim,Mugla,https://www.babadagteleferik.com.tr/1200-rakim/,menu bulunamadi,,0,
Armada Teras,Istanbul,https://www.armadahotel.com.tr/teras,erisilemedi,,0,"Page.goto: Timeout 20000ms exceeded.
Call log:
  - navigatin"
Aslanbey Çiftliği,Istanbul,https://www.aslanbeyciftligi.com/menu/,erisilemedi,,0,"Page.goto: Timeout 20000ms exceeded.
Call log:
  - navigatin"
Babadag 1700 Grill & Bar,Mugla,https://www.babadagteleferik.com.tr/en/1700-grill-wine-bar/,menu bulunamadi,,0,
Grid Restoran,Kirklareli,https://www.balkayaciftligi.com/pırlaga-restoran,menu bulunamadi,,0,
Ataşehir Kültür Kafe,Istanbul,https://www.atasehir.bel.tr/haber/ata-kultur-cafe-3-subesiyle-ataturk-mahallesi-nde,erisilemedi,,0,"Page.goto: Timeout 20000ms exceeded.
Call log:
  - navigatin"
Mahalle Cafe & Bar,Balikesir,https://www.avsa.com.tr/avsa-adasi-rehberi/mahalle-avsa/,erisilemedi,,0,"Page.goto: Timeout 20000ms exceeded.
Call log:
  - navigatin"
Beltur Restaurant,Istanbul,https://www.beltur.istanbul/storage/menufood/February2023/k1TnEHqoJFzVZbyManIO.jpg,menu bulunamadi,,0,
Beltur Kafe,Istanbul,https://www.beltur.istanbul/storage/menufood/April2024/dIVJFEP8uROxrX2vh64j.jpg,menu bulunamadi,,0,
Bedri Usta Çiftehavuzlar Pide & Lahmacun,Istanbul,https://bedriusta.com/ciftehavuzlar/,menu bulunamadi,,0,
Beltur Caddebostan Sahil Kafe,Istanbul,https://www.beltur.istanbul/tr/mekan/caddebostan-sahil-kafe,menu bulunamadi,,0,
Beltur Kafe,Istanbul,https://www.beltur.istanbul/tr,erisilemedi,,0,"Page.goto: Timeout 20000ms exceeded.
Call log:
  - navigatin"
Küçük Çamlıca Köşkü,Istanbul,https://www.beltur.istanbul/tr/toplanti-ve-davetler/detay/kucuk-camlica-kosku,menu bulunamadi,,0,
Bedri Usta Kalamış,Istanbul,https://bedriusta.com/kalamis/,menu bulunamadi,,0,
Beltur Cafe,Istanbul,https://www.beltur.istanbul/tr/beltur-mini#//,menu bulunamadi,,0,
Beltur Mini Kartal Atatürk Parkı,Istanbul,https://beltur.istanbul/tr/beltur-mini,erisilemedi,,0,"Page.goto: Timeout 20000ms exceeded.
Call log:
  - navigatin"
Bolulu Hasan Usta,Eskisehir,https://www.bhu.com.tr/tr/,erisilemedi,,0,Page.goto: net::ERR_CERT_AUTHORITY_INVALID at https://www.bh
Beyaz Fırın - Erenköy,Istanbul,https://www.beyazfirin.com/magazalar.aspx,menu bulunamadi,,0,
Bisiklet Kafe,Istanbul,https://beykoz.bel.tr/sayfa/95/474/bisiklet-kafe?fbclid=IwAR0It5K3qidU4ToNbyl9XH1ANcqIH5fTnIgiZHqVLq1iz2qxPNnYXU941cM,menu bulunamadi,,0,
Bi'Buçuk,Istanbul,https://www.bibucuk.com.tr/sube/caddebostan,pdf-ocr-gerekli,https://www.bibucuk.com.tr/caddebostan-menu.pdf,0,
BigChefs,Istanbul,https://www.bigchefs.com.tr/tr-tr/metropol-avm,erisilemedi,,0,"Page.goto: Timeout 20000ms exceeded.
Call log:
  - navigatin"
Pacco Bistro,Antalya,https://bistro.paccohotel.com/tr/home/,erisilemedi,,0,Page.goto: net::ERR_NAME_NOT_RESOLVED at https://bistro.pacc
Bistro 33,Istanbul,https://www.bistro33.com.tr/index.php,erisilemedi,,0,Page.goto: net::ERR_NAME_NOT_RESOLVED at https://www.bistro3
Borsa Lokantası Caddebostan,Istanbul,https://www.borsaselfservis.com/borsa-caddebostan/iletisim,menu bulunamadi,,0,
BigChefs,Istanbul,https://www.bigchefs.com.tr/tr-tr/watergarden,erisilemedi,,0,"Page.goto: Timeout 20000ms exceeded.
Call log:
  - navigatin"
Gallant Galata,Istanbul,https://bufibu.com/qr/menu/gallant,menu bulunamadi,,0,
Espressolab,Istanbul,https://www.borsaselfservis.com/borsa-saskinbakkal/iletisim,menu bulunamadi,,0,
Big Chefs,Ankara,https://www.bigchefs.com.tr/tr-tr/bilkent,pdf-menu-degil,https://bigchefs.com.tr/wp-content/uploads/2025/12/bigcehssurrapor.pdf,0,pdf hata: 
Burgericos,Istanbul,https://burgericos0.wixsite.com/burgericos,gorsel-ocr-gerekli,https://static.parastorage.com/services/restaurant-menus-showcase-ooi/340b3d41e47b0b3c427ac7115aed2a32ad5fd0d85acabf4431a36ccd/media/menus_side_image.7077f229.jpeg,0,
Burger King,Ankara,https://www.burgerking.com.tr/restoranlar-subeler/ankara/cankaya/bilkent-dt,gorsel-ocr-gerekli,https://www.burgerking.com.tr/restoranlar-subeler/ankara/cankaya/bilkent-dt/cmsfiles/categories/urunler/menuler-icon.png?v=873,0,
Cafe5,Trabzon,https://www.cafe5.com.tr/#,erisilemedi,,0,Page.goto: net::ERR_NAME_NOT_RESOLVED at https://www.cafe5.c
Burger King,Balikesir,https://www.burgerking.com.tr/restoranlar-subeler/balikesir/ayvalik/ayvalik-kipa-avm,gorsel-ocr-gerekli,https://www.burgerking.com.tr/restoranlar-subeler/balikesir/ayvalik/ayvalik-kipa-avm/cmsfiles/categories/urunler/menuler-icon.png?v=873,0,
Azmak Cafe,Izmir,https://cafeazmak.github.io/azmak-menu/,menu bulunamadi,,0,
Burger King,Istanbul,https://www.burgerking.com.tr/restoranlar-subeler/istanbul-asya/pendik/pendik-viaport,gorsel-ocr-gerekli,https://www.burgerking.com.tr/restoranlar-subeler/istanbul-asya/pendik/pendik-viaport/cmsfiles/categories/urunler/menuler-icon.png?v=873,0,
Caffè Nero,Istanbul,https://caffenero.com/tr/en/store/trio-wynhouse-902096/,menu bulunamadi,,0,
Caffè Nero,Izmir,https://caffenero.com/tr/tr/,menu bulunamadi,,0,
Caffè Nero,Istanbul,https://caffenero.com/tr/tr/store/%C3%A7iftehavuzlar-902071/,menu bulunamadi,,0,
Caffè Nero,Istanbul,https://caffenero.com/tr/tr/store/ata%C5%9Fehir-902056/,menu bulunamadi,,0,
Çamlıca Köşkü Restaurant,Gaziantep,https://www.camlicakosku.com/menu,erisilemedi,,0,Page.goto: net::ERR_NAME_NOT_RESOLVED at https://www.camlica
Caffè Nero,Istanbul,https://caffenero.com/tr/tr/store/lens-902115/,menu bulunamadi,,0,
Caglayan Restaurant,Antalya,http://www.caglayanrestaurant.com/#,gorsel-ocr-gerekli,http://www.caglayanrestaurant.com/wp-content/themes/restaurant-lite/images/menu1.jpg,0,
Kuzen Beer,Istanbul,http://cciqrmenum.com/i/kuzen,menu bulunamadi,,0,
Charms Coffee,Antalya,https://charmscoffee.com/menu/menu.pdf,erisilemedi,,0,Page.goto: net::ERR_CERT_COMMON_NAME_INVALID at https://char
Cevizdibi Yıldız Restaurant,Kocaeli,https://cevizdibi.com.tr/Restaurant.aspx,menu bulunamadi,,0,
Cephanelik Restaurant,Trabzon,https://www.cephanelik.com.tr/restaurant-TR.html,menu bulunamadi,,0,
Klinik Kahve,Ankara,https://cliniccoffee.com/arcadium-avm,menu bulunamadi,,0,
BEREKET DÖNER,Ordu,https://www.bereketdoner.com.tr/subeler/,,,0,pdf hata: 
Chocolabs,Istanbul,https://chocolabs.com.tr/iletisim/,,,0,pdf hata: 
alo 24,Aydin,https://www.alo24.com.tr/Kusadasi.html,pdf-ocr-gerekli,https://www.alo24.com.tr/Kusadasi.html/../akbuk.pdf,0,
Carmelo,Istanbul,https://coffeecarmelo.com/locations/carmelo-coffee-istanbul-kadikoy-muhurdar-cadde,menu bulunamadi,,0,
Lunchbox,Istanbul,https://www.cookshop.com.tr/tr,menu bulunamadi,,0,
Summit Bar & Terrace,Istanbul,https://conradhotels3.hilton.com/en/hotels/turkey/conrad-istanbul-bosphorus-ISTHCCI/amenities/restaurants-summit.html?WT.mc_id=zELWAKN0EMEA1CI2DMH3LocalSearch4DGGenericx6ISTHCCI,menu bulunamadi,,0,
Cook Shop,Istanbul,https://www.cookshop.com.tr/tr/subeler/citys-istanbul,menu bulunamadi,,0,
Conny's Restaurant - Bar,Antalya,https://connys.wixsite.com/connysrestaurant,menu bulunamadi,,0,
Cookshop,Istanbul,https://www.cookshop.com.tr/tr/subeler/saskinbakkal,menu bulunamadi,,0,
Cookshop,Istanbul,https://www.cookshop.com.tr/tr/subeler/viaport-asia,menu bulunamadi,,0,
Daily Dana,Istanbul,https://dailydana.com.tr/index.php/restoranlar/,menu bulunamadi,,0,
QBIK PUB & BAR,Antalya,https://derinnhotel.com/qubik-pub-bar/,menu bulunamadi,,0,
Desi vibes,Istanbul,http://desivibesrestaurant.com/menu,menu bulunamadi,,0,
Cotto Gastro,Istanbul,https://www.cotto.co/contact-gastro,menu bulunamadi,,0,
Cremma,Istanbul,https://www.cremma.com.tr/subeler/#Suadiye,erisilemedi,,0,"Page.goto: Timeout 20000ms exceeded.
Call log:
  - navigatin"
Develi,Istanbul,https://www.develi1912.com/content/restaurant2/atasehir.html,menu bulunamadi,,0,
Danilo's Pizza,Istanbul,https://danilos.com.tr/branch/caddebostan,erisilemedi,,0,"Page.goto: Timeout 20000ms exceeded.
Call log:
  - navigatin"
BİRALEM,Izmir,https://digitalmenucheck.com/2a2777bf-02a7-4c48-8991-056663f493eb,menu bulunamadi,,0,
Develi Kalamış,Istanbul,https://www.develi1912.com/content/restaurant2/kalamis.html,menu bulunamadi,,0,
Divan Brasserie Kalamış,Istanbul,https://www.divan.com.tr/restaurant/divan-brasserie-kalamis,,,0,
Divan Pub Erenköy,Istanbul,https://www.divan.com.tr/restoran/divan-pub-erenkoy,,,0,
BigChefs,Istanbul,https://www.bigchefs.com.tr/tr-tr/moda-teras,,,0,pdf hata: 
Pizza Pieza by Divan,Istanbul,https://www.divan.com.tr/restoran/pizza-pieza-by-divan,erisilemedi,,0,"Page.goto: Timeout 20000ms exceeded.
Call log:
  - navigatin"
Nezih Dokuz Ondokuz,Istanbul,https://dokuzondokuz.com/menu/,menu bulunamadi,,0,
Lokanta by Divan,Istanbul,https://www.divan.com.tr/restoran/lokanta-by-divan-istanbul,,,0,
Divan Pub Ayvalık,Balikesir,https://www.divan.com.tr/restoran/divan-pub-ayvalik,,,0,
White Pepper,Istanbul,https://www.divan.com.tr/restoran/white-pepper,erisilemedi,,0,"Page.goto: Timeout 20000ms exceeded.
Call log:
  - navigatin"
Dodo Pizza,Izmir,https://dodopizza.com.tr/izmir/izmir,erisilemedi,,0,"Page.goto: Timeout 20000ms exceeded.
Call log:
  - navigatin"
Domino's,Istanbul,https://www.dominos.com.tr/sube/istanbul/fenerbahce/42802,menu bulunamadi,,0,
Domino's Pizza Beytepe,Ankara,https://www.dominos.com.tr/sube/ankara/beytepe/40744,menu bulunamadi,,0,
Domino's,Istanbul,https://www.dominos.com.tr/sube/istanbul/mahmutbey/40563,menu bulunamadi,,0,
Domino's,Izmir,https://www.dominos.com.tr/sube/izmir/girne/42926,menu bulunamadi,,0,
Domino's,Kayseri,https://www.dominos.com.tr/sube/kayseri/talas/42650,menu bulunamadi,,0,
Domino's,Sakarya,https://www.dominos.com.tr/sube/sakarya/serdivan/42685,menu bulunamadi,,0,
Dudu Fırın Kahve,Konya,https://dudufirin.com/tr,menu bulunamadi,,0,
Domino's,Eskisehir,https://www.dominos.com.tr/subeler/eskisehir/baglar-42881,menu bulunamadi,,0,
Domino's,Bursa,https://www.dominos.com.tr/subeler/bursa/inegol-42690,menu bulunamadi,,0,
Durusu Club Restaurant,Istanbul,https://www.durusuclubhotel.com/en/restaurant,menu bulunamadi,,0,
Dönerci Celal Usta,Istanbul,https://www.donercicelalusta.com/pendik-kurtkoy-subesi/,erisilemedi,,0,"Page.goto: Timeout 20000ms exceeded.
Call log:
  - navigatin"
Durak Muhallebicisi,Bursa,http://www.durakmuhallebicisi.com.tr/cekirge-subesi/index.html,erisilemedi,,0,"Page.goto: Timeout 20000ms exceeded.
Call log:
  - navigatin"
Kafka Kafe,Istanbul,https://eksisozluk.com/cafe-kafka--888513,menu bulunamadi,,0,
Ekrem Usta,Ankara,https://www.ekremusta.com.tr/tr,erisilemedi,,0,"Page.goto: Timeout 20000ms exceeded.
Call log:
  - navigatin"
Espressolab,Istanbul,https://www.espressolab.com/subeler/erenkoy/,menu bulunamadi,,0,
Ekspres İnegöl Köftecisi,Istanbul,https://www.ekspresinegolkoftecisi.com/index.cgi?sayfa=subeler,menu bulunamadi,,0,
EBB Yaşam Kafe,Eskisehir,http://eskisehirbelkent.com.tr/mekan/yasam-kafe,menu bulunamadi,,0,
Expressolab Koşuyolu,Istanbul,https://www.espressolab.com/subeler/kosuyolu/,menu bulunamadi,,0,
Espressolab,Istanbul,https://www.espressolab.com/subeler/taskisla/,menu bulunamadi,,0,
Espressolab,Istanbul,https://www.espressolab.com/subeler/watergarden-avm/,menu bulunamadi,,0,
Savora Restaurant,Denizli,https://emporia.com.tr/savora-restourant,menu bulunamadi,,0,
Bebek Lokal,Istanbul,https://facebook.com/bebeklokall,menu bulunamadi,,0,
Manzaram Eyüpsultan,Istanbul,https://esbas.bel.tr/tesisler/manzaram-eyupsultan/,menu bulunamadi,,0,
Eterna House,Antalya,https://eternahouse.com.tr/en,menu bulunamadi,,0,
Ethem Efendi Kahvaltı,Istanbul,https://ethemefendikahvalti.com/subeler/atasehir/,menu bulunamadi,,0,
Cafedemi,Aydin,http://facebook.com/cafedemi,menu bulunamadi,,0,
CebeliTeyirtepe Restaurant,Antalya,https://www.facebook.com/cebelitepesi/,menu bulunamadi,,0,
Cevizalti Kahvalti,Izmir,https://www.facebook.com/Cevizalti-Kahvalti-365607066822529/,menu bulunamadi,,0,
Fish Var,Istanbul,https://facebook.com/FISHVAR-93243590792,menu bulunamadi,,0,
Comedus şarap ve bira,Istanbul,http://facebook.com/comedus.com.tr,menu bulunamadi,,0,
Honaz Çınaraltı Şelale Et & Balık & Kahvaltı Restoran,Denizli,https://www.facebook.com/honazcinaralti/,menu bulunamadi,,0,
Forellenhof Göynük Fish & Steak House,Antalya,https://www.facebook.com/ForellenhofGoynukFishSteakHouse/?ref=bookmarks,erisilemedi,,0,"Page.goto: Timeout 20000ms exceeded.
Call log:
  - navigatin"
Fredonia Coffee,Mugla,https://www.facebook.com/fredoniacoffee/,erisilemedi,,0,"Page.goto: Timeout 20000ms exceeded.
Call log:
  - navigatin"
Müze cafe,Sivas,https://www.facebook.com/muzemuzekafe,menu bulunamadi,,0,
Küçük Ev,Mugla,https://facebook.com/kucukevpark,erisilemedi,,0,"Page.goto: Timeout 20000ms exceeded.
Call log:
  - navigatin"
Eylül Cafe,Kocaeli,https://www.facebook.com/pages/eyl%C3%BCl-cafe/157047927742973,menu bulunamadi,,0,
Likya restaurant & camping,Mugla,https://www.facebook.com/Likya-RestaurantMarket-101433391207552/,erisilemedi,,0,"Page.goto: Timeout 20000ms exceeded.
Call log:
  - navigatin"
RTR80 Retro Burger,Istanbul,https://www.facebook.com/rtr80retroburger/,menu bulunamadi,,0,
Dedeman Roof Bar,Istanbul,http://www.facebook.com/pages/Roof-Bar-Dedeman-Hotel-Istanbul/134930766602024,menu bulunamadi,,0,
semaver,Batman,https://facebook.com/semaverdeyiz,menu bulunamadi,,0,
Yeniköy Lokantası,Istanbul,https://facebook.com/yenikoylokantasi,menu bulunamadi,,0,
SKY HOOKAN & COFFEE(water pipe),Antalya,http://fb.com/alanyaskyhookah,menu bulunamadi,,0,
1A Meyhanesi,Istanbul,https://foursquare.com/1ameyhan3366909,menu bulunamadi,,0,
Viramor Balık Restoran,Izmir,https://www.facebook.com/viramorrestaurant/,menu bulunamadi,,0,
Barış Piliçmatik,Izmir,https://foursquare.com/v/bar%C4%B1%C5%9F-pili%C3%A7matik/54900abc498ef3ac218b7118,menu bulunamadi,,0,
Golden Spoon,Istanbul,https://foursquare.com/v/golden-spoon/4ed4b40402d5ef93a25087c6,menu bulunamadi,,0,
Gelik ET Ataköy Istanbul,Istanbul,https://www.gelik.com.tr/EN/index.html,menu bulunamadi,,0,
Flake Breakfast & More,Istanbul,https://flakebreakfast.com/?fbclid=PAQ0xDSwLfJ01leHRuA2FlbQIxMQABp1mutfiW6LN1CBm5NLvShV80I4l7zex-R4CYH4T1yQkiHS3CRf-4bnKGmEwl_aem_wvhaE-qcpeGXb0LvyWC3Dw,menu bulunamadi,,0,
Kız Kulesi,Istanbul,https://www.geziyerler.com/kiz-kulesi,menu bulunamadi,,0,
Gizia Brasserie,Istanbul,https://www.giziabrasserie.com/tr/lokasyonlar/suadiye/,gorsel-ocr-gerekli,https://www.giziabrasserie.com/wp-content/themes/gizia/assets/images/GIZIA-Brasserie-Menu-Title.png,0,
Gulhane Sark Sofrasi,Istanbul,https://gulhanesarksofrasi.thefork.rest/en_GB/,erisilemedi,,0,Page.goto: net::ERR_NAME_NOT_RESOLVED at https://gulhanesark
Yasemin Kafe,Izmir,http://www.grandplaza.com.tr/IsletmeDetay/9,menu bulunamadi,,0,
Günaydın Suadiye Kasap & Steakhouse,Istanbul,https://www.gunaydinet.com/tr/subeler/kasap-steakhouse,menu bulunamadi,,0,
Günaydın Kalamış,Istanbul,https://www.gunaydinet.com/tr/subeler/kebap-restaurant,menu bulunamadi,,0,
Golden Horse Coffee,Istanbul,https://goldenhorsecoffee.com/magazalar/golden-horse-suadiye,menu bulunamadi,,0,
Adana Ocakbaşı Suadiye,Istanbul,https://grablocals.com/listing/adana-ocakbasi-suadiye/,menu bulunamadi,,0,
Alfheim,Mugla,https://h28249.bisiparis.com/restoran-98615/burgers-82556,gorsel-ocr-gerekli,https://digitalmenu.blob.core.windows.net/$web/18989b9e-6f1e-519-824c-ee617cc94000.png,0,
Peanut,Denizli,https://www.gloriajeans.com.tr/menu,menu bulunamadi,,0,
Hayal Kahvesi,Istanbul,https://www.hayalkahvesi.com.tr/iyi-muzik/emaar-28,menu bulunamadi,,0,
Mackbear Kampüs Manavgat,Antalya,"https://www.google.com/maps/place/Mackbear+Kamp%C3%BCs+Manavgat/@36.7917357,31.4685149,15z/data=!4m6!3m5!1s0x14c357f35e34f17f:0xfd8d924f4b65eb5f!8m2!3d36.7917357!4d31.4685149!16s%2Fg%2F11shpgdw5c?sa=X&ved=2ahUKEwixlP6Mr-L9AhUgQvEDHeauCf0Q_BJ6BAhjEAM&coh=1",erisilemedi,,0,"Page.goto: Timeout 20000ms exceeded.
Call log:
  - navigatin"
Happy Moon's Bandırma,Balikesir,https://happymoons.com.tr/index.php,menu bulunamadi,,0,
Happy Moon's Fenerbahçe,Istanbul,https://www.happygroup.com.tr/subelerimiz/happy-moons/happy-fenerbahce,menu bulunamadi,,0,
Happy Moon's,Istanbul,https://www.happygroup.com.tr/menu/happy-moons-cafe,menu bulunamadi,,0,
İkizler Motel,Antalya,https://www.hotelaslihan.com/En/adrasan-ikizler-motel.html,menu bulunamadi,,0,
Hükümdar Sofrası,Istanbul,http://www.hukumdarsofrasi.com/atasehir.aspx,erisilemedi,,0,Page.goto: net::ERR_NAME_NOT_RESOLVED at http://www.hukumdar
Lu Gelato Beylikdüzü,Istanbul,https://https://www.lugelato.com/,erisilemedi,,0,Page.goto: net::ERR_NAME_NOT_RESOLVED at https://https//www.
Havva Hanım & Ballaturka,Istanbul,https://www.havvahanim.com/subeler,erisilemedi,,0,"Page.goto: Timeout 20000ms exceeded.
Call log:
  - navigatin"
Coffee de Madrid Aydınlıkevler,Ankara,https:/coffeedemadrid.com.tr,erisilemedi,,0,"Page.goto: Timeout 20000ms exceeded.
Call log:
  - navigatin"
Hivroj Konak Cafe,Mardin,https://hivrojcafe.tetratasarim.net/Default.aspx,menu bulunamadi,,0,
Paula,Istanbul,https://www.humaliva.com/bagdat,erisilemedi,,0,"Page.goto: Timeout 20000ms exceeded.
Call log:
  - navigatin"
Trysa Restaurant Camping,Antalya,https://ilksayfareklamlari.com/Firma/trysa-restaurant-camping-demre-antalya.html,erisilemedi,,0,Page.goto: net::ERR_NAME_NOT_RESOLVED at https://ilksayfarek
Huqqa,Istanbul,https://huqqa.com/tr/,erisilemedi,,0,"Page.goto: Timeout 20000ms exceeded.
Call log:
  - navigatin"
34 Restaurant,Istanbul,https://www.hyattrestaurants.com/en/dining/turkey/istanbul/turkish-restaurant-in-harbiye-34-restaurant-istanbul,menu bulunamadi,,0,
HuQQabaz Mall Of İstanbul,Istanbul,https://huqqabaz.com/tr/countries/turkiye,erisilemedi,,0,"Page.goto: Timeout 20000ms exceeded.
Call log:
  - navigatin"
45'lik Plak Kafe,Kocaeli,https://www.instagram.com/45likPlakKafe,menu bulunamadi,,0,
Bistrot français,Istanbul,https://www.ifturquie.org/category/istanbul/the-institute-in-istanbul/le-cafe-francais-en/,menu bulunamadi,,0,
4ever Bar,Mugla,https://www.instagram.com/4ever_bar/,menu bulunamadi,,0,
Ahmetçe köyü kadın kooperatifi kafeterya,Canakkale,https://www.instagram.com/ahmetcekadinkooperatifi?igsh=bWRlb2M3dTg0b2Jm,menu bulunamadi,,0,
Ağlayan kaya beach,Istanbul,https://www.instagram.com/aglayankayabeach_/,menu bulunamadi,,0,
Amelie Galata,Istanbul,https://www.instagram.com/amelie.galata,menu bulunamadi,,0,
72 Neapolitan,Balikesir,https://www.instagram.com/72neapolitan/,menu bulunamadi,,0,
Argos,Canakkale,https://www.instagram.com/argosdining/?igshid=YmMyMTA2M2Y%3D,menu bulunamadi,,0,
Artlocalist,Istanbul,https://www.instagram.com/artlocalist?igsh=MmVqbzZqY3RzZWF2,menu bulunamadi,,0,
Bake & Joy,Ankara,https://www.instagram.com/bakenjoybakery/,menu bulunamadi,,0,
Avocado Garden Coffee,Mugla,https://www.instagram.com/avocadogardencoffee,menu bulunamadi,,0,
Balıkçı Ahmet,Balikesir,https://www.instagram.com/balikciahmetburhaniye/,menu bulunamadi,,0,
Awina Restaurant,Istanbul,https://www.instagram.com/awinarestourant,menu bulunamadi,,0,
Balkaya Pastanesi Erol Usta,Istanbul,https://www.instagram.com/balkayaerolusta/,menu bulunamadi,,0,
İstanbul Balıkçısı,Adana,https://www.instagram.com/balkcibo/,menu bulunamadi,,0,
Bandırma Turşucusu,Balikesir,https://www.instagram.com/bandirmatursucusu/,menu bulunamadi,,0,
Serenita Restaurant,Edirne,https://hillyhotel.com/serenita-restaurant/,pdf-ocr-gerekli,https://hillyhotel.com/wp-content/uploads/SERENITA-YIYECEK-MENU-TR.pdf,0,pdf hata: 
Baston Cafe Bay & Bayan Oyun Salonu,Erzincan,https://www.instagram.com/bastoncafe,menu bulunamadi,,0,
Baniyas Cafe,Gaziantep,https://www.instagram.com/baniyascafe/,menu bulunamadi,,0,
Beer Lounge Pub,Istanbul,https://www.instagram.com/beerlounge.pub,menu bulunamadi,,0,
Bay İbrahim Döner,Bursa,https://www.instagram.com/bayibrahimdoner/,menu bulunamadi,,0,
Black Moon Coffee & Desserts,Denizli,https://www.instagram.com/black.moon.kale/,menu bulunamadi,,0,
Boho Selefkia,Mersin,https://instagram.com/bohoselefkia?igshid=NTc4MTIwNjQ2YQ==,menu bulunamadi,,0,
Kemancı Restaurant,Mugla,http://instagram.com/bodrumkemanciapart,menu bulunamadi,,0,
BONKÖR APERATİF,Manisa,https://www.instagram.com/bonkoraperatif,menu bulunamadi,,0,
Bonjour Lounge,Antalya,https://www.instagram.com/bonjourloungekemer/,menu bulunamadi,,0,
Burgaz Cafe,Istanbul,https://www.instagram.com/burgazcafe/,menu bulunamadi,,0,
Cafe Dora,Istanbul,https://instagram.com/cafedoraa?utm_medium=copy_link,menu bulunamadi,,0,
Kartal Yuvası Cafe & Bar,Bursa,https://www.instagram.com/cafekartalyuvasi/,menu bulunamadi,,0,
Caffe Italia,Mersin,https://www.instagram.com/caffeitalia.tr/,menu bulunamadi,,0,
Callisto Pub & Kitchen Hotel,Antalya,https://www.instagram.com/callistopubantalya/,menu bulunamadi,,0,
Yeşil Teras Cafe,Istanbul,https://www.instagram.com/cafeyesilteras/,menu bulunamadi,,0,
Catalyst Coffee and Hub,Ankara,https://www.instagram.com/catalystcoffeehub/,menu bulunamadi,,0,
Chaplin Cafe & Restoran,Mersin,https://www.instagram.com/chaplin_cafe_restoran?igsh=MXFnZnlhYXlzeHVlNA%3D%3D&utm_source=qr,menu bulunamadi,,0,
Central,Ankara,https://www.instagram.com/centralodtuteknokent/,menu bulunamadi,,0,
Comolokko,Izmir,https://www.instagram.com/comolokkoizmir/,menu bulunamadi,,0,
Chocolabs Çikolata & Kahve,Antalya,https://www.instagram.com/chocolabs.alanya?utm_source=qr&igsh=aW4zeDhnOXZ3aGRz,menu bulunamadi,,0,
Urfa çitir lahmakun,Antalya,https://instagram.com/citir_lahmacn,menu bulunamadi,,0,
Dorock Heavy Metal Club,Istanbul,https://instagram.com/dorockheavymetal,menu bulunamadi,,0,
Defnem Cafe Restaurant,Balikesir,https://www.instagram.com/defnemcaferestaurant/,menu bulunamadi,,0,
Dukkan Galata,Istanbul,https://instagram.com/dukkangalata,gorsel-ocr-gerekli,https://scontent.cdninstagram.com/v/t51.82787-15/774105770_18134420830714927_8693371860185884517_n.jpg?stp=dst-jpg_e35_s640x640_tt6&_nc_cat=111&ccb=7-5&_nc_sid=18de74&efg=eyJlZmdfdGFnIjoiQ0FST1VTRUxfSVRFTS5iZXN0X2ltYWdlX3VybGdlbi5DMyJ9&_nc_ohc=qAYX1nij7XAQ7kNvwFvIkds&_nc_oc=AdoTgy_J1OUVJ3y98llKd9d5MenUZ5pJF_ge5ivgBYPYPtyQHnITtjhh0O8-zc3jD4s&_nc_zt=23&_nc_ht=scontent.cdninstagram.com&_nc_gid=SZkBub5uJ9C7ZI3KrFBSFg&_nc_ss=7ea02&oh=00_AQHuuVoSbIZvZejBtoKV0UGnmNiqugGrAHbcE74o4lEKhA&oe=6A8D242A,0,
Enes Baklava,Sakarya,https://www.instagram.com/enes_baklava/,menu bulunamadi,,0,
Elçin'in Renkli Mutfağı,Kocaeli,https://www.instagram.com/elcininrenklimutfagi/,menu bulunamadi,,0,
boğaziçi cafe camping,Mugla,https://www.instagram.com/e_dnzhn,menu bulunamadi,,0,
Espresso X,Istanbul,https://www.instagram.com/espressoxtr/,menu bulunamadi,,0,
Evde Burger Pub,Izmir,https://www.instagram.com/evdeburger_pub,menu bulunamadi,,0,
Sahil,Istanbul,https://www.instagram.com/explore/locations/723570419/burgazada-sahil-ayvalik-cunda-mutfagi/,menu bulunamadi,,0,
Fanus Komünite Kafe,Ankara,https://www.instagram.com/fanuskomunitekafe/,menu bulunamadi,,0,
Eylül sofrası )yemek ve ızgara (,Yalova,https://instagram.com/eylul.sofrasi?utm_medium=copy_link,menu bulunamadi,,0,
FatCat,Istanbul,https://instagram.com/fatcatmoda/,menu bulunamadi,,0,
Fera Coffee Türbe Önü,Konya,https://www.instagram.com/feracoffee_/,menu bulunamadi,,0,
Fika Patisserie & Coffee,Sakarya,https://www.instagram.com/fikapatisseriecoffee/,menu bulunamadi,,0,
Gıyma Kebap,Ankara,http://instagram.com/giymakebap,menu bulunamadi,,0,
granmabrewbar,Izmir,https://www.instagram.com/granmabrewbar/,menu bulunamadi,,0,
GUA Coffee Company Vega Center,Ankara,https://www.instagram.com/gua.vegacenter/,menu bulunamadi,,0,
GiBi Kafe,Eskisehir,https://instagram.com/gibicafe,menu bulunamadi,,0,
Gün Evi,Samsun,https://www.instagram.com/gunevi.atolye/,menu bulunamadi,,0,
Haliç Kahve,Istanbul,https://www.instagram.com/halickahve/,menu bulunamadi,,0,
Hanegah,Istanbul,https://instagram.com/hanegahk,menu bulunamadi,,0,
Harrison Cafe,Istanbul,https://www.instagram.com/harrisoncafeburgazada/,menu bulunamadi,,0,
Hayal Gözleme Kahvaltı Cafe,Antalya,https://www.instagram.com/hayalgozleme07?igsh=MXB1bHBiMGw3dDlleQ==,menu bulunamadi,,0,
Hira Han,Istanbul,https://www.instagram.com/hirahanistanbul,menu bulunamadi,,0,
Hayma Çamlıbel Cafe,Balikesir,https://www.instagram.com/haymacamlibel,menu bulunamadi,,0,
homies pub,Ankara,https://www.instagram.com/homies_pub_/,menu bulunamadi,,0,
Hayalimdeki Pasta Artisan Cakery&Coffee,Istanbul,http://www.instagram.com/hayalimdekipasta,menu bulunamadi,,0,
Güneş Dondurma& Waffle,Istanbul,https://instagram.com/guneswaffle,menu bulunamadi,,0,
Hype Coffee,Ankara,https://www.instagram.com/hypecoffeetr/,menu bulunamadi,,0,
İdeal,Istanbul,https://www.instagram.com/idealrestaurant/,menu bulunamadi,,0,
KITA MU Ankara,Ankara,https://www.instagram.com/kitamu.ankara/,menu bulunamadi,,0,
Çardak,Istanbul,https://www.instagram.com/iskelecardak/,menu bulunamadi,,0,
Kumrucu Dede & ACR Acarlar Unlu Mamüller,Izmir,https://www.instagram.com/kumrucudede.acarlar?igsh=Z3lqdW02OGFxMGE1&utm_source=qr,menu bulunamadi,,0,
kokoreis,Aydin,https://www.instagram.com/kokoreisdidim/,menu bulunamadi,,0,
Koza Coffee Shop,Aydin,https://www.instagram.com/kozacoffeeshop/,menu bulunamadi,,0,
La Pastaia,Hatay,https://instagram.com/la.pastai,menu bulunamadi,,0,
KORU by HÜNKAR,Ordu,https://www.instagram.com/korubyhunkar/?hl=tr,menu bulunamadi,,0,
Kus Yuvasi Pera,Istanbul,https://instagram.com/kusyuvasipera?utm_medium=copy_link,menu bulunamadi,,0,
LesTunas,Mugla,https://www.instagram.com/lastunascoldwaterbay/,menu bulunamadi,,0,
lemanyak ızgara,Izmir,https://www.instagram.com/lemanyak__izgara/,menu bulunamadi,,0,
Le Pere Bistrot,Istanbul,https://www.instagram.com/leperebistrot/,menu bulunamadi,,0,
Locals Coffe,Yalova,https://www.instagram.com/locals_coffee.tr/,menu bulunamadi,,0,
MackBear Coffee,Canakkale,https://www.instagram.com/mackbearcanakkale/,menu bulunamadi,,0,
Mantımania,Adana,https://www.instagram.com/mantimaniagurselpasa/,menu bulunamadi,,0,
Maşukiye Irmak Alabalık,Kocaeli,https://www.instagram.com/masukiyeirmakalabalik/,menu bulunamadi,,0,
Muhtarın Yeri Cafe,Mardin,https://www.instagram.com/muhtarinyericafe/,menu bulunamadi,,0,
Mugera Moda,Istanbul,https://www.instagram.com/mugeramoda/,menu bulunamadi,,0,
NesBu Cafe Restaurant,Antalya,https://www.instagram.com/nesbu_restaurant/,menu bulunamadi,,0,
Mox Restobar,Antalya,https://www.instagram.com/mox_restobar/,menu bulunamadi,,0,
Mersin Class Tantuni Döner,Antalya,https://www.instagram.com/mersinclasstantuni/,menu bulunamadi,,0,
N'JOY Lounge,Ankara,https://www.instagram.com/njoyloungecayyolu,menu bulunamadi,,0,
Okkam Restaurant,Trabzon,https://www.instagram.com/okkamrestaurant/,menu bulunamadi,,0,
Osmanlı Kahvehanesi Türbe Önü,Konya,https://www.instagram.com/osmanlikahvehanesi/,menu bulunamadi,,0,
LUMOS,Mugla,https://www.instagram.com/p/DI0fIK_C3aY/,menu bulunamadi,,0,
Hip Hop Cafe,Izmir,https://www.instagram.com/ogahzab35/,menu bulunamadi,,0,
Parkside Cafe,Bursa,https://www.instagram.com/parksidecafe16/,menu bulunamadi,,0,
Pastorale,Antalya,https://www.instagram.com/pastoralerestoran,menu bulunamadi,,0,
Pastel Homemade Bakery,Izmir,https://www.instagram.com/pastelhomemadebakery/,menu bulunamadi,,0,
The York Pub and Bar,Ankara,https://www.instagram.com/pubtheyork,menu bulunamadi,,0,
Quito Coffee,Ankara,https://www.instagram.com/quitocoffee/,menu bulunamadi,,0,
Pizza di Aila,Izmir,https://www.instagram.com/pizzadiaila/,menu bulunamadi,,0,
Queen Sahne Antalya,Antalya,https://instagram.com/queensahneantalya,menu bulunamadi,,0,
Rafine Coffee,Izmir,https://www.instagram.com/rafine.balatcik/,menu bulunamadi,,0,
quartet,Izmir,https://instagram.com/quartetcoffeeizmir?utm_medium=copy_link,menu bulunamadi,,0,
Sarf Arsuz,Hatay,https://www.instagram.com/sarfarsuz/,menu bulunamadi,,0,
Seine Restaurant,Mersin,https://www.instagram.com/seinerestaurant,menu bulunamadi,,0,
Root'inn,Istanbul,https://www.instagram.com/root.inn/,menu bulunamadi,,0,
Serender Park Restaurant & Kır Düğün Bahçesi,Kocaeli,https://www.instagram.com/serenderpark/,menu bulunamadi,,0,
Seval Sahne & Restaurant,Nevsehir,https://www.instagram.com/seval_sahne_restaurant/,menu bulunamadi,,0,
Urumchi Uyghur Restaurant,Ankara,https://www.instagram.com/s/aGlnaGxpZ2h0OjE4MDIyOTMxMTIwMzk2NDU4?story_media_id=3469339711221522735&igsh=MTY0aXNxeWU0ams2eQ==,menu bulunamadi,,0,
Sofular Köftecisi,Istanbul,https://www.instagram.com/sofularkoftecisi/?hl=en,menu bulunamadi,,0,
Sweet Story,Antalya,https://www.instagram.com/sweetstory.tr?igsh=MzFvcGIzaXd2NGlu,menu bulunamadi,,0,
Sonne,Istanbul,https://www.instagram.com/sonne_cafe/,menu bulunamadi,,0,
Sinem Dondurma,Istanbul,https://www.instagram.com/sinemdondurmaburgazada/,menu bulunamadi,,0,
Sırdaş Lokanta,Istanbul,https://instagram.com/sirdaslokanta,menu bulunamadi,,0,
Ünüvar Kokoreç,Aydin,https://www.instagram.com/unuvar_7.24.kokorec/,menu bulunamadi,,0,
Pizza Pan,Adana,https://www.instagram.com/tr.pizzapan,menu bulunamadi,,0,
Taner Usta Pide Kebap,Izmir,https://www.instagram.com/tanerusttaa/,menu bulunamadi,,0,
The Rock Bar,Antalya,https://www.instagram.com/the.rockbar/,menu bulunamadi,,0,
Ünüvar Çiğköfte,Aydin,https://www.instagram.com/unuvar_cigkofte/,menu bulunamadi,,0,
S.A.H.İ.L. Urla,Izmir,https://instagram.com/urlasahilrestaurant,menu bulunamadi,,0,
Ünüvar Lezzet Dünyası,Aydin,https://www.instagram.com/unuvar_lezzet_dunyasi/,menu bulunamadi,,0,
Vinni the Vegan Witch,Ankara,https://www.instagram.com/vinni.theveganwitch?igsh=MTBocG5iMHdwMTBidw==,menu bulunamadi,,0,
Voila Sapanca,Sakarya,https://www.instagram.com/voilasapanca,menu bulunamadi,,0,
Yasemin,Istanbul,https://www.instagram.com/yaseminrest/,menu bulunamadi,,0,
Zeze Dondurm Çiğ köfte Kafe,Kocaeli,https://www.instagram.com/zezedondurma/,menu bulunamadi,,0,
Ünüvar By Balık,Aydin,https://www.instagram.com/unuvar_by_balik/,menu bulunamadi,,0,
Ed Coffee Station,Hatay,https://www.instagtam.com/edcoffeestation,erisilemedi,,0,Page.goto: net::ERR_CERT_COMMON_NAME_INVALID at https://www.
Zuzu Cafe Bar,Balikesir,https://www.instagram.com/zuzucafebar,menu bulunamadi,,0,
All for More,Trabzon,https://instagram/all.formore,erisilemedi,,0,Page.goto: net::ERR_NAME_NOT_RESOLVED at https://instagram/a
Yüksek Rakım Alaşehir,Manisa,https://www.instagram.com/yuksekrakimalasehir/,menu bulunamadi,,0,
Işıl Garden Rooftop Restaurant & Turkish Cuisine,Istanbul,https://isilgardenrestaurant.com/tr/,menu bulunamadi,,0,
Akarca Restaurant,Izmir,https://www.ixirmenu.com/NbBKerEsf1022YPojsQ/,menu bulunamadi,,0,
İş Bankası Kalamış Lokali,Istanbul,https://www.isbankalilardernegi.org.tr/tesislerimiz/isemder-lokalleri/kalamis-lokali,erisilemedi,,0,"Page.goto: Timeout 20000ms exceeded.
Call log:
  - navigatin"
Juicery,Istanbul,https://juicery.bademsoft.com/en/menu-tr-english-2/,erisilemedi,,0,Page.goto: net::ERR_NAME_NOT_RESOLVED at https://juicery.bad
Taş Cafe 1,Isparta,https://www.isperiahotels.com.tr/category/restoran,erisilemedi,,0,"Page.goto: Timeout 20000ms exceeded.
Call log:
  - navigatin"
Arby's,Istanbul,https://www.istairport.com/en/services/food-beverage/restaurants-cafes/arbys-close-to-f-pier?locale=en,erisilemedi,,0,"Page.goto: Timeout 20000ms exceeded.
Call log:
  - navigatin"
Baltalimanı Polisevi Şube Müdürlüğü Tesisi,Istanbul,https://www.istanbul.pol.tr/baltalimani/,menu bulunamadi,,0,
Juan Valdez Coffee,Istanbul,https://www.juanvaldezcoffee.com.tr/sahrayicedit-subesi,menu bulunamadi,,0,
Kahve Deryasi,Istanbul,https://kahvederyasi.com.tr/tum-magazalar/yurtici-subeler/istanbul-kurtkoy-subesi,menu bulunamadi,,0,
Kalarmaria,Istanbul,https://www.kadyagrup.com.tr/kalamaria-menu,menu bulunamadi,,0,
Kafkas,Bursa,https://www.kafkas.com/tr,menu bulunamadi,,0,
Sultan Restoran,Ankara,http://kafemud.bilkent.edu.tr/monu_tr.html,menu bulunamadi,,0,
Kahve Tutkusu Pınarhisar,Kirklareli,https://karekodrestaurantmenu.com/menu/5396,menu bulunamadi,,0,
Katibim,Istanbul,https://www.katibim.com.tr/tr/katibim-menu,erisilemedi,,0,Page.goto: net::ERR_NAME_NOT_RESOLVED at https://www.katibim
Janus Cappadocia Restaurant,Nevsehir,https://www.januscappadocia.com.tr/Restaurant,erisilemedi,,0,"Page.goto: Timeout 20000ms exceeded.
Call log:
  - navigatin"
Kasis Cafe & Lounge,Istanbul,https://kasiscafe.qr.menulux.com/#!/categories,menu bulunamadi,,0,
Tarihi Adana Kazancılar Kebap,Diyarbakir,http://kazancilardiyarbakir.com/kurumsal.aspx,menu bulunamadi,,0,
Gondol Kafe,Izmir,http://www.karsiyakakentas.com/gondol-kafe-restoran_4,menu bulunamadi,,0,
Kartepe Manzara Restaurant,Kocaeli,https://www.kartepemanzara.com/index.php?dil=EN&id=0,gorsel-ocr-gerekli,https://www.kartepemanzara.com/index.php?dil=EN&id=0/assets/img/menu/lobster-bisque.jpg,0,
Köfteci Yusuf,Istanbul,https://kofteciyusuf.com/istanbul-bagdat-caddesi-ekmek-arasi-y.html,menu bulunamadi,,0,
Köfteci Yusuf,Istanbul,https://www.kofteciyusuf.com/istanbul-carrefoursa-atasehir-kofteci-yusuf-doner-y.html,menu bulunamadi,,0,
Köfteci Yusuf,Istanbul,https://www.kofteciyusuf.com/istanbul-cekmekoy-kofteci-yusuf.html,menu bulunamadi,,0,
Köfteci Yusuf,Istanbul,https://kofteciyusuf.com/istanbul-kucukbakkalkoy-kofteci-yusuf.html,menu bulunamadi,,0,
Omar's Kokobüs - Mobil Köfteci,Antalya,https://www.kalkanyemek.com/omarskokobus/,menu bulunamadi,,0,
Kırkikindi Pastane Türbe Önü,Konya,https://kirkikindi.com.tr/#pastane,pdf-ocr-gerekli,https://www.konbeltas.com/menuler/kirkikindi-restoran.pdf,0,
Köşebaşı,Istanbul,https://kosebasi.com/sube/atasehir/,menu bulunamadi,,0,
Köz Tat Çöp Şiş - Tekirdağ,Tekirdag,https://koztat.com/menu,erisilemedi,,0,Page.goto: net::ERR_NAME_NOT_RESOLVED at https://koztat.com/
koçak pırlanta,Kirsehir,https://www.kocak.com.tr/pirlanta-yuzuk-modelleri,menu bulunamadi,,0,
Konakbay Çibörek-Mantı,Ankara,http://www.konakbay.com.tr/ciborek-manti/menu,menu bulunamadi,,0,
Köşebaşı,Istanbul,https://www.kosebasi.com/sube/cadde/,menu bulunamadi,,0,
Kronotrop Caddebostan,Istanbul,https://www.kronotrop.com.tr/tr,menu bulunamadi,,0,
Kronotrop,Konya,https://www.kronotrop.com.tr/alisveris?gad_source=1&gad_campaignid=22231404889&gbraid=0AAAAA9SYlhyWnsNIQ_Nb5vggr_qNd9xKT&gclid=Cj0KCQjw-4XFBhCBARIsAAdNOks8qSg60zp3ERz66EOXnYfk5IdIsnN1-6GyIjf7eAT8o1hBvlgdLvIaAhy4EALw_wcB,pdf-ocr-gerekli,https://www.kronotrop.com.tr/pdf/kvkk_basvuru.pdf,0,
Kronotrop Topağacı,Istanbul,https://www.kronotrop.com.tr/tr/nerelerdeyiz/topagaci,menu bulunamadi,,0,
Le Pain Quotidien,Istanbul,"https://www.lepainquotidien.com/tr/tr/locations/suadiye/bostanc%C4%B1-mh.,-ba%C4%9Fdat-cd.-2/1",menu bulunamadi,,0,
Dayı Kürek Lahmacun,Istanbul,https://lezzetdayiyaceker.com/subeler/altunizade,menu bulunamadi,,0,
Komagene,Ankara,https://www.komagene.com.tr/tr/iletisim,erisilemedi,,0,"Page.goto: Timeout 20000ms exceeded.
Call log:
  - navigatin"
Kör Agop,Istanbul,http://www.koragop.com/index_pera.html,erisilemedi,,0,"Page.goto: Timeout 20000ms exceeded.
Call log:
  - navigatin"
Lu Gelato,Istanbul,https://www.lugelato.com/erenkoy,menu bulunamadi,,0,
Lime,Antalya,https://www.limerestaurantside.com/eng/index.php,menu bulunamadi,,0,
Meihua Chinese restaurant,Nevsehir,https://m.facebook.com/meihuachineserestaurant.cappadocia/,menu bulunamadi,,0,
Zula,Antalya,https://m.facebook.com/zulaside/,menu bulunamadi,,0,
Little Caesars,Istanbul,https://www.littlecaesars.com.tr/sube/istanbul-anadolu/kurtkoy/105903074008,menu bulunamadi,,0,
Dayi Kürek Lahmacun (Emek),Ankara,https://lezzetdayiyaceker.com/subeler/emek,erisilemedi,,0,"Page.goto: Timeout 20000ms exceeded.
Call log:
  - navigatin"
TADIM LOKANTASI ÇORBACIM,Antalya,http://mahmutlarlife.ru/index.php/eda/restorany/item/476-tadim-restaurant-tadim-lokantasi-orbaci,erisilemedi,,0,Page.goto: net::ERR_NAME_NOT_RESOLVED at http://mahmutlarlif
EKO,Antalya,http://mahmutlarlife.ru/index.php/eda/restorany/item/477-eko-restaurant,erisilemedi,,0,Page.goto: net::ERR_NAME_NOT_RESOLVED at http://mahmutlarlif
Bean of Coffee,Antalya,http://mahmutlarlife.ru/index.php/eda/restorany/item/499-central-park-restaurant,erisilemedi,,0,Page.goto: net::ERR_NAME_NOT_RESOLVED at http://mahmutlarlif
Klar Coffee,Istanbul,https://m.facebook.com/coffeeplethora,menu bulunamadi,,0,
Magnolia Shop Coffee,Istanbul,https://www.magnoliashop.com.tr/tr/subelerimiz/ataturk-caddesi,menu bulunamadi,,0,
Mabel Engelesiz Cafe,Ankara,https://www.mamak.bel.tr/tesis/kartaltepe-engelsiz-kafe/?filter=millet-kiraathaneleri%20tamamlanan-projeler,menu bulunamadi,,0,
Mabel Çikolata,Istanbul,https://www.mabel.com.tr/tr/magazalarimiz,gorsel-ocr-gerekli,https://www.mabel.com.tr/tr/magazalarimiz/images/megamenu/tabletler-mabel.png,0,
Mado,Ankara,https://mado.com.tr/yurt-ici-subeler/bilkent-avm-mado/,menu bulunamadi,,0,
Robert’s coffee,Antalya,http://menu.robertscoffeebeachpark.com/menu/goruntule/b545c08592aef2f043144826a669ec5c,erisilemedi,,0,Page.goto: net::ERR_NAME_NOT_RESOLVED at http://menu.roberts
Dibek Pastanesi,Istanbul,https://menu.kaffa.com.tr/dibek-pastanesi-erenkoy,gorsel-ocr-gerekli,https://menu.kaffa.com.tr/public/uploads/1652099239.jpeg,0,
TX Burger,Istanbul,https://menu-online.co/txburger/webstore/welcome,menu bulunamadi,,0,
İnönü Mahallesi Emekliler Kafeteryası,Istanbul,https://kucukcekmece.istanbul/icerikler/tamamlanan-projeler/inonu-mahallesi-emekliler-kafeteryasi/35157,pdf-ocr-gerekli,https://kucukcekmece.istanbul/Content/dosya/31336/akilli-kitap-36975-1591037.pdf,0,
Mezzaluna,Ankara,https://www.mezzaluna.com.tr/en/sube/bilkent/contact.aspx,menu bulunamadi,,0,
Mercan,Izmir,https://mercanrestoran.com.tr/restoran/,menu bulunamadi,,0,
Ihlamur Kasrı Kafeterya,Istanbul,https://www.millisaraylar.gov.tr/Hizmetler/20/IHLAMUR-KASRI-KAFETERYA,menu bulunamadi,,0,
Miso Ramen Ankara,Ankara,https://misoramenankara.qr.menulux.com/#!/,menu bulunamadi,,0,
Monstera Coffee Company,Istanbul,https://menum.co/MONSTERA-COFFEE-COMPANY,gorsel-ocr-gerekli,https://menum.co/storage/logo/restro-theme_logo.png,0,
Maydonoz Döner,Istanbul,https://maydonozdoner.com/istanbulcekmekoytasdelen/,gorsel-ocr-gerekli,https://maydonozdoner.com/wp-content/uploads/2026/08/gel-al-menu.png,0,
MySoho Lounge Brasserie,Denizli,http://www.mysoho.com.tr/menu.pdf,menu bulunamadi,,0,
Miss Pizza Şişhane,Istanbul,http://www.misspizza.com.tr/en,menu bulunamadi,,0,
The St. Bernard Restaurant,Istanbul,https://monnacafe.qr.menulux.com/#!/,gorsel-ocr-gerekli,https://menuluxstorage.blob.core.windows.net/customers/12022025161524000x200.jpeg,0,
Maltepe Belediyesi Seyirtepe Sosyal Tesisleri,Istanbul,https://maltepematas.com.tr/hizmetlerimiz/seyirtepe-sosyal-tesisleri/,erisilemedi,,0,"Page.goto: Timeout 20000ms exceeded.
Call log:
  - navigatin"
Restaurat Günet,Malatya,https://nemrutgunesmotel.com/about.html,menu bulunamadi,,0,
Misina,Istanbul,https://www.misina.com.tr/goztepe.asp,menu bulunamadi,,0,
Nusr-Et Steakhouse Ankara,Ankara,https://www.nusr-et.com.tr/tr/ana-sayfa.aspx,menu bulunamadi,,0,
Murano's Kitchen Çeşme,Izmir,https://muranoskitchen.com.tr/cesme-anasayfa/,erisilemedi,,0,"Page.goto: Timeout 20000ms exceeded.
Call log:
  - navigatin"
Nakkaş Kebap,Istanbul,https://nakkaskebap.com/#g%C3%B6ztepe,erisilemedi,,0,"Page.goto: Timeout 20000ms exceeded.
Call log:
  - navigatin"
Olden 1772,Istanbul,https://olden1772.com/qr-menu/,menu bulunamadi,,0,
Oxygen Pub,Antalya,http://www.netagram.com/oxygen.pub,erisilemedi,,0,"Page.goto: Timeout 20000ms exceeded.
Call log:
  - navigatin"
Efsane Çöp Şiş Necati Baba,Aydin,http://www.ortaklarcopsisefsanenecatibaba.com/home.html,erisilemedi,,0,Page.goto: net::ERR_NAME_NOT_RESOLVED at http://www.ortaklar
Ohannes Burger Silifke,Mersin,https://ohannesburger.com/menu,menu bulunamadi,,0,
İksirci Tezcan,Mugla,https://www.orkaboutique.com/carnival_restaurant.html,menu bulunamadi,,0,
Topuzlu Han Restoran,Nevsehir,https://www.nevsehir.pol.tr/topuzlu-han,,,0,
Opia Coffee Co.,Eskisehir,https://www.picuki.com/profile/opiacoffeeco,menu bulunamadi,,0,
Dönerci Yaşar,Denizli,https://pinecaferestaurant.com/menumuz/,erisilemedi,,0,Page.goto: net::ERR_NAME_NOT_RESOLVED at https://pinecaferes
Oses Çiğ Köfte,Istanbul,http://www.osescigkofte.com/satis-noktalari/istanbul-silivri-oses-cigkofte-bayileri,erisilemedi,,0,"Page.goto: Timeout 20000ms exceeded.
Call log:
  - navigatin"
Özcanlar Köfte,Tekirdag,https://www.ozcanlarkofte.com/index.html,erisilemedi,,0,"Page.goto: Timeout 20000ms exceeded.
Call log:
  - navigatin"
PenCR Güzelyalı Sosyal Tesisleri,Istanbul,https://www.pentas.istanbul/guzelyali.aspx,erisilemedi,,0,"Page.goto: Timeout 20000ms exceeded.
Call log:
  - navigatin"
PenCR Koru,Istanbul,https://pentas.istanbul/pencrkoru.aspx,erisilemedi,,0,"Page.goto: Timeout 20000ms exceeded.
Call log:
  - navigatin"
Nalia Karadeniz Mutfağı,Istanbul,https://www.nalia.com.tr/subelerimiz/#bostanci,pdf-ocr-gerekli,https://nalia.com.tr/wp-content/uploads/2026/02/nalia-2026-menu.pdf,0,
Pizza Tomato Görükle,Bursa,https://www.pizzatomato.com.tr/pizza-tomato-gorukle-menu,menu bulunamadi,,0,
Pizza Tomato Kırkağaç,Manisa,https://www.pizzatomato.com.tr/pizza-tomato-kirkagac-menu,menu bulunamadi,,0,
Pizza Lazza Kazasker,Istanbul,https://www.pizzalazza.com.tr/sayfa/subeler/kazasker,gorsel-ocr-gerekli,https://www.pizzalazza.com.tr/sayfa/subeler/kazasker/pizzalazza-icons/hamburger-menu-green.png,0,
Schiller,Antalya,https://qr-menu.simprasuite.com/schiller-antalya-guzeloba/2,menu bulunamadi,,0,
Vanilya,Istanbul,https://qr-menu.simprasuite.com/vanilya-sile-2/2,menu bulunamadi,,0,
Pizza Hut,Istanbul,https://www.pizzahut.com.tr/restoranlar,erisilemedi,,0,"Page.goto: Timeout 20000ms exceeded.
Call log:
  - navigatin"
The Populist,Istanbul,http://populistbomonti.wizlo.io/orderMenu,menu bulunamadi,,0,
Postane Cafe,Istanbul,https://postane.co/mekanlar/cafe,menu bulunamadi,,0,
Moni Restoran Cafe,Istanbul,https://qr.finedinemenu.com/azDlvn1aM?table=sample,menu bulunamadi,,0,
Giant Stride,Antalya,https://qr.adisyo.com/905e9082-9431-48bc-8822-229a2191b892?202204150633,menu bulunamadi,,0,
Trend Coffee,Antalya,http://qrmenu.piworks.com.tr/store/trendcafe/,menu bulunamadi,,0,
mare mosso caffè e vendite,Istanbul,https://qr.menufay.com/main#0,gorsel-ocr-gerekli,https://qr.menufay.com/assets/images/logo_login.png,0,
Flamingo lara,Antalya,https://qr.finedinemenu.com/flamingo-lara,menu bulunamadi,,0,
Northmen,Antalya,https://qr.finedinemenu.com/northmen-bistro/menu/63aafed36b6c7b00156fa679,menu bulunamadi,,0,
Atıştır 1989,Istanbul,https://quickly.restaurant/atistir,erisilemedi,,0,Page.goto: net::ERR_NAME_NOT_RESOLVED at https://quickly.res
Vogs,Istanbul,https://qr.finedinemenu.com/vogs-coffee,menu bulunamadi,,0,
Burrito Shop,Istanbul,https://www.quandoo.com.tr/en/place/burrito-shop-caddebostan-16990?aid=63,menu bulunamadi,,0,
Lil bake,Istanbul,https://qr.finedinemenu.com/zVGnaLlpd0,menu bulunamadi,,0,
Bafra Pide,Istanbul,https://qrmenuapp.akinsoft.com.tr/Q16SG4/bafra-pide,gorsel-ocr-gerekli,https://qrmenuapp.akinsoft.com.tr/Q16SG4/bafra-pide/images/hero-qr-menu.webp?v=1ae7141,0,
Duma Duma,Istanbul,https://qrmenuapp.akinsoft.com.tr/HGDTUM/mrk/share,gorsel-ocr-gerekli,https://qrmenuapp.akinsoft.com.tr/HGDTUM/mrk/share/images/hero-qr-menu.webp?v=1ae7141,0,
RC Restaurant & Winehouse,Kirklareli,https://www.referenceclub.com.tr/restaurant;https://www.referenceclub.com.tr/,menu bulunamadi,,0,
Blink Coffee,Istanbul,https://restaurantguru.com/Blink-Coffee-Istanbul,menu bulunamadi,,0,
Bağdat Marmaris,Istanbul,https://restaurantguru.com/Bagdat-Marmaris-Istanbul,gorsel-ocr-gerekli,https://menu02.restaurantguru.com/m6/Bagdat-Marmaris-Fast-food-menu.jpg,0,
Fiero Cafe,Ankara,https://restaurantguru.com/Fiero-Ankara-4,menu bulunamadi,,0,
Gülpembe Pasta Kafe,Istanbul,https://restaurantguru.com/Gulpembe-Pastanesi-Istanbul,menu bulunamadi,,0,
Ranchero Mexican Restaurant,Istanbul,https://www.ranchero.com.tr/subelerimiz/#suadiye,menu bulunamadi,,0,
Fıstıkağacı Cafe Pastane,Istanbul,https://restaurantguru.com/Fistik-Agaci-Simge-Turkey,menu bulunamadi,,0,
Babbo Pizza & Bar,Istanbul,https://restaurantguru.com/Cafe-Babas-Istanbul,menu bulunamadi,,0,
ikonium Etiler Etli Ekmek,Istanbul,https://restaurantguru.com/Ikonium-Istanbul,menu bulunamadi,,0,
Crelo Coffee,Istanbul,https://restaurantguru.com/Crelo-Coffee-Istanbul,menu bulunamadi,,0,
Kebab Dünyası Cafe&Restaurant,Istanbul,https://restaurantguru.com/KEBAP-Dunyasi-Istanbul-7/menu,menu bulunamadi,,0,
Kirpi Cafe,Istanbul,https://restaurantguru.com/Kirpi-Cafe-Kosuyolu-Istanbul,menu bulunamadi,,0,
Viola Cafe & Patisserie,Istanbul,https://restaurantguru.com/Ovalim-Pasta-Cafe-Istanbul,menu bulunamadi,,0,
Razaki,Istanbul,https://restaurantguru.com/Razaki-Istanbul,menu bulunamadi,,0,
Samsun Pide Evi,Istanbul,https://restaurantguru.com/SAMSUN-Pide-Evi-Istanbul,menu bulunamadi,,0,
Love breakfast,Mugla,https://rests.app/site/lb/menu,erisilemedi,,0,Page.goto: net::ERR_NAME_NOT_RESOLVED at https://rests.app/s
Pilav Kralı Rumeli Pilavcısı,Bursa,https://rumelipilavcisi.com.tr/index.html,erisilemedi,,0,Page.goto: net::ERR_NAME_NOT_RESOLVED at https://rumelipilav
Serpmeköy Trabzon Köy Kahvaltısı,Istanbul,https://restaurantguru.com/Serpmekoy-Trabzon-Koy-Kahvaltisi-Istanbul,menu bulunamadi,,0,
Shoko,Istanbul,https://restaurantguru.com/Shoko-Istanbul,menu bulunamadi,,0,
Süha  Döner & Köfteci,Ankara,https://restaurantguru.com/Suha-Doner-andKebab-Ankara,menu bulunamadi,,0,
Unique Coffee,Istanbul,https://restaurantguru.com/Unique-Coffee-Erenkoy-Istanbul,menu bulunamadi,,0,
Saca Marin,Istanbul,https://www.sacagrup.com/saca-marin/,menu bulunamadi,,0,
Saca Ocakbaşı,Istanbul,https://www.sacagrup.com/saca-ocakbasi-atasehir/,menu bulunamadi,,0,
Saca Ocakbaşı,Istanbul,https://www.sacagrup.com/saca-ocakbasi-fenerbahce/,menu bulunamadi,,0,
Sahan,Istanbul,https://www.sahan.com/sahan-atasehir/,menu bulunamadi,,0,
MSA,Istanbul,https://www.sakipsabancimuzesi.org/en/visit/msas-restaurant,menu bulunamadi,,0,
Sahan Kebap,Istanbul,https://www.sahan.com/sahan-caddebostan/,menu bulunamadi,,0,
Sembol Ocakbaşı,Istanbul,https://www.sembolocakbasi.com.tr/sube/atasehir,erisilemedi,,0,Page.goto: net::ERR_CERT_COMMON_NAME_INVALID at https://www.
Sandal Restaurant Et Balık & Kahvaltı,Hatay,https://www.sanaltur360.com/dijital-ikiz/sandal-restaurant,menu bulunamadi,,0,
Sakhalin İstanbul,Istanbul,https://sakhalin.rest/istanbul/tr,pdf-metin,https://wrf.su/Sakhalin_Main_Istanbul_tur+eng.pdf,142,
SASA Harmanlık Restoran,Sakarya,https://www.sasasapanca.com/tr/restoran,pdf-ocr-gerekli,https://www.sasasapanca.com/tr/restoran/../../menu.pdf,0,
6:45 Public House,Istanbul,https://share.google/3VUDXyxaeNER9Mvs8,menu bulunamadi,,0,
Decorative Art World,Giresun,https://www.shopier.com/decorative_art_world,menu bulunamadi,,0,
Şaşkın Et Mangal,Istanbul,http://www.saskinet.com.tr/iletisim/,pdf-ocr-gerekli,http://www.saskinet.com.tr/iletisim/ramazan-menusu.pdf,0,
Smooth Coffee,Mugla,https://smoothcoffee.com.tr/smooth-coffee-mugla.html,erisilemedi,,0,Page.goto: net::ERR_NAME_NOT_RESOLVED at https://smoothcoffe
Starbucks,Istanbul,https://www.starbucks.co.uk/store-locator/1333-140427/nida-kule-kozyatagi,pdf-ocr-gerekli,https://www.starbucks.co.uk/sites/starbucks-uk-pwa/files/2026-04/FY25_Modern%20Slavery%20Statement_Final.pdf,0,
Shang Palace,Istanbul,https://www.shangri-la.com/istanbul/shangrila/dining/restaurants/shang-palace/,pdf-ocr-gerekli,https://sitecore-cd.shangri-la.com/-/media/Shangri-La/istanbul_shangrila/dining/restaurants/shang-palace/2026/June/202606_SLIB_Shang-Palace-Menu.pdf,0,
Simit Durağı 3,Konya,http://slcklusimitduragi.wixsite.com/slcklusimitduragi,menu bulunamadi,,0,
Baba Söğüş,Istanbul,https://www.shopier.com/s/store/babasakatat,menu bulunamadi,,0,
Ist Too,Istanbul,https://www.shangri-la.com/tr/istanbul/shangrila/dining/restaurants/ist-too/,pdf-ocr-gerekli,https://sitecore-cd.shangri-la.com/-/media/Shangri-La/istanbul_shangrila/dining/restaurants/ist-too/2026/June/202606_SLIB_IST-Too_Breakfast-Menu_English.pdf,0,
Starbucks,Mugla,https://www.starbucks.co.uk/store-locator/17344-181064/avenue-bodrum,pdf-ocr-gerekli,https://www.starbucks.co.uk/sites/starbucks-uk-pwa/files/2026-04/FY25_Modern%20Slavery%20Statement_Final.pdf,0,
Starbucks,Ankara,https://www.starbucks.co.uk/store-locator/1335-139657/cayyolu,pdf-ocr-gerekli,https://www.starbucks.co.uk/sites/starbucks-uk-pwa/files/2026-04/FY25_Modern%20Slavery%20Statement_Final.pdf,0,
Le Bar,Istanbul,https://www.shangri-la.com/istanbul/shangrila/dining/bars-lounges/le-bar/,pdf-ocr-gerekli,https://sitecore-cd.shangri-la.com/-/media/Shangri-La/istanbul_shangrila/dining/restaurants/ist-too/2026/February/202602_SLIB_Wine-Menu_Web.pdf,0,
Starbucks,Istanbul,https://www.starbucks.co.uk/store-locator/17419-181715/arena-park-avm,pdf-ocr-gerekli,https://www.starbucks.co.uk/sites/starbucks-uk-pwa/files/2026-04/FY25_Modern%20Slavery%20Statement_Final.pdf,0,
Starbucks,Antalya,https://www.starbucks.co.uk/store-locator/15372-156845/terracity-reserve,pdf-ocr-gerekli,https://www.starbucks.co.uk/sites/starbucks-uk-pwa/files/2026-04/FY25_Modern%20Slavery%20Statement_Final.pdf,0,
Starbucks,Konya,https://www.starbucks.co.uk/store-locator/18019-176490/kent-plaza-avm,pdf-ocr-gerekli,https://www.starbucks.co.uk/sites/starbucks-uk-pwa/files/2026-04/FY25_Modern%20Slavery%20Statement_Final.pdf,0,
Starbucks,Istanbul,https://www.starbucks.co.uk/store-locator/17620-186185/aqua-florya-zemin-kat,pdf-ocr-gerekli,https://www.starbucks.co.uk/sites/starbucks-uk-pwa/files/2026-04/FY25_Modern%20Slavery%20Statement_Final.pdf,0,
Starbucks,Aydin,https://www.starbucks.co.uk/store-locator/18195-166125/novada-aydin,pdf-ocr-gerekli,https://www.starbucks.co.uk/sites/starbucks-uk-pwa/files/2026-04/FY25_Modern%20Slavery%20Statement_Final.pdf,0,
Starbucks,Eskisehir,https://www.starbucks.co.uk/store-locator/18961-197186/adalar-eskisehir,pdf-ocr-gerekli,https://www.starbucks.co.uk/sites/starbucks-uk-pwa/files/2026-04/FY25_Modern%20Slavery%20Statement_Final.pdf,0,
Starbucks,Istanbul,https://www.starbucks.co.uk/store-locator/18597-192704/papirus-plaza-kagithane,pdf-ocr-gerekli,https://www.starbucks.co.uk/sites/starbucks-uk-pwa/files/2026-04/FY25_Modern%20Slavery%20Statement_Final.pdf,0,
Starbucks,Ankara,https://www.starbucks.co.uk/store-locator/19246-200064/karanfil-sokak,pdf-ocr-gerekli,https://www.starbucks.co.uk/sites/starbucks-uk-pwa/files/2026-04/FY25_Modern%20Slavery%20Statement_Final.pdf,0,
Starbucks,Aydin,https://www.starbucks.co.uk/store-locator/19201-198484/kusadasi-sahil,pdf-ocr-gerekli,https://www.starbucks.co.uk/sites/starbucks-uk-pwa/files/2026-04/FY25_Modern%20Slavery%20Statement_Final.pdf,0,
Starbucks,Samsun,https://www.starbucks.co.uk/store-locator/19212-199664/kozzy-avm-samsun,pdf-ocr-gerekli,https://www.starbucks.co.uk/sites/starbucks-uk-pwa/files/2026-04/FY25_Modern%20Slavery%20Statement_Final.pdf,0,
Starbucks,Istanbul,https://www.starbucks.co.uk/store-locator/1907-143805/kadir-has-universitesi,pdf-ocr-gerekli,https://www.starbucks.co.uk/sites/starbucks-uk-pwa/files/2026-04/FY25_Modern%20Slavery%20Statement_Final.pdf,0,
Starbucks,Istanbul,https://www.starbucks.co.uk/store-locator/1927-141585/elmadag,pdf-ocr-gerekli,https://www.starbucks.co.uk/sites/starbucks-uk-pwa/files/2026-04/FY25_Modern%20Slavery%20Statement_Final.pdf,0,
Starbucks,Samsun,https://www.starbucks.co.uk/store-locator/19398-201886/atakum-adnan-menderes-blv,pdf-ocr-gerekli,https://www.starbucks.co.uk/sites/starbucks-uk-pwa/files/2026-04/FY25_Modern%20Slavery%20Statement_Final.pdf,0,
Starbucks,Istanbul,https://www.starbucks.co.uk/store-locator/1940-141208/viaport-asia,pdf-ocr-gerekli,https://www.starbucks.co.uk/sites/starbucks-uk-pwa/files/2026-04/FY25_Modern%20Slavery%20Statement_Final.pdf,0,
Starbucks,Istanbul,https://www.starbucks.co.uk/store-locator/1931-141884/optimum-yenisahra-istanbul,pdf-ocr-gerekli,https://www.starbucks.co.uk/sites/starbucks-uk-pwa/files/2026-04/FY25_Modern%20Slavery%20Statement_Final.pdf,0,
Starbucks,Istanbul,https://www.starbucks.co.uk/store-locator/19611-199665/g-plus,pdf-ocr-gerekli,https://www.starbucks.co.uk/sites/starbucks-uk-pwa/files/2026-04/FY25_Modern%20Slavery%20Statement_Final.pdf,0,
Starbucks,Antalya,https://www.starbucks.co.uk/store-locator/20265-204549/erasta-antalya,pdf-ocr-gerekli,https://www.starbucks.co.uk/sites/starbucks-uk-pwa/files/2026-04/FY25_Modern%20Slavery%20Statement_Final.pdf,0,
Starbucks,Istanbul,https://www.starbucks.co.uk/store-locator/22375-220524/can-park,pdf-ocr-gerekli,https://www.starbucks.co.uk/sites/starbucks-uk-pwa/files/2026-04/FY25_Modern%20Slavery%20Statement_Final.pdf,0,
Starbucks,Antalya,https://www.starbucks.co.uk/store-locator/1937-137296/migros-antalya,pdf-ocr-gerekli,https://www.starbucks.co.uk/sites/starbucks-uk-pwa/files/2026-04/FY25_Modern%20Slavery%20Statement_Final.pdf,0,
Starbucks,Istanbul,https://www.starbucks.co.uk/store-locator/20638-207124/brandium,pdf-ocr-gerekli,https://www.starbucks.co.uk/sites/starbucks-uk-pwa/files/2026-04/FY25_Modern%20Slavery%20Statement_Final.pdf,0,
Starbucks,Mersin,https://www.starbucks.co.uk/store-locator/22290-219545/cag-universitesi,pdf-ocr-gerekli,https://www.starbucks.co.uk/sites/starbucks-uk-pwa/files/2026-04/FY25_Modern%20Slavery%20Statement_Final.pdf,0,
Starbucks,Gaziantep,https://www.starbucks.co.uk/store-locator/20242-200066/forum-gaziantep,pdf-ocr-gerekli,https://www.starbucks.co.uk/sites/starbucks-uk-pwa/files/2026-04/FY25_Modern%20Slavery%20Statement_Final.pdf,0,
Starbucks,Ankara,https://www.starbucks.co.uk/store-locator/23360-229206/antares-avm,erisilemedi,,0,"Page.goto: Timeout 20000ms exceeded.
Call log:
  - navigatin"
Starbucks,Adana,https://www.starbucks.co.uk/store-locator/23681-232564/turgut-ozal-no-44,pdf-ocr-gerekli,https://www.starbucks.co.uk/sites/starbucks-uk-pwa/files/2026-04/FY25_Modern%20Slavery%20Statement_Final.pdf,0,
Starbucks,Kocaeli,https://www.starbucks.co.uk/store-locator/22925-226446/sekerpinar-drive-thru,pdf-ocr-gerekli,https://www.starbucks.co.uk/sites/starbucks-uk-pwa/files/2026-04/FY25_Modern%20Slavery%20Statement_Final.pdf,0,
Starbucks,Istanbul,https://www.starbucks.co.uk/store-locator/22700-223745/acibadem-hastanesi-atakent,pdf-ocr-gerekli,https://www.starbucks.co.uk/sites/starbucks-uk-pwa/files/2026-04/FY25_Modern%20Slavery%20Statement_Final.pdf,0,
Starbucks,Izmir,https://www.starbucks.co.uk/store-locator/23480-230704/adb-domestic-departure-airside,pdf-ocr-gerekli,https://www.starbucks.co.uk/sites/starbucks-uk-pwa/files/2026-04/FY25_Modern%20Slavery%20Statement_Final.pdf,0,
Starbucks,Izmir,https://www.starbucks.co.uk/store-locator/22378-220526/bostanli,pdf-ocr-gerekli,https://www.starbucks.co.uk/sites/starbucks-uk-pwa/files/2026-04/FY25_Modern%20Slavery%20Statement_Final.pdf,0,
Starbucks,Aydin,https://www.starbucks.co.uk/store-locator/24881-239326/forum-aydin,pdf-ocr-gerekli,https://www.starbucks.co.uk/sites/starbucks-uk-pwa/files/2026-04/FY25_Modern%20Slavery%20Statement_Final.pdf,0,
Starbucks,Konya,https://www.starbucks.co.uk/store-locator/23911-234126/kulesite,pdf-ocr-gerekli,https://www.starbucks.co.uk/sites/starbucks-uk-pwa/files/2026-04/FY25_Modern%20Slavery%20Statement_Final.pdf,0,
Starbucks,Kocaeli,https://www.starbucks.co.uk/store-locator/26981-246365/arasta-park-avm,pdf-ocr-gerekli,https://www.starbucks.co.uk/sites/starbucks-uk-pwa/files/2026-04/FY25_Modern%20Slavery%20Statement_Final.pdf,0,
Starbucks,Diyarbakir,https://www.starbucks.co.uk/store-locator/23809-233069/ceylan-karavil-park-avm,pdf-ocr-gerekli,https://www.starbucks.co.uk/sites/starbucks-uk-pwa/files/2026-04/FY25_Modern%20Slavery%20Statement_Final.pdf,0,
Starbucks,Isparta,https://www.starbucks.co.uk/store-locator/27599-248086/centrum-garden,pdf-ocr-gerekli,https://www.starbucks.co.uk/sites/starbucks-uk-pwa/files/2026-04/FY25_Modern%20Slavery%20Statement_Final.pdf,0,
Starbucks,Adana,https://www.starbucks.co.uk/store-locator/3030-142267/ziya-pasa-bulvari-no:15,menu bulunamadi,,0,
Starbucks,Istanbul,https://www.starbucks.co.uk/store-locator/29824-255546/goztepe,pdf-ocr-gerekli,https://www.starbucks.co.uk/sites/starbucks-uk-pwa/files/2026-04/FY25_Modern%20Slavery%20Statement_Final.pdf,0,
Starbucks,Eskisehir,https://www.starbucks.co.uk/store-locator/29608-254411/universite-caddesi-eskisehir,pdf-ocr-gerekli,https://www.starbucks.co.uk/sites/starbucks-uk-pwa/files/2026-04/FY25_Modern%20Slavery%20Statement_Final.pdf,0,
Starbucks,Kocaeli,https://www.starbucks.co.uk/store-locator/26519-244492/symbol-avm,pdf-ocr-gerekli,https://www.starbucks.co.uk/sites/starbucks-uk-pwa/files/2026-04/FY25_Modern%20Slavery%20Statement_Final.pdf,0,
Starbucks,Istanbul,https://www.starbucks.co.uk/store-locator/30841-101708/sinasos-avm,pdf-ocr-gerekli,https://www.starbucks.co.uk/sites/starbucks-uk-pwa/files/2026-04/FY25_Modern%20Slavery%20Statement_Final.pdf,0,
Starbucks,Istanbul,https://www.starbucks.co.uk/store-locator/30872-101240/town-center,pdf-ocr-gerekli,https://www.starbucks.co.uk/sites/starbucks-uk-pwa/files/2026-04/FY25_Modern%20Slavery%20Statement_Final.pdf,0,
Starbucks,Diyarbakir,https://www.starbucks.co.uk/store-locator/29972-256226/ninova-park-avm,pdf-ocr-gerekli,https://www.starbucks.co.uk/sites/starbucks-uk-pwa/files/2026-04/FY25_Modern%20Slavery%20Statement_Final.pdf,0,
Starbucks,Istanbul,https://www.starbucks.co.uk/store-locator/31432-107165/ciftehavuzlar,pdf-ocr-gerekli,https://www.starbucks.co.uk/sites/starbucks-uk-pwa/files/2026-04/FY25_Modern%20Slavery%20Statement_Final.pdf,0,
Starbucks,Istanbul,https://www.starbucks.co.uk/store-locator/31242-105129/barbaros-bulvari-besiktas,pdf-ocr-gerekli,https://www.starbucks.co.uk/sites/starbucks-uk-pwa/files/2026-04/FY25_Modern%20Slavery%20Statement_Final.pdf,0,
Starbucks,Izmir,https://www.starbucks.co.uk/store-locator/31018-278084/alsancak-reserve,pdf-ocr-gerekli,https://www.starbucks.co.uk/sites/starbucks-uk-pwa/files/2026-04/FY25_Modern%20Slavery%20Statement_Final.pdf,0,
Starbucks,Aydin,https://www.starbucks.co.uk/store-locator/31047-103179/kusadasi-port,pdf-ocr-gerekli,https://www.starbucks.co.uk/sites/starbucks-uk-pwa/files/2026-04/FY25_Modern%20Slavery%20Statement_Final.pdf,0,
Starbucks,Istanbul,https://www.starbucks.co.uk/store-locator/3159-142328/taksim-meydani,pdf-ocr-gerekli,https://www.starbucks.co.uk/sites/starbucks-uk-pwa/files/2026-04/FY25_Modern%20Slavery%20Statement_Final.pdf,0,
Starbucks,Ankara,https://www.starbucks.co.uk/store-locator/3163-142689/bilkent-universitesi-isletme,menu bulunamadi,,0,
Starbucks,Istanbul,https://www.starbucks.co.uk/store-locator/31517-107816/kozyatagi-ataturk-caddesi,pdf-ocr-gerekli,https://www.starbucks.co.uk/sites/starbucks-uk-pwa/files/2026-04/FY25_Modern%20Slavery%20Statement_Final.pdf,0,
Starbucks,Mersin,https://www.starbucks.co.uk/store-locator/3164-143230/forum-mersin-dis,pdf-ocr-gerekli,https://www.starbucks.co.uk/sites/starbucks-uk-pwa/files/2026-04/FY25_Modern%20Slavery%20Statement_Final.pdf,0,
Starbucks,Adana,https://www.starbucks.co.uk/store-locator/3165-143231/m1-avm-adana,pdf-ocr-gerekli,https://www.starbucks.co.uk/sites/starbucks-uk-pwa/files/2026-04/FY25_Modern%20Slavery%20Statement_Final.pdf,0,
Starbucks,Izmir,https://www.starbucks.co.uk/store-locator/31723-112824/kipa-balcova,pdf-ocr-gerekli,https://www.starbucks.co.uk/sites/starbucks-uk-pwa/files/2026-04/FY25_Modern%20Slavery%20Statement_Final.pdf,0,
Starbucks,Istanbul,https://www.starbucks.co.uk/store-locator/31628-227144/caddebostan-iskele-sokak,pdf-ocr-gerekli,https://www.starbucks.co.uk/sites/starbucks-uk-pwa/files/2026-04/FY25_Modern%20Slavery%20Statement_Final.pdf,0,
Starbucks,Ankara,https://www.starbucks.co.uk/store-locator/31706-110204/7-cadde-no-28,pdf-ocr-gerekli,https://www.starbucks.co.uk/sites/starbucks-uk-pwa/files/2026-04/FY25_Modern%20Slavery%20Statement_Final.pdf,0,
Starbucks,Istanbul,https://www.starbucks.co.uk/store-locator/32127-107321/bahcesehir-3.-cadde,menu bulunamadi,,0,
Starbucks,Kocaeli,https://www.starbucks.co.uk/store-locator/32370-133125/outlet-center,pdf-ocr-gerekli,https://www.starbucks.co.uk/sites/starbucks-uk-pwa/files/2026-04/FY25_Modern%20Slavery%20Statement_Final.pdf,0,
Starbucks,Ankara,https://www.starbucks.co.uk/store-locator/32047-111231/tunali-hilmi-cad,pdf-ocr-gerekli,https://www.starbucks.co.uk/sites/starbucks-uk-pwa/files/2026-04/FY25_Modern%20Slavery%20Statement_Final.pdf,0,
Starbucks,Istanbul,https://www.starbucks.co.uk/store-locator/32231-127964/gunesli,pdf-ocr-gerekli,https://www.starbucks.co.uk/sites/starbucks-uk-pwa/files/2026-04/FY25_Modern%20Slavery%20Statement_Final.pdf,0,
Starbucks,Ankara,https://www.starbucks.co.uk/store-locator/31890-114972/cepa-avm,pdf-ocr-gerekli,https://www.starbucks.co.uk/sites/starbucks-uk-pwa/files/2026-04/FY25_Modern%20Slavery%20Statement_Final.pdf,0,
Starbucks,Istanbul,https://www.starbucks.co.uk/store-locator/32027-122054/findikli,pdf-ocr-gerekli,https://www.starbucks.co.uk/sites/starbucks-uk-pwa/files/2026-04/FY25_Modern%20Slavery%20Statement_Final.pdf,0,
Starbucks,Ankara,https://www.starbucks.co.uk/store-locator/32786-139653/besevler-54.sokak,menu bulunamadi,,0,
Starbucks,Antalya,https://www.starbucks.co.uk/store-locator/32371-132206/she-mall,pdf-ocr-gerekli,https://www.starbucks.co.uk/sites/starbucks-uk-pwa/files/2026-04/FY25_Modern%20Slavery%20Statement_Final.pdf,0,
Starbucks,Denizli,https://www.starbucks.co.uk/store-locator/47155-256538/aqua-mall,pdf-ocr-gerekli,https://www.starbucks.co.uk/sites/starbucks-uk-pwa/files/2026-04/FY25_Modern%20Slavery%20Statement_Final.pdf,0,
Starbucks,Ankara,https://www.starbucks.co.uk/store-locator/42515-96132/arjantin-cad,pdf-ocr-gerekli,https://www.starbucks.co.uk/sites/starbucks-uk-pwa/files/2026-04/FY25_Modern%20Slavery%20Statement_Final.pdf,0,
Starbucks,Kocaeli,https://www.starbucks.co.uk/store-locator/32688-293494/dolphin-center,pdf-ocr-gerekli,https://www.starbucks.co.uk/sites/starbucks-uk-pwa/files/2026-04/FY25_Modern%20Slavery%20Statement_Final.pdf,0,
Starbucks,Antalya,https://www.starbucks.co.uk/store-locator/32522-137017/deepo,pdf-ocr-gerekli,https://www.starbucks.co.uk/sites/starbucks-uk-pwa/files/2026-04/FY25_Modern%20Slavery%20Statement_Final.pdf,0,
Starbucks,Hatay,https://www.starbucks.co.uk/store-locator/47379-258026/park-forbes-avm,pdf-ocr-gerekli,https://www.starbucks.co.uk/sites/starbucks-uk-pwa/files/2026-04/FY25_Modern%20Slavery%20Statement_Final.pdf,0,
Starbucks,Istanbul,https://www.starbucks.co.uk/store-locator/47896-260345/axis-bayrampasa,pdf-ocr-gerekli,https://www.starbucks.co.uk/sites/starbucks-uk-pwa/files/2026-04/FY25_Modern%20Slavery%20Statement_Final.pdf,0,
Starbucks,Istanbul,https://www.starbucks.co.uk/store-locator/48172-261864/ofispark-maltepe,pdf-ocr-gerekli,https://www.starbucks.co.uk/sites/starbucks-uk-pwa/files/2026-04/FY25_Modern%20Slavery%20Statement_Final.pdf,0,
Starbucks,Adana,https://www.starbucks.co.uk/store-locator/47201-257208/gazipasa,pdf-ocr-gerekli,https://www.starbucks.co.uk/sites/starbucks-uk-pwa/files/2026-04/FY25_Modern%20Slavery%20Statement_Final.pdf,0,
Starbucks,Istanbul,https://www.starbucks.co.uk/store-locator/48262-262385/serifali,pdf-ocr-gerekli,https://www.starbucks.co.uk/sites/starbucks-uk-pwa/files/2026-04/FY25_Modern%20Slavery%20Statement_Final.pdf,0,
Starbucks,Istanbul,https://www.starbucks.co.uk/store-locator/48590-263947/trendist-atasehir,pdf-ocr-gerekli,https://www.starbucks.co.uk/sites/starbucks-uk-pwa/files/2026-04/FY25_Modern%20Slavery%20Statement_Final.pdf,0,
Starbucks,Eskisehir,https://www.starbucks.co.uk/store-locator/48850-265504/visnelik-ataturk-bulvari,pdf-ocr-gerekli,https://www.starbucks.co.uk/sites/starbucks-uk-pwa/files/2026-04/FY25_Modern%20Slavery%20Statement_Final.pdf,0,
Starbucks,Ankara,https://www.starbucks.co.uk/store-locator/47911-260385/iran-cad,pdf-ocr-gerekli,https://www.starbucks.co.uk/sites/starbucks-uk-pwa/files/2026-04/FY25_Modern%20Slavery%20Statement_Final.pdf,0,
Starbucks,Istanbul,https://www.starbucks.co.uk/store-locator/48714-264855/cengelkoy-nato-yolu,pdf-ocr-gerekli,https://www.starbucks.co.uk/sites/starbucks-uk-pwa/files/2026-04/FY25_Modern%20Slavery%20Statement_Final.pdf,0,
Starbucks,Samsun,https://www.starbucks.co.uk/store-locator/48956-265970/ellialtilar,pdf-ocr-gerekli,https://www.starbucks.co.uk/sites/starbucks-uk-pwa/files/2026-04/FY25_Modern%20Slavery%20Statement_Final.pdf,0,
Starbucks,Antalya,https://www.starbucks.co.uk/store-locator/49186-267375/fener-sahil,pdf-ocr-gerekli,https://www.starbucks.co.uk/sites/starbucks-uk-pwa/files/2026-04/FY25_Modern%20Slavery%20Statement_Final.pdf,0,
Starbucks,Ankara,https://www.starbucks.co.uk/store-locator/50076-272732/bilkent-universitesi-gsf,pdf-ocr-gerekli,https://www.starbucks.co.uk/sites/starbucks-uk-pwa/files/2026-04/FY25_Modern%20Slavery%20Statement_Final.pdf,0,
Starbucks,Ankara,https://www.starbucks.co.uk/store-locator/50077-272729/florium-sitesi-yasamkent,pdf-ocr-gerekli,https://www.starbucks.co.uk/sites/starbucks-uk-pwa/files/2026-04/FY25_Modern%20Slavery%20Statement_Final.pdf,0,
Starbucks,Antalya,https://www.starbucks.co.uk/store-locator/49781-271250/konyaalti-liman,pdf-ocr-gerekli,https://www.starbucks.co.uk/sites/starbucks-uk-pwa/files/2026-04/FY25_Modern%20Slavery%20Statement_Final.pdf,0,
Starbucks,Istanbul,https://www.starbucks.co.uk/store-locator/50078-272728/beykent-yss-bulvari-no:53,menu bulunamadi,,0,
Starbucks,Adana,https://www.starbucks.co.uk/store-locator/49115-267118/turkmenbasi,pdf-ocr-gerekli,https://www.starbucks.co.uk/sites/starbucks-uk-pwa/files/2026-04/FY25_Modern%20Slavery%20Statement_Final.pdf,0,
Starbucks,Istanbul,https://www.starbucks.co.uk/store-locator/50073-272726/teras-park-beylikduzu,pdf-ocr-gerekli,https://www.starbucks.co.uk/sites/starbucks-uk-pwa/files/2026-04/FY25_Modern%20Slavery%20Statement_Final.pdf,0,
Starbucks,Mugla,https://www.starbucks.co.uk/store-locator/50801-276105/erasta-fethiye,pdf-ocr-gerekli,https://www.starbucks.co.uk/sites/starbucks-uk-pwa/files/2026-04/FY25_Modern%20Slavery%20Statement_Final.pdf,0,
Starbucks,Istanbul,https://www.starbucks.co.uk/store-locator/51030-276970/bulvar-216-teras,pdf-ocr-gerekli,https://www.starbucks.co.uk/sites/starbucks-uk-pwa/files/2026-04/FY25_Modern%20Slavery%20Statement_Final.pdf,0,
Starbucks,Istanbul,https://www.starbucks.co.uk/store-locator/51414-278399/kagithane-shell,pdf-ocr-gerekli,https://www.starbucks.co.uk/sites/starbucks-uk-pwa/files/2026-04/FY25_Modern%20Slavery%20Statement_Final.pdf,0,
Starbucks,Edirne,https://www.starbucks.co.uk/store-locator/50116-273033/erasta-edirne,pdf-ocr-gerekli,https://www.starbucks.co.uk/sites/starbucks-uk-pwa/files/2026-04/FY25_Modern%20Slavery%20Statement_Final.pdf,0,
Starbucks,Konya,https://www.starbucks.co.uk/store-locator/50336-274327/meram-meliksah-mah,pdf-ocr-gerekli,https://www.starbucks.co.uk/sites/starbucks-uk-pwa/files/2026-04/FY25_Modern%20Slavery%20Statement_Final.pdf,0,
Starbucks,Antalya,https://www.starbucks.co.uk/store-locator/50785-276107/ozdilek-park-antalya,pdf-ocr-gerekli,https://www.starbucks.co.uk/sites/starbucks-uk-pwa/files/2026-04/FY25_Modern%20Slavery%20Statement_Final.pdf,0,
Starbucks,Mugla,https://www.starbucks.co.uk/store-locator/53246-284284/fethiye-meydan,pdf-ocr-gerekli,https://www.starbucks.co.uk/sites/starbucks-uk-pwa/files/2026-04/FY25_Modern%20Slavery%20Statement_Final.pdf,0,
Starbucks,Adana,https://www.starbucks.co.uk/store-locator/53567-285784/turgut-ozal-bulvari-no98,pdf-ocr-gerekli,https://www.starbucks.co.uk/sites/starbucks-uk-pwa/files/2026-04/FY25_Modern%20Slavery%20Statement_Final.pdf,0,
Starbucks,Ankara,https://www.starbucks.co.uk/store-locator/54090-286324/galleria-ankara,pdf-ocr-gerekli,https://www.starbucks.co.uk/sites/starbucks-uk-pwa/files/2026-04/FY25_Modern%20Slavery%20Statement_Final.pdf,0,
Starbucks,Istanbul,https://www.starbucks.co.uk/store-locator/54086-286325/bilgi-universitesi-yurt,pdf-ocr-gerekli,https://www.starbucks.co.uk/sites/starbucks-uk-pwa/files/2026-04/FY25_Modern%20Slavery%20Statement_Final.pdf,0,
Starbucks,Kahramanmaras,https://www.starbucks.co.uk/store-locator/53997-286230/piazza-avm-kahramanmaras,pdf-ocr-gerekli,https://www.starbucks.co.uk/sites/starbucks-uk-pwa/files/2026-04/FY25_Modern%20Slavery%20Statement_Final.pdf,0,
Starbucks,Istanbul,https://www.starbucks.co.uk/store-locator/54087-286326/ugur-mumcu,pdf-ocr-gerekli,https://www.starbucks.co.uk/sites/starbucks-uk-pwa/files/2026-04/FY25_Modern%20Slavery%20Statement_Final.pdf,0,
Starbucks,Ankara,https://www.starbucks.co.uk/store-locator/54955-288724/incek-vista-avm,pdf-ocr-gerekli,https://www.starbucks.co.uk/sites/starbucks-uk-pwa/files/2026-04/FY25_Modern%20Slavery%20Statement_Final.pdf,0,
Starbucks,Antalya,https://www.starbucks.co.uk/store-locator/54515-286761/kultur-antalya,pdf-ocr-gerekli,https://www.starbucks.co.uk/sites/starbucks-uk-pwa/files/2026-04/FY25_Modern%20Slavery%20Statement_Final.pdf,0,
Starbucks,Kocaeli,https://www.starbucks.co.uk/store-locator/54950-288733/umuttepe,pdf-ocr-gerekli,https://www.starbucks.co.uk/sites/starbucks-uk-pwa/files/2026-04/FY25_Modern%20Slavery%20Statement_Final.pdf,0,
Starbucks,Istanbul,https://www.starbucks.co.uk/store-locator/54590-288331/blackout-bolkan-center,pdf-ocr-gerekli,https://www.starbucks.co.uk/sites/starbucks-uk-pwa/files/2026-04/FY25_Modern%20Slavery%20Statement_Final.pdf,0,
Starbucks,Istanbul,https://www.starbucks.co.uk/store-locator/54960-288728/a-ofis-topkapi,pdf-ocr-gerekli,https://www.starbucks.co.uk/sites/starbucks-uk-pwa/files/2026-04/FY25_Modern%20Slavery%20Statement_Final.pdf,0,
Starbucks,Adana,https://www.starbucks.co.uk/store-locator/55361-289212/turgut-ozal-bulvari-no:70,menu bulunamadi,,0,
Starbucks,Gaziantep,https://www.starbucks.co.uk/store-locator/55448-289309/adnan-menderes-bulvari-no:14,menu bulunamadi,,0,
Starbucks,Ankara,https://www.starbucks.co.uk/store-locator/56824-290820/7.-cadde-no:6,menu bulunamadi,,0,
Starbucks,Istanbul,https://www.starbucks.co.uk/store-locator/57378-291481/hadimkoy-c-blok,pdf-ocr-gerekli,https://www.starbucks.co.uk/sites/starbucks-uk-pwa/files/2026-04/FY25_Modern%20Slavery%20Statement_Final.pdf,0,
Starbucks,Istanbul,https://www.starbucks.co.uk/store-locator/55359-289213/beylikduzu-yasam,pdf-ocr-gerekli,https://www.starbucks.co.uk/sites/starbucks-uk-pwa/files/2026-04/FY25_Modern%20Slavery%20Statement_Final.pdf,0,
Starbucks,Izmir,https://www.starbucks.co.uk/store-locator/57574-291710/girne-bulvari,pdf-ocr-gerekli,https://www.starbucks.co.uk/sites/starbucks-uk-pwa/files/2026-04/FY25_Modern%20Slavery%20Statement_Final.pdf,0,
Starbucks,Istanbul,https://www.starbucks.co.uk/store-locator/57091-291103/buyukcekmece-sahil,pdf-ocr-gerekli,https://www.starbucks.co.uk/sites/starbucks-uk-pwa/files/2026-04/FY25_Modern%20Slavery%20Statement_Final.pdf,0,
Starbucks,Izmir,https://www.starbucks.co.uk/store-locator/57381-291482/buca-safir,pdf-ocr-gerekli,https://www.starbucks.co.uk/sites/starbucks-uk-pwa/files/2026-04/FY25_Modern%20Slavery%20Statement_Final.pdf,0,
Starbucks,Nevsehir,https://www.starbucks.co.uk/store-locator/57575-291714/avanos,pdf-ocr-gerekli,https://www.starbucks.co.uk/sites/starbucks-uk-pwa/files/2026-04/FY25_Modern%20Slavery%20Statement_Final.pdf,0,
Starbucks,Konya,https://www.starbucks.co.uk/store-locator/57577-291716/kivilcim-bulvar-avm,pdf-ocr-gerekli,https://www.starbucks.co.uk/sites/starbucks-uk-pwa/files/2026-04/FY25_Modern%20Slavery%20Statement_Final.pdf,0,
Starbucks,Izmir,https://www.starbucks.co.uk/store-locator/57736-291858/folkart-a-blok,pdf-ocr-gerekli,https://www.starbucks.co.uk/sites/starbucks-uk-pwa/files/2026-04/FY25_Modern%20Slavery%20Statement_Final.pdf,0,
Starbucks,Izmir,https://www.starbucks.co.uk/store-locator/58328-292480/guzelbahce-yelki,pdf-ocr-gerekli,https://www.starbucks.co.uk/sites/starbucks-uk-pwa/files/2026-04/FY25_Modern%20Slavery%20Statement_Final.pdf,0,
Starbucks,Mersin,https://www.starbucks.co.uk/store-locator/56955-290903/pozcu-sahil-bolkan-apartmani,pdf-ocr-gerekli,https://www.starbucks.co.uk/sites/starbucks-uk-pwa/files/2026-04/FY25_Modern%20Slavery%20Statement_Final.pdf,0,
Starbucks,Izmir,https://www.starbucks.co.uk/store-locator/58438-292640/karsiyaka-carsi,pdf-ocr-gerekli,https://www.starbucks.co.uk/sites/starbucks-uk-pwa/files/2026-04/FY25_Modern%20Slavery%20Statement_Final.pdf,0,
Starbucks,Adana,https://www.starbucks.co.uk/store-locator/59338-293551/aliya-izzetbegovic-bulvari-no:,menu bulunamadi,,0,
Starbucks,Izmir,https://www.starbucks.co.uk/store-locator/60194-294502/narlidere,pdf-ocr-gerekli,https://www.starbucks.co.uk/sites/starbucks-uk-pwa/files/2026-04/FY25_Modern%20Slavery%20Statement_Final.pdf,0,
Starbucks,Manisa,https://www.starbucks.co.uk/store-locator/60421-294506/novada-akhisar,pdf-ocr-gerekli,https://www.starbucks.co.uk/sites/starbucks-uk-pwa/files/2026-04/FY25_Modern%20Slavery%20Statement_Final.pdf,0,
Starbucks,Mersin,https://www.starbucks.co.uk/store-locator/59919-294131/saya-park-avm,pdf-ocr-gerekli,https://www.starbucks.co.uk/sites/starbucks-uk-pwa/files/2026-04/FY25_Modern%20Slavery%20Statement_Final.pdf,0,
Starbucks,Adana,https://www.starbucks.co.uk/store-locator/60437-294709/kurttepe,pdf-ocr-gerekli,https://www.starbucks.co.uk/sites/starbucks-uk-pwa/files/2026-04/FY25_Modern%20Slavery%20Statement_Final.pdf,0,
Starbucks,Istanbul,https://www.starbucks.co.uk/store-locator/58440-292642/pashador-bayrampasa,pdf-ocr-gerekli,https://www.starbucks.co.uk/sites/starbucks-uk-pwa/files/2026-04/FY25_Modern%20Slavery%20Statement_Final.pdf,0,
Starbucks,Izmir,https://www.starbucks.co.uk/store-locator/60604-294957/konak-pier,pdf-ocr-gerekli,https://www.starbucks.co.uk/sites/starbucks-uk-pwa/files/2025-09/FY25%20SBUX%20UK%20Tax%20Strategy.pdf,0,
Starbucks,Manisa,https://www.starbucks.co.uk/store-locator/58640-292877/forum-magnesia,pdf-ocr-gerekli,https://www.starbucks.co.uk/sites/starbucks-uk-pwa/files/2025-09/FY25%20SBUX%20UK%20Tax%20Strategy.pdf,0,
Starbucks,Mugla,https://www.starbucks.co.uk/store-locator/61233-295585/torba,,,0,
Starbucks,Adana,https://www.starbucks.co.uk/store-locator/60995-295366/01-burda-avm,,,0,
Starbucks,Ankara,https://www.starbucks.co.uk/store-locator/61235-295648/vega-avm-kecioren,menu bulunamadi,,0,
Starbucks,Ankara,https://www.starbucks.co.uk/store-locator/6127-149564/kentpark-avm,menu bulunamadi,,0,
Starbucks,Adana,https://www.starbucks.co.uk/store-locator/61232-295647/m1-avm-outdoor-adana,,,0,
Starbucks,Istanbul,https://www.starbucks.co.uk/store-locator/61542-295930/cemberlitas,menu bulunamadi,,0,
Starbucks,Denizli,https://www.starbucks.co.uk/store-locator/62319-296934/yunus-emre,menu bulunamadi,,0,
Starbucks,Istanbul,https://www.starbucks.co.uk/store-locator/62754-297271/dolapdere,menu bulunamadi,,0,
Starbucks,Balikesir,https://www.starbucks.co.uk/store-locator/66595-301150/ayvalik-kirlangic,menu bulunamadi,,0,
Starbucks,Istanbul,https://www.starbucks.co.uk/store-locator/66599-301162/vatan-caddesi,menu bulunamadi,,0,
Starbucks,Ankara,https://www.starbucks.co.uk/store-locator/67226-301987/ankara-vega-cadde-drive-thru,menu bulunamadi,,0,
Starbucks,Tekirdag,https://www.starbucks.co.uk/store-locator/66835-301478/ysk-center,menu bulunamadi,,0,
Starbucks,Batman,https://www.starbucks.co.uk/store-locator/68131-303061/batman-petrol-city,menu bulunamadi,,0,
Starbucks,Mersin,https://www.starbucks.co.uk/store-locator/68355-303363/adnan-menderes-bulvari-no-150,menu bulunamadi,,0,
Starbucks,Mugla,https://www.starbucks.co.uk/store-locator/68569-303643/gokova-go,menu bulunamadi,,0,
Starbucks,Adana,https://www.starbucks.co.uk/store-locator/68733-303850/sehitler-bulvari-no-70,menu bulunamadi,,0,
Starbucks,Adana,https://www.starbucks.co.uk/store-locator/69030-304273/dr-sadik-ahmet-bulvari-no-91,menu bulunamadi,,0,
Starbucks,Adana,https://www.starbucks.co.uk/store-locator/68745-303851/adana-sehir-hastanesi,menu bulunamadi,,0,
Starbucks,Konya,https://www.starbucks.co.uk/store-locator/69480-304754/konya-meram-cadde,menu bulunamadi,,0,
Starbucks,Mugla,https://www.starbucks.co.uk/store-locator/70926-305892/mugla-fethiye-3m-migros,menu bulunamadi,,0,
Starbucks,Istanbul,https://www.starbucks.co.uk/store-locator/7085-150313/kazasker,menu bulunamadi,,0,
Starbucks,Mersin,https://www.starbucks.co.uk/store-locator/69618-304807/ciftlikkoy-universite-cad-no-4,menu bulunamadi,,0,
Starbucks,Izmir,https://www.starbucks.co.uk/store-locator/70998-305956/izmir-folkart-vega,menu bulunamadi,,0,
Starbucks,Kirklareli,https://www.starbucks.co.uk/store-locator/70956-305903/kirklareli-minimall,menu bulunamadi,,0,
Starbucks,Istanbul,https://www.starbucks.co.uk/store-locator/7100-150464/cekmekoy-eltes,menu bulunamadi,,0,
Starbucks,Mugla,https://www.starbucks.co.uk/store-locator/71363-306414/mugla-ruya-park,menu bulunamadi,,0,
Starbucks,Kutahya,https://www.starbucks.co.uk/store-locator/71544-306682/kutahya-yildirim-mirap-shell,menu bulunamadi,,0,
Starbucks,Sivas,https://www.starbucks.co.uk/store-locator/71453-306534/sivas-cumhuriyet-universitesi,menu bulunamadi,,0,
Starbucks,Istanbul,https://www.starbucks.co.uk/store-locator/77884-308041/pendik-farilya-asia,menu bulunamadi,,0,
Starbucks,Istanbul,https://www.starbucks.co.uk/store-locator/71549-306681/yakuplu-yesilyurt-caddesi,menu bulunamadi,,0,
Starbucks,Mersin,https://www.starbucks.co.uk/store-locator/79122-309099/mezitli-gmk-bulvari-no-678,menu bulunamadi,,0,
Starbucks,Kocaeli,https://www.starbucks.co.uk/store-locator/79857-309204/gebze-center,menu bulunamadi,,0,
Starbucks,Aksaray,https://www.starbucks.co.uk/store-locator/80017-309388/aksaray-asko-vega,menu bulunamadi,,0,
Starbucks,Konya,https://www.starbucks.co.uk/store-locator/78559-308589/konya-enntepe-avm,menu bulunamadi,,0,
Starbucks,Istanbul,https://www.starbucks.co.uk/store-locator/81230-310537/istanbul-piyalepasa-carsi,menu bulunamadi,,0,
Starbucks,Kocaeli,https://www.starbucks.co.uk/store-locator/80703-309966/kocaeli-galen-prime,menu bulunamadi,,0,
Starbucks,Antalya,https://www.starbucks.co.uk/store-locator/81516-310898/alanya-ataturk-caddesi,menu bulunamadi,,0,
Starbucks,Izmir,https://www.starbucks.co.uk/store-locator/81696-311086/manavkuyu,menu bulunamadi,,0,
Starbucks,Mersin,https://www.starbucks.co.uk/store-locator/81943-310002/ciftlikkoy-akademi-ofis,menu bulunamadi,,0,
Starbucks,Izmir,https://www.starbucks.co.uk/store-locator/83202-312767/ordu-bulvari,menu bulunamadi,,0,
Starbucks,Kocaeli,https://www.starbucks.co.uk/store-locator/82207-311656/kocaeli-41-gate,menu bulunamadi,,0,
Starbucks,Balikesir,https://www.starbucks.co.uk/store-locator/83970-313631/balikesir-bandirma-opet,menu bulunamadi,,0,
Starbucks,Balikesir,https://www.starbucks.co.uk/store-locator/86530-316261/bandirma-palas-otel,menu bulunamadi,,0,
Starbucks,Istanbul,https://www.starbucks.co.uk/store-locator/84153-313872/kmo-nakkas,menu bulunamadi,,0,
Subway,Istanbul,https://www.subway.com/tr-TR/,erisilemedi,,0,Page.goto: net::ERR_HTTP2_PROTOCOL_ERROR at https://www.subw
Starbucks,Denizli,https://www.starbucks.co.uk/store-locator/86788-316810/denizli-kinikli-sepya,menu bulunamadi,,0,
Starbucks,Kocaeli,https://www.starbucks.co.uk/store-locator/87629-317822/kocaeli-mars,menu bulunamadi,,0,
SushiCo,Istanbul,https://www.sushico.com.tr/tr/subeler_detay.php?branch=1602920057,menu bulunamadi,,0,
SushiCo Kalamış,Istanbul,https://www.sushico.com.tr/en/subeler_detay.php?branch=1399712709,menu bulunamadi,,0,
Midas Pub,Denizli,https://temassiz.restaurant/keyfi-zade,erisilemedi,,0,Page.goto: net::ERR_NAME_NOT_RESOLVED at https://temassiz.re
"Кафе магазин ""Тобак, напитки, кальян""",Antalya,https://t.me/+WV0Ch6fweydhMWQ6,menu bulunamadi,,0,
İBB Arnavutköy Kent Lokantası,Istanbul,https://tesislerimiz.ibb.istanbul/arnavutkoy-kent-lokantasi/,menu bulunamadi,,0,
İBB Altınboynuz Sosyal Tesisi,Istanbul,https://tesislerimiz.ibb.istanbul/altinboynuz-sosyal-tesisi/,menu bulunamadi,,0,
İBB Avcılar Kent Lokantası,Istanbul,https://tesislerimiz.ibb.istanbul/avcilar-kent-lokantasi/,menu bulunamadi,,0,
İBB Çatalca Kent Lokantası,Istanbul,https://tesislerimiz.ibb.istanbul/catalca-kent-lokantasi/,menu bulunamadi,,0,
İBB Çapa Kent Lokantası,Istanbul,https://tesislerimiz.ibb.istanbul/capa-kent-lokantasi/,menu bulunamadi,,0,
Emirgan Sütiş,Istanbul,https://www.sutis.com.tr/subeler/kurtkoy-lens-avm/,menu bulunamadi,,0,
İBB Çekmeköy Kent Lokantası,Istanbul,https://tesislerimiz.ibb.istanbul/cekmekoy-kent-lokantasi/,menu bulunamadi,,0,
İBB Eyüpsultan Kent Lokantası,Istanbul,https://tesislerimiz.ibb.istanbul/eyupsultan-kent-lokantasi/,menu bulunamadi,,0,
İBB Kent Lokantası,Istanbul,https://tesislerimiz.ibb.istanbul/esenyurt-kent-lokantasi/,menu bulunamadi,,0,
İbb Gazi Sosyal Tesisleri,Istanbul,https://tesislerimiz.ibb.istanbul/gazi-sosyal-tesisleri/,menu bulunamadi,,0,
Gözdağı Sosyal Tesisleri,Istanbul,https://tesislerimiz.ibb.istanbul/gozdagi-sosyal-tesisi/,menu bulunamadi,,0,
İBB Hisarüstü Kent Lokantası,Istanbul,https://tesislerimiz.ibb.istanbul/hisarustu-kent-lokantasi/,menu bulunamadi,,0,
İBB Bağcılar Kent Lokantası,Istanbul,https://tesislerimiz.ibb.istanbul/kent-lokantasi/,menu bulunamadi,,0,
İBB Küçükçekmece Kent Lokantası,Istanbul,https://tesislerimiz.ibb.istanbul/kucukcekmece-kent-lokantasi/,menu bulunamadi,,0,
Paşalimanı Kafe,Istanbul,https://tesislerimiz.ibb.istanbul/pasalimani-sosyal-tesisi/,menu bulunamadi,,0,
İBB Pendik Kent Lokantası,Istanbul,https://tesislerimiz.ibb.istanbul/pendik-kent-lokantasi/,menu bulunamadi,,0,
İBB Safa Tepesi Sosyal Tesisleri,Istanbul,https://tesislerimiz.ibb.istanbul/safa-tepesi-sosyal-tesisi/,menu bulunamadi,,0,
İBB Sancaktepe Kent Lokantası,Istanbul,https://tesislerimiz.ibb.istanbul/sancaktepe-kent-lokantasi/,menu bulunamadi,,0,
Tarhun fırın,Istanbul,https://tarhunfirin.com/anasayfa/,sayfa-metin,https://tarhunfirin.com/menu/,15,
İBB Sultanahmet Kent Lokantası,Istanbul,https://tesislerimiz.ibb.istanbul/sultanahmet-kent-lokantasi/,menu bulunamadi,,0,
İBB Sultangazi Kent Lokantası,Istanbul,https://tesislerimiz.ibb.istanbul/sultangazi-kent-lokantasi/,menu bulunamadi,,0,
İBB Sultanbeyli Kent Lokantası,Istanbul,https://tesislerimiz.ibb.istanbul/sultanbeyli-kent-lokantasi/,menu bulunamadi,,0,
Sultanahmet Köftecisi,Istanbul,https://sultanahmetkoftesi.com/subelerimiz/,erisilemedi,,0,"Page.goto: Timeout 20000ms exceeded.
Call log:
  - navigatin"
İBB Tuzla Kent Lokantası,Istanbul,https://tesislerimiz.ibb.istanbul/tuzla-kent-lokantasi/,menu bulunamadi,,0,
İBB Ümraniye Kent Lokantası,Istanbul,https://tesislerimiz.ibb.istanbul/umraniye-kent-lokantasi/,menu bulunamadi,,0,
İBB Üsküdar Kent Lokantası,Istanbul,https://tesislerimiz.ibb.istanbul/uskudar-kent-lokantasi/,menu bulunamadi,,0,
Nevmekan Sahil,Istanbul,https://tesislerimiz.uskudar.bel.tr/tr/main/pages/nevmekan-sahil/157,menu bulunamadi,,0,
Nevmekan Kuzguncuk,Istanbul,https://tesislerimiz.uskudar.bel.tr/tr/main/pages/nevmekan-kuzguncuk/175,menu bulunamadi,,0,
Nevmekan Selimiye,Istanbul,https://tesislerimiz.uskudar.bel.tr/tr/main/pages/nevmekan-selimiye/156,menu bulunamadi,,0,
Pera's Coffee,Istanbul,https://thegoldenperashotel.com/bar-and-restaurant/,erisilemedi,,0,Page.goto: net::ERR_SSL_VERSION_OR_CIPHER_MISMATCH at https:
Nevmekan Bağlarbaşı,Istanbul,https://tesislerimiz.uskudar.bel.tr/tr/main/tesislerimiz/restaurantlar/5/nevmekan-baglarbasi/12,menu bulunamadi,,0,
Tez Gah,Antalya,https://www.tezgahburger.com/subeler/,menu bulunamadi,,0,
Titiz Pastaneleri,Istanbul,http://www.titizpastaneleri.com/merkez-subesi/,menu bulunamadi,,0,
İBB Sarıgazi Kent Lokantası,Istanbul,https://tesislerimiz.ibb.istanbul/tesis/sarigazi-kent-lokantasi,menu bulunamadi,,0,
The House Cafe,Istanbul,https://thehousecafe.com/en/suadiye/,erisilemedi,,0,"Page.goto: Timeout 20000ms exceeded.
Call log:
  - navigatin"
The North Shield Pub,Istanbul,https://thenorthshield.com/the-north-shield-kurtkoy/,pdf-menu-degil,https://thenorthshield.com/wp-content/uploads/2023/11/TNS-MENU.pdf,0,
The House Cafe,Istanbul,https://www.thehousecafe.com/sube/the-house-cafe-metropol/,menu bulunamadi,,0,
NUT HUNTER,Hatay,https://www.trendyol.com/magaza/ol-ka-gida-m-428091?sst=0,menu bulunamadi,,0,
The Sudd Coffee Old Town,Antalya,https://thesudd.com/Magazalarimiz,erisilemedi,,0,"Page.goto: Timeout 20000ms exceeded.
Call log:
  - navigatin"
Kızıltoprak Dürümcüsü,Istanbul,https://www.tripadvisor.com.tr/Restaurant_Review-g293974-d13189941-Reviews-Kiziltoprak_Durumcusu-Istanbul.html,menu bulunamadi,,0,
Yahya Usta,Mardin,https://www.tripadvisor.com.tr/Restaurant_Review-g788025-d3547840-Reviews-Yahya_Usta-Nusaybin_Mardin_Province.html,menu bulunamadi,,0,
Nello's,Istanbul,https://www.tripadvisor.com/Restaurant_Review-g293974-d14958755-Reviews-Nello_s_I_talian_Restaurant_Erenkoy-Istanbul.html,menu bulunamadi,,0,
RUB,Istanbul,https://www.tripadvisor.com/Restaurant_Review-g293974-d23233354-Reviews-RUB-Istanbul.html,menu bulunamadi,,0,
Şevketin Yeri Samsun Pidesi & Mantı,Istanbul,https://tr.foursquare.com/v/%C5%9Fevketin-yeri-samsun-pidesi--mant%C4%B1/5bc30389f2554e002c4b09d4,menu bulunamadi,,0,
Casita,Istanbul,https://www.tripadvisor.com/Restaurant_Review-g293974-d2670801-Reviews-Casita-Istanbul.html,menu bulunamadi,,0,
Tuğbiş Mantı,Istanbul,https://www.tripadvisor.com/Restaurant_Review-g293974-d2568731-Reviews-Tugbis_Manti_Evi-Istanbul.html,menu bulunamadi,,0,
Göbel Gizli Bahçe Kokoreç,Balikesir,http://ttps://gobelgizlibahce.com,erisilemedi,,0,Page.goto: net::ERR_NAME_NOT_RESOLVED at http://ttps//gobelg
Novas Hagiasophia,Istanbul,https://www.tripadvisor.fr/Restaurant_Review-g293974-d18313537-Reviews-Novas_Hagiasophia-Istanbul.html,menu bulunamadi,,0,
Vandal Çamsan Park,Istanbul,https://www.vandal.com.tr/tr,erisilemedi,,0,Page.goto: net::ERR_NAME_NOT_RESOLVED at https://www.vandal.
Tost Akademisi,Istanbul,https://tostakademisi.com.tr/watergarden/,pdf-ocr-gerekli,https://tostakademisi.com.tr/wp-content/uploads/2023/01/Bayilik-28-01-2023.pdf,0,
Varol Gurme,Denizli,http://varoltekstil.com.tr/varol-gurme-menu-en.pdf,menu bulunamadi,,0,
L-Alem Cafe & Restaurant,Mersin,https://vk.com/l.alem,menu bulunamadi,,0,
Ortaklar Kebab Lahmacun,Istanbul,https://wa.me/message/VNZ7REUFZZONL1,menu bulunamadi,,0,
Ümit Pastanesi,Istanbul,https://www.umitpastanesi.com.tr/iletisim-bilgilerimiz/,menu bulunamadi,,0,
Uzunlar Kebap,Istanbul,https://www.uzunlarkebap.com.tr/uzunlar-kebap-emirli-sube/,menu bulunamadi,,0,
Greenwich Coffe,Istanbul,https://watergarden.com.tr/magazalar/greenwich-coffee,pdf-ocr-gerekli,https://citypartners.fra1.digitaloceanspaces.com/extras/legal-requirements/watergarden-cookie-pdf_tr.pdf?1768578350046,0,
WOOD FIRE BARBEQUE,Nevsehir,https://www.woodfirebarbeque.com/masa-ay%C4%B1rt,menu bulunamadi,,0,
Ada Kafe & Ev yemekleri,Antalya,https://www.yemeksepeti.com/ada-cafe-ev-yemekleri-muratpasa-sinan-mah-antalya,menu bulunamadi,,0,
Lalezar Meyhanesi,Istanbul,https://www3.hilton.com/en/hotels/turkey/hilton-istanbul-bosphorus-ISTHITW/dining/index.html?WT.mc_id=zELWAKN0EMEA1HI2DMH3LocalSearch4DGGenericx6ISTHITW,menu bulunamadi,,0,
Energy Vitamin,Izmir,https://www.yemeksepeti.com/energy-vitamin-alsancak-kibris-seh-cad-izmir,menu bulunamadi,,0,
Kevok Ocakbaş,Istanbul,http://tunnelmedya.com/yirmibir_menu.html,erisilemedi,,0,"Page.goto: Timeout 20000ms exceeded.
Call log:
  - navigatin"
Kabadayı Burger,Istanbul,https://www.yemeksepeti.com/kabadayi-burger-pendik-kaynarca-mah-istanbul?affiliateid=ganbr503813&cid=ganbr503813&status=closed,menu bulunamadi,,0,
Bello House Cafe,Istanbul,https://www.yemeksepeti.com/restaurant/ahta/bello-house-cafe,menu bulunamadi,,0,
Yasa - İzmir Yönü,Balikesir,https://www.yasa.com.tr/susurluk-otoban-tesisleri/,menu bulunamadi,,0,
Hekimoğlu Kokoreç,Antalya,https://www.yemeksepeti.com/restaurant/flgv/hekimoglu-kofte-and-kokorec,menu bulunamadi,,0,
Kuzeyin Sofrası,Istanbul,https://www.yemeksepeti.com/restaurant/p3wr/kuzeyin-sofrasi-p3wr,menu bulunamadi,,0,
01 Adana Cadde Kebap,Istanbul,https://www.yemeksepeti.com/restaurant/moh1/01-adana-cadde-kebap-moh1,menu bulunamadi,,0,
Bonte Coffee & Beyond,Istanbul,https://www.yemeksepeti.com/restaurant/nrqc/bonte-suadiye,menu bulunamadi,,0,
Osmanlı Pide &Lahmacun,Sakarya,https://www.yemeksepeti.com/restaurant/qa0s/osmanli-pide-and-lahmacun,menu bulunamadi,,0,
Bakıroğlu Gurme,Istanbul,https://www.yemeksepeti.com/restaurant/uch2/bakiroglu-gurme,menu bulunamadi,,0,
Kızgın Döner Evora,Denizli,https://web.javipos.com/qrmenu/,erisilemedi,,0,"Page.goto: Timeout 20000ms exceeded.
Call log:
  - navigatin"
Pidepark,Istanbul,https://yemeksepeti.com/restaurant/urz2/pidepark-urz2?utm_source=google&utm_medium=organic&utm_campaign=google_reserve_place_order_action,menu bulunamadi,,0,
Lumo,Istanbul,https://www.yemeksepeti.com/restaurant/v03q/lumo-v03q,menu bulunamadi,,0,
Meşe Ağacı Pasta & Cafe,Istanbul,https://yorumlartr.com/11943724444519659542/,erisilemedi,,0,Page.goto: net::ERR_NAME_NOT_RESOLVED at https://yorumlartr.
2'de 1 Köfte,Istanbul,https://www.yummyadvisor.com/tr-tr-Istanbul/dx0mla-2'de-1-Kofte/,erisilemedi,,0,Page.goto: net::ERR_NAME_NOT_RESOLVED at https://www.yummyad
Dönerci Adil Usta,Kocaeli,https://www.yemeksepeti.com/restaurant/wof8/donerci-adil-usta,menu bulunamadi,,0,
Star Köfte,Istanbul,https://www.yemeksepeti.com/restaurant/x10f/star-kofte-x10f,menu bulunamadi,,0,
Kilisli Ömer Usta,Istanbul,https://www.yemeksepeti.com/restaurant/zyc5/kilisli-omer-usta,menu bulunamadi,,0,
Happy Moon's Viaport,Istanbul,https://www.zomato.com/istanbul/happy-moons-1-kurtk%C3%B6y-istanbul,erisilemedi,,0,Page.goto: net::ERR_HTTP2_PROTOCOL_ERROR at https://www.zoma
Route Burger House Karaköy,Istanbul,https://www.yemeksepeti.com/route-burger-house-beyoglu,menu bulunamadi,,0,
Balon Cafe,Istanbul,https://www.zomato.com/tr/istanbul/balon-cafe-kad%C4%B1k%C3%B6y-merkez-istanbul,erisilemedi,,0,Page.goto: net::ERR_HTTP2_PROTOCOL_ERROR at https://www.zoma
Kirpi Café Erenköy,Istanbul,https://www.zomato.com/tr/istanbul/kirpi-cafe-caddebostan-istanbul,erisilemedi,,0,Page.goto: net::ERR_HTTP2_PROTOCOL_ERROR at https://www.zoma
Küçüksu Kasrı Kafe,Istanbul,https://www.zomato.com/tr/istanbul/k%C3%BC%C3%A7%C3%BCksu-kasr%C4%B1-restaurant-cafe-g%C3%B6ksu-istanbul,erisilemedi,,0,Page.goto: net::ERR_HTTP2_PROTOCOL_ERROR at https://www.zoma
Çuf Çuf Cafe,Istanbul,https://www.zomato.com/tr/istanbul/%C3%A7uf-%C3%A7uf-cafe-fenerbah%C3%A7e-istanbul,erisilemedi,,0,Page.goto: net::ERR_HTTP2_PROTOCOL_ERROR at https://www.zoma
Marmara Aile Çay Bahçesi,Istanbul,https://www.zomato.com/tr/istanbul/marmara-aile-cay-bahcesi-pendik-merkez-istanbul,erisilemedi,,0,Page.goto: net::ERR_HTTP2_PROTOCOL_ERROR at https://www.zoma
Mezze House,Istanbul,https://www.zomato.com/tr/istanbul/mezze-house-9-fenerbah%C3%A7e-istanbul,erisilemedi,,0,Page.goto: net::ERR_HTTP2_PROTOCOL_ERROR at https://www.zoma
Rise & Shine,Istanbul,https://www.zomato.com/tr/istanbul/rise-shine-erenk%C3%B6y-istanbul,erisilemedi,,0,Page.goto: net::ERR_HTTP2_PROTOCOL_ERROR at https://www.zoma
Espresso Bar,Istanbul,https://www.zomato.com/tr/istanbul/tarihi-ba%C4%9Fdat-kurukahvecisi-%C5%9Fa%C5%9Fk%C4%B1nbakkal-istanbul,erisilemedi,,0,Page.goto: net::ERR_HTTP2_PROTOCOL_ERROR at https://www.zoma
Zeytin Kurtköy,Istanbul,https://www.zeytinrestoran.com/#,menu bulunamadi,,0,
Zenka Baklava,Kocaeli,https://zenkabaklava.com/menu,menu bulunamadi,,0,
Tchibo,Istanbul,https://www.zomato.com/tr/istanbul/tchibo-%C5%9Fa%C5%9Fk%C4%B1nbakkal-istanbul,erisilemedi,,0,Page.goto: net::ERR_HTTP2_PROTOCOL_ERROR at https://www.zoma
Zübeyir Ocakbaşı,Istanbul,https://zubeyirocakbasi.com.tr/atasehir.html,menu bulunamadi,,0,
