mekan,il,tur,website,kaynak,kategori,kalem,fiyat
Kahve Dünyası,Adana,cafe,https://www.kahvedunyasi.com,html,,Reform Alışveriş Çantası,870.00
Kahve Dünyası,Adana,cafe,https://www.kahvedunyasi.com,html,,Kahve Dünyası Algötür Metal Termos 460 ml,1250.00
Kahve Dünyası,Adana,cafe,https://www.kahvedunyasi.com,html,,Tablet Çikolata Brownie Dolgulu,350.00
Kahve Dünyası,Adana,cafe,https://www.kahvedunyasi.com,html,,Tablet Çikolata Bademli Krokanlı ve Karamelli,350.00
Kahve Dünyası,Adana,cafe,https://www.kahvedunyasi.com,html,,Özel Seri Soğuk Fındık Aromalı Caffe Latte 10'lu,185.00
Kahve Dünyası,Adana,cafe,https://www.kahvedunyasi.com,html,,Guatemala Filtre Kahve Kilitli 250g,350.00
Kahve Dünyası,Adana,cafe,https://www.kahvedunyasi.com,html,,Lavi Karışık Dolgulu Çikolata Silindir Kutu 400g,400.00
Kahve Dünyası,Adana,cafe,https://www.kahvedunyasi.com,html,,Özel Seri Soğuk Vanilyalı Aromalı Caffe Latte 10'lu,185.00
Kahve Dünyası,Adana,cafe,https://www.kahvedunyasi.com,html,,Geçmiş Olsun Hediye Kutusu,94.90
Kahve Dünyası,Adana,cafe,https://www.kahvedunyasi.com,html,,Başarılarının Devamını Dilerim Hediye Kutusu,94.90
Kahve Dünyası,Adana,cafe,https://www.kahvedunyasi.com,html,,Yeni Yaşın Mutlu Olsun Hediye Kutusu,94.90
Kahve Dünyası,Adana,cafe,https://www.kahvedunyasi.com,html,,Hayat Seninle Güzel Hediye Kutusu,94.90
Cajun Corner,Ankara,fast_food,https://cajuncorner.com.tr,html,,Yatırım Bütçeniz Nedir? *,5000000.00
Cicala Ristorante,Ankara,restaurant,https://cicala.com.tr,html,,Pizzalar,760.00
Cicala Ristorante,Ankara,restaurant,https://cicala.com.tr,html,,PASTIRMALI,480.00
Cicala Ristorante,Ankara,restaurant,https://cicala.com.tr,html,,"Nutella, Mevsim Meyveleri, Fındık, Toz Antep Fıstığı",640.00
Cicala Ristorante,Ankara,restaurant,https://cicala.com.tr,html,,ENGİNARLI,920.00
Cicala Ristorante,Ankara,restaurant,https://cicala.com.tr,html,,DENİZ ÜRÜNÜ,470.00
Cicala Ristorante,Ankara,restaurant,https://cicala.com.tr,html,,"Cicala Domates Sos, Mozzarella, Pesto Sos",640.00
Cicala Ristorante,Ankara,restaurant,https://cicala.com.tr,html,,"Domates Sos, Suda Mozzarella, Pesto Sos",760.00
Cicala Ristorante,Ankara,restaurant,https://cicala.com.tr,html,,İSTİRİDYE MANTARLI,750.00
Cicala Ristorante,Ankara,restaurant,https://cicala.com.tr,html,,KARIŞIK,860.00
Cicala Ristorante,Ankara,restaurant,https://cicala.com.tr,html,,DANA SIRT,700.00
Cicala Ristorante,Ankara,restaurant,https://cicala.com.tr,html,,Alkollü içecekler,565.00
Cicala Ristorante,Ankara,restaurant,https://cicala.com.tr,html,,"Bacardi White Rum, Menta Cubano Şurubu, Lime, Taze Nane.",565.00
Cicala Ristorante,Ankara,restaurant,https://cicala.com.tr,html,,"London Dry Gin, Campari, Sweet Vermouth, Portakal Dilimi",620.00
Cicala Ristorante,Ankara,restaurant,https://cicala.com.tr,html,,"Tequila Blanco, Triple Sec, Lime.",700.00
Cicala Ristorante,Ankara,restaurant,https://cicala.com.tr,html,,"Gin,Vermouth, Orange Bitters.",700.00
Cicala Ristorante,Ankara,restaurant,https://cicala.com.tr,html,,"Aperol, Prosseco, Soda, Dilim Portakal.",565.00
Cicala Ristorante,Ankara,restaurant,https://cicala.com.tr,html,,"London Dry Gin, Taze Limon Suyu, Soda.",780.00
Cicala Ristorante,Ankara,restaurant,https://cicala.com.tr,html,,"Campari, Prosseco, Soda, Dilim Portakal.",565.00
Cicala Ristorante,Ankara,restaurant,https://cicala.com.tr,html,,"London Dry Gin, Tonik, Lime, Salatalık.",565.00
Cicala Ristorante,Ankara,restaurant,https://cicala.com.tr,html,,East 8 Hold Up,620.00
Cicala Ristorante,Ankara,restaurant,https://cicala.com.tr,html,,Whıskey Sour,620.00
Cicala Ristorante,Ankara,restaurant,https://cicala.com.tr,html,,"Jack Daniels, Limon, Taze Nane.",825.00
Cicala Ristorante,Ankara,restaurant,https://cicala.com.tr,html,,Aperol Poloma,825.00
Cicala Ristorante,Ankara,restaurant,https://cicala.com.tr,html,,APERATİF TABAĞI,540.00
Cicala Ristorante,Ankara,restaurant,https://cicala.com.tr,html,,PEYNİR TABAĞI (2 KİŞİLİK),950.00
Cicala Ristorante,Ankara,restaurant,https://cicala.com.tr,html,,KAŞIK PATATES,325.00
Cicala Ristorante,Ankara,restaurant,https://cicala.com.tr,html,,KURU ET TABAĞI (2 KİŞİLİK),1350.00
Cicala Ristorante,Ankara,restaurant,https://cicala.com.tr,html,,BRUSCHETTA,340.00
Cicala Ristorante,Ankara,restaurant,https://cicala.com.tr,html,,TRÜF AROMALI PATATES KIZARTMASI,425.00
Cicala Ristorante,Ankara,restaurant,https://cicala.com.tr,html,,İTALYAN MENEMEN,350.00
Cicala Ristorante,Ankara,restaurant,https://cicala.com.tr,html,,PRATİK KAHVALTI,460.00
Cicala Ristorante,Ankara,restaurant,https://cicala.com.tr,html,,CROSTİNİ COTTO,300.00
Cicala Ristorante,Ankara,restaurant,https://cicala.com.tr,html,,CROSTİNİ AVOKADO,300.00
Cicala Ristorante,Ankara,restaurant,https://cicala.com.tr,html,,ŞEFİN FAVORİ SALATASI,440.00
Cicala Ristorante,Ankara,restaurant,https://cicala.com.tr,html,,ÜZÜMLÜ ROKA SALATA,435.00
Cicala Ristorante,Ankara,restaurant,https://cicala.com.tr,html,,CAPRESE SALATA,850.00
Cicala Ristorante,Ankara,restaurant,https://cicala.com.tr,html,,IZGARA SALATA,445.00
Cicala Ristorante,Ankara,restaurant,https://cicala.com.tr,html,,AVOKADOLU YEŞİL SALATA,445.00
Domino's Pizza Beytepe,Ankara,fast_food,https://www.dominos.com.tr,html,,1 Alana 1 Bedava - Orta Boy Cazip Pizzalar,440.00
Domino's Pizza Beytepe,Ankara,fast_food,https://www.dominos.com.tr,html,,1 Alana 1 Bedava - Orta Boy Sevilen Pizzalar,480.00
Domino's Pizza Beytepe,Ankara,fast_food,https://www.dominos.com.tr,html,,1 Alana 1 Bedava - Orta Boy Gurme Pizzalar,570.00
Domino's Pizza Beytepe,Ankara,fast_food,https://www.dominos.com.tr,html,,1 Alana 1 Bedava Bol Peynirli Ekmek,250.00
Domino's Pizza Beytepe,Ankara,fast_food,https://www.dominos.com.tr,html,,1 Alana 1 Bedava Çikolatalı Sufle,150.00
Domino's Pizza Beytepe,Ankara,fast_food,https://www.dominos.com.tr,html,,1 Alana 1 Bedava 4'lü Cinnamon Roll,115.00
Domino's Pizza Beytepe,Ankara,fast_food,https://www.dominos.com.tr,html,,1 Alana 1 Bedava 10'lu Çıtır Tavuk Topları,80.00
Domino's Pizza Beytepe,Ankara,fast_food,https://www.dominos.com.tr,html,,1 Alana 1 Bedava İçecek,120.00
Domino's Pizza Beytepe,Ankara,fast_food,https://www.dominos.com.tr,html,,2 Büyük Boy Cazip Pizza,780.00
Domino's Pizza Beytepe,Ankara,fast_food,https://www.dominos.com.tr,html,,Sevilen 2 Büyük Boy Pizza,890.00
Domino's Pizza Beytepe,Ankara,fast_food,https://www.dominos.com.tr,html,,1 Alana 1 Bedava Orta Boy Cazip Pizzalar + 1L İçecek,540.00
Domino's Pizza Beytepe,Ankara,fast_food,https://www.dominos.com.tr,html,,1 Alana 1 Bedava Orta Boy Sevilen Pizzalar + 1L İçecek,580.00
Domino's Pizza Beytepe,Ankara,fast_food,https://www.dominos.com.tr,html,,Büyük Boy Pizza Alana Coca-Cola Pet 1 L Bedava,480.00
Domino's Pizza Beytepe,Ankara,fast_food,https://www.dominos.com.tr,html,,3 Orta Boy Pizza,850.00
Domino's Pizza Beytepe,Ankara,fast_food,https://www.dominos.com.tr,html,,Pizza X-Large (12 Dilim),520.00
Domino's Pizza Beytepe,Ankara,fast_food,https://www.dominos.com.tr,html,,Büyük Boy Pizzalar,480.00
Domino's Pizza Beytepe,Ankara,fast_food,https://www.dominos.com.tr,html,,2 Orta Boy Pizza + 2 Çikolatalı Sufle + 2 Algida Maraş Cup,750.00
Domino's Pizza Beytepe,Ankara,fast_food,https://www.dominos.com.tr,html,,Orta Boy Gurme Pizzalar,450.00
Domino's Pizza Beytepe,Ankara,fast_food,https://www.dominos.com.tr,html,,2 Orta Boy Pan Pizza + 4’lü Cinnamon Roll,650.00
Domino's Pizza Beytepe,Ankara,fast_food,https://www.dominos.com.tr,html,,Çikolatalı Sufle + Algida Maraş Cup,170.00
Domino's Pizza Beytepe,Ankara,fast_food,https://www.dominos.com.tr,html,,Pizza X-Large (12 Dilim) Alana Coca-Cola 1 L Bedava,520.00
Domino's Pizza Beytepe,Ankara,fast_food,https://www.dominos.com.tr,html,,2 Orta Boy Pizza + 4’lü Cinnamon Roll,610.00
Domino's Pizza Beytepe,Ankara,fast_food,https://www.dominos.com.tr,html,,10'lu Domino's Roll + Coca-Cola Pet 330 ml,270.00
Domino's Pizza Beytepe,Ankara,fast_food,https://www.dominos.com.tr,html,,Mixlarge Pizzalar,570.00
Domino's Pizza Beytepe,Ankara,fast_food,https://www.dominos.com.tr,html,,3 Orta Boy Pizza + Tavuk + Patates + Coca-Cola 1 L,960.00
Domino's Pizza Beytepe,Ankara,fast_food,https://www.dominos.com.tr,html,,3 Orta Boy Bol Malzemos,950.00
Domino's Pizza Beytepe,Ankara,fast_food,https://www.dominos.com.tr,html,,Orta Boy Bol Malzemos + 330 ML İçecek + Seçili Lezzetler,480.00
Domino's Pizza Beytepe,Ankara,fast_food,https://www.dominos.com.tr,html,,Pizza X-Large (12 Dilim) + Coca-Cola 1 L + Seçili Lezzetler,610.00
Domino's Pizza Beytepe,Ankara,fast_food,https://www.dominos.com.tr,html,,2 Orta Boy Pan Pizza + Coca-Cola 1 L,630.00
Domino's Pizza Beytepe,Ankara,fast_food,https://www.dominos.com.tr,html,,Büyük Boy Pizza + Coca-Cola 1 L + Seçili Lezzetler,620.00
Domino's Pizza Beytepe,Ankara,fast_food,https://www.dominos.com.tr,html,,2 Çikolatalı Sufle + 2 Algida Maraş Cup,320.00
Domino's Pizza Beytepe,Ankara,fast_food,https://www.dominos.com.tr,html,,4 Çikolatalı Sufle + 4 Algida Maraş Cup,620.00
Domino's Pizza Beytepe,Ankara,fast_food,https://www.dominos.com.tr,html,,Büyük Boy Pizza + Çikolatalı Sufle + Algida Maraş Cup,590.00
Domino's Pizza Beytepe,Ankara,fast_food,https://www.dominos.com.tr,html,,Büyük Boy Pizza + Tatlı + Coca-Cola 1 L,620.00
Domino's Pizza Beytepe,Ankara,fast_food,https://www.dominos.com.tr,html,,Pizza X-Large + 8'li Cinnamon Roll,620.00
Domino's Pizza Beytepe,Ankara,fast_food,https://www.dominos.com.tr,html,,Bol Peynirli Ekmek + 4'lü Cinnamon Roll + Algida Dondurma,320.00
Domino's Pizza Beytepe,Ankara,fast_food,https://www.dominos.com.tr,html,,2 Büyük Boy Pizza + Coca-Cola 1 L,900.00
Domino's Pizza Beytepe,Ankara,fast_food,https://www.dominos.com.tr,html,,Orta Boy Pan Pizza + Bol Malzemos,550.00
Domino's Pizza Beytepe,Ankara,fast_food,https://www.dominos.com.tr,html,,4 Adet Pizzetta,600.00
Domino's Pizza Beytepe,Ankara,fast_food,https://www.dominos.com.tr,html,,2 Orta Boy Bol Pan Pizza,560.00
Domino's Pizza Beytepe,Ankara,fast_food,https://www.dominos.com.tr,html,,2 Orta Boy Pan Cazip Pizzalar,540.00
Domino's Pizza Beytepe,Ankara,fast_food,https://www.dominos.com.tr,html,,Orta Boy Pizzalar,440.00
Domino's Pizza Beytepe,Ankara,fast_food,https://www.dominos.com.tr,html,,Büyük Boy Pizza + 4'lü Cinnamon Roll,570.00
Domino's Pizza Beytepe,Ankara,fast_food,https://www.dominos.com.tr,html,,Orta Boy Pizza + 4'lü Cinnamon Roll,470.00
Domino's Pizza Beytepe,Ankara,fast_food,https://www.dominos.com.tr,html,,Orta Boy Pizza + Sufle + Algida,430.00
Domino's Pizza Beytepe,Ankara,fast_food,https://www.dominos.com.tr,html,,Dürümos + Patates + Tavuk,210.00
Domino's Pizza Beytepe,Ankara,fast_food,https://www.dominos.com.tr,html,,Tek Kişilik Pizzalar,310.00
Domino's Pizza Beytepe,Ankara,fast_food,https://www.dominos.com.tr,html,,Orta Boy Pan Pizza,400.00
Domino's Pizza Beytepe,Ankara,fast_food,https://www.dominos.com.tr,html,,Orta Boy Pan Pizza + Sos + Coca-Cola 330 ML,460.00
Domino's Pizza Beytepe,Ankara,fast_food,https://www.dominos.com.tr,html,,Pizzetta + Patates + Tavuk + Coca-Cola 330 ML,340.00
Domino's Pizza Beytepe,Ankara,fast_food,https://www.dominos.com.tr,html,,Dürümos + Coca-Cola 330 ML,200.00
Domino's Pizza Beytepe,Ankara,fast_food,https://www.dominos.com.tr,html,,Tavuk Fırsatı,75.00
Domino's Pizza Beytepe,Ankara,fast_food,https://www.dominos.com.tr,html,,Çıtır Karışık Kova Fırsatı,260.00
Domino's Pizza Beytepe,Ankara,fast_food,https://www.dominos.com.tr,html,,2 Adet Dürümos,270.00
Domino's Pizza Beytepe,Ankara,fast_food,https://www.dominos.com.tr,html,,Pizzetta + Bol Peynirli Ekmek,310.00
Domino's Pizza Beytepe,Ankara,fast_food,https://www.dominos.com.tr,html,,2 Adet Pizzetta + Tavuk + Patates,370.00
Domino's Pizza Beytepe,Ankara,fast_food,https://www.dominos.com.tr,html,,Combo Pizza X-Large,540.00
Domino's Pizza Beytepe,Ankara,fast_food,https://www.dominos.com.tr,html,,Orta Boy Combo Pizza,390.00
Domino's Pizza Beytepe,Ankara,fast_food,https://www.dominos.com.tr,html,,Büyük Boy Combo Pizza,510.00
Domino's Pizza Beytepe,Ankara,fast_food,https://www.dominos.com.tr,html,,Tavuk Kova Fırsatı,155.00
Domino's Pizza Beytepe,Ankara,fast_food,https://www.dominos.com.tr,html,,Dürümos + Sarımsaklı Ekmek + 10'lu Çıtır Tavuk Topları,220.00
Domino's Pizza Beytepe,Ankara,fast_food,https://www.dominos.com.tr,html,,2 Adet Pizzetta,320.00
Domino's Pizza Beytepe,Ankara,fast_food,https://www.dominos.com.tr,html,,2 Adet Pizzetta + Coca-Cola 1 L,410.00
Domino's Pizza Beytepe,Ankara,fast_food,https://www.dominos.com.tr,html,,Pizzetta + Tavuk + Patates + Ayran + Boyama Defteri,270.00
Domino's Pizza Beytepe,Ankara,fast_food,https://www.dominos.com.tr,html,,Patates Fırsatı,60.00
Domino's Pizza Beytepe,Ankara,fast_food,https://www.dominos.com.tr,html,,Çıtır Tavuk Finger,85.00
Domino's Pizza Beytepe,Ankara,fast_food,https://www.dominos.com.tr,html,,Çıtır Tavuk Topları,80.00
Domino's Pizza Beytepe,Ankara,fast_food,https://www.dominos.com.tr,html,,Tavuk Parçaları,80.00
Domino's Pizza Beytepe,Ankara,fast_food,https://www.dominos.com.tr,html,,Mantarsever,400.00
Domino's Pizza Beytepe,Ankara,fast_food,https://www.dominos.com.tr,html,,"Sucuk , Mozarella Peyniri , Pizza Sos",400.00
Domino's Pizza Beytepe,Ankara,fast_food,https://www.dominos.com.tr,html,,"Sucuk , Mısır , Mozarella Peyniri , Pizza Sos , Siyah Zeytin",400.00
Domino's Pizza Beytepe,Ankara,fast_food,https://www.dominos.com.tr,html,,"Mozarella Peyniri , Pizza Sos",400.00
Domino's Pizza Beytepe,Ankara,fast_food,https://www.dominos.com.tr,html,,"Mozzarella Peyniri , Pizza Sos, Sucuk, Mantar",480.00
Domino's Pizza Beytepe,Ankara,fast_food,https://www.dominos.com.tr,html,,Bol Pan Pizza,480.00
Domino's Pizza Beytepe,Ankara,fast_food,https://www.dominos.com.tr,html,,Süper Pan Pizza,480.00
Domino's Pizza Beytepe,Ankara,fast_food,https://www.dominos.com.tr,html,,Bol Malzemos,445.00
Domino's Pizza Beytepe,Ankara,fast_food,https://www.dominos.com.tr,html,,Karışık,445.00
Domino's Pizza Beytepe,Ankara,fast_food,https://www.dominos.com.tr,html,,Bol Etli,445.00
Domino's Pizza Beytepe,Ankara,fast_food,https://www.dominos.com.tr,html,,Vegi,445.00
Domino's Pizza Beytepe,Ankara,fast_food,https://www.dominos.com.tr,html,,Italiano,445.00
Domino's Pizza Beytepe,Ankara,fast_food,https://www.dominos.com.tr,html,,"Sucuk , Mozarella Peyniri , Pizza Sos , Sarımsak Sos",430.00
Domino's Pizza Beytepe,Ankara,fast_food,https://www.dominos.com.tr,html,,"Sosis , Mısır , Mozarella Peyniri , Pizza Sos",430.00
Domino's Pizza Beytepe,Ankara,fast_food,https://www.dominos.com.tr,html,,Süperos,430.00
Domino's Pizza Beytepe,Ankara,fast_food,https://www.dominos.com.tr,html,,Sosyal,430.00
Domino's Pizza Beytepe,Ankara,fast_food,https://www.dominos.com.tr,html,,Mixlarge Bol Etli,645.00
Domino's Pizza Beytepe,Ankara,fast_food,https://www.dominos.com.tr,html,,Mixlarge Bol Malzeme,645.00
Domino's Pizza Beytepe,Ankara,fast_food,https://www.dominos.com.tr,html,,Barbekü Soslu Tavuklu,460.00
Domino's Pizza Beytepe,Ankara,fast_food,https://www.dominos.com.tr,html,,Tavuklu,460.00
Domino's Pizza Beytepe,Ankara,fast_food,https://www.dominos.com.tr,html,,Extravaganzza,460.00
Domino's Pizza Beytepe,Ankara,fast_food,https://www.dominos.com.tr,html,,Domino's Soslu Bol Malzemos,460.00
Domino's Pizza Beytepe,Ankara,fast_food,https://www.dominos.com.tr,html,,Ballı Hardallı Tavuklu,460.00
Domino's Pizza Beytepe,Ankara,fast_food,https://www.dominos.com.tr,html,,Üç Peynirli,485.00
Domino's Pizza Beytepe,Ankara,fast_food,https://www.dominos.com.tr,html,,Konyalım,485.00
Domino's Pizza Beytepe,Ankara,fast_food,https://www.dominos.com.tr,html,,Mangal Sucuklu,485.00
Domino's Pizza Beytepe,Ankara,fast_food,https://www.dominos.com.tr,html,,Callypso,505.00
Domino's Pizza Beytepe,Ankara,fast_food,https://www.dominos.com.tr,html,,Pastırma & Sucuk,505.00
Domino's Pizza Beytepe,Ankara,fast_food,https://www.dominos.com.tr,html,,Ocakbaşı,505.00
Domino's Pizza Beytepe,Ankara,fast_food,https://www.dominos.com.tr,html,,Cinnamon Roll,115.00
Domino's Pizza Beytepe,Ankara,fast_food,https://www.dominos.com.tr,html,,"Pan hamur, sarımsak sos, cheddar, jalepeno",260.00
Domino's Pizza Beytepe,Ankara,fast_food,https://www.dominos.com.tr,html,,"Pan hamur, sarımsak sos, cheddar, sucuk",260.00
Domino's Pizza Beytepe,Ankara,fast_food,https://www.dominos.com.tr,html,,Tavuk & Patates Mix,185.00
Domino's Pizza Beytepe,Ankara,fast_food,https://www.dominos.com.tr,html,,Algida Maraş Usulü Sade Dondurma 100 ml,60.00
Domino's Pizza Beytepe,Ankara,fast_food,https://www.dominos.com.tr,html,,Algida Max Classics Vanilya,60.00
Domino's Pizza Beytepe,Ankara,fast_food,https://www.dominos.com.tr,html,,42 gr,75.00
Domino's Pizza Beytepe,Ankara,fast_food,https://www.dominos.com.tr,html,,Çikolatalı Sufle,150.00
Domino's Pizza Beytepe,Ankara,fast_food,https://www.dominos.com.tr,html,,Algida Magnum Mini Badem,75.00
Domino's Pizza Beytepe,Ankara,fast_food,https://www.dominos.com.tr,html,,Algida Max Classics Kakao,60.00
Domino's Pizza Beytepe,Ankara,fast_food,https://www.dominos.com.tr,html,,Algida Cornetto Karadut,110.00
Domino's Pizza Beytepe,Ankara,fast_food,https://www.dominos.com.tr,html,,Algida Magnum Sandwich,105.00
Domino's Pizza Beytepe,Ankara,fast_food,https://www.dominos.com.tr,html,,Karışık Pizzetta,175.00
Domino's Pizza Beytepe,Ankara,fast_food,https://www.dominos.com.tr,html,,"Mozzarella Peyniri, Pizza Sosu, Sucuk, Mantar, Yeşil Biber",175.00
Domino's Pizza Beytepe,Ankara,fast_food,https://www.dominos.com.tr,html,,"Mozzarella Peyniri , Pizza Sos",175.00
Domino's Pizza Beytepe,Ankara,fast_food,https://www.dominos.com.tr,html,,Sarımsaklı Ekmek 6 Dilim,70.00
Domino's Pizza Beytepe,Ankara,fast_food,https://www.dominos.com.tr,html,,Sucuklu Bol Peynirli Ekmek 6 Dilim,255.00
Domino's Pizza Beytepe,Ankara,fast_food,https://www.dominos.com.tr,html,,Bol Peynirli Ekmek 6 Dilim,250.00
Domino's Pizza Beytepe,Ankara,fast_food,https://www.dominos.com.tr,html,,Coca-Cola 330 ML,130.00
Domino's Pizza Beytepe,Ankara,fast_food,https://www.dominos.com.tr,html,,Coca-Cola 450 ML,130.00
Domino's Pizza Beytepe,Ankara,fast_food,https://www.dominos.com.tr,html,,Coca-Cola 1 L,165.00
Domino's Pizza Beytepe,Ankara,fast_food,https://www.dominos.com.tr,html,,Şekersiz 330 ML,130.00
Domino's Pizza Beytepe,Ankara,fast_food,https://www.dominos.com.tr,html,,Şekersiz 450 ML,130.00
Domino's Pizza Beytepe,Ankara,fast_food,https://www.dominos.com.tr,html,,Şekersiz 1 L,165.00
Domino's Pizza Beytepe,Ankara,fast_food,https://www.dominos.com.tr,html,,FuseTea Şeftali 330 ML,130.00
Domino's Pizza Beytepe,Ankara,fast_food,https://www.dominos.com.tr,html,,FuseTea Şeftali 1 L,165.00
Domino's Pizza Beytepe,Ankara,fast_food,https://www.dominos.com.tr,html,,Sütaş Ayran 300 ML,60.00
Domino's Pizza Beytepe,Ankara,fast_food,https://www.dominos.com.tr,html,,Sütaş Ayran 200 ML,55.00
Domino's Pizza Beytepe,Ankara,fast_food,https://www.dominos.com.tr,html,,Sütaş Ayran 1 L,165.00
Domino's Pizza Beytepe,Ankara,fast_food,https://www.dominos.com.tr,html,,"0,5 Lt Damla Su",35.00
Domino's Pizza Beytepe,Ankara,fast_food,https://www.dominos.com.tr,html,,FuseTea Limon 330 ML,130.00
Domino's Pizza Beytepe,Ankara,fast_food,https://www.dominos.com.tr,html,,FuseTea Limon 1 L,165.00
Domino's Pizza Beytepe,Ankara,fast_food,https://www.dominos.com.tr,html,,Fanta 330 ML,130.00
Domino's Pizza Beytepe,Ankara,fast_food,https://www.dominos.com.tr,html,,Fanta 1 L,165.00
Domino's Pizza Beytepe,Ankara,fast_food,https://www.dominos.com.tr,html,,Sprite 330 ML,130.00
Domino's Pizza Beytepe,Ankara,fast_food,https://www.dominos.com.tr,html,,Sprite 1 L,165.00
Domino's Pizza Beytepe,Ankara,fast_food,https://www.dominos.com.tr,html,,Coca-Cola Light 330 ML,130.00
Domino's Pizza Beytepe,Ankara,fast_food,https://www.dominos.com.tr,html,,Coca-Cola Light 1 L,165.00
Domino's Pizza Beytepe,Ankara,fast_food,https://www.dominos.com.tr,html,,Cappy Şeftali,130.00
Domino's Pizza Beytepe,Ankara,fast_food,https://www.dominos.com.tr,html,,Cappy Karışık,130.00
Domino's Pizza Beytepe,Ankara,fast_food,https://www.dominos.com.tr,html,,Yoğurtlu Sos,40.00
Domino's Pizza Beytepe,Ankara,fast_food,https://www.dominos.com.tr,html,,Meksika Sos,40.00
Domino's Pizza Beytepe,Ankara,fast_food,https://www.dominos.com.tr,html,,Acı Sos,40.00
Domino's Pizza Beytepe,Ankara,fast_food,https://www.dominos.com.tr,html,,Mayonez,5.00
Domino's Pizza Beytepe,Ankara,fast_food,https://www.dominos.com.tr,html,,Ketçap,5.00
Domino's Pizza Beytepe,Ankara,fast_food,https://www.dominos.com.tr,html,,80 gr.,85.00
Domino's Pizza Beytepe,Ankara,fast_food,https://www.dominos.com.tr,html,,Kolombiya’ya özgü kahve çekirdeklerinden.,60.00
Elizinn,Ankara,cafe,https://www.elizinn.com.tr,woo,"Tuzlu Kurabiyeler, Tuzlu Tezgahı",Mercimekli Sefa,212.50
Elizinn,Ankara,cafe,https://www.elizinn.com.tr,woo,"Tuzlu Kurabiyeler, Tuzlu Tezgahı",Pancarlı Labneli Mini Poğaça,212.50
Elizinn,Ankara,cafe,https://www.elizinn.com.tr,woo,"Tuzlu Kurabiyeler, Tuzlu Tezgahı",Ispanaklı Labneli Mini Poğaça,212.50
Elizinn,Ankara,cafe,https://www.elizinn.com.tr,woo,Yaş Pastalar,Budapeşte Pasta,850.00
Elizinn,Ankara,cafe,https://www.elizinn.com.tr,woo,Babalar Günü,Babama Özel Pasta,1650.00
Elizinn,Ankara,cafe,https://www.elizinn.com.tr,woo,Babalar Günü,Canım Babam Pasta,1650.00
Elizinn,Ankara,cafe,https://www.elizinn.com.tr,woo,Kurabiye,Çikolatalı Cevizli Kurabiye,243.75
Elizinn,Ankara,cafe,https://www.elizinn.com.tr,woo,"Adet Pastalar, Cheesecake",San Sebastian Cheesecake,325.00
Elizinn,Ankara,cafe,https://www.elizinn.com.tr,woo,"Tuzlu Kurabiyeler, Tuzlu Tezgahı",Çatlak Kurabiye,212.50
Elizinn,Ankara,cafe,https://www.elizinn.com.tr,woo,Kurabiye,Hurmalı Hatay Kömbesi,243.75
Elizinn,Ankara,cafe,https://www.elizinn.com.tr,woo,"Tuzlu Kurabiyeler, Tuzlu Tezgahı",Spesiyal Tuzlu Kurabiye,212.50
Elizinn,Ankara,cafe,https://www.elizinn.com.tr,woo,Yaş Pastalar,Elizinn Çikolatalı Spesiyal Pasta,975.00
Elizinn,Ankara,cafe,https://www.elizinn.com.tr,woo,Yaş Pastalar,Venedik Pasta,1000.00
Elizinn,Ankara,cafe,https://www.elizinn.com.tr,woo,"Pasta, Yaş Pastalar",Çilekli Fıstık Drajeli İsveç Pasta,1000.00
Elizinn,Ankara,cafe,https://www.elizinn.com.tr,woo,Yaş Pastalar,Frambuazlı Çikolatalı İsveç Pasta,1000.00
Elizinn,Ankara,cafe,https://www.elizinn.com.tr,woo,Yaş Pastalar,Kara Orman Meyveli Pasta,1000.00
Elizinn,Ankara,cafe,https://www.elizinn.com.tr,woo,Yaş Pastalar,Kestaneli Fıstık Drajeli Pasta,1150.00
Elizinn,Ankara,cafe,https://www.elizinn.com.tr,woo,Yaş Pastalar,Frambuazlı İsveç Pasta,1000.00
Elizinn,Ankara,cafe,https://www.elizinn.com.tr,woo,Yaş Pastalar,Bademli Krokanlı Pasta,975.00
Elizinn,Ankara,cafe,https://www.elizinn.com.tr,woo,Yaş Pastalar,Volkanik Pasta,1000.00
Elizinn,Ankara,cafe,https://www.elizinn.com.tr,woo,Yaş Pastalar,Bezeli Meyveli Pasta,850.00
Elizinn,Ankara,cafe,https://www.elizinn.com.tr,woo,"Spesiyal Kurabiyeler, Tatlı Tezgahı",Süt Dilimi,318.75
Elizinn,Ankara,cafe,https://www.elizinn.com.tr,woo,"Baklava, Bayram Lezzetleri",Kaymaklı Tel Kadayıf,425.00
Elizinn,Ankara,cafe,https://www.elizinn.com.tr,woo,"Baklava, Bayram Lezzetleri",Badempare,425.00
Elizinn,Ankara,cafe,https://www.elizinn.com.tr,woo,"Baklava, Bayram Lezzetleri",Cevizpare,425.00
Elizinn,Ankara,cafe,https://www.elizinn.com.tr,woo,"Baklava, Bayram Lezzetleri",Fıstıkpare,425.00
Elizinn,Ankara,cafe,https://www.elizinn.com.tr,woo,"Baklava, Bayram Lezzetleri",İstanbul Tatlısı,425.00
Elizinn,Ankara,cafe,https://www.elizinn.com.tr,woo,"Baklava, Bayram Lezzetleri",Vezirparmağı,425.00
Elizinn,Ankara,cafe,https://www.elizinn.com.tr,woo,"Baklava, Bayram Lezzetleri",Havuç Dilimi,800.00
Elizinn,Ankara,cafe,https://www.elizinn.com.tr,woo,Atıştırmalık Paket,Fesleğenli Grissini,350.00
Elizinn,Ankara,cafe,https://www.elizinn.com.tr,woo,Atıştırmalık Paket,Parmesanlı Peynirli Grissini,350.00
Elizinn,Ankara,cafe,https://www.elizinn.com.tr,woo,"Çikolata, Sevgililer Günü",Büyük Kalp Dekorlu Çikolata Kutu,1850.00
Elizinn,Ankara,cafe,https://www.elizinn.com.tr,woo,"Çikolata, Sevgililer Günü",Spesiyal Çikolata Küçük Beyaz Kutu,575.00
Elizinn,Ankara,cafe,https://www.elizinn.com.tr,woo,Petifür,Karışık Petifür / Ekler,293.75
Elizinn,Ankara,cafe,https://www.elizinn.com.tr,woo,"Pasta, Yeni Yıl",Kurabiye Adam Yeni Yıl Pasta,1725.00
Elizinn,Ankara,cafe,https://www.elizinn.com.tr,woo,"Pasta, Yeni Yıl",Penguen Yeni Yıl Pasta,1725.00
Elizinn,Ankara,cafe,https://www.elizinn.com.tr,woo,"Pasta, Yeni Yıl",Kırmızı Yeni Yıl Pasta,1725.00
Elizinn,Ankara,cafe,https://www.elizinn.com.tr,woo,"Pasta, Yeni Yıl",Çam Ağacı Pasta,1475.00
Elizinn,Ankara,cafe,https://www.elizinn.com.tr,woo,"Pasta, Yeni Yıl",Noel Baba Pasta,1475.00
Elizinn,Ankara,cafe,https://www.elizinn.com.tr,woo,"Kurabiye, Tatlı Tezgahı",Karışık Tatlı Kuru Pasta,243.75
Elizinn,Ankara,cafe,https://www.elizinn.com.tr,woo,"Tuzlu Kurabiyeler, Tuzlu Tezgahı",Karışık Tuzlu Kuru Pasta,212.50
Elizinn,Ankara,cafe,https://www.elizinn.com.tr,woo,"Pasta, Yeni Yıl",Mutlu Yıllar Pasta,1475.00
Elizinn,Ankara,cafe,https://www.elizinn.com.tr,woo,Yeni Yıl,Kurabiye Yeni Yıl Evi,3950.00
Elizinn,Ankara,cafe,https://www.elizinn.com.tr,woo,Yeni Yıl,Tavuk,2950.00
Elizinn,Ankara,cafe,https://www.elizinn.com.tr,woo,"Pasta, Yeni Yıl",Kırmızı Yeni Yıl Pasta,1075.00
Elizinn,Ankara,cafe,https://www.elizinn.com.tr,woo,"Çikolata, Spesiyal Çikolatalar",Elizinn Dubai Çikolatası,450.00
Elizinn,Ankara,cafe,https://www.elizinn.com.tr,woo,Simit,Tereyağlı Simit,45.00
Elizinn,Ankara,cafe,https://www.elizinn.com.tr,woo,Yaş Pastalar,Yaban Mersinli Çilekli Pasta,850.00
Elizinn,Ankara,cafe,https://www.elizinn.com.tr,woo,Babalar Günü,Babalar Günü Gömlek  Kurabiye,45.00
Elizinn,Ankara,cafe,https://www.elizinn.com.tr,woo,Anneler Günü,Anneler Günü Pembe Kalpli Adet Pasta,275.00
Elizinn,Ankara,cafe,https://www.elizinn.com.tr,woo,Anneler Günü,Anneler Günü Kalpli Adet Pasta,199.00
Elizinn,Ankara,cafe,https://www.elizinn.com.tr,woo,Anneler Günü,Anneler Günü Kalpli Cupcake,125.00
Elizinn,Ankara,cafe,https://www.elizinn.com.tr,woo,Anneler Günü,Anneler Günü Ayıcıklı Cupcake,79.50
Elizinn,Ankara,cafe,https://www.elizinn.com.tr,woo,Anneler Günü,Canım Annem Özel Pasta,1250.00
Elizinn,Ankara,cafe,https://www.elizinn.com.tr,woo,Anneler Günü,Anneler Günü Kalp Pasta,1250.00
Elizinn,Ankara,cafe,https://www.elizinn.com.tr,woo,Anneler Günü,Canım Annem Pasta,995.00
Elizinn,Ankara,cafe,https://www.elizinn.com.tr,woo,Kadınlar Günü,Kadınlar Günü Ruj Adet Pasta,155.00
Elizinn,Ankara,cafe,https://www.elizinn.com.tr,woo,Kadınlar Günü,Kadınlar Günü Adet Pasta,155.00
Elizinn,Ankara,cafe,https://www.elizinn.com.tr,woo,Kadınlar Günü,Kadınlar Günü Cupcake,79.50
Elizinn,Ankara,cafe,https://www.elizinn.com.tr,woo,Kadınlar Günü,Kadınlar Günü Pembe Cupcake,79.50
Elizinn,Ankara,cafe,https://www.elizinn.com.tr,woo,Kadınlar Günü,Kadınlar Günü Pasta,465.00
Elizinn,Ankara,cafe,https://www.elizinn.com.tr,woo,Kadınlar Günü,Kadınlar Günü Çiçek Pasta,715.00
Elizinn,Ankara,cafe,https://www.elizinn.com.tr,woo,Sevgililer Günü,Kalpli Tavşanlı Adet Pasta,155.00
Elizinn,Ankara,cafe,https://www.elizinn.com.tr,woo,Sevgililer Günü,Love Pasta,345.00
Elizinn,Ankara,cafe,https://www.elizinn.com.tr,woo,Sevgililer Günü,Sevgililer Günü Kalpli Kurabiye,45.00
Elizinn,Ankara,cafe,https://www.elizinn.com.tr,woo,Sevgililer Günü,Sevgililer Günü 12&#8217;li Macaron,395.00
Elizinn,Ankara,cafe,https://www.elizinn.com.tr,woo,Sevgililer Günü,Sevgililer Günü 6&#8217;lı Macaron,195.00
Elizinn,Ankara,cafe,https://www.elizinn.com.tr,woo,Sevgililer Günü,Kalpli Kutu Çikolata,295.00
Elizinn,Ankara,cafe,https://www.elizinn.com.tr,woo,Sevgililer Günü,Sevgililer Günü Gül Pasta,1250.00
Elizinn,Ankara,cafe,https://www.elizinn.com.tr,woo,Sevgililer Günü,Sevgililer Günü Kalpli Pasta,490.00
Elizinn,Ankara,cafe,https://www.elizinn.com.tr,woo,Sevgililer Günü,Sevgililer Günü Adet Pasta,155.00
Elizinn,Ankara,cafe,https://www.elizinn.com.tr,woo,Sevgililer Günü,Kalpli Adet Pasta,155.00
Elizinn,Ankara,cafe,https://www.elizinn.com.tr,woo,Sevgililer Günü,Sevgililer Günü Cupcake,125.00
Elizinn,Ankara,cafe,https://www.elizinn.com.tr,woo,Sevgililer Günü,Sevgililer Günü Kalpli Dikdörtgen Çikolata Kutusu,495.00
Elizinn,Ankara,cafe,https://www.elizinn.com.tr,woo,Waffle &amp; Pankek,Çikolatalı Sufle,524.50
Elizinn,Ankara,cafe,https://www.elizinn.com.tr,woo,"Ana Yemekler, Etli Menüler",Hardal Soslu Steak,1099.50
Elizinn,Ankara,cafe,https://www.elizinn.com.tr,woo,"Kahvaltı, Tost",Kavurmalı Tost,529.50
Elizinn,Ankara,cafe,https://www.elizinn.com.tr,woo,Yeni Yıl,Kokina Yeni Yıl Pasta,525.00
Elizinn,Ankara,cafe,https://www.elizinn.com.tr,woo,"Pasta, Yeni Yıl",Kardan Adam Yeni Yıl Pasta,1075.00
Elizinn,Ankara,cafe,https://www.elizinn.com.tr,woo,Yeni Yıl,Fıstık Drajeli Kozalak Süslemeli Yeni Yıl Naked Pasta,1275.00
Elizinn,Ankara,cafe,https://www.elizinn.com.tr,woo,"Yaş Pastalar, Yeni Yıl",Fıstık Drajeli Yeni Yıl Naked Pasta,685.00
Elizinn,Ankara,cafe,https://www.elizinn.com.tr,woo,Yeni Yıl,Fıstık Drajeli Nar Süslemeli Yeni Yıl Naked Pasta,1275.00
Elizinn,Ankara,cafe,https://www.elizinn.com.tr,woo,Öğretmenler Günü,Uğur Böceği Pasta,525.00
Elizinn,Ankara,cafe,https://www.elizinn.com.tr,woo,Öğretmenler Günü,Öğretmenler Günü Cupcake,59.50
Elizinn,Ankara,cafe,https://www.elizinn.com.tr,woo,Öğretmenler Günü,Öğretmenler Günü Pasta,995.00
Elizinn,Ankara,cafe,https://www.elizinn.com.tr,woo,"Pasta, Yaş Pastalar",Çikolatalı Vişneli Pasta,365.00
Elizinn,Ankara,cafe,https://www.elizinn.com.tr,woo,"Pasta, Yaş Pastalar",Çikolatalı Vişneli Pasta,950.00
Elizinn,Ankara,cafe,https://www.elizinn.com.tr,woo,"Pasta, Yaş Pastalar",Çilek Rüyası Pasta,365.00
Elizinn,Ankara,cafe,https://www.elizinn.com.tr,woo,"Hamburger, Yemek",Mix Burger,699.50
Elizinn,Ankara,cafe,https://www.elizinn.com.tr,woo,"Makarna, Yemek",Penne Puttanesca,459.50
Elizinn,Ankara,cafe,https://www.elizinn.com.tr,woo,"Hamburger, Yemek",Çıtır Steak  Burger,639.50
Elizinn,Ankara,cafe,https://www.elizinn.com.tr,woo,"Salata, Yemek",Peynirli Chia Salata,474.50
Elizinn,Ankara,cafe,https://www.elizinn.com.tr,woo,"Sandviç, Yemek",Cheesesteak Sandviç,649.50
Elizinn,Ankara,cafe,https://www.elizinn.com.tr,woo,"Bowl, Yemek",Mexican Bowl,859.50
Elizinn,Ankara,cafe,https://www.elizinn.com.tr,woo,"Kahvaltı, Kahvaltı Tabağı",Kaşarlı Menemen,399.50
Elizinn,Ankara,cafe,https://www.elizinn.com.tr,woo,"Pasta, Yaş Pastalar",Beyaz Kremalı Frambuazlı Pasta,365.00
Elizinn,Ankara,cafe,https://www.elizinn.com.tr,woo,"İçecekler, Soğuk Kahveler",Ice Latte Karamel Bubble Tea,249.50
Elizinn,Ankara,cafe,https://www.elizinn.com.tr,woo,"İçecekler, Soğuk Kahveler",Ice Mocha Çikolata Bubble,249.50
Elizinn,Ankara,cafe,https://www.elizinn.com.tr,woo,"İçecekler, Soğuk Kahveler",Ice Mocha,229.50
Greenwich Coffee,Ankara,cafe,https://greenwichcoffee.com,woo,"ATIŞTIRMALIKLAR, Menü",DEREOTLU POĞAÇA,75.00
Greenwich Coffee,Ankara,cafe,https://greenwichcoffee.com,woo,Menü,MONO KARE TİRAMİSU,295.00
Greenwich Coffee,Ankara,cafe,https://greenwichcoffee.com,woo,"ATIŞTIRMALIKLAR, Menü",TAHİNLİ ÇÖREK,120.00
Greenwich Coffee,Ankara,cafe,https://greenwichcoffee.com,woo,Menü,SAN SEBASTİAN CHESECAKE,310.00
Greenwich Coffee,Ankara,cafe,https://greenwichcoffee.com,woo,"HOT-ICE DRINK, İçecekler",Vanilyalı Milkshake,280.00
Greenwich Coffee,Ankara,cafe,https://greenwichcoffee.com,woo,"HOT-ICE DRINK, İçecekler",Çilekli Milkshake,280.00
Greenwich Coffee,Ankara,cafe,https://greenwichcoffee.com,woo,"HOT-ICE DRINK, İçecekler",Çikolatalı Milkshake,280.00
Greenwich Coffee,Ankara,cafe,https://greenwichcoffee.com,woo,Menü,ŞEFTALI SARMA,320.00
Greenwich Coffee,Ankara,cafe,https://greenwichcoffee.com,woo,Menü,ORMANMEYVELİ NO BAKE CHEESECAKE,315.00
Greenwich Coffee,Ankara,cafe,https://greenwichcoffee.com,woo,Menü,FRAMBUAZLI KAKAOLU RULO SARMA,320.00
Greenwich Coffee,Ankara,cafe,https://greenwichcoffee.com,woo,Menü,ÇİKOLATALI ÇİLEKLİ MONO,330.00
Greenwich Coffee,Ankara,cafe,https://greenwichcoffee.com,woo,"EKSTRALAR, Menü",EXTRA KREM ŞANTİ,60.00
Greenwich Coffee,Ankara,cafe,https://greenwichcoffee.com,woo,"ATIŞTIRMALIKLAR, Menü",TRIO HİNDİSTAN CEVİZİ-YER FISTIĞI TOP,115.00
Greenwich Coffee,Ankara,cafe,https://greenwichcoffee.com,woo,"ATIŞTIRMALIKLAR, Menü",TRIO CHIA TOHUMU-VİŞNE EZMESİ TOP,115.00
Greenwich Coffee,Ankara,cafe,https://greenwichcoffee.com,woo,Menü,GW MAGNUM KARADUT KRUVASAN,380.00
Greenwich Coffee,Ankara,cafe,https://greenwichcoffee.com,woo,Menü,GW MAGNUM FISTIK KRUVASAN,380.00
Greenwich Coffee,Ankara,cafe,https://greenwichcoffee.com,woo,Menü,GW MAGNUM BEYAZ KRUVASAN,380.00
Greenwich Coffee,Ankara,cafe,https://greenwichcoffee.com,woo,Menü,GW MAGNUM BADEM KRUVASAN,380.00
Greenwich Coffee,Ankara,cafe,https://greenwichcoffee.com,woo,"ATIŞTIRMALIKLAR, Menü",Fruwy Şeftali,135.00
Greenwich Coffee,Ankara,cafe,https://greenwichcoffee.com,woo,"ATIŞTIRMALIKLAR, Menü",Fruwy Mango,145.00
Greenwich Coffee,Ankara,cafe,https://greenwichcoffee.com,woo,"ATIŞTIRMALIKLAR, Menü",Fruwy Elma,135.00
Greenwich Coffee,Ankara,cafe,https://greenwichcoffee.com,woo,"ATIŞTIRMALIKLAR, Menü",Fruwy Ejder,145.00
Greenwich Coffee,Ankara,cafe,https://greenwichcoffee.com,woo,"ATIŞTIRMALIKLAR, Menü",Fruwy Çilek,135.00
Greenwich Coffee,Ankara,cafe,https://greenwichcoffee.com,woo,"ATIŞTIRMALIKLAR, Menü",Fruwy Ananas,145.00
Greenwich Coffee,Ankara,cafe,https://greenwichcoffee.com,woo,"Menü, TATLILAR",GW ELMALI KEK,150.00
Greenwich Coffee,Ankara,cafe,https://greenwichcoffee.com,woo,"Menü, TATLILAR",GW YABAN MERSİNLİ KEK,150.00
Greenwich Coffee,Ankara,cafe,https://greenwichcoffee.com,woo,Menü,GW SADE KRUVASAN,200.00
Greenwich Coffee,Ankara,cafe,https://greenwichcoffee.com,woo,Menü,GW KAŞARLI KRUVASAN,270.00
Greenwich Coffee,Ankara,cafe,https://greenwichcoffee.com,woo,Menü,GW KAHVALTI KRUVASAN,350.00
Greenwich Coffee,Ankara,cafe,https://greenwichcoffee.com,woo,Menü,GW ÇİKOLATALI KRUVASAN,270.00
Greenwich Coffee,Ankara,cafe,https://greenwichcoffee.com,woo,Menü,GW AVOKADO VE DANA JAMBONLU KRUVASAN,350.00
Greenwich Coffee,Ankara,cafe,https://greenwichcoffee.com,woo,Menü,BARDAK WAFFLE,270.00
Greenwich Coffee,Ankara,cafe,https://greenwichcoffee.com,woo,Menü,MANTARLI KİŞ,270.00
Greenwich Coffee,Ankara,cafe,https://greenwichcoffee.com,woo,Menü,ISPANAKLI KİŞ,270.00
Greenwich Coffee,Ankara,cafe,https://greenwichcoffee.com,woo,Menü,GW MİNİ PEYNİRLİ,70.00
Greenwich Coffee,Ankara,cafe,https://greenwichcoffee.com,woo,Menü,GW ELMALI TURTA,180.00
Greenwich Coffee,Ankara,cafe,https://greenwichcoffee.com,woo,Menü,GW ATOM BEZE,70.00
Greenwich Coffee,Ankara,cafe,https://greenwichcoffee.com,woo,Menü,ARTİZAN ELMALI TART,315.00
Greenwich Coffee,Ankara,cafe,https://greenwichcoffee.com,woo,Menü,RUBY ORMAN MEYVELİ PASTA,345.00
Greenwich Coffee,Ankara,cafe,https://greenwichcoffee.com,woo,"ATIŞTIRMALIKLAR, Menü",MATCHA COOKİE (BARDAK),290.00
Greenwich Coffee,Ankara,cafe,https://greenwichcoffee.com,woo,Menü,MATCHA BLONDİE,310.00
Greenwich Coffee,Ankara,cafe,https://greenwichcoffee.com,woo,Menü,MANGO PASSION PASTA,330.00
Greenwich Coffee,Ankara,cafe,https://greenwichcoffee.com,woo,"ATIŞTIRMALIKLAR, Menü",CO-HURMA TOPLARI (BARDAK),300.00
Greenwich Coffee,Ankara,cafe,https://greenwichcoffee.com,woo,"HOT-ICE DRINK, İçecekler",ICE CAPPUCCINO,210.00
Greenwich Coffee,Ankara,cafe,https://greenwichcoffee.com,woo,"ALTERNATİFLER, İçecekler",COLOMBIA PİNK BOURBON (S),300.00
Greenwich Coffee,Ankara,cafe,https://greenwichcoffee.com,woo,"ATIŞTIRMALIKLAR, Menü",LABNELİ ISPANAKLI POĞAÇA,75.00
Greenwich Coffee,Ankara,cafe,https://greenwichcoffee.com,woo,Menü,YULAFLI PİNK MATCHA LATTE (S),275.00
Greenwich Coffee,Ankara,cafe,https://greenwichcoffee.com,woo,Menü,YULAFLI PİNK MATCHA LATTE (M),285.00
Greenwich Coffee,Ankara,cafe,https://greenwichcoffee.com,woo,Menü,YULAFLI PİNK MATCHA LATTE (L),295.00
Greenwich Coffee,Ankara,cafe,https://greenwichcoffee.com,woo,Menü,YULAFLI MATCHA LATTE (S),275.00
Greenwich Coffee,Ankara,cafe,https://greenwichcoffee.com,woo,Menü,YULAFLI MATCHA LATTE (M),285.00
Greenwich Coffee,Ankara,cafe,https://greenwichcoffee.com,woo,Menü,YULAFLI MATCHA LATTE (L),295.00
Greenwich Coffee,Ankara,cafe,https://greenwichcoffee.com,woo,Menü,YULAFLI BLUE MATCHA LATTE (S),275.00
Greenwich Coffee,Ankara,cafe,https://greenwichcoffee.com,woo,Menü,YULAFLI BLUE MATCHA LATTE (M),285.00
Greenwich Coffee,Ankara,cafe,https://greenwichcoffee.com,woo,Menü,YULAFLI BLUE MATCHA LATTE (L),295.00
Greenwich Coffee,Ankara,cafe,https://greenwichcoffee.com,woo,Menü,PİNK MATCHA LATTE (S),260.00
Greenwich Coffee,Ankara,cafe,https://greenwichcoffee.com,woo,Menü,PİNK MATCHA LATTE (M),275.00
Greenwich Coffee,Ankara,cafe,https://greenwichcoffee.com,woo,Menü,PİNK MATCHA LATTE (L),290.00
Greenwich Coffee,Ankara,cafe,https://greenwichcoffee.com,woo,Menü,MATCHA LATTE (S),260.00
Greenwich Coffee,Ankara,cafe,https://greenwichcoffee.com,woo,Menü,MATCHA LATTE (M),275.00
Greenwich Coffee,Ankara,cafe,https://greenwichcoffee.com,woo,Menü,MATCHA LATTE (L),290.00
Greenwich Coffee,Ankara,cafe,https://greenwichcoffee.com,woo,Menü,BLUE MATCHA LATTE (S),260.00
Greenwich Coffee,Ankara,cafe,https://greenwichcoffee.com,woo,Menü,BLUE MATCHA LATTE (M),275.00
Greenwich Coffee,Ankara,cafe,https://greenwichcoffee.com,woo,Menü,BLUE MATCHA LATTE (L),290.00
Greenwich Coffee,Ankara,cafe,https://greenwichcoffee.com,woo,Menü,BADEMLİ PİNK MATCHA LATTE (S),275.00
Greenwich Coffee,Ankara,cafe,https://greenwichcoffee.com,woo,Menü,BADEMLİ PİNK MATCHA LATTE (M),285.00
Greenwich Coffee,Ankara,cafe,https://greenwichcoffee.com,woo,Menü,BADEMLİ PİNK MATCHA LATTE (L),295.00
Greenwich Coffee,Ankara,cafe,https://greenwichcoffee.com,woo,Menü,BADEMLİ MATCHA LATTE (S),275.00
Greenwich Coffee,Ankara,cafe,https://greenwichcoffee.com,woo,Menü,BADEMLİ MATCHA LATTE (M),285.00
Greenwich Coffee,Ankara,cafe,https://greenwichcoffee.com,woo,Menü,BADEMLİ MATCHA LATTE (L),295.00
Greenwich Coffee,Ankara,cafe,https://greenwichcoffee.com,woo,Menü,BADEMLİ BLUE MATCHA LATTE (S),275.00
Greenwich Coffee,Ankara,cafe,https://greenwichcoffee.com,woo,Menü,BADEMLİ BLUE MATCHA LATTE (M),285.00
Greenwich Coffee,Ankara,cafe,https://greenwichcoffee.com,woo,Menü,BADEMLİ BLUE MATCHA LATTE (L),295.00
Greenwich Coffee,Ankara,cafe,https://greenwichcoffee.com,woo,Menü,ICE yulaflı pink matcha latte (S),275.00
Greenwich Coffee,Ankara,cafe,https://greenwichcoffee.com,woo,Menü,ICE yulaflı pink matcha latte (M),285.00
Greenwich Coffee,Ankara,cafe,https://greenwichcoffee.com,woo,Menü,ICE yulaflı pink matcha latte (L),295.00
Greenwich Coffee,Ankara,cafe,https://greenwichcoffee.com,woo,Menü,ICE yulaflı matcha latte (S),275.00
Greenwich Coffee,Ankara,cafe,https://greenwichcoffee.com,woo,Menü,ICE yulaflı matcha latte (M),285.00
Greenwich Coffee,Ankara,cafe,https://greenwichcoffee.com,woo,Menü,ICE yulaflı matcha latte (L),295.00
Greenwich Coffee,Ankara,cafe,https://greenwichcoffee.com,woo,Menü,ICE yulaflı blue matcha latte (S),275.00
Greenwich Coffee,Ankara,cafe,https://greenwichcoffee.com,woo,Menü,ICE yulaflı blue matcha latte (M),285.00
Greenwich Coffee,Ankara,cafe,https://greenwichcoffee.com,woo,Menü,ICE yulaflı blue matcha latte (L),295.00
Greenwich Coffee,Ankara,cafe,https://greenwichcoffee.com,woo,Menü,ICE pink matcha latte (S),260.00
Greenwich Coffee,Ankara,cafe,https://greenwichcoffee.com,woo,Menü,ICE pink matcha latte (M),275.00
Greenwich Coffee,Ankara,cafe,https://greenwichcoffee.com,woo,Menü,ICE pink matcha latte (L),290.00
Greenwich Coffee,Ankara,cafe,https://greenwichcoffee.com,woo,Menü,ICE matcha latte (S),260.00
Greenwich Coffee,Ankara,cafe,https://greenwichcoffee.com,woo,Menü,ICE matcha latte (M),275.00
Greenwich Coffee,Ankara,cafe,https://greenwichcoffee.com,woo,Menü,ICE matcha latte (L),290.00
Greenwich Coffee,Ankara,cafe,https://greenwichcoffee.com,woo,Menü,ICE blue matcha latte (S),260.00
Greenwich Coffee,Ankara,cafe,https://greenwichcoffee.com,woo,Menü,ICE blue matcha latte (M),275.00
Greenwich Coffee,Ankara,cafe,https://greenwichcoffee.com,woo,Menü,ICE blue matcha latte (L),290.00
Greenwich Coffee,Ankara,cafe,https://greenwichcoffee.com,woo,Menü,ICE Bademli pink matcha latte (S),275.00
Greenwich Coffee,Ankara,cafe,https://greenwichcoffee.com,woo,Menü,ICE Bademli pink matcha latte (M),285.00
Greenwich Coffee,Ankara,cafe,https://greenwichcoffee.com,woo,Menü,ICE Bademli pink matcha latte (L),295.00
Greenwich Coffee,Ankara,cafe,https://greenwichcoffee.com,woo,Menü,ICE Bademli matcha latte (S),275.00
Greenwich Coffee,Ankara,cafe,https://greenwichcoffee.com,woo,Menü,ICE Bademli matcha latte (M),285.00
Greenwich Coffee,Ankara,cafe,https://greenwichcoffee.com,woo,Menü,ICE Bademli matcha latte (L),295.00
Greenwich Coffee,Ankara,cafe,https://greenwichcoffee.com,woo,Menü,ICE Bademli blue matcha latte (S),275.00
Greenwich Coffee,Ankara,cafe,https://greenwichcoffee.com,woo,Menü,ICE Bademli blue matcha latte (M),285.00
Greenwich Coffee,Ankara,cafe,https://greenwichcoffee.com,woo,Menü,ICE Bademli blue matcha latte (L),295.00
Veganarsist Kızılay,Ankara,cafe,https://veganarsist.com,woo,"İçecekler, Paket Ürünleri",Kajran ( Kajudan Vegan Ayran ) ( Kuru Naneli ) ( 50 cl ) ( Cam Şişe ),284.00
Veganarsist Kızılay,Ankara,cafe,https://veganarsist.com,woo,,Kuru Buz,150.00
Veganarsist Kızılay,Ankara,cafe,https://veganarsist.com,woo,,Strafor Kutu,150.00
Veganarsist Kızılay,Ankara,cafe,https://veganarsist.com,woo,"Anne Yemekleri, Paket Ürünleri",Dionysos Vegan Patlıcan Musakka ( 345 Gr. ) ( Glutensiz ),273.00
Veganarsist Kızılay,Ankara,cafe,https://veganarsist.com,woo,"Anne Yemekleri, Paket Ürünleri",Helios Vegan Karnıyarık ( 2 Adet ) ( Glutensiz ),324.00
Veganarsist Kızılay,Ankara,cafe,https://veganarsist.com,woo,"Özel Lezzetler, Paket Ürünleri",Cosmos Vegan Balcan ( Patlıcan ) Kebabı ( Porsiyon ) ( Glutensiz ),213.00
Veganarsist Kızılay,Ankara,cafe,https://veganarsist.com,woo,"Paket Ürünleri, Soslar ve Harçlar",Soya Soslu Vegan Balık Sosu ( 345 Ml. ) ( Glutensiz ),187.50
Veganarsist Kızılay,Ankara,cafe,https://veganarsist.com,woo,"Paket Ürünleri, Soslar ve Harçlar",Vegan Bolonez Sos ( 345 Gr. ) ( Glutensiz ),209.00
Veganarsist Kızılay,Ankara,cafe,https://veganarsist.com,woo,"Paket Ürünleri, Soslar ve Harçlar",Vegan Et Döner Sosu ( 345 Ml. ) ( Glutensiz ),100.00
Veganarsist Kızılay,Ankara,cafe,https://veganarsist.com,woo,"Paket Ürünleri, Soslar ve Harçlar",Vegan İskender Sosu ( 345 Ml. ) ( Glutensiz ),87.00
Veganarsist Kızılay,Ankara,cafe,https://veganarsist.com,woo,"Paket Ürünleri, Soslar ve Harçlar",Doris Vegan Mayonezli Balık Sosu ( 345 gr ) ( Glutensiz ),143.00
Veganarsist Kızılay,Ankara,cafe,https://veganarsist.com,woo,"Anne Yemekleri, Paket Ürünleri",Fethiye&#8217;nin Vegan Karalahana Dolması ( 10 Adet ) ( Glutensiz ),219.00
Veganarsist Kızılay,Ankara,cafe,https://veganarsist.com,woo,"Özel Lezzetler, Paket Ürünleri",Freyja Vegan İzmir Köfte ( Porsiyon ) ( Glutensiz ),324.00
Veganarsist Kızılay,Ankara,cafe,https://veganarsist.com,woo,"Özel Lezzetler, Paket Ürünleri",Troy&#8217;s Vegan İslim Kebabı ( Porsiyon ) ( Glutensiz ),324.00
Veganarsist Kızılay,Ankara,cafe,https://veganarsist.com,woo,"Paket Ürünleri, Soslar ve Harçlar",Dereotlu GMZ Sos (345 Ml. ) ( Glutensiz ),291.50
Veganarsist Kızılay,Ankara,cafe,https://veganarsist.com,woo,"Paket Ürünleri, Soslar ve Harçlar",July Karışık Sebzeli Harç ( 345 Gr. ),142.00
Veganarsist Kızılay,Ankara,cafe,https://veganarsist.com,woo,"Anne Yemekleri, Paket Ürünleri",Feronia Vegan Biber Dolması ( 3 Adet ) ( Glutensiz ),219.00
Veganarsist Kızılay,Ankara,cafe,https://veganarsist.com,woo,"Anne Yemekleri, Paket Ürünleri",Poros Vegan Beyaz Lahana Dolması ( 10 Adet ) ( Glutensiz ),219.00
Veganarsist Kızılay,Ankara,cafe,https://veganarsist.com,woo,"Paket Ürünleri, Soslar ve Harçlar",Vegan Cheddar Sos ( 345 Ml. ) ( Glutensiz ),261.00
Veganarsist Kızılay,Ankara,cafe,https://veganarsist.com,woo,"Paket Ürünleri, Soslar ve Harçlar",Sarımsaklı Vegan Mayonez ( 345 Ml. ) ( Glutensiz ),127.50
Veganarsist Kızılay,Ankara,cafe,https://veganarsist.com,woo,"Özel Lezzetler, Paket Ürünleri",Tempeh ( 250 Gr. ) ( Glutensiz ),163.50
Veganarsist Kızılay,Ankara,cafe,https://veganarsist.com,woo,"Anne Yemekleri, Paket Ürünleri",Vegan Sebzeli Bulgur Pilavı ( 345 Gr. ),81.00
Veganarsist Kızılay,Ankara,cafe,https://veganarsist.com,woo,"Anne Yemekleri, Paket Ürünleri",Vegan Pirinç Pilavı ( 345 Gr. ) ( Glutensiz ),81.00
Veganarsist Kızılay,Ankara,cafe,https://veganarsist.com,woo,"Anne Yemekleri, Paket Ürünleri",Vegan Nohut Yemeği ( 345 Gr. ) ( Glutensiz ),135.00
Veganarsist Kızılay,Ankara,cafe,https://veganarsist.com,woo,"Anne Yemekleri, Paket Ürünleri",Vegan Kuru Fasulye Yemeği ( 345 Gr. ) ( Glutensiz ),135.00
Veganarsist Kızılay,Ankara,cafe,https://veganarsist.com,woo,"Özel Lezzetler, Paket Ürünleri",Castumanna Vegan Kır Pidesi ( Adet ),168.00
Veganarsist Kızılay,Ankara,cafe,https://veganarsist.com,woo,"Özel Lezzetler, Paket Ürünleri",Asia&#8217;s Rain Vegan Kadınbudu Köfte ( Adet ) ( 75 Gr. ),87.00
Veganarsist Kızılay,Ankara,cafe,https://veganarsist.com,woo,"Çorbalar, Paket Ürünleri",Sevim&#8217;in Vegan Tarhana Çorbası ( 345 Ml. ) ( Acılı ),117.00
Veganarsist Kızılay,Ankara,cafe,https://veganarsist.com,woo,"Çorbalar, Paket Ürünleri",Oriza Vegan Yoğurt Çorbası ( 345 Ml. ) ( Glutensiz ),150.00
Veganarsist Kızılay,Ankara,cafe,https://veganarsist.com,woo,"Çorbalar, Paket Ürünleri",Limos Vegan Köz Biberli Köz Patlıcan Çorbası ( 345 Ml. ) ( Glutensiz ),150.00
Veganarsist Kızılay,Ankara,cafe,https://veganarsist.com,woo,"Çorbalar, Paket Ürünleri",Fethiye&#8217;nin Vegan Karalahana Çorbası ( 345 Ml.) ( Glutensiz ) ( Acılı ),168.00
Veganarsist Kızılay,Ankara,cafe,https://veganarsist.com,woo,"Çorbalar, Paket Ürünleri",Bulgurlu Vegan Mercimek Çorbası ( 345 Ml. ),117.00
Veganarsist Kızılay,Ankara,cafe,https://veganarsist.com,woo,"Çorbalar, Paket Ürünleri",Athena Vegan Brokoli Çorbası ( 345 Ml.) ( Glutensiz ),150.00
Veganarsist Kızılay,Ankara,cafe,https://veganarsist.com,woo,"Çorbalar, Paket Ürünleri",Apollon Vegan Balkabağı Çorbası ( 345 Ml. ) ( Acılı ) ( Glutensiz ),150.00
Veganarsist Kızılay,Ankara,cafe,https://veganarsist.com,woo,"Paket Ürünleri, Soslar ve Harçlar",Vegan Menemen ( 345 gr ),156.00
Veganarsist Kızılay,Ankara,cafe,https://veganarsist.com,woo,"Özel Lezzetler, Paket Ürünleri",Eros Vegan Gözleme ( Adet ),66.00
Veganarsist Kızılay,Ankara,cafe,https://veganarsist.com,woo,"Paket Ürünleri, Soslar ve Harçlar",Acı Biber Reçeli ( Vegan ) ( 345 Gr. ),334.00
Veganarsist Kızılay,Ankara,cafe,https://veganarsist.com,woo,"Paket Ürünleri, Soslar ve Harçlar",Persephone Vegan Acıka ( Glutensiz ) ( 345 Gr. ),399.00
Veganarsist Kızılay,Ankara,cafe,https://veganarsist.com,woo,"Paket Ürünleri, Soslar ve Harçlar",Vegan Islak Hamburger Sosu ( Glutensiz ) ( 345 Ml. ),158.00
Veganarsist Kızılay,Ankara,cafe,https://veganarsist.com,woo,"Paket Ürünleri, Soslar ve Harçlar",Sarımsaklı Fermente Vegan Kaju Yoğurdu Sosu ( Glutensiz ) ( 345 Ml. ),327.00
Veganarsist Kızılay,Ankara,cafe,https://veganarsist.com,woo,"Özel Lezzetler, Paket Ürünleri",Demeter Vegan Börek ( 50 Gr. &#8211; Adet ),35.00
Veganarsist Kızılay,Ankara,cafe,https://veganarsist.com,woo,"Özel Lezzetler, Paket Ürünleri",Medusa Vegan Sucuk ( Glutensiz ) ( 200 Gr. ),190.00
Veganarsist Kızılay,Ankara,cafe,https://veganarsist.com,woo,"Özel Lezzetler, Paket Ürünleri",Thetis Vegan İçli Köfte ( Adet ),88.00
Veganarsist Kızılay,Ankara,cafe,https://veganarsist.com,woo,"Özel Lezzetler, Paket Ürünleri",Hestia Vegan Mantı Sosu ( Glutensiz ) ( 345 Ml. ),158.00
Veganarsist Kızılay,Ankara,cafe,https://veganarsist.com,woo,"Özel Lezzetler, Paket Ürünleri",Hestia Vegan Mantı ( 500 Gr. ),402.00
Veganarsist Kızılay,Ankara,cafe,https://veganarsist.com,woo,"Köfteler, Paket Ürünleri",Sezar Vegan Urfa ( Acısız ) Dürüm Köftesi ( Glutensiz )( 100 Gr. ),126.00
Veganarsist Kızılay,Ankara,cafe,https://veganarsist.com,woo,"Köfteler, Paket Ürünleri",Nev&#8217;in Vegan Anne Köftesi ( Glutensiz ) ( 500 Gr. ),582.00
Veganarsist Kızılay,Ankara,cafe,https://veganarsist.com,woo,"Köfteler, Paket Ürünleri",Brutus Vegan Adana ( Acılı ) Dürüm Köftesi ( Glutensiz ) ( 100 Gr. ),126.00
Veganarsist Kızılay,Ankara,cafe,https://veganarsist.com,woo,"Köfteler, Paket Ürünleri",Narsist Vegan Burger Köftesi ( Glutensiz ) ( Adet ),69.00
Veganarsist Kızılay,Ankara,cafe,https://veganarsist.com,woo,"Özel Lezzetler, Paket Ürünleri",Gandalf Vegan Tantuni ( Glutensiz ) ( 500 Gr. ),469.50
Veganarsist Kızılay,Ankara,cafe,https://veganarsist.com,woo,"Özel Lezzetler, Paket Ürünleri",Balina Mehmet&#8217;s Vegan Lahmacun ( Adet ),126.00
Veganarsist Kızılay,Ankara,cafe,https://veganarsist.com,woo,"İçecekler, Paket Ürünleri",Kajran ( Kajudan Vegan Ayran ) ( Kuru Naneli ) ( 25 cl ) ( Cam Şişe ),145.00
Veganarsist Kızılay,Ankara,cafe,https://veganarsist.com,woo,"Köfteler, Paket Ürünleri",Nev&#8217;in Vegan Anne Burger Köftesi ( Glutensiz ) ( Adet ),69.00
Veganarsist Kızılay,Ankara,cafe,https://veganarsist.com,woo,"Köfteler, Paket Ürünleri",Thor&#8217;s Vegan Top Köfte ( Glutensiz ) ( 500 Gr. ),474.00
Veganarsist Kızılay,Ankara,cafe,https://veganarsist.com,woo,"Kuru Gıda, Paket Ürünleri",Soya Kıyması ( Karamel ) ( Vegan ) ( Glutensiz )( 250 Gr. ),84.50
Veganarsist Kızılay,Ankara,cafe,https://veganarsist.com,woo,"Kuru Gıda, Paket Ürünleri",Soya Küpü ( Karamel ) ( Vegan ) ( Glutensiz ) ( 250 Gr. ),100.00
Veganarsist Kızılay,Ankara,cafe,https://veganarsist.com,woo,"Kuru Gıda, Paket Ürünleri",Vegan Ev Tarhanası ( 250 Gr ),112.50
Veganarsist Kızılay,Ankara,cafe,https://veganarsist.com,woo,"5. Levent Şube, Bahçelievler Şube",Tuzlu Vegan Kurabiye (2 Adet),27.00
Veganarsist Kızılay,Ankara,cafe,https://veganarsist.com,woo,"5. Levent Şube, Bahçelievler Şube",Limos Vegan Köz Biberli Köz Patlıcan Çorbası ( Glutensiz ),88.00
Çukurağa Sofrası,Ankara,restaurant,http://cukuraga.com.tr,html,,ADANA KEBAP =,740.00
Çukurağa Sofrası,Ankara,restaurant,http://cukuraga.com.tr,html,,YAPRAK KEBAP =,850.00
Çukurağa Sofrası,Ankara,restaurant,http://cukuraga.com.tr,html,,ÇÖP ŞİŞ =,850.00
Çukurağa Sofrası,Ankara,restaurant,http://cukuraga.com.tr,html,,MENEKŞE KEBAP =,700.00
Çukurağa Sofrası,Ankara,restaurant,http://cukuraga.com.tr,html,,CİĞER ŞİŞ =,850.00
Çukurağa Sofrası,Ankara,restaurant,http://cukuraga.com.tr,html,,TAVUK ŞİŞ =,680.00
Çukurağa Sofrası,Ankara,restaurant,http://cukuraga.com.tr,html,,SEBZELİ KEBAP =,750.00
Çukurağa Sofrası,Ankara,restaurant,http://cukuraga.com.tr,html,,ÇUKURAĞA SPECIAL =,1350.00
Çukurağa Sofrası,Ankara,restaurant,http://cukuraga.com.tr,html,,HAŞ HAŞ KEBAP =,750.00
Çukurağa Sofrası,Ankara,restaurant,http://cukuraga.com.tr,html,,TAVUK KANAT =,680.00
Çukurağa Sofrası,Ankara,restaurant,http://cukuraga.com.tr,html,,KARIŞIK IZGARA =,1350.00
Çukurağa Sofrası,Ankara,restaurant,http://cukuraga.com.tr,html,,YOĞURTLU ADANA =,800.00
Çukurağa Sofrası,Ankara,restaurant,http://cukuraga.com.tr,html,,BEYTİ =,800.00
Çukurağa Sofrası,Ankara,restaurant,http://cukuraga.com.tr,html,,DOMATESLİ KEBAP =,850.00
Çukurağa Sofrası,Ankara,restaurant,http://cukuraga.com.tr,html,,SOĞANLI KEBAP =,850.00
Çukurağa Sofrası,Ankara,restaurant,http://cukuraga.com.tr,html,,ADANA DÜRÜM =,740.00
Çukurağa Sofrası,Ankara,restaurant,http://cukuraga.com.tr,html,,PATLICANLI KEBAP =,850.00
Çukurağa Sofrası,Ankara,restaurant,http://cukuraga.com.tr,html,,ALİ NAZİK KEBAP =,830.00
Çukurağa Sofrası,Ankara,restaurant,http://cukuraga.com.tr,html,,ALİ NAZİK ŞİŞ =,880.00
Çukurağa Sofrası,Ankara,restaurant,http://cukuraga.com.tr,html,,MENEKŞE BEYTİ =,750.00
Çukurağa Sofrası,Ankara,restaurant,http://cukuraga.com.tr,html,,DÖNER =,720.00
Çukurağa Sofrası,Ankara,restaurant,http://cukuraga.com.tr,html,,2 KİŞİLİK KARIŞIK KEBAP =,2500.00
Çukurağa Sofrası,Ankara,restaurant,http://cukuraga.com.tr,html,,3 KİŞİLİK KARIŞIK KEBAP =,3750.00
Çukurağa Sofrası,Ankara,restaurant,http://cukuraga.com.tr,html,,4 KİŞİLİK KARIŞIK KEBAP =,5000.00
Çukurağa Sofrası,Ankara,restaurant,http://cukuraga.com.tr,html,,KUZU SIRT =,990.00
Çukurağa Sofrası,Ankara,restaurant,http://cukuraga.com.tr,html,,LOKUM =,990.00
Çukurağa Sofrası,Ankara,restaurant,http://cukuraga.com.tr,html,,İÇLİ KÖFTE =,140.00
Çukurağa Sofrası,Ankara,restaurant,http://cukuraga.com.tr,html,,ÇORBA =,250.00
Anna,Antalya,restaurant,https://dogalanneeli.com,html,,Normal fiyat,850.00
Anna,Antalya,restaurant,https://dogalanneeli.com,html,,Satış fiyatı,950.00
Domino's,Antalya,fast_food,https://www.dominos.com.tr,html,,1 Alana 1 Bedava - Orta Boy Cazip Pizzalar,440.00
Domino's,Antalya,fast_food,https://www.dominos.com.tr,html,,1 Alana 1 Bedava - Orta Boy Sevilen Pizzalar,480.00
Domino's,Antalya,fast_food,https://www.dominos.com.tr,html,,1 Alana 1 Bedava - Orta Boy Gurme Pizzalar,570.00
Domino's,Antalya,fast_food,https://www.dominos.com.tr,html,,1 Alana 1 Bedava Bol Peynirli Ekmek,250.00
Domino's,Antalya,fast_food,https://www.dominos.com.tr,html,,1 Alana 1 Bedava Çikolatalı Sufle,150.00
Domino's,Antalya,fast_food,https://www.dominos.com.tr,html,,1 Alana 1 Bedava 4'lü Cinnamon Roll,115.00
Domino's,Antalya,fast_food,https://www.dominos.com.tr,html,,1 Alana 1 Bedava 10'lu Çıtır Tavuk Topları,80.00
Domino's,Antalya,fast_food,https://www.dominos.com.tr,html,,1 Alana 1 Bedava İçecek,120.00
Domino's,Antalya,fast_food,https://www.dominos.com.tr,html,,2 Büyük Boy Cazip Pizza,780.00
Domino's,Antalya,fast_food,https://www.dominos.com.tr,html,,Sevilen 2 Büyük Boy Pizza,890.00
Domino's,Antalya,fast_food,https://www.dominos.com.tr,html,,1 Alana 1 Bedava Orta Boy Cazip Pizzalar + 1L İçecek,540.00
Domino's,Antalya,fast_food,https://www.dominos.com.tr,html,,1 Alana 1 Bedava Orta Boy Sevilen Pizzalar + 1L İçecek,580.00
Domino's,Antalya,fast_food,https://www.dominos.com.tr,html,,Büyük Boy Pizza Alana Coca-Cola Pet 1 L Bedava,480.00
Domino's,Antalya,fast_food,https://www.dominos.com.tr,html,,3 Orta Boy Pizza,850.00
Domino's,Antalya,fast_food,https://www.dominos.com.tr,html,,Pizza X-Large (12 Dilim),520.00
Domino's,Antalya,fast_food,https://www.dominos.com.tr,html,,Büyük Boy Pizzalar,480.00
Domino's,Antalya,fast_food,https://www.dominos.com.tr,html,,2 Orta Boy Pizza + 2 Çikolatalı Sufle + 2 Algida Maraş Cup,750.00
Domino's,Antalya,fast_food,https://www.dominos.com.tr,html,,Orta Boy Gurme Pizzalar,450.00
Domino's,Antalya,fast_food,https://www.dominos.com.tr,html,,2 Orta Boy Pan Pizza + 4’lü Cinnamon Roll,650.00
Domino's,Antalya,fast_food,https://www.dominos.com.tr,html,,Çikolatalı Sufle + Algida Maraş Cup,170.00
Domino's,Antalya,fast_food,https://www.dominos.com.tr,html,,Pizza X-Large (12 Dilim) Alana Coca-Cola 1 L Bedava,520.00
Domino's,Antalya,fast_food,https://www.dominos.com.tr,html,,2 Orta Boy Pizza + 4’lü Cinnamon Roll,610.00
Domino's,Antalya,fast_food,https://www.dominos.com.tr,html,,10'lu Domino's Roll + Coca-Cola Pet 330 ml,270.00
Domino's,Antalya,fast_food,https://www.dominos.com.tr,html,,Mixlarge Pizzalar,570.00
Domino's,Antalya,fast_food,https://www.dominos.com.tr,html,,3 Orta Boy Pizza + Tavuk + Patates + Coca-Cola 1 L,960.00
Domino's,Antalya,fast_food,https://www.dominos.com.tr,html,,3 Orta Boy Bol Malzemos,950.00
Domino's,Antalya,fast_food,https://www.dominos.com.tr,html,,Orta Boy Bol Malzemos + 330 ML İçecek + Seçili Lezzetler,480.00
Domino's,Antalya,fast_food,https://www.dominos.com.tr,html,,Pizza X-Large (12 Dilim) + Coca-Cola 1 L + Seçili Lezzetler,610.00
Domino's,Antalya,fast_food,https://www.dominos.com.tr,html,,2 Orta Boy Pan Pizza + Coca-Cola 1 L,630.00
Domino's,Antalya,fast_food,https://www.dominos.com.tr,html,,Büyük Boy Pizza + Coca-Cola 1 L + Seçili Lezzetler,620.00
Domino's,Antalya,fast_food,https://www.dominos.com.tr,html,,2 Çikolatalı Sufle + 2 Algida Maraş Cup,320.00
Domino's,Antalya,fast_food,https://www.dominos.com.tr,html,,4 Çikolatalı Sufle + 4 Algida Maraş Cup,620.00
Domino's,Antalya,fast_food,https://www.dominos.com.tr,html,,Büyük Boy Pizza + Çikolatalı Sufle + Algida Maraş Cup,590.00
Domino's,Antalya,fast_food,https://www.dominos.com.tr,html,,Büyük Boy Pizza + Tatlı + Coca-Cola 1 L,620.00
Domino's,Antalya,fast_food,https://www.dominos.com.tr,html,,Pizza X-Large + 8'li Cinnamon Roll,620.00
Domino's,Antalya,fast_food,https://www.dominos.com.tr,html,,Bol Peynirli Ekmek + 4'lü Cinnamon Roll + Algida Dondurma,320.00
Domino's,Antalya,fast_food,https://www.dominos.com.tr,html,,2 Büyük Boy Pizza + Coca-Cola 1 L,900.00
Domino's,Antalya,fast_food,https://www.dominos.com.tr,html,,Orta Boy Pan Pizza + Bol Malzemos,550.00
Domino's,Antalya,fast_food,https://www.dominos.com.tr,html,,4 Adet Pizzetta,600.00
Domino's,Antalya,fast_food,https://www.dominos.com.tr,html,,2 Orta Boy Bol Pan Pizza,560.00
Domino's,Antalya,fast_food,https://www.dominos.com.tr,html,,2 Orta Boy Pan Cazip Pizzalar,540.00
Domino's,Antalya,fast_food,https://www.dominos.com.tr,html,,Orta Boy Pizzalar,440.00
Domino's,Antalya,fast_food,https://www.dominos.com.tr,html,,Büyük Boy Pizza + 4'lü Cinnamon Roll,570.00
Domino's,Antalya,fast_food,https://www.dominos.com.tr,html,,Orta Boy Pizza + 4'lü Cinnamon Roll,470.00
Domino's,Antalya,fast_food,https://www.dominos.com.tr,html,,Orta Boy Pizza + Sufle + Algida,430.00
Domino's,Antalya,fast_food,https://www.dominos.com.tr,html,,Dürümos + Patates + Tavuk,210.00
Domino's,Antalya,fast_food,https://www.dominos.com.tr,html,,Tek Kişilik Pizzalar,310.00
Domino's,Antalya,fast_food,https://www.dominos.com.tr,html,,Orta Boy Pan Pizza,400.00
Domino's,Antalya,fast_food,https://www.dominos.com.tr,html,,Orta Boy Pan Pizza + Sos + Coca-Cola 330 ML,460.00
Domino's,Antalya,fast_food,https://www.dominos.com.tr,html,,Pizzetta + Patates + Tavuk + Coca-Cola 330 ML,340.00
Domino's,Antalya,fast_food,https://www.dominos.com.tr,html,,Dürümos + Coca-Cola 330 ML,200.00
Domino's,Antalya,fast_food,https://www.dominos.com.tr,html,,Tavuk Fırsatı,75.00
Domino's,Antalya,fast_food,https://www.dominos.com.tr,html,,Çıtır Karışık Kova Fırsatı,260.00
Domino's,Antalya,fast_food,https://www.dominos.com.tr,html,,2 Adet Dürümos,270.00
Domino's,Antalya,fast_food,https://www.dominos.com.tr,html,,Pizzetta + Bol Peynirli Ekmek,310.00
Domino's,Antalya,fast_food,https://www.dominos.com.tr,html,,2 Adet Pizzetta + Tavuk + Patates,370.00
Domino's,Antalya,fast_food,https://www.dominos.com.tr,html,,Combo Pizza X-Large,540.00
Domino's,Antalya,fast_food,https://www.dominos.com.tr,html,,Orta Boy Combo Pizza,390.00
Domino's,Antalya,fast_food,https://www.dominos.com.tr,html,,Büyük Boy Combo Pizza,510.00
Domino's,Antalya,fast_food,https://www.dominos.com.tr,html,,Tavuk Kova Fırsatı,155.00
Domino's,Antalya,fast_food,https://www.dominos.com.tr,html,,Dürümos + Sarımsaklı Ekmek + 10'lu Çıtır Tavuk Topları,220.00
Domino's,Antalya,fast_food,https://www.dominos.com.tr,html,,2 Adet Pizzetta,320.00
Domino's,Antalya,fast_food,https://www.dominos.com.tr,html,,2 Adet Pizzetta + Coca-Cola 1 L,410.00
Domino's,Antalya,fast_food,https://www.dominos.com.tr,html,,Pizzetta + Tavuk + Patates + Ayran + Boyama Defteri,270.00
Domino's,Antalya,fast_food,https://www.dominos.com.tr,html,,Patates Fırsatı,60.00
Domino's,Antalya,fast_food,https://www.dominos.com.tr,html,,Çıtır Tavuk Finger,85.00
Domino's,Antalya,fast_food,https://www.dominos.com.tr,html,,Çıtır Tavuk Topları,80.00
Domino's,Antalya,fast_food,https://www.dominos.com.tr,html,,Tavuk Parçaları,80.00
Domino's,Antalya,fast_food,https://www.dominos.com.tr,html,,Mantarsever,400.00
Domino's,Antalya,fast_food,https://www.dominos.com.tr,html,,"Sucuk , Mozarella Peyniri , Pizza Sos",400.00
Domino's,Antalya,fast_food,https://www.dominos.com.tr,html,,"Sucuk , Mısır , Mozarella Peyniri , Pizza Sos , Siyah Zeytin",400.00
Domino's,Antalya,fast_food,https://www.dominos.com.tr,html,,"Mozarella Peyniri , Pizza Sos",400.00
Domino's,Antalya,fast_food,https://www.dominos.com.tr,html,,"Mozzarella Peyniri , Pizza Sos, Sucuk, Mantar",480.00
Domino's,Antalya,fast_food,https://www.dominos.com.tr,html,,Bol Pan Pizza,480.00
Domino's,Antalya,fast_food,https://www.dominos.com.tr,html,,Süper Pan Pizza,480.00
Domino's,Antalya,fast_food,https://www.dominos.com.tr,html,,Bol Malzemos,445.00
Domino's,Antalya,fast_food,https://www.dominos.com.tr,html,,Karışık,445.00
Domino's,Antalya,fast_food,https://www.dominos.com.tr,html,,Bol Etli,445.00
Domino's,Antalya,fast_food,https://www.dominos.com.tr,html,,Vegi,445.00
Domino's,Antalya,fast_food,https://www.dominos.com.tr,html,,Italiano,445.00
Domino's,Antalya,fast_food,https://www.dominos.com.tr,html,,"Sucuk , Mozarella Peyniri , Pizza Sos , Sarımsak Sos",430.00
Domino's,Antalya,fast_food,https://www.dominos.com.tr,html,,"Sosis , Mısır , Mozarella Peyniri , Pizza Sos",430.00
Domino's,Antalya,fast_food,https://www.dominos.com.tr,html,,Süperos,430.00
Domino's,Antalya,fast_food,https://www.dominos.com.tr,html,,Sosyal,430.00
Domino's,Antalya,fast_food,https://www.dominos.com.tr,html,,Mixlarge Bol Etli,645.00
Domino's,Antalya,fast_food,https://www.dominos.com.tr,html,,Mixlarge Bol Malzeme,645.00
Domino's,Antalya,fast_food,https://www.dominos.com.tr,html,,Barbekü Soslu Tavuklu,460.00
Domino's,Antalya,fast_food,https://www.dominos.com.tr,html,,Tavuklu,460.00
Domino's,Antalya,fast_food,https://www.dominos.com.tr,html,,Extravaganzza,460.00
Domino's,Antalya,fast_food,https://www.dominos.com.tr,html,,Domino's Soslu Bol Malzemos,460.00
Domino's,Antalya,fast_food,https://www.dominos.com.tr,html,,Ballı Hardallı Tavuklu,460.00
Domino's,Antalya,fast_food,https://www.dominos.com.tr,html,,Üç Peynirli,485.00
Domino's,Antalya,fast_food,https://www.dominos.com.tr,html,,Konyalım,485.00
Domino's,Antalya,fast_food,https://www.dominos.com.tr,html,,Mangal Sucuklu,485.00
Domino's,Antalya,fast_food,https://www.dominos.com.tr,html,,Callypso,505.00
Domino's,Antalya,fast_food,https://www.dominos.com.tr,html,,Pastırma & Sucuk,505.00
Domino's,Antalya,fast_food,https://www.dominos.com.tr,html,,Ocakbaşı,505.00
Domino's,Antalya,fast_food,https://www.dominos.com.tr,html,,Cinnamon Roll,115.00
Domino's,Antalya,fast_food,https://www.dominos.com.tr,html,,"Pan hamur, sarımsak sos, cheddar, jalepeno",260.00
Domino's,Antalya,fast_food,https://www.dominos.com.tr,html,,"Pan hamur, sarımsak sos, cheddar, sucuk",260.00
Domino's,Antalya,fast_food,https://www.dominos.com.tr,html,,Tavuk & Patates Mix,185.00
Domino's,Antalya,fast_food,https://www.dominos.com.tr,html,,Algida Maraş Usulü Sade Dondurma 100 ml,60.00
Domino's,Antalya,fast_food,https://www.dominos.com.tr,html,,Algida Max Classics Vanilya,60.00
Domino's,Antalya,fast_food,https://www.dominos.com.tr,html,,42 gr,75.00
Domino's,Antalya,fast_food,https://www.dominos.com.tr,html,,Çikolatalı Sufle,150.00
Domino's,Antalya,fast_food,https://www.dominos.com.tr,html,,Algida Magnum Mini Badem,75.00
Domino's,Antalya,fast_food,https://www.dominos.com.tr,html,,Algida Max Classics Kakao,60.00
Domino's,Antalya,fast_food,https://www.dominos.com.tr,html,,Algida Cornetto Karadut,110.00
Domino's,Antalya,fast_food,https://www.dominos.com.tr,html,,Algida Magnum Sandwich,105.00
Domino's,Antalya,fast_food,https://www.dominos.com.tr,html,,Karışık Pizzetta,175.00
Domino's,Antalya,fast_food,https://www.dominos.com.tr,html,,"Mozzarella Peyniri, Pizza Sosu, Sucuk, Mantar, Yeşil Biber",175.00
Domino's,Antalya,fast_food,https://www.dominos.com.tr,html,,"Mozzarella Peyniri , Pizza Sos",175.00
Domino's,Antalya,fast_food,https://www.dominos.com.tr,html,,Sarımsaklı Ekmek 6 Dilim,70.00
Domino's,Antalya,fast_food,https://www.dominos.com.tr,html,,Sucuklu Bol Peynirli Ekmek 6 Dilim,255.00
Domino's,Antalya,fast_food,https://www.dominos.com.tr,html,,Bol Peynirli Ekmek 6 Dilim,250.00
Domino's,Antalya,fast_food,https://www.dominos.com.tr,html,,Coca-Cola 330 ML,130.00
Domino's,Antalya,fast_food,https://www.dominos.com.tr,html,,Coca-Cola 450 ML,130.00
Domino's,Antalya,fast_food,https://www.dominos.com.tr,html,,Coca-Cola 1 L,165.00
Domino's,Antalya,fast_food,https://www.dominos.com.tr,html,,Şekersiz 330 ML,130.00
Domino's,Antalya,fast_food,https://www.dominos.com.tr,html,,Şekersiz 450 ML,130.00
Domino's,Antalya,fast_food,https://www.dominos.com.tr,html,,Şekersiz 1 L,165.00
Domino's,Antalya,fast_food,https://www.dominos.com.tr,html,,FuseTea Şeftali 330 ML,130.00
Domino's,Antalya,fast_food,https://www.dominos.com.tr,html,,FuseTea Şeftali 1 L,165.00
Domino's,Antalya,fast_food,https://www.dominos.com.tr,html,,Sütaş Ayran 300 ML,60.00
Domino's,Antalya,fast_food,https://www.dominos.com.tr,html,,Sütaş Ayran 200 ML,55.00
Domino's,Antalya,fast_food,https://www.dominos.com.tr,html,,Sütaş Ayran 1 L,165.00
Domino's,Antalya,fast_food,https://www.dominos.com.tr,html,,"0,5 Lt Damla Su",35.00
Domino's,Antalya,fast_food,https://www.dominos.com.tr,html,,FuseTea Limon 330 ML,130.00
Domino's,Antalya,fast_food,https://www.dominos.com.tr,html,,FuseTea Limon 1 L,165.00
Domino's,Antalya,fast_food,https://www.dominos.com.tr,html,,Fanta 330 ML,130.00
Domino's,Antalya,fast_food,https://www.dominos.com.tr,html,,Fanta 1 L,165.00
Domino's,Antalya,fast_food,https://www.dominos.com.tr,html,,Sprite 330 ML,130.00
Domino's,Antalya,fast_food,https://www.dominos.com.tr,html,,Sprite 1 L,165.00
Domino's,Antalya,fast_food,https://www.dominos.com.tr,html,,Coca-Cola Light 330 ML,130.00
Domino's,Antalya,fast_food,https://www.dominos.com.tr,html,,Coca-Cola Light 1 L,165.00
Domino's,Antalya,fast_food,https://www.dominos.com.tr,html,,Cappy Şeftali,130.00
Domino's,Antalya,fast_food,https://www.dominos.com.tr,html,,Cappy Karışık,130.00
Domino's,Antalya,fast_food,https://www.dominos.com.tr,html,,Yoğurtlu Sos,40.00
Domino's,Antalya,fast_food,https://www.dominos.com.tr,html,,Meksika Sos,40.00
Domino's,Antalya,fast_food,https://www.dominos.com.tr,html,,Acı Sos,40.00
Domino's,Antalya,fast_food,https://www.dominos.com.tr,html,,Mayonez,5.00
Domino's,Antalya,fast_food,https://www.dominos.com.tr,html,,Ketçap,5.00
Domino's,Antalya,fast_food,https://www.dominos.com.tr,html,,80 gr.,85.00
Domino's,Antalya,fast_food,https://www.dominos.com.tr,html,,Kolombiya’ya özgü kahve çekirdeklerinden.,60.00
Dospresso,Antalya,cafe,https://www.dospresso.com,woo,merchandise,Mug time to change,279.00
Dospresso,Antalya,cafe,https://www.dospresso.com,woo,merchandise,Sportswear,495.00
Dospresso,Antalya,cafe,https://www.dospresso.com,woo,merchandise,Manshirt,590.00
Dospresso,Antalya,cafe,https://www.dospresso.com,woo,merchandise,She Tshirt,390.00
Dospresso,Antalya,cafe,https://www.dospresso.com,woo,merchandise,She Hoodie,279.00
Dospresso,Antalya,cafe,https://www.dospresso.com,woo,coffee,Espresso House Blend,218.00
Dospresso,Antalya,cafe,https://www.dospresso.com,woo,decaf,Swiss Water Decaf,19.00
Dospresso,Antalya,cafe,https://www.dospresso.com,woo,coffee,French Roast,19.00
Dospresso,Antalya,cafe,https://www.dospresso.com,woo,coffee,Breakfast Blend,19.00
Dospresso,Antalya,cafe,https://www.dospresso.com,woo,coffee,House Blend,19.00
Dospresso,Antalya,cafe,https://www.dospresso.com,woo,coffee,Holiday Blend,19.00
Dospresso,Antalya,cafe,https://www.dospresso.com,woo,decaf,Decaffeinato,17.00
Dospresso,Antalya,cafe,https://www.dospresso.com,woo,coffee,Double Espresso,19.00
Dospresso,Antalya,cafe,https://www.dospresso.com,woo,merchandise,Hoodie Dospresso,590.00
Dospresso,Antalya,cafe,https://www.dospresso.com,woo,merchandise,DOSPRESSO Sweatshirt,75.00
Dospresso,Antalya,cafe,https://www.dospresso.com,woo,cold brew,Cold Brew,35.00
Dospresso,Antalya,cafe,https://www.dospresso.com,woo,merchandise,Coffee Mug,390.00
Godo Coffee &More,Antalya,cafe,https://godocoffeeandmore.com,woo,Coffee,Godo Coffee&#038;More Çekirdek Kahve 250 gr.,246.00
Godo Coffee &More,Antalya,cafe,https://godocoffeeandmore.com,woo,Coffee,Godo Coffee&#038;More Çekirdek Kahve 100 gr.,146.00
Godo Coffee &More,Antalya,cafe,https://godocoffeeandmore.com,woo,Coffee,Godo Coffee&#038;More Çekirdek Kahve 500 gr.,346.00
Godo Coffee &More,Antalya,cafe,https://godocoffeeandmore.com,woo,Coffee,Godo Coffee&#038;More Çekirdek Kahve Ruanda,146.99
Godo Coffee &More,Antalya,cafe,https://godocoffeeandmore.com,woo,Coffee,Godo Coffee&#038;More Çekirdek Kahve Kenya,146.99
Godo Coffee &More,Antalya,cafe,https://godocoffeeandmore.com,woo,Coffee,Godo Coffee&#038;More Çekirdek Kahve Peru,146.99
Lahmacun Prime,Antalya,restaurant,https://www.lahmacunprime.com,html,,01. Prime Special Lahmacun,290.00
Lahmacun Prime,Antalya,restaurant,https://www.lahmacunprime.com,html,,02. Ispanaklı Peynirli Lahmacun,210.00
Lahmacun Prime,Antalya,restaurant,https://www.lahmacunprime.com,html,,03. Kapalı Prime Pide,420.00
Lahmacun Prime,Antalya,restaurant,https://www.lahmacunprime.com,html,,04. Prime Özel Pide,420.00
Lahmacun Prime,Antalya,restaurant,https://www.lahmacunprime.com,html,,05. Sucuklu Özel Pide,430.00
Pizza Tomato,Antalya,fast_food,http://www.pizzatomato.com.tr,html,,Küçük Boy Cazip veya Klasik Pizza + Patates + Pepsi,275.00
Pizza Tomato,Antalya,fast_food,http://www.pizzatomato.com.tr,html,,2 Adet Küçük Boy Cazip veya Klasik Pizza,410.00
Pizza Tomato,Antalya,fast_food,http://www.pizzatomato.com.tr,html,,Orta Boy Cazip veya Klasik Pizza + Patates + Kutu Pepsi,345.00
Pizza Tomato,Antalya,fast_food,http://www.pizzatomato.com.tr,html,,2 Adet Orta Boy Cazip veya Klasik Pizza,545.00
Pizza Tomato,Antalya,fast_food,http://www.pizzatomato.com.tr,html,,"Dilediğin 3 Adet Orta Boy, Cazip veya Klasik Pizza",795.00
Pizza Tomato,Antalya,fast_food,http://www.pizzatomato.com.tr,html,,Büyük Boy Cazip veya Klasik Pizza + Patates + 1Lt. Pepsi,610.00
Pizza Tomato,Antalya,fast_food,http://www.pizzatomato.com.tr,html,,2 Adet Büyük Boy Cazip veya Klasik Pizza,610.00
Pizza Tomato,Antalya,fast_food,http://www.pizzatomato.com.tr,html,,Aile Menü,780.00
Pizza Tomato,Antalya,fast_food,http://www.pizzatomato.com.tr,html,,En Büyük Boy Cazip veya Klasik Pizza + Patates + 1Lt. Pepsi,685.00
Redbox,Antalya,restaurant,https://www.redboxkas.com,html,,(1 porsiyon 1 adet yaklaşık 80 gr ),250.00
Redbox,Antalya,restaurant,https://www.redboxkas.com,html,,(1 porsiyon 2 adet yaklaşık 150 gr ),300.00
Redbox,Antalya,restaurant,https://www.redboxkas.com,html,,Balık,900.00
Yemen Coffee,Antalya,cafe,https://yemenkahvesi.com.tr,html,,1 KG SICAK ÇİKOLATA,640.00
Yemen Coffee,Antalya,cafe,https://yemenkahvesi.com.tr,html,,1KG SALEP,480.00
Yemen Coffee,Antalya,cafe,https://yemenkahvesi.com.tr,html,,TOFFEE NUT AROMALI ŞURUP,400.00
Yemen Coffee,Antalya,cafe,https://yemenkahvesi.com.tr,html,,VANİLYA AROMALI ŞURUP,400.00
Yemen Coffee,Antalya,cafe,https://yemenkahvesi.com.tr,html,,PORTAKAL ÇİÇEĞİ AROMALI ŞURUP,400.00
Yemen Coffee,Antalya,cafe,https://yemenkahvesi.com.tr,html,,MUZ AROMALI ŞURUP,400.00
Yemen Coffee,Antalya,cafe,https://yemenkahvesi.com.tr,html,,LIME AROMALI ŞURUP,400.00
Yemen Coffee,Antalya,cafe,https://yemenkahvesi.com.tr,html,,KARAMEL AROMALI ŞURUP,400.00
Yemen Coffee,Antalya,cafe,https://yemenkahvesi.com.tr,html,,HİBİSCUS AROMALI BAZ,400.00
Yemen Coffee,Antalya,cafe,https://yemenkahvesi.com.tr,html,,ÇİLEK AROMALI ŞURUP,400.00
Yemen Coffee,Antalya,cafe,https://yemenkahvesi.com.tr,html,,ÇİKOLATA AROMALI ŞURUP,375.00
Yemen Coffee,Antalya,cafe,https://yemenkahvesi.com.tr,html,,1000 TL,940.00
Yemen Coffee,Antalya,cafe,https://yemenkahvesi.com.tr,html,,2 Adet 250g Türk Kahvesi,800.00
Yemen Coffee,Antalya,cafe,https://yemenkahvesi.com.tr,html,,3 Adet 100g Yemen Special Türk Kahvesi,480.00
Yemen Coffee,Antalya,cafe,https://yemenkahvesi.com.tr,html,,3 Adet 100g Türk Kahvesi,480.00
Yemen Coffee,Antalya,cafe,https://yemenkahvesi.com.tr,html,,DAMLA SAKIZLI TÜRK KAHVESİ 100 GR 3'LÜ PAKET,460.00
Yemen Coffee,Antalya,cafe,https://yemenkahvesi.com.tr,html,,2 Adet 100g Damla Sakızlı Türk Kahvesi,330.00
Yemen Coffee,Antalya,cafe,https://yemenkahvesi.com.tr,html,,500 gr Filtre Kahve,830.00
Yemen Coffee,Antalya,cafe,https://yemenkahvesi.com.tr,html,,250g Filtre Kahve,440.00
Yemen Coffee,Antalya,cafe,https://yemenkahvesi.com.tr,html,,250GR ESSPRESO,400.00
Yemen Coffee,Antalya,cafe,https://yemenkahvesi.com.tr,html,,500g Espresso Çekirdek Kahve,840.00
Yemen Coffee,Antalya,cafe,https://yemenkahvesi.com.tr,html,,100g Gold Öğütülmüş Çözünebilir Kahve,180.00
Yemen Coffee,Antalya,cafe,https://yemenkahvesi.com.tr,html,,YEŞİL ELMA AROMALI ŞURUP,400.00
Yemen Coffee,Antalya,cafe,https://yemenkahvesi.com.tr,html,,500gr SALEP,360.00
Yemen Coffee,Antalya,cafe,https://yemenkahvesi.com.tr,html,,500g Sıcak Çikolata,400.00
Yemen Coffee,Antalya,cafe,https://yemenkahvesi.com.tr,html,,250g Gold Öğütülmüş Çözünebilir Kahve,390.00
Yemen Coffee,Antalya,cafe,https://yemenkahvesi.com.tr,html,,1KG BEYAZ SICAK ÇİKOLATA,480.00
Yotto Sushi & Wok,Antalya,fast_food,https://yotto.store,html,,PROMO,610.00
Yotto Sushi & Wok,Antalya,fast_food,https://yotto.store,html,,Philadelphia New Roll,695.00
Yotto Sushi & Wok,Antalya,fast_food,https://yotto.store,html,,California Salmon Roll,690.00
Yotto Sushi & Wok,Antalya,fast_food,https://yotto.store,html,,Syake Crunch Roll,690.00
Yotto Sushi & Wok,Antalya,fast_food,https://yotto.store,html,,Sinau Roll,680.00
Yotto Sushi & Wok,Antalya,fast_food,https://yotto.store,html,,Avokado Karides Roll,590.00
Yotto Sushi & Wok,Antalya,fast_food,https://yotto.store,html,,"(8 Parça) Pirinç, Nori, Krem Peynir, Somon, Susam, Unagi Sos",590.00
Yotto Sushi & Wok,Antalya,fast_food,https://yotto.store,html,,"(8 Parça) Pirinç, Nori, Yengeç, Avokado, Tobiko, Salatalık",530.00
Yotto Sushi & Wok,Antalya,fast_food,https://yotto.store,html,,Çuka Karides Roll,530.00
Yotto Sushi & Wok,Antalya,fast_food,https://yotto.store,html,,Fujiyama Roll,520.00
Yotto Sushi & Wok,Antalya,fast_food,https://yotto.store,html,,Philadelphia Light Roll,430.00
Yotto Sushi & Wok,Antalya,fast_food,https://yotto.store,html,,Kampanyalı Menü,990.00
Yotto Sushi & Wok,Antalya,fast_food,https://yotto.store,html,,Fırınlanmış Roller,620.00
Yotto Sushi & Wok,Antalya,fast_food,https://yotto.store,html,,Oishi Karides Roll,590.00
Yotto Sushi & Wok,Antalya,fast_food,https://yotto.store,html,,Oishi Kani Roll,580.00
Yotto Sushi & Wok,Antalya,fast_food,https://yotto.store,html,,Tempura Roller,705.00
Yotto Sushi & Wok,Antalya,fast_food,https://yotto.store,html,,California Tempura Roll,695.00
Yotto Sushi & Wok,Antalya,fast_food,https://yotto.store,html,,Karides Hot Roll,680.00
Yotto Sushi & Wok,Antalya,fast_food,https://yotto.store,html,,Salmon Çıtır Roll,600.00
Yotto Sushi & Wok,Antalya,fast_food,https://yotto.store,html,,Philadelphia Tempura Roll,560.00
Yotto Sushi & Wok,Antalya,fast_food,https://yotto.store,html,,Wok,510.00
Yotto Sushi & Wok,Antalya,fast_food,https://yotto.store,html,,Sweet Chili Soslu Tavuk ve Karides Noodle,490.00
Yotto Sushi & Wok,Antalya,fast_food,https://yotto.store,html,,Teriyaki Soslu ve Tavuk Noodle,450.00
Yotto Sushi & Wok,Antalya,fast_food,https://yotto.store,html,,Karidesli Ramen,450.00
Yotto Sushi & Wok,Antalya,fast_food,https://yotto.store,html,,Karidesli Soba,450.00
Yotto Sushi & Wok,Antalya,fast_food,https://yotto.store,html,,Karidesli Udon,420.00
Yotto Sushi & Wok,Antalya,fast_food,https://yotto.store,html,,Tavuklu Ramen,420.00
Yotto Sushi & Wok,Antalya,fast_food,https://yotto.store,html,,Tavuklu Soba,420.00
Yotto Sushi & Wok,Antalya,fast_food,https://yotto.store,html,,Tavuklu Udon,380.00
Yotto Sushi & Wok,Antalya,fast_food,https://yotto.store,html,,Atıştırmalıklar,520.00
Yotto Sushi & Wok,Antalya,fast_food,https://yotto.store,html,,"Karides, Tempura Hamuru, Panko, Fry Sos",420.00
Yotto Sushi & Wok,Antalya,fast_food,https://yotto.store,html,,"Pirinç, Nori, Krem Peynir, Somon, Avokado, İceberg",415.00
Yotto Sushi & Wok,Antalya,fast_food,https://yotto.store,html,,Poke Salmon,405.00
Yotto Sushi & Wok,Antalya,fast_food,https://yotto.store,html,,Poke Karides,385.00
Yotto Sushi & Wok,Antalya,fast_food,https://yotto.store,html,,"Kalamar, Tempura Hamuru, Panko, Fry Sos",380.00
Yotto Sushi & Wok,Antalya,fast_food,https://yotto.store,html,,"Pirinç, Nori, Krem Peynir, Yengeç Mix, Avokado, İceberg",264.00
Yotto Sushi & Wok,Antalya,fast_food,https://yotto.store,html,,Çorbalar,510.00
Yotto Sushi & Wok,Antalya,fast_food,https://yotto.store,html,,Tom Yum,385.00
Yotto Sushi & Wok,Antalya,fast_food,https://yotto.store,html,,Miso Soup Somon,355.00
Yotto Sushi & Wok,Antalya,fast_food,https://yotto.store,html,,Tavuk Etli Ramen Çorbası,290.00
Yotto Sushi & Wok,Antalya,fast_food,https://yotto.store,html,,Makiler,395.00
Yotto Sushi & Wok,Antalya,fast_food,https://yotto.store,html,,"(8 Parça) Pirinç, Nori, Somon",340.00
Yotto Sushi & Wok,Antalya,fast_food,https://yotto.store,html,,Hot Crab Maki,280.00
Yotto Sushi & Wok,Antalya,fast_food,https://yotto.store,html,,"(8 Parça) Pirinç, Nori, Avokado",240.00
Yotto Sushi & Wok,Antalya,fast_food,https://yotto.store,html,,Nigiri ve Gunkan,235.00
Yotto Sushi & Wok,Antalya,fast_food,https://yotto.store,html,,"(Adet) Pirinç, Somon, Unagi Sos, Susam",225.00
Yotto Sushi & Wok,Antalya,fast_food,https://yotto.store,html,,"(Adet) Pirinç, Nori, Somon, Spicy Sos",200.00
Yotto Sushi & Wok,Antalya,fast_food,https://yotto.store,html,,"(Adet) Pirinç, Nori, Somon, Hoşi Sos, Unagi Sos, Susam",175.00
Yotto Sushi & Wok,Antalya,fast_food,https://yotto.store,html,,"(Adet) Pirinç, Nori, Yengeç, Spicy Sos",175.00
Yotto Sushi & Wok,Antalya,fast_food,https://yotto.store,html,,Sashimi,616.00
Yotto Sushi & Wok,Antalya,fast_food,https://yotto.store,html,,İçecekler,90.00
Yotto Sushi & Wok,Antalya,fast_food,https://yotto.store,html,,Lipton İce Tea Mango & Ananas,90.00
Yotto Sushi & Wok,Antalya,fast_food,https://yotto.store,html,,Lipton İce Tea Karpuz,90.00
Yotto Sushi & Wok,Antalya,fast_food,https://yotto.store,html,,Lipton Ice Tea Limon,90.00
Yotto Sushi & Wok,Antalya,fast_food,https://yotto.store,html,,Lipton Ice Tea Şeftali,90.00
Yotto Sushi & Wok,Antalya,fast_food,https://yotto.store,html,,Pepsi,90.00
Yotto Sushi & Wok,Antalya,fast_food,https://yotto.store,html,,Pepsi Max,90.00
Yotto Sushi & Wok,Antalya,fast_food,https://yotto.store,html,,Yedigün,90.00
Yotto Sushi & Wok,Antalya,fast_food,https://yotto.store,html,,7 Up,65.00
Yotto Sushi & Wok,Antalya,fast_food,https://yotto.store,html,,Zencefilli Gazoz,50.00
Yotto Sushi & Wok,Antalya,fast_food,https://yotto.store,html,,Sade Soda Sırma,30.00
Yotto Sushi & Wok,Antalya,fast_food,https://yotto.store,html,,Extralar,30.00
Yotto Sushi & Wok,Antalya,fast_food,https://yotto.store,html,,Spicy Sos,30.00
Yotto Sushi & Wok,Antalya,fast_food,https://yotto.store,html,,Sweet Chili Sos,30.00
Yotto Sushi & Wok,Antalya,fast_food,https://yotto.store,html,,Teriyaki Sos,30.00
Yotto Sushi & Wok,Antalya,fast_food,https://yotto.store,html,,Zencefil Turşusu,25.00
Yotto Sushi & Wok,Antalya,fast_food,https://yotto.store,html,,Wasabi,25.00
Yotto Sushi & Wok,Antalya,fast_food,https://yotto.store,html,,Soya Sos,5.00
Domino's Pizza,Balikesir,fast_food,https://www.dominos.com.tr,html,,1 Alana 1 Bedava - Orta Boy Cazip Pizzalar,440.00
Domino's Pizza,Balikesir,fast_food,https://www.dominos.com.tr,html,,1 Alana 1 Bedava - Orta Boy Sevilen Pizzalar,480.00
Domino's Pizza,Balikesir,fast_food,https://www.dominos.com.tr,html,,1 Alana 1 Bedava - Orta Boy Gurme Pizzalar,570.00
Domino's Pizza,Balikesir,fast_food,https://www.dominos.com.tr,html,,1 Alana 1 Bedava Bol Peynirli Ekmek,250.00
Domino's Pizza,Balikesir,fast_food,https://www.dominos.com.tr,html,,1 Alana 1 Bedava Çikolatalı Sufle,150.00
Domino's Pizza,Balikesir,fast_food,https://www.dominos.com.tr,html,,1 Alana 1 Bedava 4'lü Cinnamon Roll,115.00
Domino's Pizza,Balikesir,fast_food,https://www.dominos.com.tr,html,,1 Alana 1 Bedava 10'lu Çıtır Tavuk Topları,80.00
Domino's Pizza,Balikesir,fast_food,https://www.dominos.com.tr,html,,1 Alana 1 Bedava İçecek,120.00
Domino's Pizza,Balikesir,fast_food,https://www.dominos.com.tr,html,,2 Büyük Boy Cazip Pizza,780.00
Domino's Pizza,Balikesir,fast_food,https://www.dominos.com.tr,html,,Sevilen 2 Büyük Boy Pizza,890.00
Domino's Pizza,Balikesir,fast_food,https://www.dominos.com.tr,html,,1 Alana 1 Bedava Orta Boy Cazip Pizzalar + 1L İçecek,540.00
Domino's Pizza,Balikesir,fast_food,https://www.dominos.com.tr,html,,1 Alana 1 Bedava Orta Boy Sevilen Pizzalar + 1L İçecek,580.00
Domino's Pizza,Balikesir,fast_food,https://www.dominos.com.tr,html,,Büyük Boy Pizza Alana Coca-Cola Pet 1 L Bedava,480.00
Domino's Pizza,Balikesir,fast_food,https://www.dominos.com.tr,html,,3 Orta Boy Pizza,850.00
Domino's Pizza,Balikesir,fast_food,https://www.dominos.com.tr,html,,Pizza X-Large (12 Dilim),520.00
Domino's Pizza,Balikesir,fast_food,https://www.dominos.com.tr,html,,Büyük Boy Pizzalar,480.00
Domino's Pizza,Balikesir,fast_food,https://www.dominos.com.tr,html,,2 Orta Boy Pizza + 2 Çikolatalı Sufle + 2 Algida Maraş Cup,750.00
Domino's Pizza,Balikesir,fast_food,https://www.dominos.com.tr,html,,Orta Boy Gurme Pizzalar,450.00
Domino's Pizza,Balikesir,fast_food,https://www.dominos.com.tr,html,,2 Orta Boy Pan Pizza + 4’lü Cinnamon Roll,650.00
Domino's Pizza,Balikesir,fast_food,https://www.dominos.com.tr,html,,Çikolatalı Sufle + Algida Maraş Cup,170.00
Domino's Pizza,Balikesir,fast_food,https://www.dominos.com.tr,html,,Pizza X-Large (12 Dilim) Alana Coca-Cola 1 L Bedava,520.00
Domino's Pizza,Balikesir,fast_food,https://www.dominos.com.tr,html,,2 Orta Boy Pizza + 4’lü Cinnamon Roll,610.00
Domino's Pizza,Balikesir,fast_food,https://www.dominos.com.tr,html,,10'lu Domino's Roll + Coca-Cola Pet 330 ml,270.00
Domino's Pizza,Balikesir,fast_food,https://www.dominos.com.tr,html,,Mixlarge Pizzalar,570.00
Domino's Pizza,Balikesir,fast_food,https://www.dominos.com.tr,html,,3 Orta Boy Pizza + Tavuk + Patates + Coca-Cola 1 L,960.00
Domino's Pizza,Balikesir,fast_food,https://www.dominos.com.tr,html,,3 Orta Boy Bol Malzemos,950.00
Domino's Pizza,Balikesir,fast_food,https://www.dominos.com.tr,html,,Orta Boy Bol Malzemos + 330 ML İçecek + Seçili Lezzetler,480.00
Domino's Pizza,Balikesir,fast_food,https://www.dominos.com.tr,html,,Pizza X-Large (12 Dilim) + Coca-Cola 1 L + Seçili Lezzetler,610.00
Domino's Pizza,Balikesir,fast_food,https://www.dominos.com.tr,html,,2 Orta Boy Pan Pizza + Coca-Cola 1 L,630.00
Domino's Pizza,Balikesir,fast_food,https://www.dominos.com.tr,html,,Büyük Boy Pizza + Coca-Cola 1 L + Seçili Lezzetler,620.00
Domino's Pizza,Balikesir,fast_food,https://www.dominos.com.tr,html,,2 Çikolatalı Sufle + 2 Algida Maraş Cup,320.00
Domino's Pizza,Balikesir,fast_food,https://www.dominos.com.tr,html,,4 Çikolatalı Sufle + 4 Algida Maraş Cup,620.00
Domino's Pizza,Balikesir,fast_food,https://www.dominos.com.tr,html,,Büyük Boy Pizza + Çikolatalı Sufle + Algida Maraş Cup,590.00
Domino's Pizza,Balikesir,fast_food,https://www.dominos.com.tr,html,,Büyük Boy Pizza + Tatlı + Coca-Cola 1 L,620.00
Domino's Pizza,Balikesir,fast_food,https://www.dominos.com.tr,html,,Pizza X-Large + 8'li Cinnamon Roll,620.00
Domino's Pizza,Balikesir,fast_food,https://www.dominos.com.tr,html,,Bol Peynirli Ekmek + 4'lü Cinnamon Roll + Algida Dondurma,320.00
Domino's Pizza,Balikesir,fast_food,https://www.dominos.com.tr,html,,2 Büyük Boy Pizza + Coca-Cola 1 L,900.00
Domino's Pizza,Balikesir,fast_food,https://www.dominos.com.tr,html,,Orta Boy Pan Pizza + Bol Malzemos,550.00
Domino's Pizza,Balikesir,fast_food,https://www.dominos.com.tr,html,,4 Adet Pizzetta,600.00
Domino's Pizza,Balikesir,fast_food,https://www.dominos.com.tr,html,,2 Orta Boy Bol Pan Pizza,560.00
Domino's Pizza,Balikesir,fast_food,https://www.dominos.com.tr,html,,2 Orta Boy Pan Cazip Pizzalar,540.00
Domino's Pizza,Balikesir,fast_food,https://www.dominos.com.tr,html,,Orta Boy Pizzalar,440.00
Domino's Pizza,Balikesir,fast_food,https://www.dominos.com.tr,html,,Büyük Boy Pizza + 4'lü Cinnamon Roll,570.00
Domino's Pizza,Balikesir,fast_food,https://www.dominos.com.tr,html,,Orta Boy Pizza + 4'lü Cinnamon Roll,470.00
Domino's Pizza,Balikesir,fast_food,https://www.dominos.com.tr,html,,Orta Boy Pizza + Sufle + Algida,430.00
Domino's Pizza,Balikesir,fast_food,https://www.dominos.com.tr,html,,Dürümos + Patates + Tavuk,210.00
Domino's Pizza,Balikesir,fast_food,https://www.dominos.com.tr,html,,Tek Kişilik Pizzalar,310.00
Domino's Pizza,Balikesir,fast_food,https://www.dominos.com.tr,html,,Orta Boy Pan Pizza,400.00
Domino's Pizza,Balikesir,fast_food,https://www.dominos.com.tr,html,,Orta Boy Pan Pizza + Sos + Coca-Cola 330 ML,460.00
Domino's Pizza,Balikesir,fast_food,https://www.dominos.com.tr,html,,Pizzetta + Patates + Tavuk + Coca-Cola 330 ML,340.00
Domino's Pizza,Balikesir,fast_food,https://www.dominos.com.tr,html,,Dürümos + Coca-Cola 330 ML,200.00
Domino's Pizza,Balikesir,fast_food,https://www.dominos.com.tr,html,,Tavuk Fırsatı,75.00
Domino's Pizza,Balikesir,fast_food,https://www.dominos.com.tr,html,,Çıtır Karışık Kova Fırsatı,260.00
Domino's Pizza,Balikesir,fast_food,https://www.dominos.com.tr,html,,2 Adet Dürümos,270.00
Domino's Pizza,Balikesir,fast_food,https://www.dominos.com.tr,html,,Pizzetta + Bol Peynirli Ekmek,310.00
Domino's Pizza,Balikesir,fast_food,https://www.dominos.com.tr,html,,2 Adet Pizzetta + Tavuk + Patates,370.00
Domino's Pizza,Balikesir,fast_food,https://www.dominos.com.tr,html,,Combo Pizza X-Large,540.00
Domino's Pizza,Balikesir,fast_food,https://www.dominos.com.tr,html,,Orta Boy Combo Pizza,390.00
Domino's Pizza,Balikesir,fast_food,https://www.dominos.com.tr,html,,Büyük Boy Combo Pizza,510.00
Domino's Pizza,Balikesir,fast_food,https://www.dominos.com.tr,html,,Tavuk Kova Fırsatı,155.00
Domino's Pizza,Balikesir,fast_food,https://www.dominos.com.tr,html,,Dürümos + Sarımsaklı Ekmek + 10'lu Çıtır Tavuk Topları,220.00
Domino's Pizza,Balikesir,fast_food,https://www.dominos.com.tr,html,,2 Adet Pizzetta,320.00
Domino's Pizza,Balikesir,fast_food,https://www.dominos.com.tr,html,,2 Adet Pizzetta + Coca-Cola 1 L,410.00
Domino's Pizza,Balikesir,fast_food,https://www.dominos.com.tr,html,,Pizzetta + Tavuk + Patates + Ayran + Boyama Defteri,270.00
Domino's Pizza,Balikesir,fast_food,https://www.dominos.com.tr,html,,Patates Fırsatı,60.00
Domino's Pizza,Balikesir,fast_food,https://www.dominos.com.tr,html,,Çıtır Tavuk Finger,85.00
Domino's Pizza,Balikesir,fast_food,https://www.dominos.com.tr,html,,Çıtır Tavuk Topları,80.00
Domino's Pizza,Balikesir,fast_food,https://www.dominos.com.tr,html,,Tavuk Parçaları,80.00
Domino's Pizza,Balikesir,fast_food,https://www.dominos.com.tr,html,,Mantarsever,400.00
Domino's Pizza,Balikesir,fast_food,https://www.dominos.com.tr,html,,"Sucuk , Mozarella Peyniri , Pizza Sos",400.00
Domino's Pizza,Balikesir,fast_food,https://www.dominos.com.tr,html,,"Sucuk , Mısır , Mozarella Peyniri , Pizza Sos , Siyah Zeytin",400.00
Domino's Pizza,Balikesir,fast_food,https://www.dominos.com.tr,html,,"Mozarella Peyniri , Pizza Sos",400.00
Domino's Pizza,Balikesir,fast_food,https://www.dominos.com.tr,html,,"Mozzarella Peyniri , Pizza Sos, Sucuk, Mantar",480.00
Domino's Pizza,Balikesir,fast_food,https://www.dominos.com.tr,html,,Bol Pan Pizza,480.00
Domino's Pizza,Balikesir,fast_food,https://www.dominos.com.tr,html,,Süper Pan Pizza,480.00
Domino's Pizza,Balikesir,fast_food,https://www.dominos.com.tr,html,,Bol Malzemos,445.00
Domino's Pizza,Balikesir,fast_food,https://www.dominos.com.tr,html,,Karışık,445.00
Domino's Pizza,Balikesir,fast_food,https://www.dominos.com.tr,html,,Bol Etli,445.00
Domino's Pizza,Balikesir,fast_food,https://www.dominos.com.tr,html,,Vegi,445.00
Domino's Pizza,Balikesir,fast_food,https://www.dominos.com.tr,html,,Italiano,445.00
Domino's Pizza,Balikesir,fast_food,https://www.dominos.com.tr,html,,"Sucuk , Mozarella Peyniri , Pizza Sos , Sarımsak Sos",430.00
Domino's Pizza,Balikesir,fast_food,https://www.dominos.com.tr,html,,"Sosis , Mısır , Mozarella Peyniri , Pizza Sos",430.00
Domino's Pizza,Balikesir,fast_food,https://www.dominos.com.tr,html,,Süperos,430.00
Domino's Pizza,Balikesir,fast_food,https://www.dominos.com.tr,html,,Sosyal,430.00
Domino's Pizza,Balikesir,fast_food,https://www.dominos.com.tr,html,,Mixlarge Bol Etli,645.00
Domino's Pizza,Balikesir,fast_food,https://www.dominos.com.tr,html,,Mixlarge Bol Malzeme,645.00
Domino's Pizza,Balikesir,fast_food,https://www.dominos.com.tr,html,,Barbekü Soslu Tavuklu,460.00
Domino's Pizza,Balikesir,fast_food,https://www.dominos.com.tr,html,,Tavuklu,460.00
Domino's Pizza,Balikesir,fast_food,https://www.dominos.com.tr,html,,Extravaganzza,460.00
Domino's Pizza,Balikesir,fast_food,https://www.dominos.com.tr,html,,Domino's Soslu Bol Malzemos,460.00
Domino's Pizza,Balikesir,fast_food,https://www.dominos.com.tr,html,,Ballı Hardallı Tavuklu,460.00
Domino's Pizza,Balikesir,fast_food,https://www.dominos.com.tr,html,,Üç Peynirli,485.00
Domino's Pizza,Balikesir,fast_food,https://www.dominos.com.tr,html,,Konyalım,485.00
Domino's Pizza,Balikesir,fast_food,https://www.dominos.com.tr,html,,Mangal Sucuklu,485.00
Domino's Pizza,Balikesir,fast_food,https://www.dominos.com.tr,html,,Callypso,505.00
Domino's Pizza,Balikesir,fast_food,https://www.dominos.com.tr,html,,Pastırma & Sucuk,505.00
Domino's Pizza,Balikesir,fast_food,https://www.dominos.com.tr,html,,Ocakbaşı,505.00
Domino's Pizza,Balikesir,fast_food,https://www.dominos.com.tr,html,,Cinnamon Roll,115.00
Domino's Pizza,Balikesir,fast_food,https://www.dominos.com.tr,html,,"Pan hamur, sarımsak sos, cheddar, jalepeno",260.00
Domino's Pizza,Balikesir,fast_food,https://www.dominos.com.tr,html,,"Pan hamur, sarımsak sos, cheddar, sucuk",260.00
Domino's Pizza,Balikesir,fast_food,https://www.dominos.com.tr,html,,Tavuk & Patates Mix,185.00
Domino's Pizza,Balikesir,fast_food,https://www.dominos.com.tr,html,,Algida Maraş Usulü Sade Dondurma 100 ml,60.00
Domino's Pizza,Balikesir,fast_food,https://www.dominos.com.tr,html,,Algida Max Classics Vanilya,60.00
Domino's Pizza,Balikesir,fast_food,https://www.dominos.com.tr,html,,42 gr,75.00
Domino's Pizza,Balikesir,fast_food,https://www.dominos.com.tr,html,,Çikolatalı Sufle,150.00
Domino's Pizza,Balikesir,fast_food,https://www.dominos.com.tr,html,,Algida Magnum Mini Badem,75.00
Domino's Pizza,Balikesir,fast_food,https://www.dominos.com.tr,html,,Algida Max Classics Kakao,60.00
Domino's Pizza,Balikesir,fast_food,https://www.dominos.com.tr,html,,Algida Cornetto Karadut,110.00
Domino's Pizza,Balikesir,fast_food,https://www.dominos.com.tr,html,,Algida Magnum Sandwich,105.00
Domino's Pizza,Balikesir,fast_food,https://www.dominos.com.tr,html,,Karışık Pizzetta,175.00
Domino's Pizza,Balikesir,fast_food,https://www.dominos.com.tr,html,,"Mozzarella Peyniri, Pizza Sosu, Sucuk, Mantar, Yeşil Biber",175.00
Domino's Pizza,Balikesir,fast_food,https://www.dominos.com.tr,html,,"Mozzarella Peyniri , Pizza Sos",175.00
Domino's Pizza,Balikesir,fast_food,https://www.dominos.com.tr,html,,Sarımsaklı Ekmek 6 Dilim,70.00
Domino's Pizza,Balikesir,fast_food,https://www.dominos.com.tr,html,,Sucuklu Bol Peynirli Ekmek 6 Dilim,255.00
Domino's Pizza,Balikesir,fast_food,https://www.dominos.com.tr,html,,Bol Peynirli Ekmek 6 Dilim,250.00
Domino's Pizza,Balikesir,fast_food,https://www.dominos.com.tr,html,,Coca-Cola 330 ML,130.00
Domino's Pizza,Balikesir,fast_food,https://www.dominos.com.tr,html,,Coca-Cola 450 ML,130.00
Domino's Pizza,Balikesir,fast_food,https://www.dominos.com.tr,html,,Coca-Cola 1 L,165.00
Domino's Pizza,Balikesir,fast_food,https://www.dominos.com.tr,html,,Şekersiz 330 ML,130.00
Domino's Pizza,Balikesir,fast_food,https://www.dominos.com.tr,html,,Şekersiz 450 ML,130.00
Domino's Pizza,Balikesir,fast_food,https://www.dominos.com.tr,html,,Şekersiz 1 L,165.00
Domino's Pizza,Balikesir,fast_food,https://www.dominos.com.tr,html,,FuseTea Şeftali 330 ML,130.00
Domino's Pizza,Balikesir,fast_food,https://www.dominos.com.tr,html,,FuseTea Şeftali 1 L,165.00
Domino's Pizza,Balikesir,fast_food,https://www.dominos.com.tr,html,,Sütaş Ayran 300 ML,60.00
Domino's Pizza,Balikesir,fast_food,https://www.dominos.com.tr,html,,Sütaş Ayran 200 ML,55.00
Domino's Pizza,Balikesir,fast_food,https://www.dominos.com.tr,html,,Sütaş Ayran 1 L,165.00
Domino's Pizza,Balikesir,fast_food,https://www.dominos.com.tr,html,,"0,5 Lt Damla Su",35.00
Domino's Pizza,Balikesir,fast_food,https://www.dominos.com.tr,html,,FuseTea Limon 330 ML,130.00
Domino's Pizza,Balikesir,fast_food,https://www.dominos.com.tr,html,,FuseTea Limon 1 L,165.00
Domino's Pizza,Balikesir,fast_food,https://www.dominos.com.tr,html,,Fanta 330 ML,130.00
Domino's Pizza,Balikesir,fast_food,https://www.dominos.com.tr,html,,Fanta 1 L,165.00
Domino's Pizza,Balikesir,fast_food,https://www.dominos.com.tr,html,,Sprite 330 ML,130.00
Domino's Pizza,Balikesir,fast_food,https://www.dominos.com.tr,html,,Sprite 1 L,165.00
Domino's Pizza,Balikesir,fast_food,https://www.dominos.com.tr,html,,Coca-Cola Light 330 ML,130.00
Domino's Pizza,Balikesir,fast_food,https://www.dominos.com.tr,html,,Coca-Cola Light 1 L,165.00
Domino's Pizza,Balikesir,fast_food,https://www.dominos.com.tr,html,,Cappy Şeftali,130.00
Domino's Pizza,Balikesir,fast_food,https://www.dominos.com.tr,html,,Cappy Karışık,130.00
Domino's Pizza,Balikesir,fast_food,https://www.dominos.com.tr,html,,Yoğurtlu Sos,40.00
Domino's Pizza,Balikesir,fast_food,https://www.dominos.com.tr,html,,Meksika Sos,40.00
Domino's Pizza,Balikesir,fast_food,https://www.dominos.com.tr,html,,Acı Sos,40.00
Domino's Pizza,Balikesir,fast_food,https://www.dominos.com.tr,html,,Mayonez,5.00
Domino's Pizza,Balikesir,fast_food,https://www.dominos.com.tr,html,,Ketçap,5.00
Domino's Pizza,Balikesir,fast_food,https://www.dominos.com.tr,html,,80 gr.,85.00
Domino's Pizza,Balikesir,fast_food,https://www.dominos.com.tr,html,,Kolombiya’ya özgü kahve çekirdeklerinden.,60.00
Mutlu Köy Nostalji Köy Sofrası,Balikesir,restaurant,https://www.nostalji.com.tr,woo,Ev Yapımı Ürünler,Kesme Erişte 500gr,170.00
Mutlu Köy Nostalji Köy Sofrası,Balikesir,restaurant,https://www.nostalji.com.tr,woo,Ev Yapımı Ürünler,Ev Tarhanası 500gr,170.00
Mutlu Köy Nostalji Köy Sofrası,Balikesir,restaurant,https://www.nostalji.com.tr,woo,Ev Yapımı Ürünler,Domates Kurusu 660cc,280.00
Mutlu Köy Nostalji Köy Sofrası,Balikesir,restaurant,https://www.nostalji.com.tr,woo,Ev Yapımı Ürünler,Doğal Çicek Balı 850gr,650.00
Mutlu Köy Nostalji Köy Sofrası,Balikesir,restaurant,https://www.nostalji.com.tr,woo,Ev Yapımı Ürünler,Kahvaltılık Salça 660cc,280.00
Mutlu Köy Nostalji Köy Sofrası,Balikesir,restaurant,https://www.nostalji.com.tr,woo,Doğal Sabunlar,Defneli Zeytinyağlı Sabun 1kg,550.00
Mutlu Köy Nostalji Köy Sofrası,Balikesir,restaurant,https://www.nostalji.com.tr,woo,Doğal Sabunlar,Organik Zeytinyağlı Sabun 1kg,550.00
Mutlu Köy Nostalji Köy Sofrası,Balikesir,restaurant,https://www.nostalji.com.tr,woo,Ev Yapımı Ürünler,Havuç Reçeli 660cc,280.00
Mutlu Köy Nostalji Köy Sofrası,Balikesir,restaurant,https://www.nostalji.com.tr,woo,Ev Yapımı Ürünler,Vişne Reçeli 660cc,280.00
Mutlu Köy Nostalji Köy Sofrası,Balikesir,restaurant,https://www.nostalji.com.tr,woo,Ev Yapımı Ürünler,Acılı Domates Reçeli 660cc,280.00
Mutlu Köy Nostalji Köy Sofrası,Balikesir,restaurant,https://www.nostalji.com.tr,woo,Taş Baskı Zeytinyağları,Kantron yağı &#8211; 250ml,250.00
Mutlu Köy Nostalji Köy Sofrası,Balikesir,restaurant,https://www.nostalji.com.tr,woo,Taş Baskı Zeytinyağları,Taş Baskı Erken Hasat Zeytinyağı 5L (Teneke),3300.00
Mutlu Köy Nostalji Köy Sofrası,Balikesir,restaurant,https://www.nostalji.com.tr,woo,Taş Baskı Zeytinyağları,Taş Baskı Erken Hasat Zeytinyağı 2L,1350.00
Mutlu Köy Nostalji Köy Sofrası,Balikesir,restaurant,https://www.nostalji.com.tr,woo,Taş Baskı Zeytinyağları,Taş Baskı Erken Hasat Zeytinyağı 1L,700.00
Mutlu Köy Nostalji Köy Sofrası,Balikesir,restaurant,https://www.nostalji.com.tr,woo,Zeytin Çeşitleri,Yeşil Taş Kırma Zeytin 900gr,300.00
Mutlu Köy Nostalji Köy Sofrası,Balikesir,restaurant,https://www.nostalji.com.tr,woo,Zeytin Çeşitleri,Siyah Çevirme Zeytin 900gr,350.00
Pizza Bulls,Balikesir,restaurant,https://www.pizzabulls.com,html,,2 Adet Orta Boy Pizza + Sos ( 380 + 380),760.00
Pizza Bulls,Balikesir,restaurant,https://www.pizzabulls.com,html,,2 Adet Büyük Boy Pizza + Sos ( 575 + 575),1150.00
Pizza Bulls,Balikesir,restaurant,https://www.pizzabulls.com,html,,2 Adet Küçük Boy Pizza + 1L. İçecek + Sos ( 345 + 345),690.00
Pizza Bulls,Balikesir,restaurant,https://www.pizzabulls.com,html,,2 Adet Orta Boy Pizza + 1L. İçecek + Sos ( 438 + 438),876.00
Pizza Bulls,Balikesir,restaurant,https://www.pizzabulls.com,html,,2 Adet Büyük Boy Pizza + 1L. İçecek + Sos ( 630 + 630 ),1260.00
Pizza Bulls,Balikesir,restaurant,https://www.pizzabulls.com,html,,Orta Boy Pizza + Kutu İçecek + Elma Dilim Patates + Sos,549.90
Pizza Bulls,Balikesir,restaurant,https://www.pizzabulls.com,html,,Küçük Boy Pizza + Kutu İçecek + Sos,369.90
Pizza Bulls,Balikesir,restaurant,https://www.pizzabulls.com,html,,Orta Boy Pizza + Kutu İçecek + Sos,489.90
Pizza Bulls,Balikesir,restaurant,https://www.pizzabulls.com,html,,Orta Boy Pizza + Kutu İçecek + Sufle + Sos,619.90
Domino's,Bolu,fast_food,https://www.dominos.com.tr,html,,1 Alana 1 Bedava - Orta Boy Cazip Pizzalar,440.00
Domino's,Bolu,fast_food,https://www.dominos.com.tr,html,,1 Alana 1 Bedava - Orta Boy Sevilen Pizzalar,480.00
Domino's,Bolu,fast_food,https://www.dominos.com.tr,html,,1 Alana 1 Bedava - Orta Boy Gurme Pizzalar,570.00
Domino's,Bolu,fast_food,https://www.dominos.com.tr,html,,1 Alana 1 Bedava Bol Peynirli Ekmek,250.00
Domino's,Bolu,fast_food,https://www.dominos.com.tr,html,,1 Alana 1 Bedava Çikolatalı Sufle,150.00
Domino's,Bolu,fast_food,https://www.dominos.com.tr,html,,1 Alana 1 Bedava 4'lü Cinnamon Roll,115.00
Domino's,Bolu,fast_food,https://www.dominos.com.tr,html,,1 Alana 1 Bedava 10'lu Çıtır Tavuk Topları,80.00
Domino's,Bolu,fast_food,https://www.dominos.com.tr,html,,1 Alana 1 Bedava İçecek,120.00
Domino's,Bolu,fast_food,https://www.dominos.com.tr,html,,2 Büyük Boy Cazip Pizza,780.00
Domino's,Bolu,fast_food,https://www.dominos.com.tr,html,,Sevilen 2 Büyük Boy Pizza,890.00
Domino's,Bolu,fast_food,https://www.dominos.com.tr,html,,1 Alana 1 Bedava Orta Boy Cazip Pizzalar + 1L İçecek,540.00
Domino's,Bolu,fast_food,https://www.dominos.com.tr,html,,1 Alana 1 Bedava Orta Boy Sevilen Pizzalar + 1L İçecek,580.00
Domino's,Bolu,fast_food,https://www.dominos.com.tr,html,,Büyük Boy Pizza Alana Coca-Cola Pet 1 L Bedava,480.00
Domino's,Bolu,fast_food,https://www.dominos.com.tr,html,,3 Orta Boy Pizza,850.00
Domino's,Bolu,fast_food,https://www.dominos.com.tr,html,,Pizza X-Large (12 Dilim),520.00
Domino's,Bolu,fast_food,https://www.dominos.com.tr,html,,Büyük Boy Pizzalar,480.00
Domino's,Bolu,fast_food,https://www.dominos.com.tr,html,,2 Orta Boy Pizza + 2 Çikolatalı Sufle + 2 Algida Maraş Cup,750.00
Domino's,Bolu,fast_food,https://www.dominos.com.tr,html,,Orta Boy Gurme Pizzalar,450.00
Domino's,Bolu,fast_food,https://www.dominos.com.tr,html,,2 Orta Boy Pan Pizza + 4’lü Cinnamon Roll,650.00
Domino's,Bolu,fast_food,https://www.dominos.com.tr,html,,Çikolatalı Sufle + Algida Maraş Cup,170.00
Domino's,Bolu,fast_food,https://www.dominos.com.tr,html,,Pizza X-Large (12 Dilim) Alana Coca-Cola 1 L Bedava,520.00
Domino's,Bolu,fast_food,https://www.dominos.com.tr,html,,2 Orta Boy Pizza + 4’lü Cinnamon Roll,610.00
Domino's,Bolu,fast_food,https://www.dominos.com.tr,html,,10'lu Domino's Roll + Coca-Cola Pet 330 ml,270.00
Domino's,Bolu,fast_food,https://www.dominos.com.tr,html,,Mixlarge Pizzalar,570.00
Domino's,Bolu,fast_food,https://www.dominos.com.tr,html,,3 Orta Boy Pizza + Tavuk + Patates + Coca-Cola 1 L,960.00
Domino's,Bolu,fast_food,https://www.dominos.com.tr,html,,3 Orta Boy Bol Malzemos,950.00
Domino's,Bolu,fast_food,https://www.dominos.com.tr,html,,Orta Boy Bol Malzemos + 330 ML İçecek + Seçili Lezzetler,480.00
Domino's,Bolu,fast_food,https://www.dominos.com.tr,html,,Pizza X-Large (12 Dilim) + Coca-Cola 1 L + Seçili Lezzetler,610.00
Domino's,Bolu,fast_food,https://www.dominos.com.tr,html,,2 Orta Boy Pan Pizza + Coca-Cola 1 L,630.00
Domino's,Bolu,fast_food,https://www.dominos.com.tr,html,,Büyük Boy Pizza + Coca-Cola 1 L + Seçili Lezzetler,620.00
Domino's,Bolu,fast_food,https://www.dominos.com.tr,html,,2 Çikolatalı Sufle + 2 Algida Maraş Cup,320.00
Domino's,Bolu,fast_food,https://www.dominos.com.tr,html,,4 Çikolatalı Sufle + 4 Algida Maraş Cup,620.00
Domino's,Bolu,fast_food,https://www.dominos.com.tr,html,,Büyük Boy Pizza + Çikolatalı Sufle + Algida Maraş Cup,590.00
Domino's,Bolu,fast_food,https://www.dominos.com.tr,html,,Büyük Boy Pizza + Tatlı + Coca-Cola 1 L,620.00
Domino's,Bolu,fast_food,https://www.dominos.com.tr,html,,Pizza X-Large + 8'li Cinnamon Roll,620.00
Domino's,Bolu,fast_food,https://www.dominos.com.tr,html,,Bol Peynirli Ekmek + 4'lü Cinnamon Roll + Algida Dondurma,320.00
Domino's,Bolu,fast_food,https://www.dominos.com.tr,html,,2 Büyük Boy Pizza + Coca-Cola 1 L,900.00
Domino's,Bolu,fast_food,https://www.dominos.com.tr,html,,Orta Boy Pan Pizza + Bol Malzemos,550.00
Domino's,Bolu,fast_food,https://www.dominos.com.tr,html,,4 Adet Pizzetta,600.00
Domino's,Bolu,fast_food,https://www.dominos.com.tr,html,,2 Orta Boy Bol Pan Pizza,560.00
Domino's,Bolu,fast_food,https://www.dominos.com.tr,html,,2 Orta Boy Pan Cazip Pizzalar,540.00
Domino's,Bolu,fast_food,https://www.dominos.com.tr,html,,Orta Boy Pizzalar,440.00
Domino's,Bolu,fast_food,https://www.dominos.com.tr,html,,Büyük Boy Pizza + 4'lü Cinnamon Roll,570.00
Domino's,Bolu,fast_food,https://www.dominos.com.tr,html,,Orta Boy Pizza + 4'lü Cinnamon Roll,470.00
Domino's,Bolu,fast_food,https://www.dominos.com.tr,html,,Orta Boy Pizza + Sufle + Algida,430.00
Domino's,Bolu,fast_food,https://www.dominos.com.tr,html,,Dürümos + Patates + Tavuk,210.00
Domino's,Bolu,fast_food,https://www.dominos.com.tr,html,,Tek Kişilik Pizzalar,310.00
Domino's,Bolu,fast_food,https://www.dominos.com.tr,html,,Orta Boy Pan Pizza,400.00
Domino's,Bolu,fast_food,https://www.dominos.com.tr,html,,Orta Boy Pan Pizza + Sos + Coca-Cola 330 ML,460.00
Domino's,Bolu,fast_food,https://www.dominos.com.tr,html,,Pizzetta + Patates + Tavuk + Coca-Cola 330 ML,340.00
Domino's,Bolu,fast_food,https://www.dominos.com.tr,html,,Dürümos + Coca-Cola 330 ML,200.00
Domino's,Bolu,fast_food,https://www.dominos.com.tr,html,,Tavuk Fırsatı,75.00
Domino's,Bolu,fast_food,https://www.dominos.com.tr,html,,Çıtır Karışık Kova Fırsatı,260.00
Domino's,Bolu,fast_food,https://www.dominos.com.tr,html,,2 Adet Dürümos,270.00
Domino's,Bolu,fast_food,https://www.dominos.com.tr,html,,Pizzetta + Bol Peynirli Ekmek,310.00
Domino's,Bolu,fast_food,https://www.dominos.com.tr,html,,2 Adet Pizzetta + Tavuk + Patates,370.00
Domino's,Bolu,fast_food,https://www.dominos.com.tr,html,,Combo Pizza X-Large,540.00
Domino's,Bolu,fast_food,https://www.dominos.com.tr,html,,Orta Boy Combo Pizza,390.00
Domino's,Bolu,fast_food,https://www.dominos.com.tr,html,,Büyük Boy Combo Pizza,510.00
Domino's,Bolu,fast_food,https://www.dominos.com.tr,html,,Tavuk Kova Fırsatı,155.00
Domino's,Bolu,fast_food,https://www.dominos.com.tr,html,,Dürümos + Sarımsaklı Ekmek + 10'lu Çıtır Tavuk Topları,220.00
Domino's,Bolu,fast_food,https://www.dominos.com.tr,html,,2 Adet Pizzetta,320.00
Domino's,Bolu,fast_food,https://www.dominos.com.tr,html,,2 Adet Pizzetta + Coca-Cola 1 L,410.00
Domino's,Bolu,fast_food,https://www.dominos.com.tr,html,,Pizzetta + Tavuk + Patates + Ayran + Boyama Defteri,270.00
Domino's,Bolu,fast_food,https://www.dominos.com.tr,html,,Patates Fırsatı,60.00
Domino's,Bolu,fast_food,https://www.dominos.com.tr,html,,Çıtır Tavuk Finger,85.00
Domino's,Bolu,fast_food,https://www.dominos.com.tr,html,,Çıtır Tavuk Topları,80.00
Domino's,Bolu,fast_food,https://www.dominos.com.tr,html,,Tavuk Parçaları,80.00
Domino's,Bolu,fast_food,https://www.dominos.com.tr,html,,Mantarsever,400.00
Domino's,Bolu,fast_food,https://www.dominos.com.tr,html,,"Sucuk , Mozarella Peyniri , Pizza Sos",400.00
Domino's,Bolu,fast_food,https://www.dominos.com.tr,html,,"Sucuk , Mısır , Mozarella Peyniri , Pizza Sos , Siyah Zeytin",400.00
Domino's,Bolu,fast_food,https://www.dominos.com.tr,html,,"Mozarella Peyniri , Pizza Sos",400.00
Domino's,Bolu,fast_food,https://www.dominos.com.tr,html,,"Mozzarella Peyniri , Pizza Sos, Sucuk, Mantar",480.00
Domino's,Bolu,fast_food,https://www.dominos.com.tr,html,,Bol Pan Pizza,480.00
Domino's,Bolu,fast_food,https://www.dominos.com.tr,html,,Süper Pan Pizza,480.00
Domino's,Bolu,fast_food,https://www.dominos.com.tr,html,,Bol Malzemos,445.00
Domino's,Bolu,fast_food,https://www.dominos.com.tr,html,,Karışık,445.00
Domino's,Bolu,fast_food,https://www.dominos.com.tr,html,,Bol Etli,445.00
Domino's,Bolu,fast_food,https://www.dominos.com.tr,html,,Vegi,445.00
Domino's,Bolu,fast_food,https://www.dominos.com.tr,html,,Italiano,445.00
Domino's,Bolu,fast_food,https://www.dominos.com.tr,html,,"Sucuk , Mozarella Peyniri , Pizza Sos , Sarımsak Sos",430.00
Domino's,Bolu,fast_food,https://www.dominos.com.tr,html,,"Sosis , Mısır , Mozarella Peyniri , Pizza Sos",430.00
Domino's,Bolu,fast_food,https://www.dominos.com.tr,html,,Süperos,430.00
Domino's,Bolu,fast_food,https://www.dominos.com.tr,html,,Sosyal,430.00
Domino's,Bolu,fast_food,https://www.dominos.com.tr,html,,Mixlarge Bol Etli,645.00
Domino's,Bolu,fast_food,https://www.dominos.com.tr,html,,Mixlarge Bol Malzeme,645.00
Domino's,Bolu,fast_food,https://www.dominos.com.tr,html,,Barbekü Soslu Tavuklu,460.00
Domino's,Bolu,fast_food,https://www.dominos.com.tr,html,,Tavuklu,460.00
Domino's,Bolu,fast_food,https://www.dominos.com.tr,html,,Extravaganzza,460.00
Domino's,Bolu,fast_food,https://www.dominos.com.tr,html,,Domino's Soslu Bol Malzemos,460.00
Domino's,Bolu,fast_food,https://www.dominos.com.tr,html,,Ballı Hardallı Tavuklu,460.00
Domino's,Bolu,fast_food,https://www.dominos.com.tr,html,,Üç Peynirli,485.00
Domino's,Bolu,fast_food,https://www.dominos.com.tr,html,,Konyalım,485.00
Domino's,Bolu,fast_food,https://www.dominos.com.tr,html,,Mangal Sucuklu,485.00
Domino's,Bolu,fast_food,https://www.dominos.com.tr,html,,Callypso,505.00
Domino's,Bolu,fast_food,https://www.dominos.com.tr,html,,Pastırma & Sucuk,505.00
Domino's,Bolu,fast_food,https://www.dominos.com.tr,html,,Ocakbaşı,505.00
Domino's,Bolu,fast_food,https://www.dominos.com.tr,html,,Cinnamon Roll,115.00
Domino's,Bolu,fast_food,https://www.dominos.com.tr,html,,"Pan hamur, sarımsak sos, cheddar, jalepeno",260.00
Domino's,Bolu,fast_food,https://www.dominos.com.tr,html,,"Pan hamur, sarımsak sos, cheddar, sucuk",260.00
Domino's,Bolu,fast_food,https://www.dominos.com.tr,html,,Tavuk & Patates Mix,185.00
Domino's,Bolu,fast_food,https://www.dominos.com.tr,html,,Algida Maraş Usulü Sade Dondurma 100 ml,60.00
Domino's,Bolu,fast_food,https://www.dominos.com.tr,html,,Algida Max Classics Vanilya,60.00
Domino's,Bolu,fast_food,https://www.dominos.com.tr,html,,42 gr,75.00
Domino's,Bolu,fast_food,https://www.dominos.com.tr,html,,Çikolatalı Sufle,150.00
Domino's,Bolu,fast_food,https://www.dominos.com.tr,html,,Algida Magnum Mini Badem,75.00
Domino's,Bolu,fast_food,https://www.dominos.com.tr,html,,Algida Max Classics Kakao,60.00
Domino's,Bolu,fast_food,https://www.dominos.com.tr,html,,Algida Cornetto Karadut,110.00
Domino's,Bolu,fast_food,https://www.dominos.com.tr,html,,Algida Magnum Sandwich,105.00
Domino's,Bolu,fast_food,https://www.dominos.com.tr,html,,Karışık Pizzetta,175.00
Domino's,Bolu,fast_food,https://www.dominos.com.tr,html,,"Mozzarella Peyniri, Pizza Sosu, Sucuk, Mantar, Yeşil Biber",175.00
Domino's,Bolu,fast_food,https://www.dominos.com.tr,html,,"Mozzarella Peyniri , Pizza Sos",175.00
Domino's,Bolu,fast_food,https://www.dominos.com.tr,html,,Sarımsaklı Ekmek 6 Dilim,70.00
Domino's,Bolu,fast_food,https://www.dominos.com.tr,html,,Sucuklu Bol Peynirli Ekmek 6 Dilim,255.00
Domino's,Bolu,fast_food,https://www.dominos.com.tr,html,,Bol Peynirli Ekmek 6 Dilim,250.00
Domino's,Bolu,fast_food,https://www.dominos.com.tr,html,,Coca-Cola 330 ML,130.00
Domino's,Bolu,fast_food,https://www.dominos.com.tr,html,,Coca-Cola 450 ML,130.00
Domino's,Bolu,fast_food,https://www.dominos.com.tr,html,,Coca-Cola 1 L,165.00
Domino's,Bolu,fast_food,https://www.dominos.com.tr,html,,Şekersiz 330 ML,130.00
Domino's,Bolu,fast_food,https://www.dominos.com.tr,html,,Şekersiz 450 ML,130.00
Domino's,Bolu,fast_food,https://www.dominos.com.tr,html,,Şekersiz 1 L,165.00
Domino's,Bolu,fast_food,https://www.dominos.com.tr,html,,FuseTea Şeftali 330 ML,130.00
Domino's,Bolu,fast_food,https://www.dominos.com.tr,html,,FuseTea Şeftali 1 L,165.00
Domino's,Bolu,fast_food,https://www.dominos.com.tr,html,,Sütaş Ayran 300 ML,60.00
Domino's,Bolu,fast_food,https://www.dominos.com.tr,html,,Sütaş Ayran 200 ML,55.00
Domino's,Bolu,fast_food,https://www.dominos.com.tr,html,,Sütaş Ayran 1 L,165.00
Domino's,Bolu,fast_food,https://www.dominos.com.tr,html,,"0,5 Lt Damla Su",35.00
Domino's,Bolu,fast_food,https://www.dominos.com.tr,html,,FuseTea Limon 330 ML,130.00
Domino's,Bolu,fast_food,https://www.dominos.com.tr,html,,FuseTea Limon 1 L,165.00
Domino's,Bolu,fast_food,https://www.dominos.com.tr,html,,Fanta 330 ML,130.00
Domino's,Bolu,fast_food,https://www.dominos.com.tr,html,,Fanta 1 L,165.00
Domino's,Bolu,fast_food,https://www.dominos.com.tr,html,,Sprite 330 ML,130.00
Domino's,Bolu,fast_food,https://www.dominos.com.tr,html,,Sprite 1 L,165.00
Domino's,Bolu,fast_food,https://www.dominos.com.tr,html,,Coca-Cola Light 330 ML,130.00
Domino's,Bolu,fast_food,https://www.dominos.com.tr,html,,Coca-Cola Light 1 L,165.00
Domino's,Bolu,fast_food,https://www.dominos.com.tr,html,,Cappy Şeftali,130.00
Domino's,Bolu,fast_food,https://www.dominos.com.tr,html,,Cappy Karışık,130.00
Domino's,Bolu,fast_food,https://www.dominos.com.tr,html,,Yoğurtlu Sos,40.00
Domino's,Bolu,fast_food,https://www.dominos.com.tr,html,,Meksika Sos,40.00
Domino's,Bolu,fast_food,https://www.dominos.com.tr,html,,Acı Sos,40.00
Domino's,Bolu,fast_food,https://www.dominos.com.tr,html,,Mayonez,5.00
Domino's,Bolu,fast_food,https://www.dominos.com.tr,html,,Ketçap,5.00
Domino's,Bolu,fast_food,https://www.dominos.com.tr,html,,80 gr.,85.00
Domino's,Bolu,fast_food,https://www.dominos.com.tr,html,,Kolombiya’ya özgü kahve çekirdeklerinden.,60.00
Beysos Döner,Bursa,fast_food,https://www.beysosdoner.com,html,,Bey Tako 4'lü Et Döner,870.00
Beysos Döner,Bursa,fast_food,https://www.beysosdoner.com,html,,Bey Tako 4'lü Tavuk Döner,560.00
Beysos Döner,Bursa,fast_food,https://www.beysosdoner.com,html,,Bey Tako Combo,380.00
Beysos Döner,Bursa,fast_food,https://www.beysosdoner.com,html,,Bey Tako 2'li Et Döner,455.00
Beysos Döner,Bursa,fast_food,https://www.beysosdoner.com,html,,Bey Tako Tavuk Döner,165.00
Beysos Döner,Bursa,fast_food,https://www.beysosdoner.com,html,,2 li Bey Tako Tavuk Döner,295.00
Beysos Döner,Bursa,fast_food,https://www.beysosdoner.com,html,,Bey Tako Et Döner,235.00
Beysos Döner,Bursa,fast_food,https://www.beysosdoner.com,html,,Et Döner Burger,250.00
Beysos Döner,Bursa,fast_food,https://www.beysosdoner.com,html,,Tavuk Döner Burger,185.00
Beysos Döner,Bursa,fast_food,https://www.beysosdoner.com,html,,Çıtır lezzet Combo 6'lı,75.00
Domino's,Bursa,fast_food,https://www.dominos.com.tr,html,,1 Alana 1 Bedava - Orta Boy Cazip Pizzalar,440.00
Domino's,Bursa,fast_food,https://www.dominos.com.tr,html,,1 Alana 1 Bedava - Orta Boy Sevilen Pizzalar,480.00
Domino's,Bursa,fast_food,https://www.dominos.com.tr,html,,1 Alana 1 Bedava - Orta Boy Gurme Pizzalar,570.00
Domino's,Bursa,fast_food,https://www.dominos.com.tr,html,,1 Alana 1 Bedava Bol Peynirli Ekmek,250.00
Domino's,Bursa,fast_food,https://www.dominos.com.tr,html,,1 Alana 1 Bedava Çikolatalı Sufle,150.00
Domino's,Bursa,fast_food,https://www.dominos.com.tr,html,,1 Alana 1 Bedava 4'lü Cinnamon Roll,115.00
Domino's,Bursa,fast_food,https://www.dominos.com.tr,html,,1 Alana 1 Bedava 10'lu Çıtır Tavuk Topları,80.00
Domino's,Bursa,fast_food,https://www.dominos.com.tr,html,,1 Alana 1 Bedava İçecek,120.00
Domino's,Bursa,fast_food,https://www.dominos.com.tr,html,,2 Büyük Boy Cazip Pizza,780.00
Domino's,Bursa,fast_food,https://www.dominos.com.tr,html,,Sevilen 2 Büyük Boy Pizza,890.00
Domino's,Bursa,fast_food,https://www.dominos.com.tr,html,,1 Alana 1 Bedava Orta Boy Cazip Pizzalar + 1L İçecek,540.00
Domino's,Bursa,fast_food,https://www.dominos.com.tr,html,,1 Alana 1 Bedava Orta Boy Sevilen Pizzalar + 1L İçecek,580.00
Domino's,Bursa,fast_food,https://www.dominos.com.tr,html,,Büyük Boy Pizza Alana Coca-Cola Pet 1 L Bedava,480.00
Domino's,Bursa,fast_food,https://www.dominos.com.tr,html,,3 Orta Boy Pizza,850.00
Domino's,Bursa,fast_food,https://www.dominos.com.tr,html,,Pizza X-Large (12 Dilim),520.00
Domino's,Bursa,fast_food,https://www.dominos.com.tr,html,,Büyük Boy Pizzalar,480.00
Domino's,Bursa,fast_food,https://www.dominos.com.tr,html,,2 Orta Boy Pizza + 2 Çikolatalı Sufle + 2 Algida Maraş Cup,750.00
Domino's,Bursa,fast_food,https://www.dominos.com.tr,html,,Orta Boy Gurme Pizzalar,450.00
Domino's,Bursa,fast_food,https://www.dominos.com.tr,html,,2 Orta Boy Pan Pizza + 4’lü Cinnamon Roll,650.00
Domino's,Bursa,fast_food,https://www.dominos.com.tr,html,,Çikolatalı Sufle + Algida Maraş Cup,170.00
Domino's,Bursa,fast_food,https://www.dominos.com.tr,html,,Pizza X-Large (12 Dilim) Alana Coca-Cola 1 L Bedava,520.00
Domino's,Bursa,fast_food,https://www.dominos.com.tr,html,,2 Orta Boy Pizza + 4’lü Cinnamon Roll,610.00
Domino's,Bursa,fast_food,https://www.dominos.com.tr,html,,10'lu Domino's Roll + Coca-Cola Pet 330 ml,270.00
Domino's,Bursa,fast_food,https://www.dominos.com.tr,html,,Mixlarge Pizzalar,570.00
Domino's,Bursa,fast_food,https://www.dominos.com.tr,html,,3 Orta Boy Pizza + Tavuk + Patates + Coca-Cola 1 L,960.00
Domino's,Bursa,fast_food,https://www.dominos.com.tr,html,,3 Orta Boy Bol Malzemos,950.00
Domino's,Bursa,fast_food,https://www.dominos.com.tr,html,,Orta Boy Bol Malzemos + 330 ML İçecek + Seçili Lezzetler,480.00
Domino's,Bursa,fast_food,https://www.dominos.com.tr,html,,Pizza X-Large (12 Dilim) + Coca-Cola 1 L + Seçili Lezzetler,610.00
Domino's,Bursa,fast_food,https://www.dominos.com.tr,html,,2 Orta Boy Pan Pizza + Coca-Cola 1 L,630.00
Domino's,Bursa,fast_food,https://www.dominos.com.tr,html,,Büyük Boy Pizza + Coca-Cola 1 L + Seçili Lezzetler,620.00
Domino's,Bursa,fast_food,https://www.dominos.com.tr,html,,2 Çikolatalı Sufle + 2 Algida Maraş Cup,320.00
Domino's,Bursa,fast_food,https://www.dominos.com.tr,html,,4 Çikolatalı Sufle + 4 Algida Maraş Cup,620.00
Domino's,Bursa,fast_food,https://www.dominos.com.tr,html,,Büyük Boy Pizza + Çikolatalı Sufle + Algida Maraş Cup,590.00
Domino's,Bursa,fast_food,https://www.dominos.com.tr,html,,Büyük Boy Pizza + Tatlı + Coca-Cola 1 L,620.00
Domino's,Bursa,fast_food,https://www.dominos.com.tr,html,,Pizza X-Large + 8'li Cinnamon Roll,620.00
Domino's,Bursa,fast_food,https://www.dominos.com.tr,html,,Bol Peynirli Ekmek + 4'lü Cinnamon Roll + Algida Dondurma,320.00
Domino's,Bursa,fast_food,https://www.dominos.com.tr,html,,2 Büyük Boy Pizza + Coca-Cola 1 L,900.00
Domino's,Bursa,fast_food,https://www.dominos.com.tr,html,,Orta Boy Pan Pizza + Bol Malzemos,550.00
Domino's,Bursa,fast_food,https://www.dominos.com.tr,html,,4 Adet Pizzetta,600.00
Domino's,Bursa,fast_food,https://www.dominos.com.tr,html,,2 Orta Boy Bol Pan Pizza,560.00
Domino's,Bursa,fast_food,https://www.dominos.com.tr,html,,2 Orta Boy Pan Cazip Pizzalar,540.00
Domino's,Bursa,fast_food,https://www.dominos.com.tr,html,,Orta Boy Pizzalar,440.00
Domino's,Bursa,fast_food,https://www.dominos.com.tr,html,,Büyük Boy Pizza + 4'lü Cinnamon Roll,570.00
Domino's,Bursa,fast_food,https://www.dominos.com.tr,html,,Orta Boy Pizza + 4'lü Cinnamon Roll,470.00
Domino's,Bursa,fast_food,https://www.dominos.com.tr,html,,Orta Boy Pizza + Sufle + Algida,430.00
Domino's,Bursa,fast_food,https://www.dominos.com.tr,html,,Dürümos + Patates + Tavuk,210.00
Domino's,Bursa,fast_food,https://www.dominos.com.tr,html,,Tek Kişilik Pizzalar,310.00
Domino's,Bursa,fast_food,https://www.dominos.com.tr,html,,Orta Boy Pan Pizza,400.00
Domino's,Bursa,fast_food,https://www.dominos.com.tr,html,,Orta Boy Pan Pizza + Sos + Coca-Cola 330 ML,460.00
Domino's,Bursa,fast_food,https://www.dominos.com.tr,html,,Pizzetta + Patates + Tavuk + Coca-Cola 330 ML,340.00
Domino's,Bursa,fast_food,https://www.dominos.com.tr,html,,Dürümos + Coca-Cola 330 ML,200.00
Domino's,Bursa,fast_food,https://www.dominos.com.tr,html,,Tavuk Fırsatı,75.00
Domino's,Bursa,fast_food,https://www.dominos.com.tr,html,,Çıtır Karışık Kova Fırsatı,260.00
Domino's,Bursa,fast_food,https://www.dominos.com.tr,html,,2 Adet Dürümos,270.00
Domino's,Bursa,fast_food,https://www.dominos.com.tr,html,,Pizzetta + Bol Peynirli Ekmek,310.00
Domino's,Bursa,fast_food,https://www.dominos.com.tr,html,,2 Adet Pizzetta + Tavuk + Patates,370.00
Domino's,Bursa,fast_food,https://www.dominos.com.tr,html,,Combo Pizza X-Large,540.00
Domino's,Bursa,fast_food,https://www.dominos.com.tr,html,,Orta Boy Combo Pizza,390.00
Domino's,Bursa,fast_food,https://www.dominos.com.tr,html,,Büyük Boy Combo Pizza,510.00
Domino's,Bursa,fast_food,https://www.dominos.com.tr,html,,Tavuk Kova Fırsatı,155.00
Domino's,Bursa,fast_food,https://www.dominos.com.tr,html,,Dürümos + Sarımsaklı Ekmek + 10'lu Çıtır Tavuk Topları,220.00
Domino's,Bursa,fast_food,https://www.dominos.com.tr,html,,2 Adet Pizzetta,320.00
Domino's,Bursa,fast_food,https://www.dominos.com.tr,html,,2 Adet Pizzetta + Coca-Cola 1 L,410.00
Domino's,Bursa,fast_food,https://www.dominos.com.tr,html,,Pizzetta + Tavuk + Patates + Ayran + Boyama Defteri,270.00
Domino's,Bursa,fast_food,https://www.dominos.com.tr,html,,Patates Fırsatı,60.00
Domino's,Bursa,fast_food,https://www.dominos.com.tr,html,,Çıtır Tavuk Finger,85.00
Domino's,Bursa,fast_food,https://www.dominos.com.tr,html,,Çıtır Tavuk Topları,80.00
Domino's,Bursa,fast_food,https://www.dominos.com.tr,html,,Tavuk Parçaları,80.00
Domino's,Bursa,fast_food,https://www.dominos.com.tr,html,,Mantarsever,400.00
Domino's,Bursa,fast_food,https://www.dominos.com.tr,html,,"Sucuk , Mozarella Peyniri , Pizza Sos",400.00
Domino's,Bursa,fast_food,https://www.dominos.com.tr,html,,"Sucuk , Mısır , Mozarella Peyniri , Pizza Sos , Siyah Zeytin",400.00
Domino's,Bursa,fast_food,https://www.dominos.com.tr,html,,"Mozarella Peyniri , Pizza Sos",400.00
Domino's,Bursa,fast_food,https://www.dominos.com.tr,html,,"Mozzarella Peyniri , Pizza Sos, Sucuk, Mantar",480.00
Domino's,Bursa,fast_food,https://www.dominos.com.tr,html,,Bol Pan Pizza,480.00
Domino's,Bursa,fast_food,https://www.dominos.com.tr,html,,Süper Pan Pizza,480.00
Domino's,Bursa,fast_food,https://www.dominos.com.tr,html,,Bol Malzemos,445.00
Domino's,Bursa,fast_food,https://www.dominos.com.tr,html,,Karışık,445.00
Domino's,Bursa,fast_food,https://www.dominos.com.tr,html,,Bol Etli,445.00
Domino's,Bursa,fast_food,https://www.dominos.com.tr,html,,Vegi,445.00
Domino's,Bursa,fast_food,https://www.dominos.com.tr,html,,Italiano,445.00
Domino's,Bursa,fast_food,https://www.dominos.com.tr,html,,"Sucuk , Mozarella Peyniri , Pizza Sos , Sarımsak Sos",430.00
Domino's,Bursa,fast_food,https://www.dominos.com.tr,html,,"Sosis , Mısır , Mozarella Peyniri , Pizza Sos",430.00
Domino's,Bursa,fast_food,https://www.dominos.com.tr,html,,Süperos,430.00
Domino's,Bursa,fast_food,https://www.dominos.com.tr,html,,Sosyal,430.00
Domino's,Bursa,fast_food,https://www.dominos.com.tr,html,,Mixlarge Bol Etli,645.00
Domino's,Bursa,fast_food,https://www.dominos.com.tr,html,,Mixlarge Bol Malzeme,645.00
Domino's,Bursa,fast_food,https://www.dominos.com.tr,html,,Barbekü Soslu Tavuklu,460.00
Domino's,Bursa,fast_food,https://www.dominos.com.tr,html,,Tavuklu,460.00
Domino's,Bursa,fast_food,https://www.dominos.com.tr,html,,Extravaganzza,460.00
Domino's,Bursa,fast_food,https://www.dominos.com.tr,html,,Domino's Soslu Bol Malzemos,460.00
Domino's,Bursa,fast_food,https://www.dominos.com.tr,html,,Ballı Hardallı Tavuklu,460.00
Domino's,Bursa,fast_food,https://www.dominos.com.tr,html,,Üç Peynirli,485.00
Domino's,Bursa,fast_food,https://www.dominos.com.tr,html,,Konyalım,485.00
Domino's,Bursa,fast_food,https://www.dominos.com.tr,html,,Mangal Sucuklu,485.00
Domino's,Bursa,fast_food,https://www.dominos.com.tr,html,,Callypso,505.00
Domino's,Bursa,fast_food,https://www.dominos.com.tr,html,,Pastırma & Sucuk,505.00
Domino's,Bursa,fast_food,https://www.dominos.com.tr,html,,Ocakbaşı,505.00
Domino's,Bursa,fast_food,https://www.dominos.com.tr,html,,Cinnamon Roll,115.00
Domino's,Bursa,fast_food,https://www.dominos.com.tr,html,,"Pan hamur, sarımsak sos, cheddar, jalepeno",260.00
Domino's,Bursa,fast_food,https://www.dominos.com.tr,html,,"Pan hamur, sarımsak sos, cheddar, sucuk",260.00
Domino's,Bursa,fast_food,https://www.dominos.com.tr,html,,Tavuk & Patates Mix,185.00
Domino's,Bursa,fast_food,https://www.dominos.com.tr,html,,Algida Maraş Usulü Sade Dondurma 100 ml,60.00
Domino's,Bursa,fast_food,https://www.dominos.com.tr,html,,Algida Max Classics Vanilya,60.00
Domino's,Bursa,fast_food,https://www.dominos.com.tr,html,,42 gr,75.00
Domino's,Bursa,fast_food,https://www.dominos.com.tr,html,,Çikolatalı Sufle,150.00
Domino's,Bursa,fast_food,https://www.dominos.com.tr,html,,Algida Magnum Mini Badem,75.00
Domino's,Bursa,fast_food,https://www.dominos.com.tr,html,,Algida Max Classics Kakao,60.00
Domino's,Bursa,fast_food,https://www.dominos.com.tr,html,,Algida Cornetto Karadut,110.00
Domino's,Bursa,fast_food,https://www.dominos.com.tr,html,,Algida Magnum Sandwich,105.00
Domino's,Bursa,fast_food,https://www.dominos.com.tr,html,,Karışık Pizzetta,175.00
Domino's,Bursa,fast_food,https://www.dominos.com.tr,html,,"Mozzarella Peyniri, Pizza Sosu, Sucuk, Mantar, Yeşil Biber",175.00
Domino's,Bursa,fast_food,https://www.dominos.com.tr,html,,"Mozzarella Peyniri , Pizza Sos",175.00
Domino's,Bursa,fast_food,https://www.dominos.com.tr,html,,Sarımsaklı Ekmek 6 Dilim,70.00
Domino's,Bursa,fast_food,https://www.dominos.com.tr,html,,Sucuklu Bol Peynirli Ekmek 6 Dilim,255.00
Domino's,Bursa,fast_food,https://www.dominos.com.tr,html,,Bol Peynirli Ekmek 6 Dilim,250.00
Domino's,Bursa,fast_food,https://www.dominos.com.tr,html,,Coca-Cola 330 ML,130.00
Domino's,Bursa,fast_food,https://www.dominos.com.tr,html,,Coca-Cola 450 ML,130.00
Domino's,Bursa,fast_food,https://www.dominos.com.tr,html,,Coca-Cola 1 L,165.00
Domino's,Bursa,fast_food,https://www.dominos.com.tr,html,,Şekersiz 330 ML,130.00
Domino's,Bursa,fast_food,https://www.dominos.com.tr,html,,Şekersiz 450 ML,130.00
Domino's,Bursa,fast_food,https://www.dominos.com.tr,html,,Şekersiz 1 L,165.00
Domino's,Bursa,fast_food,https://www.dominos.com.tr,html,,FuseTea Şeftali 330 ML,130.00
Domino's,Bursa,fast_food,https://www.dominos.com.tr,html,,FuseTea Şeftali 1 L,165.00
Domino's,Bursa,fast_food,https://www.dominos.com.tr,html,,Sütaş Ayran 300 ML,60.00
Domino's,Bursa,fast_food,https://www.dominos.com.tr,html,,Sütaş Ayran 200 ML,55.00
Domino's,Bursa,fast_food,https://www.dominos.com.tr,html,,Sütaş Ayran 1 L,165.00
Domino's,Bursa,fast_food,https://www.dominos.com.tr,html,,"0,5 Lt Damla Su",35.00
Domino's,Bursa,fast_food,https://www.dominos.com.tr,html,,FuseTea Limon 330 ML,130.00
Domino's,Bursa,fast_food,https://www.dominos.com.tr,html,,FuseTea Limon 1 L,165.00
Domino's,Bursa,fast_food,https://www.dominos.com.tr,html,,Fanta 330 ML,130.00
Domino's,Bursa,fast_food,https://www.dominos.com.tr,html,,Fanta 1 L,165.00
Domino's,Bursa,fast_food,https://www.dominos.com.tr,html,,Sprite 330 ML,130.00
Domino's,Bursa,fast_food,https://www.dominos.com.tr,html,,Sprite 1 L,165.00
Domino's,Bursa,fast_food,https://www.dominos.com.tr,html,,Coca-Cola Light 330 ML,130.00
Domino's,Bursa,fast_food,https://www.dominos.com.tr,html,,Coca-Cola Light 1 L,165.00
Domino's,Bursa,fast_food,https://www.dominos.com.tr,html,,Cappy Şeftali,130.00
Domino's,Bursa,fast_food,https://www.dominos.com.tr,html,,Cappy Karışık,130.00
Domino's,Bursa,fast_food,https://www.dominos.com.tr,html,,Yoğurtlu Sos,40.00
Domino's,Bursa,fast_food,https://www.dominos.com.tr,html,,Meksika Sos,40.00
Domino's,Bursa,fast_food,https://www.dominos.com.tr,html,,Acı Sos,40.00
Domino's,Bursa,fast_food,https://www.dominos.com.tr,html,,Mayonez,5.00
Domino's,Bursa,fast_food,https://www.dominos.com.tr,html,,Ketçap,5.00
Domino's,Bursa,fast_food,https://www.dominos.com.tr,html,,80 gr.,85.00
Domino's,Bursa,fast_food,https://www.dominos.com.tr,html,,Kolombiya’ya özgü kahve çekirdeklerinden.,60.00
İskender - Bursa İskender Efendi Konağı,Bursa,restaurant,https://www.iskender.com,html,,Çocuk Porsiyon,780.00
İskender - Bursa İskender Efendi Konağı,Bursa,restaurant,https://www.iskender.com,html,,Mustafakemalpaşa Peynir Tatlısı,175.00
İskender - Bursa İskender Efendi Konağı,Bursa,restaurant,https://www.iskender.com,html,,Şıra,120.00
Kafkas,Bursa,restaurant,https://www.kafkas.com,html,,Normal fiyat,265.00
Pizza Tomato Görükle,Bursa,restaurant,https://www.pizzatomato.com.tr,html,,Küçük Boy Cazip veya Klasik Pizza + Patates + Pepsi,275.00
Pizza Tomato Görükle,Bursa,restaurant,https://www.pizzatomato.com.tr,html,,2 Adet Küçük Boy Cazip veya Klasik Pizza,410.00
Pizza Tomato Görükle,Bursa,restaurant,https://www.pizzatomato.com.tr,html,,Orta Boy Cazip veya Klasik Pizza + Patates + Kutu Pepsi,345.00
Pizza Tomato Görükle,Bursa,restaurant,https://www.pizzatomato.com.tr,html,,2 Adet Orta Boy Cazip veya Klasik Pizza,545.00
Pizza Tomato Görükle,Bursa,restaurant,https://www.pizzatomato.com.tr,html,,"Dilediğin 3 Adet Orta Boy, Cazip veya Klasik Pizza",795.00
Pizza Tomato Görükle,Bursa,restaurant,https://www.pizzatomato.com.tr,html,,Büyük Boy Cazip veya Klasik Pizza + Patates + 1Lt. Pepsi,610.00
Pizza Tomato Görükle,Bursa,restaurant,https://www.pizzatomato.com.tr,html,,2 Adet Büyük Boy Cazip veya Klasik Pizza,610.00
Pizza Tomato Görükle,Bursa,restaurant,https://www.pizzatomato.com.tr,html,,Aile Menü,780.00
Pizza Tomato Görükle,Bursa,restaurant,https://www.pizzatomato.com.tr,html,,En Büyük Boy Cazip veya Klasik Pizza + Patates + 1Lt. Pepsi,685.00
Agora Restaurant,Canakkale,restaurant,https://sanatagora.com,html,,"Meşe, Yaz Gülü, Zakkum · 3 Kişilik",4000.00
Agora Restaurant,Canakkale,restaurant,https://sanatagora.com,html,,Çam · 2 Kişilik,4000.00
Agora Restaurant,Canakkale,restaurant,https://sanatagora.com,html,,3 Kişilik,5000.00
Agora Restaurant,Canakkale,restaurant,https://sanatagora.com,html,,Scotty Çekme Karavan,2500.00
Agora Restaurant,Canakkale,restaurant,https://sanatagora.com,html,,Karavanla Konaklama,2700.00
Agora Restaurant,Canakkale,restaurant,https://sanatagora.com,html,,Çadırla Konaklama,1350.00
Agora Restaurant,Canakkale,restaurant,https://sanatagora.com,html,,Günlük,500.00
Agora Restaurant,Canakkale,restaurant,https://sanatagora.com,html,,Agora'nın çadırında,1600.00
Onur Ocakbaşı,Diyarbakir,restaurant,https://www.onurocakbasi.com,html,,Adana Kebap (Acılı) 180 Gr.,540.00
Onur Ocakbaşı,Diyarbakir,restaurant,https://www.onurocakbasi.com,html,,Domatesli Kebap 235 Gr,560.00
Onur Ocakbaşı,Diyarbakir,restaurant,https://www.onurocakbasi.com,html,,Patlıcanlı Kebap 240 Gr.,740.00
Onur Ocakbaşı,Diyarbakir,restaurant,https://www.onurocakbasi.com,html,,Siverek Kebap 210 Gr.,640.00
Onur Ocakbaşı,Diyarbakir,restaurant,https://www.onurocakbasi.com,html,,Sade Kebap (Acısız) 185 Gr.,540.00
Onur Ocakbaşı,Diyarbakir,restaurant,https://www.onurocakbasi.com,html,,Sebzeli Kebap (Fıstıklı Kebap) 180 Gr.,550.00
Onur Ocakbaşı,Diyarbakir,restaurant,https://www.onurocakbasi.com,html,,Kemikli Kaburga 270 Gr.,700.00
Onur Ocakbaşı,Diyarbakir,restaurant,https://www.onurocakbasi.com,html,,Kuzu Ciğer 200Gr.,540.00
Onur Ocakbaşı,Diyarbakir,restaurant,https://www.onurocakbasi.com,html,,Kuşbaşı 200 Gr.,600.00
Onur Ocakbaşı,Diyarbakir,restaurant,https://www.onurocakbasi.com,html,,Tavuk Kanat 330 Gr.,540.00
Onur Ocakbaşı,Diyarbakir,restaurant,https://www.onurocakbasi.com,html,,Tavuk Göğüs 250 Gr,520.00
Onur Ocakbaşı,Diyarbakir,restaurant,https://www.onurocakbasi.com,html,,Tavuk Bonfile 280 Gr,520.00
Onur Ocakbaşı,Diyarbakir,restaurant,https://www.onurocakbasi.com,html,,Dalak 370 Gr,520.00
Onur Ocakbaşı,Diyarbakir,restaurant,https://www.onurocakbasi.com,html,,Yürek 300 Gr,520.00
Onur Ocakbaşı,Diyarbakir,restaurant,https://www.onurocakbasi.com,html,,Böbrek 290 Gr,520.00
Onur Ocakbaşı,Diyarbakir,restaurant,https://www.onurocakbasi.com,html,,"Karışık Kebap 1,5 Porsiyon",840.00
Onur Ocakbaşı,Diyarbakir,restaurant,https://www.onurocakbasi.com,html,,Sarma Beyti 210 Gr,570.00
Onur Ocakbaşı,Diyarbakir,restaurant,https://www.onurocakbasi.com,html,,Küşleme,740.00
Onur Ocakbaşı,Diyarbakir,restaurant,https://www.onurocakbasi.com,html,,İskender 140 Gr,580.00
Onur Ocakbaşı,Diyarbakir,restaurant,https://www.onurocakbasi.com,html,,Et Döner 150 Gr,560.00
Onur Ocakbaşı,Diyarbakir,restaurant,https://www.onurocakbasi.com,html,,Pilav Üstü Et Döner,660.00
Onur Ocakbaşı,Diyarbakir,restaurant,https://www.onurocakbasi.com,html,,Mercimek Çorbası,200.00
Onur Ocakbaşı,Diyarbakir,restaurant,https://www.onurocakbasi.com,html,,Yoğurt,120.00
Onur Ocakbaşı,Diyarbakir,restaurant,https://www.onurocakbasi.com,html,,Cacık,120.00
Onur Ocakbaşı,Diyarbakir,restaurant,https://www.onurocakbasi.com,html,,Pilav,100.00
Onur Ocakbaşı,Diyarbakir,restaurant,https://www.onurocakbasi.com,html,,Kola - Fanta - Sprite - M. Suyu,100.00
Onur Ocakbaşı,Diyarbakir,restaurant,https://www.onurocakbasi.com,html,,Ayran (Açık-Kapalı),70.00
Onur Ocakbaşı,Diyarbakir,restaurant,https://www.onurocakbasi.com,html,,Soda,70.00
Onur Ocakbaşı,Diyarbakir,restaurant,https://www.onurocakbasi.com,html,,Churcill,100.00
Onur Ocakbaşı,Diyarbakir,restaurant,https://www.onurocakbasi.com,html,,Şalgam (Acılı Acısız),70.00
Onur Ocakbaşı,Diyarbakir,restaurant,https://www.onurocakbasi.com,html,,"Su 0,5 Ml",20.00
Onur Ocakbaşı,Diyarbakir,restaurant,https://www.onurocakbasi.com,html,,"Su 1,5 Lt",40.00
Terra Pizza,Edirne,fast_food,https://www.terrapizza.com.tr,html,,Seçeceğiniz Orta Boy Pizza + Pet İçecek (Ekoterra pizz...,475.00
Terra Pizza,Edirne,fast_food,https://www.terrapizza.com.tr,html,,başlayan fiyatlarla,475.00
Terra Pizza,Edirne,fast_food,https://www.terrapizza.com.tr,html,,Seçeceğiniz 2 Adet Büyük Boy Pizza (Ekoterra pizzalar ...,680.00
Terra Pizza,Edirne,fast_food,https://www.terrapizza.com.tr,html,,Orta Boy Efsane 5'li Pizza + Pet İçecek + Patates Kızar...,580.00
Terra Pizza,Edirne,fast_food,https://www.terrapizza.com.tr,html,,"""Seçeceğiniz 2 Adet Orta Boy Pizza + Litrelik İçecek + ...",770.00
Terra Pizza,Edirne,fast_food,https://www.terrapizza.com.tr,html,,Seçeceğiniz 2 Büyük Boy Pizza + LT İçecek + 10'lu Çıtır...,870.00
Terra Pizza,Edirne,fast_food,https://www.terrapizza.com.tr,html,,"""Seçeceğiniz 3 Adet Orta Boy Pizza + Litrelik İçecek (E...",855.00
Terra Pizza,Edirne,fast_food,https://www.terrapizza.com.tr,html,,2 Orta Boy Pizza,440.00
Terra Pizza,Edirne,fast_food,https://www.terrapizza.com.tr,html,,Seçeceğiniz 2 Adet Orta Boy Pizza + Litrelik İçecek (Ek...,645.00
Terra Pizza,Edirne,fast_food,https://www.terrapizza.com.tr,html,,Seçeceğiniz 2 Adet Orta Boy Pizza + Litrelik İçecek + P...,730.00
Terra Pizza,Edirne,fast_food,https://www.terrapizza.com.tr,html,,Seçeceğiniz 3 Adet Orta Boy Pizza (Ekoterra pizzalar iç...,750.00
Terra Pizza,Edirne,fast_food,https://www.terrapizza.com.tr,html,,Seçeceğiniz 1 Adet Orta Boy Pizza (Ekoterra pizzalar iç...,390.00
Terra Pizza,Edirne,fast_food,https://www.terrapizza.com.tr,html,,Seçeceğiniz Büyük Boy Pizza (Ekoterra pizzalar için ge...,520.00
Domino's,Eskisehir,fast_food,https://www.dominos.com.tr,html,,1 Alana 1 Bedava - Orta Boy Cazip Pizzalar,440.00
Domino's,Eskisehir,fast_food,https://www.dominos.com.tr,html,,1 Alana 1 Bedava - Orta Boy Sevilen Pizzalar,480.00
Domino's,Eskisehir,fast_food,https://www.dominos.com.tr,html,,1 Alana 1 Bedava - Orta Boy Gurme Pizzalar,570.00
Domino's,Eskisehir,fast_food,https://www.dominos.com.tr,html,,1 Alana 1 Bedava Bol Peynirli Ekmek,250.00
Domino's,Eskisehir,fast_food,https://www.dominos.com.tr,html,,1 Alana 1 Bedava Çikolatalı Sufle,150.00
Domino's,Eskisehir,fast_food,https://www.dominos.com.tr,html,,1 Alana 1 Bedava 4'lü Cinnamon Roll,115.00
Domino's,Eskisehir,fast_food,https://www.dominos.com.tr,html,,1 Alana 1 Bedava 10'lu Çıtır Tavuk Topları,80.00
Domino's,Eskisehir,fast_food,https://www.dominos.com.tr,html,,1 Alana 1 Bedava İçecek,120.00
Domino's,Eskisehir,fast_food,https://www.dominos.com.tr,html,,2 Büyük Boy Cazip Pizza,780.00
Domino's,Eskisehir,fast_food,https://www.dominos.com.tr,html,,Sevilen 2 Büyük Boy Pizza,890.00
Domino's,Eskisehir,fast_food,https://www.dominos.com.tr,html,,1 Alana 1 Bedava Orta Boy Cazip Pizzalar + 1L İçecek,540.00
Domino's,Eskisehir,fast_food,https://www.dominos.com.tr,html,,1 Alana 1 Bedava Orta Boy Sevilen Pizzalar + 1L İçecek,580.00
Domino's,Eskisehir,fast_food,https://www.dominos.com.tr,html,,Büyük Boy Pizza Alana Coca-Cola Pet 1 L Bedava,480.00
Domino's,Eskisehir,fast_food,https://www.dominos.com.tr,html,,3 Orta Boy Pizza,850.00
Domino's,Eskisehir,fast_food,https://www.dominos.com.tr,html,,Pizza X-Large (12 Dilim),520.00
Domino's,Eskisehir,fast_food,https://www.dominos.com.tr,html,,Büyük Boy Pizzalar,480.00
Domino's,Eskisehir,fast_food,https://www.dominos.com.tr,html,,2 Orta Boy Pizza + 2 Çikolatalı Sufle + 2 Algida Maraş Cup,750.00
Domino's,Eskisehir,fast_food,https://www.dominos.com.tr,html,,Orta Boy Gurme Pizzalar,450.00
Domino's,Eskisehir,fast_food,https://www.dominos.com.tr,html,,2 Orta Boy Pan Pizza + 4’lü Cinnamon Roll,650.00
Domino's,Eskisehir,fast_food,https://www.dominos.com.tr,html,,Çikolatalı Sufle + Algida Maraş Cup,170.00
Domino's,Eskisehir,fast_food,https://www.dominos.com.tr,html,,Pizza X-Large (12 Dilim) Alana Coca-Cola 1 L Bedava,520.00
Domino's,Eskisehir,fast_food,https://www.dominos.com.tr,html,,2 Orta Boy Pizza + 4’lü Cinnamon Roll,610.00
Domino's,Eskisehir,fast_food,https://www.dominos.com.tr,html,,10'lu Domino's Roll + Coca-Cola Pet 330 ml,270.00
Domino's,Eskisehir,fast_food,https://www.dominos.com.tr,html,,Mixlarge Pizzalar,570.00
Domino's,Eskisehir,fast_food,https://www.dominos.com.tr,html,,3 Orta Boy Pizza + Tavuk + Patates + Coca-Cola 1 L,960.00
Domino's,Eskisehir,fast_food,https://www.dominos.com.tr,html,,3 Orta Boy Bol Malzemos,950.00
Domino's,Eskisehir,fast_food,https://www.dominos.com.tr,html,,Orta Boy Bol Malzemos + 330 ML İçecek + Seçili Lezzetler,480.00
Domino's,Eskisehir,fast_food,https://www.dominos.com.tr,html,,Pizza X-Large (12 Dilim) + Coca-Cola 1 L + Seçili Lezzetler,610.00
Domino's,Eskisehir,fast_food,https://www.dominos.com.tr,html,,2 Orta Boy Pan Pizza + Coca-Cola 1 L,630.00
Domino's,Eskisehir,fast_food,https://www.dominos.com.tr,html,,Büyük Boy Pizza + Coca-Cola 1 L + Seçili Lezzetler,620.00
Domino's,Eskisehir,fast_food,https://www.dominos.com.tr,html,,2 Çikolatalı Sufle + 2 Algida Maraş Cup,320.00
Domino's,Eskisehir,fast_food,https://www.dominos.com.tr,html,,4 Çikolatalı Sufle + 4 Algida Maraş Cup,620.00
Domino's,Eskisehir,fast_food,https://www.dominos.com.tr,html,,Büyük Boy Pizza + Çikolatalı Sufle + Algida Maraş Cup,590.00
Domino's,Eskisehir,fast_food,https://www.dominos.com.tr,html,,Büyük Boy Pizza + Tatlı + Coca-Cola 1 L,620.00
Domino's,Eskisehir,fast_food,https://www.dominos.com.tr,html,,Pizza X-Large + 8'li Cinnamon Roll,620.00
Domino's,Eskisehir,fast_food,https://www.dominos.com.tr,html,,Bol Peynirli Ekmek + 4'lü Cinnamon Roll + Algida Dondurma,320.00
Domino's,Eskisehir,fast_food,https://www.dominos.com.tr,html,,2 Büyük Boy Pizza + Coca-Cola 1 L,900.00
Domino's,Eskisehir,fast_food,https://www.dominos.com.tr,html,,Orta Boy Pan Pizza + Bol Malzemos,550.00
Domino's,Eskisehir,fast_food,https://www.dominos.com.tr,html,,4 Adet Pizzetta,600.00
Domino's,Eskisehir,fast_food,https://www.dominos.com.tr,html,,2 Orta Boy Bol Pan Pizza,560.00
Domino's,Eskisehir,fast_food,https://www.dominos.com.tr,html,,2 Orta Boy Pan Cazip Pizzalar,540.00
Domino's,Eskisehir,fast_food,https://www.dominos.com.tr,html,,Orta Boy Pizzalar,440.00
Domino's,Eskisehir,fast_food,https://www.dominos.com.tr,html,,Büyük Boy Pizza + 4'lü Cinnamon Roll,570.00
Domino's,Eskisehir,fast_food,https://www.dominos.com.tr,html,,Orta Boy Pizza + 4'lü Cinnamon Roll,470.00
Domino's,Eskisehir,fast_food,https://www.dominos.com.tr,html,,Orta Boy Pizza + Sufle + Algida,430.00
Domino's,Eskisehir,fast_food,https://www.dominos.com.tr,html,,Dürümos + Patates + Tavuk,210.00
Domino's,Eskisehir,fast_food,https://www.dominos.com.tr,html,,Tek Kişilik Pizzalar,310.00
Domino's,Eskisehir,fast_food,https://www.dominos.com.tr,html,,Orta Boy Pan Pizza,400.00
Domino's,Eskisehir,fast_food,https://www.dominos.com.tr,html,,Orta Boy Pan Pizza + Sos + Coca-Cola 330 ML,460.00
Domino's,Eskisehir,fast_food,https://www.dominos.com.tr,html,,Pizzetta + Patates + Tavuk + Coca-Cola 330 ML,340.00
Domino's,Eskisehir,fast_food,https://www.dominos.com.tr,html,,Dürümos + Coca-Cola 330 ML,200.00
Domino's,Eskisehir,fast_food,https://www.dominos.com.tr,html,,Tavuk Fırsatı,75.00
Domino's,Eskisehir,fast_food,https://www.dominos.com.tr,html,,Çıtır Karışık Kova Fırsatı,260.00
Domino's,Eskisehir,fast_food,https://www.dominos.com.tr,html,,2 Adet Dürümos,270.00
Domino's,Eskisehir,fast_food,https://www.dominos.com.tr,html,,Pizzetta + Bol Peynirli Ekmek,310.00
Domino's,Eskisehir,fast_food,https://www.dominos.com.tr,html,,2 Adet Pizzetta + Tavuk + Patates,370.00
Domino's,Eskisehir,fast_food,https://www.dominos.com.tr,html,,Combo Pizza X-Large,540.00
Domino's,Eskisehir,fast_food,https://www.dominos.com.tr,html,,Orta Boy Combo Pizza,390.00
Domino's,Eskisehir,fast_food,https://www.dominos.com.tr,html,,Büyük Boy Combo Pizza,510.00
Domino's,Eskisehir,fast_food,https://www.dominos.com.tr,html,,Tavuk Kova Fırsatı,155.00
Domino's,Eskisehir,fast_food,https://www.dominos.com.tr,html,,Dürümos + Sarımsaklı Ekmek + 10'lu Çıtır Tavuk Topları,220.00
Domino's,Eskisehir,fast_food,https://www.dominos.com.tr,html,,2 Adet Pizzetta,320.00
Domino's,Eskisehir,fast_food,https://www.dominos.com.tr,html,,2 Adet Pizzetta + Coca-Cola 1 L,410.00
Domino's,Eskisehir,fast_food,https://www.dominos.com.tr,html,,Pizzetta + Tavuk + Patates + Ayran + Boyama Defteri,270.00
Domino's,Eskisehir,fast_food,https://www.dominos.com.tr,html,,Patates Fırsatı,60.00
Domino's,Eskisehir,fast_food,https://www.dominos.com.tr,html,,Çıtır Tavuk Finger,85.00
Domino's,Eskisehir,fast_food,https://www.dominos.com.tr,html,,Çıtır Tavuk Topları,80.00
Domino's,Eskisehir,fast_food,https://www.dominos.com.tr,html,,Tavuk Parçaları,80.00
Domino's,Eskisehir,fast_food,https://www.dominos.com.tr,html,,Mantarsever,400.00
Domino's,Eskisehir,fast_food,https://www.dominos.com.tr,html,,"Sucuk , Mozarella Peyniri , Pizza Sos",400.00
Domino's,Eskisehir,fast_food,https://www.dominos.com.tr,html,,"Sucuk , Mısır , Mozarella Peyniri , Pizza Sos , Siyah Zeytin",400.00
Domino's,Eskisehir,fast_food,https://www.dominos.com.tr,html,,"Mozarella Peyniri , Pizza Sos",400.00
Domino's,Eskisehir,fast_food,https://www.dominos.com.tr,html,,"Mozzarella Peyniri , Pizza Sos, Sucuk, Mantar",480.00
Domino's,Eskisehir,fast_food,https://www.dominos.com.tr,html,,Bol Pan Pizza,480.00
Domino's,Eskisehir,fast_food,https://www.dominos.com.tr,html,,Süper Pan Pizza,480.00
Domino's,Eskisehir,fast_food,https://www.dominos.com.tr,html,,Bol Malzemos,445.00
Domino's,Eskisehir,fast_food,https://www.dominos.com.tr,html,,Karışık,445.00
Domino's,Eskisehir,fast_food,https://www.dominos.com.tr,html,,Bol Etli,445.00
Domino's,Eskisehir,fast_food,https://www.dominos.com.tr,html,,Vegi,445.00
Domino's,Eskisehir,fast_food,https://www.dominos.com.tr,html,,Italiano,445.00
Domino's,Eskisehir,fast_food,https://www.dominos.com.tr,html,,"Sucuk , Mozarella Peyniri , Pizza Sos , Sarımsak Sos",430.00
Domino's,Eskisehir,fast_food,https://www.dominos.com.tr,html,,"Sosis , Mısır , Mozarella Peyniri , Pizza Sos",430.00
Domino's,Eskisehir,fast_food,https://www.dominos.com.tr,html,,Süperos,430.00
Domino's,Eskisehir,fast_food,https://www.dominos.com.tr,html,,Sosyal,430.00
Domino's,Eskisehir,fast_food,https://www.dominos.com.tr,html,,Mixlarge Bol Etli,645.00
Domino's,Eskisehir,fast_food,https://www.dominos.com.tr,html,,Mixlarge Bol Malzeme,645.00
Domino's,Eskisehir,fast_food,https://www.dominos.com.tr,html,,Barbekü Soslu Tavuklu,460.00
Domino's,Eskisehir,fast_food,https://www.dominos.com.tr,html,,Tavuklu,460.00
Domino's,Eskisehir,fast_food,https://www.dominos.com.tr,html,,Extravaganzza,460.00
Domino's,Eskisehir,fast_food,https://www.dominos.com.tr,html,,Domino's Soslu Bol Malzemos,460.00
Domino's,Eskisehir,fast_food,https://www.dominos.com.tr,html,,Ballı Hardallı Tavuklu,460.00
Domino's,Eskisehir,fast_food,https://www.dominos.com.tr,html,,Üç Peynirli,485.00
Domino's,Eskisehir,fast_food,https://www.dominos.com.tr,html,,Konyalım,485.00
Domino's,Eskisehir,fast_food,https://www.dominos.com.tr,html,,Mangal Sucuklu,485.00
Domino's,Eskisehir,fast_food,https://www.dominos.com.tr,html,,Callypso,505.00
Domino's,Eskisehir,fast_food,https://www.dominos.com.tr,html,,Pastırma & Sucuk,505.00
Domino's,Eskisehir,fast_food,https://www.dominos.com.tr,html,,Ocakbaşı,505.00
Domino's,Eskisehir,fast_food,https://www.dominos.com.tr,html,,Cinnamon Roll,115.00
Domino's,Eskisehir,fast_food,https://www.dominos.com.tr,html,,"Pan hamur, sarımsak sos, cheddar, jalepeno",260.00
Domino's,Eskisehir,fast_food,https://www.dominos.com.tr,html,,"Pan hamur, sarımsak sos, cheddar, sucuk",260.00
Domino's,Eskisehir,fast_food,https://www.dominos.com.tr,html,,Tavuk & Patates Mix,185.00
Domino's,Eskisehir,fast_food,https://www.dominos.com.tr,html,,Algida Maraş Usulü Sade Dondurma 100 ml,60.00
Domino's,Eskisehir,fast_food,https://www.dominos.com.tr,html,,Algida Max Classics Vanilya,60.00
Domino's,Eskisehir,fast_food,https://www.dominos.com.tr,html,,42 gr,75.00
Domino's,Eskisehir,fast_food,https://www.dominos.com.tr,html,,Çikolatalı Sufle,150.00
Domino's,Eskisehir,fast_food,https://www.dominos.com.tr,html,,Algida Magnum Mini Badem,75.00
Domino's,Eskisehir,fast_food,https://www.dominos.com.tr,html,,Algida Max Classics Kakao,60.00
Domino's,Eskisehir,fast_food,https://www.dominos.com.tr,html,,Algida Cornetto Karadut,110.00
Domino's,Eskisehir,fast_food,https://www.dominos.com.tr,html,,Algida Magnum Sandwich,105.00
Domino's,Eskisehir,fast_food,https://www.dominos.com.tr,html,,Karışık Pizzetta,175.00
Domino's,Eskisehir,fast_food,https://www.dominos.com.tr,html,,"Mozzarella Peyniri, Pizza Sosu, Sucuk, Mantar, Yeşil Biber",175.00
Domino's,Eskisehir,fast_food,https://www.dominos.com.tr,html,,"Mozzarella Peyniri , Pizza Sos",175.00
Domino's,Eskisehir,fast_food,https://www.dominos.com.tr,html,,Sarımsaklı Ekmek 6 Dilim,70.00
Domino's,Eskisehir,fast_food,https://www.dominos.com.tr,html,,Sucuklu Bol Peynirli Ekmek 6 Dilim,255.00
Domino's,Eskisehir,fast_food,https://www.dominos.com.tr,html,,Bol Peynirli Ekmek 6 Dilim,250.00
Domino's,Eskisehir,fast_food,https://www.dominos.com.tr,html,,Coca-Cola 330 ML,130.00
Domino's,Eskisehir,fast_food,https://www.dominos.com.tr,html,,Coca-Cola 450 ML,130.00
Domino's,Eskisehir,fast_food,https://www.dominos.com.tr,html,,Coca-Cola 1 L,165.00
Domino's,Eskisehir,fast_food,https://www.dominos.com.tr,html,,Şekersiz 330 ML,130.00
Domino's,Eskisehir,fast_food,https://www.dominos.com.tr,html,,Şekersiz 450 ML,130.00
Domino's,Eskisehir,fast_food,https://www.dominos.com.tr,html,,Şekersiz 1 L,165.00
Domino's,Eskisehir,fast_food,https://www.dominos.com.tr,html,,FuseTea Şeftali 330 ML,130.00
Domino's,Eskisehir,fast_food,https://www.dominos.com.tr,html,,FuseTea Şeftali 1 L,165.00
Domino's,Eskisehir,fast_food,https://www.dominos.com.tr,html,,Sütaş Ayran 300 ML,60.00
Domino's,Eskisehir,fast_food,https://www.dominos.com.tr,html,,Sütaş Ayran 200 ML,55.00
Domino's,Eskisehir,fast_food,https://www.dominos.com.tr,html,,Sütaş Ayran 1 L,165.00
Domino's,Eskisehir,fast_food,https://www.dominos.com.tr,html,,"0,5 Lt Damla Su",35.00
Domino's,Eskisehir,fast_food,https://www.dominos.com.tr,html,,FuseTea Limon 330 ML,130.00
Domino's,Eskisehir,fast_food,https://www.dominos.com.tr,html,,FuseTea Limon 1 L,165.00
Domino's,Eskisehir,fast_food,https://www.dominos.com.tr,html,,Fanta 330 ML,130.00
Domino's,Eskisehir,fast_food,https://www.dominos.com.tr,html,,Fanta 1 L,165.00
Domino's,Eskisehir,fast_food,https://www.dominos.com.tr,html,,Sprite 330 ML,130.00
Domino's,Eskisehir,fast_food,https://www.dominos.com.tr,html,,Sprite 1 L,165.00
Domino's,Eskisehir,fast_food,https://www.dominos.com.tr,html,,Coca-Cola Light 330 ML,130.00
Domino's,Eskisehir,fast_food,https://www.dominos.com.tr,html,,Coca-Cola Light 1 L,165.00
Domino's,Eskisehir,fast_food,https://www.dominos.com.tr,html,,Cappy Şeftali,130.00
Domino's,Eskisehir,fast_food,https://www.dominos.com.tr,html,,Cappy Karışık,130.00
Domino's,Eskisehir,fast_food,https://www.dominos.com.tr,html,,Yoğurtlu Sos,40.00
Domino's,Eskisehir,fast_food,https://www.dominos.com.tr,html,,Meksika Sos,40.00
Domino's,Eskisehir,fast_food,https://www.dominos.com.tr,html,,Acı Sos,40.00
Domino's,Eskisehir,fast_food,https://www.dominos.com.tr,html,,Mayonez,5.00
Domino's,Eskisehir,fast_food,https://www.dominos.com.tr,html,,Ketçap,5.00
Domino's,Eskisehir,fast_food,https://www.dominos.com.tr,html,,80 gr.,85.00
Domino's,Eskisehir,fast_food,https://www.dominos.com.tr,html,,Kolombiya’ya özgü kahve çekirdeklerinden.,60.00
Kahve Dünyası,Eskisehir,cafe,https://www.kahvedunyasi.com,html,,Reform Alışveriş Çantası,870.00
Kahve Dünyası,Eskisehir,cafe,https://www.kahvedunyasi.com,html,,Kahve Dünyası Algötür Metal Termos 460 ml,1250.00
Kahve Dünyası,Eskisehir,cafe,https://www.kahvedunyasi.com,html,,Tablet Çikolata Brownie Dolgulu,350.00
Kahve Dünyası,Eskisehir,cafe,https://www.kahvedunyasi.com,html,,Tablet Çikolata Bademli Krokanlı ve Karamelli,350.00
Kahve Dünyası,Eskisehir,cafe,https://www.kahvedunyasi.com,html,,Özel Seri Soğuk Fındık Aromalı Caffe Latte 10'lu,185.00
Kahve Dünyası,Eskisehir,cafe,https://www.kahvedunyasi.com,html,,Guatemala Filtre Kahve Kilitli 250g,350.00
Kahve Dünyası,Eskisehir,cafe,https://www.kahvedunyasi.com,html,,Lavi Karışık Dolgulu Çikolata Silindir Kutu 400g,400.00
Kahve Dünyası,Eskisehir,cafe,https://www.kahvedunyasi.com,html,,Özel Seri Soğuk Vanilyalı Aromalı Caffe Latte 10'lu,185.00
Kahve Dünyası,Eskisehir,cafe,https://www.kahvedunyasi.com,html,,Geçmiş Olsun Hediye Kutusu,94.90
Kahve Dünyası,Eskisehir,cafe,https://www.kahvedunyasi.com,html,,Başarılarının Devamını Dilerim Hediye Kutusu,94.90
Kahve Dünyası,Eskisehir,cafe,https://www.kahvedunyasi.com,html,,Yeni Yaşın Mutlu Olsun Hediye Kutusu,94.90
Kahve Dünyası,Eskisehir,cafe,https://www.kahvedunyasi.com,html,,Hayat Seninle Güzel Hediye Kutusu,94.90
Oda Restoran,Eskisehir,restaurant,https://www.odarestoran.com.tr,woo,,Tokusen Wagyu Carpaccio,12.55
Oda Restoran,Eskisehir,restaurant,https://www.odarestoran.com.tr,woo,,Casserole,12.55
Oda Restoran,Eskisehir,restaurant,https://www.odarestoran.com.tr,woo,,Pizza margherita,12.55
Oda Restoran,Eskisehir,restaurant,https://www.odarestoran.com.tr,woo,,Pizza margherita,12.55
Oda Restoran,Eskisehir,restaurant,https://www.odarestoran.com.tr,woo,,Pealla With Seafood,12.55
Oda Restoran,Eskisehir,restaurant,https://www.odarestoran.com.tr,woo,,Boiled crayfish,12.55
Oda Restoran,Eskisehir,restaurant,https://www.odarestoran.com.tr,woo,,Pealla With Seafood,12.55
Oda Restoran,Eskisehir,restaurant,https://www.odarestoran.com.tr,woo,,King burger,12.55
Oda Restoran,Eskisehir,restaurant,https://www.odarestoran.com.tr,woo,,Boiled crayfish,12.55
Oda Restoran,Eskisehir,restaurant,https://www.odarestoran.com.tr,woo,Merchandise,Ergonomic Linen Clock,249.25
Oda Restoran,Eskisehir,restaurant,https://www.odarestoran.com.tr,woo,All coffee,Small Paper Keyboard,337.70
Oda Restoran,Eskisehir,restaurant,https://www.odarestoran.com.tr,woo,All coffee,Fantastic Marble Computer,170.53
Oda Restoran,Eskisehir,restaurant,https://www.odarestoran.com.tr,woo,All coffee,Synergistic Wool Chair,147.75
Oda Restoran,Eskisehir,restaurant,https://www.odarestoran.com.tr,woo,Blends,Awesome Linen Wallet,0.26
Oda Restoran,Eskisehir,restaurant,https://www.odarestoran.com.tr,woo,Blends,Sleek Paper Bench,480.48
Oda Restoran,Eskisehir,restaurant,https://www.odarestoran.com.tr,woo,Equipment,Intelligent Linen Computer,19.50
Oda Restoran,Eskisehir,restaurant,https://www.odarestoran.com.tr,woo,All coffee,Gorgeous Paper Plate,716.19
Oda Restoran,Eskisehir,restaurant,https://www.odarestoran.com.tr,woo,All coffee,Lightweight Wool Car,830.22
Oda Restoran,Eskisehir,restaurant,https://www.odarestoran.com.tr,woo,Merchandise,Sleek Silk Lamp,475.06
Oda Restoran,Eskisehir,restaurant,https://www.odarestoran.com.tr,woo,Single Origin,Practical Steel Lamp,846.73
Oda Restoran,Eskisehir,restaurant,https://www.odarestoran.com.tr,woo,Single Origin,Synergistic Plastic Watch,342.98
Oda Restoran,Eskisehir,restaurant,https://www.odarestoran.com.tr,woo,Merchandise,Mediocre Silk Watch,647.71
Ordinarius Coffee Sümer,Eskisehir,cafe,https://ordinariuscoffee.com,woo,Kahve,ADVENTURE BOX FULL COLLECTION,1250.00
Ordinarius Coffee Sümer,Eskisehir,cafe,https://ordinariuscoffee.com,woo,Kahve,ADVENTURE BOX 4&#8217;lÜ SERİ,950.00
Ordinarius Coffee Sümer,Eskisehir,cafe,https://ordinariuscoffee.com,woo,Kahve,PANAMA / CORPACHI / NATÜREL SOĞUK FERMANTASYON,1135.00
Ordinarius Coffee Sümer,Eskisehir,cafe,https://ordinariuscoffee.com,woo,Kahve,ETİYOPYA / ARICHA / NATÜREL,520.00
Ordinarius Coffee Sümer,Eskisehir,cafe,https://ordinariuscoffee.com,woo,Kahve,KOSTA RİKA / EL MANGO / FULL HONEY ANAEROBİK,650.00
Ordinarius Coffee Sümer,Eskisehir,cafe,https://ordinariuscoffee.com,woo,Kahve,KOLOMBİYA / MİLAN / YIKANMIŞ NG,1100.00
Ordinarius Coffee Sümer,Eskisehir,cafe,https://ordinariuscoffee.com,woo,Kahve,ENDONEZYA / MARABELLA / NATÜREL ANAEROBİK,1000.00
Ordinarius Coffee Sümer,Eskisehir,cafe,https://ordinariuscoffee.com,woo,Kahve,ENDONEZYA / O.B.A.N. / NATÜREL ANAEROBİK,1000.00
Ordinarius Coffee Sümer,Eskisehir,cafe,https://ordinariuscoffee.com,woo,Ekipman,ORDINARIUS BEZ ÇANTA,450.00
Ordinarius Coffee Sümer,Eskisehir,cafe,https://ordinariuscoffee.com,woo,Ekipman,Moccamaster No:4 Filtre Kağıdı,170.00
Ordinarius Coffee Sümer,Eskisehir,cafe,https://ordinariuscoffee.com,woo,Ekipman,Chemex Filtre Kağıdı,500.00
Ordinarius Coffee Sümer,Eskisehir,cafe,https://ordinariuscoffee.com,woo,Ekipman,Epinox Kahve Server,300.00
Ordinarius Coffee Sümer,Eskisehir,cafe,https://ordinariuscoffee.com,woo,Ekipman,Epinox V60 Dripper,300.00
Ordinarius Coffee Sümer,Eskisehir,cafe,https://ordinariuscoffee.com,woo,Ekipman,Cafec Abaca Filtre Kağıdı – CUP4,440.00
Ordinarius Coffee Sümer,Eskisehir,cafe,https://ordinariuscoffee.com,woo,Ekipman,Cafec TH-1 Filtre Kağıdı – CUP4,450.00
Ordinarius Coffee Sümer,Eskisehir,cafe,https://ordinariuscoffee.com,woo,Ekipman,Cafec TH-3 Filtre Kağıdı – CUP4,450.00
Ordinarius Coffee Sümer,Eskisehir,cafe,https://ordinariuscoffee.com,woo,Ekipman,Cafec Abaca Plus Filtre Kağıdı – CUP4,450.00
Ordinarius Coffee Sümer,Eskisehir,cafe,https://ordinariuscoffee.com,woo,Ekipman,Cafec TH-2 Filtre Kağıdı – CUP4,450.00
Ordinarius Coffee Sümer,Eskisehir,cafe,https://ordinariuscoffee.com,woo,Ekipman,Cafec Traditional Filtre Kağıdı – CUP4,360.00
Ordinarius Coffee Sümer,Eskisehir,cafe,https://ordinariuscoffee.com,woo,Kahve,ORDI NO:2 / FILTER,580.00
Ordinarius Coffee Sümer,Eskisehir,cafe,https://ordinariuscoffee.com,woo,Kahve,ORDI NO:1 / ESPRESSO,500.00
Qırımtatar çiberek,Eskisehir,restaurant,https://www.kirimtatarciborek.com,html,,5 Adet - Kıymalı veya Peynirli Çibörek,330.00
Qırımtatar çiberek,Eskisehir,restaurant,https://www.kirimtatarciborek.com,html,,3 Adet Kıymalı 2 Adet Peynirli Çibörek,330.00
Qırımtatar çiberek,Eskisehir,restaurant,https://www.kirimtatarciborek.com,html,,3 Adet - Kıymalı veya Peynirli Çibörek,200.00
Qırımtatar çiberek,Eskisehir,restaurant,https://www.kirimtatarciborek.com,html,,Özbek Mantısı,400.00
Qırımtatar çiberek,Eskisehir,restaurant,https://www.kirimtatarciborek.com,html,,Özbek Mantısı (Yarım Porsiyon 2 Adet),225.00
Qırımtatar çiberek,Eskisehir,restaurant,https://www.kirimtatarciborek.com,html,,Ev Yapımı Zeytinyağlı Yaprak Sarma,250.00
Qırımtatar çiberek,Eskisehir,restaurant,https://www.kirimtatarciborek.com,html,,Kuru İncir ve Cevizli Baklava,250.00
Qırımtatar çiberek,Eskisehir,restaurant,https://www.kirimtatarciborek.com,html,,Doğal Ev Yapımı,100.00
Qırımtatar çiberek,Eskisehir,restaurant,https://www.kirimtatarciborek.com,html,,Ayran,30.00
Qırımtatar çiberek,Eskisehir,restaurant,https://www.kirimtatarciborek.com,html,,Şişe Ayran (300 ml),50.00
Qırımtatar çiberek,Eskisehir,restaurant,https://www.kirimtatarciborek.com,html,,Susurluk Ayranı,40.00
Qırımtatar çiberek,Eskisehir,restaurant,https://www.kirimtatarciborek.com,html,,Bodrum Mandalina,60.00
Qırımtatar çiberek,Eskisehir,restaurant,https://www.kirimtatarciborek.com,html,,Niğde Gazozu,60.00
Qırımtatar çiberek,Eskisehir,restaurant,https://www.kirimtatarciborek.com,html,,Maden Suyu,30.00
Qırımtatar çiberek,Eskisehir,restaurant,https://www.kirimtatarciborek.com,html,,Şıra,80.00
Qırımtatar çiberek,Eskisehir,restaurant,https://www.kirimtatarciborek.com,html,,Kutu Kola,80.00
Qırımtatar çiberek,Eskisehir,restaurant,https://www.kirimtatarciborek.com,html,,Şişe Kola,60.00
Qırımtatar çiberek,Eskisehir,restaurant,https://www.kirimtatarciborek.com,html,,Mango veya Şeftali Seçenekleriyle,80.00
Qırımtatar çiberek,Eskisehir,restaurant,https://www.kirimtatarciborek.com,html,,Çay,30.00
Qırımtatar çiberek,Eskisehir,restaurant,https://www.kirimtatarciborek.com,html,,Türk Kahvesi,60.00
Walker's Bulvar,Eskisehir,cafe,https://walkers724.com,woo,"Anasayfa Kültür ve Sanat, Güncel Workshop",Evinin Baristası Ol! – Cold Brew &#038; Japanese Cold Brew &#8211; Batıkent,1000.00
Walker's Bulvar,Eskisehir,cafe,https://walkers724.com,woo,"Anasayfa Kültür ve Sanat, Güncel Workshop",Evinin Baristası Ol! – Cold Brew &#038; Japanese Cold Brew &#8211; Tunalı,1000.00
Walker's Bulvar,Eskisehir,cafe,https://walkers724.com,woo,Geçmiş Workshop,Evinin Baristası Ol! – Cold Brew &#038; Japanese Cold Brew &#8211; Nokta,1000.00
Walker's Bulvar,Eskisehir,cafe,https://walkers724.com,woo,Geçmiş Workshop,Evinin Baristası Ol! – Cold Brew &#038; Japanese Cold Brew &#8211; Batıkent,1000.00
Walker's Bulvar,Eskisehir,cafe,https://walkers724.com,woo,"Anasayfa Çekirdek Kahveler, Çekirdek Kahve",Colombia Las Flores Red Bourbon,720.00
Walker's Bulvar,Eskisehir,cafe,https://walkers724.com,woo,"Anasayfa Çekirdek Kahveler, Çekirdek Kahve",Colombia Gaitania,550.00
Walker's Bulvar,Eskisehir,cafe,https://walkers724.com,woo,"Anasayfa Çekirdek Kahveler, Çekirdek Kahve",Colombia Jairo Arcila,620.00
Walker's Bulvar,Eskisehir,cafe,https://walkers724.com,woo,"Anasayfa Çekirdek Kahveler, Çekirdek Kahve",Colombia Finca El Diviso Ombligon,1200.00
Walker's Bulvar,Eskisehir,cafe,https://walkers724.com,woo,"Anasayfa Çekirdek Kahveler, Çekirdek Kahve",Colombia Opal Geisha,1000.00
Walker's Bulvar,Eskisehir,cafe,https://walkers724.com,woo,"Anasayfa Çekirdek Kahveler, Çekirdek Kahve",Colombia Green Apple,950.00
Walker's Bulvar,Eskisehir,cafe,https://walkers724.com,woo,Geçmiş Workshop,Evinin Baristası Ol! – Cold Brew &#038; Japanese Cold Brew &#8211; Batıkent,1000.00
Walker's Bulvar,Eskisehir,cafe,https://walkers724.com,woo,Geçmiş Workshop,Evinin Baristası Ol! – Cold Brew &#038; Japanese Cold Brew &#8211; Çakırlar,1000.00
Walker's Bulvar,Eskisehir,cafe,https://walkers724.com,woo,Geçmiş Workshop,Evinin Baristası Ol! – Cold Brew &#038; Japanese Cold Brew &#8211; Osmangazi,1000.00
Walker's Bulvar,Eskisehir,cafe,https://walkers724.com,woo,Geçmiş Workshop,Evinin Baristası Ol! – Cold Brew &#038; Japanese Cold Brew &#8211; Tunalı,1000.00
Walker's Bulvar,Eskisehir,cafe,https://walkers724.com,woo,"Çekirdek Kahve, Sepet Ürünleri",Costa Rica Perla Negra,720.00
Walker's Bulvar,Eskisehir,cafe,https://walkers724.com,woo,Geçmiş Workshop,Evinin Baristası Ol Ankara 15.03,1000.00
Walker's Bulvar,Eskisehir,cafe,https://walkers724.com,woo,Geçmiş Workshop,Evinin Baristası Ol Eskişehir 15.03,1000.00
Walker's Bulvar,Eskisehir,cafe,https://walkers724.com,woo,Geçmiş Workshop,Evinin Baristası Ol Eskişehir,1000.00
Walker's Bulvar,Eskisehir,cafe,https://walkers724.com,woo,Geçmiş Workshop,Evinin Baristası Ol Ankara,1000.00
Walker's Bulvar,Eskisehir,cafe,https://walkers724.com,woo,Geçmiş Workshop,Evinin Baristası Ol! Ankara 25 Ocak,750.00
Walker's Bulvar,Eskisehir,cafe,https://walkers724.com,woo,,Colombia Maypop,950.00
Walker's Bulvar,Eskisehir,cafe,https://walkers724.com,woo,"Anasayfa Çekirdek Kahveler, Çekirdek Kahve",Colombia Carambolo Natural,572.00
Walker's Bulvar,Eskisehir,cafe,https://walkers724.com,woo,"Çekirdek Kahve, Sepet Ürünleri",Colombia Carambolo Washed,600.00
Walker's Bulvar,Eskisehir,cafe,https://walkers724.com,woo,"Anasayfa Çekirdek Kahveler, Çekirdek Kahve",Brazil Starmaya Natural Anaerobic,660.00
Walker's Bulvar,Eskisehir,cafe,https://walkers724.com,woo,"Anasayfa Çekirdek Kahveler, Çekirdek Kahve",Brazil Sudan Rume Natural Anaerobic,700.00
Walker's Bulvar,Eskisehir,cafe,https://walkers724.com,woo,Geçmiş Workshop,Evinin Baristası Ol! Eskişehir 21 Aralık,750.00
Walker's Bulvar,Eskisehir,cafe,https://walkers724.com,woo,Geçmiş Workshop,Evinin Baristası Ol! Ankara 21 Aralık,750.00
Walker's Bulvar,Eskisehir,cafe,https://walkers724.com,woo,Geçmiş Workshop,Evinin Baristası Ol 16 Kasım Eskişehir,750.00
Walker's Bulvar,Eskisehir,cafe,https://walkers724.com,woo,Geçmiş Workshop,Evinin Baristası Ol 16 Kasım Ankara,750.00
Walker's Bulvar,Eskisehir,cafe,https://walkers724.com,woo,Geçmiş Workshop,Evinin Baristası Ol 26 Ekim Ankara,750.00
Walker's Bulvar,Eskisehir,cafe,https://walkers724.com,woo,Geçmiş Workshop,Evinin Baristası Ol 26 Ekim Eskişehir,750.00
Walker's Bulvar,Eskisehir,cafe,https://walkers724.com,woo,Geçmiş Workshop,Evinin Baristası Ol 19 Ekim Eskişehir,750.00
Walker's Bulvar,Eskisehir,cafe,https://walkers724.com,woo,Geçmiş Workshop,Evinin Baristası Ol 19 Ekim Antalya,750.00
Walker's Bulvar,Eskisehir,cafe,https://walkers724.com,woo,Geçmiş Workshop,Evinin Baristası Ol Ankara 21 Eylül Eskişehir,750.00
Walker's Bulvar,Eskisehir,cafe,https://walkers724.com,woo,Geçmiş Workshop,Evinin Baristası Ol Ankara 21 Eylül Ankara,750.00
Walker's Bulvar,Eskisehir,cafe,https://walkers724.com,woo,Geçmiş Workshop,Evinin Baristası Ol Ankara 7 Eylül,750.00
Walker's Bulvar,Eskisehir,cafe,https://walkers724.com,woo,Geçmiş Workshop,Evinin Baristası Ol Bursa 7 Eylül,750.00
Walker's Bulvar,Eskisehir,cafe,https://walkers724.com,woo,Geçmiş Workshop,Evinin Baristası Ol Bursa 31 Ağustos,750.00
Walker's Bulvar,Eskisehir,cafe,https://walkers724.com,woo,Geçmiş Workshop,Evinin Baristası Ol Ankara 17 Ağustos,750.00
Walker's Bulvar,Eskisehir,cafe,https://walkers724.com,woo,Geçmiş Workshop,Evinin Baristası Ol Eskişehir 17 Ağustos,750.00
Walker's Coffee House,Eskisehir,cafe,https://walkers724.com,woo,"Anasayfa Kültür ve Sanat, Güncel Workshop",Evinin Baristası Ol! – Cold Brew &#038; Japanese Cold Brew &#8211; Batıkent,1000.00
Walker's Coffee House,Eskisehir,cafe,https://walkers724.com,woo,"Anasayfa Kültür ve Sanat, Güncel Workshop",Evinin Baristası Ol! – Cold Brew &#038; Japanese Cold Brew &#8211; Tunalı,1000.00
Walker's Coffee House,Eskisehir,cafe,https://walkers724.com,woo,Geçmiş Workshop,Evinin Baristası Ol! – Cold Brew &#038; Japanese Cold Brew &#8211; Nokta,1000.00
Walker's Coffee House,Eskisehir,cafe,https://walkers724.com,woo,Geçmiş Workshop,Evinin Baristası Ol! – Cold Brew &#038; Japanese Cold Brew &#8211; Batıkent,1000.00
Walker's Coffee House,Eskisehir,cafe,https://walkers724.com,woo,"Anasayfa Çekirdek Kahveler, Çekirdek Kahve",Colombia Las Flores Red Bourbon,720.00
Walker's Coffee House,Eskisehir,cafe,https://walkers724.com,woo,"Anasayfa Çekirdek Kahveler, Çekirdek Kahve",Colombia Gaitania,550.00
Walker's Coffee House,Eskisehir,cafe,https://walkers724.com,woo,"Anasayfa Çekirdek Kahveler, Çekirdek Kahve",Colombia Jairo Arcila,620.00
Walker's Coffee House,Eskisehir,cafe,https://walkers724.com,woo,"Anasayfa Çekirdek Kahveler, Çekirdek Kahve",Colombia Finca El Diviso Ombligon,1200.00
Walker's Coffee House,Eskisehir,cafe,https://walkers724.com,woo,"Anasayfa Çekirdek Kahveler, Çekirdek Kahve",Colombia Opal Geisha,1000.00
Walker's Coffee House,Eskisehir,cafe,https://walkers724.com,woo,"Anasayfa Çekirdek Kahveler, Çekirdek Kahve",Colombia Green Apple,950.00
Walker's Coffee House,Eskisehir,cafe,https://walkers724.com,woo,Geçmiş Workshop,Evinin Baristası Ol! – Cold Brew &#038; Japanese Cold Brew &#8211; Batıkent,1000.00
Walker's Coffee House,Eskisehir,cafe,https://walkers724.com,woo,Geçmiş Workshop,Evinin Baristası Ol! – Cold Brew &#038; Japanese Cold Brew &#8211; Çakırlar,1000.00
Walker's Coffee House,Eskisehir,cafe,https://walkers724.com,woo,Geçmiş Workshop,Evinin Baristası Ol! – Cold Brew &#038; Japanese Cold Brew &#8211; Osmangazi,1000.00
Walker's Coffee House,Eskisehir,cafe,https://walkers724.com,woo,Geçmiş Workshop,Evinin Baristası Ol! – Cold Brew &#038; Japanese Cold Brew &#8211; Tunalı,1000.00
Walker's Coffee House,Eskisehir,cafe,https://walkers724.com,woo,"Çekirdek Kahve, Sepet Ürünleri",Costa Rica Perla Negra,720.00
Walker's Coffee House,Eskisehir,cafe,https://walkers724.com,woo,Geçmiş Workshop,Evinin Baristası Ol Ankara 15.03,1000.00
Walker's Coffee House,Eskisehir,cafe,https://walkers724.com,woo,Geçmiş Workshop,Evinin Baristası Ol Eskişehir 15.03,1000.00
Walker's Coffee House,Eskisehir,cafe,https://walkers724.com,woo,Geçmiş Workshop,Evinin Baristası Ol Eskişehir,1000.00
Walker's Coffee House,Eskisehir,cafe,https://walkers724.com,woo,Geçmiş Workshop,Evinin Baristası Ol Ankara,1000.00
Walker's Coffee House,Eskisehir,cafe,https://walkers724.com,woo,Geçmiş Workshop,Evinin Baristası Ol! Ankara 25 Ocak,750.00
Walker's Coffee House,Eskisehir,cafe,https://walkers724.com,woo,,Colombia Maypop,950.00
Walker's Coffee House,Eskisehir,cafe,https://walkers724.com,woo,"Anasayfa Çekirdek Kahveler, Çekirdek Kahve",Colombia Carambolo Natural,572.00
Walker's Coffee House,Eskisehir,cafe,https://walkers724.com,woo,"Çekirdek Kahve, Sepet Ürünleri",Colombia Carambolo Washed,600.00
Walker's Coffee House,Eskisehir,cafe,https://walkers724.com,woo,"Anasayfa Çekirdek Kahveler, Çekirdek Kahve",Brazil Starmaya Natural Anaerobic,660.00
Walker's Coffee House,Eskisehir,cafe,https://walkers724.com,woo,"Anasayfa Çekirdek Kahveler, Çekirdek Kahve",Brazil Sudan Rume Natural Anaerobic,700.00
Walker's Coffee House,Eskisehir,cafe,https://walkers724.com,woo,Geçmiş Workshop,Evinin Baristası Ol! Eskişehir 21 Aralık,750.00
Walker's Coffee House,Eskisehir,cafe,https://walkers724.com,woo,Geçmiş Workshop,Evinin Baristası Ol! Ankara 21 Aralık,750.00
Walker's Coffee House,Eskisehir,cafe,https://walkers724.com,woo,Geçmiş Workshop,Evinin Baristası Ol 16 Kasım Eskişehir,750.00
Walker's Coffee House,Eskisehir,cafe,https://walkers724.com,woo,Geçmiş Workshop,Evinin Baristası Ol 16 Kasım Ankara,750.00
Walker's Coffee House,Eskisehir,cafe,https://walkers724.com,woo,Geçmiş Workshop,Evinin Baristası Ol 26 Ekim Ankara,750.00
Walker's Coffee House,Eskisehir,cafe,https://walkers724.com,woo,Geçmiş Workshop,Evinin Baristası Ol 26 Ekim Eskişehir,750.00
Walker's Coffee House,Eskisehir,cafe,https://walkers724.com,woo,Geçmiş Workshop,Evinin Baristası Ol 19 Ekim Eskişehir,750.00
Walker's Coffee House,Eskisehir,cafe,https://walkers724.com,woo,Geçmiş Workshop,Evinin Baristası Ol 19 Ekim Antalya,750.00
Walker's Coffee House,Eskisehir,cafe,https://walkers724.com,woo,Geçmiş Workshop,Evinin Baristası Ol Ankara 21 Eylül Eskişehir,750.00
Walker's Coffee House,Eskisehir,cafe,https://walkers724.com,woo,Geçmiş Workshop,Evinin Baristası Ol Ankara 21 Eylül Ankara,750.00
Walker's Coffee House,Eskisehir,cafe,https://walkers724.com,woo,Geçmiş Workshop,Evinin Baristası Ol Ankara 7 Eylül,750.00
Walker's Coffee House,Eskisehir,cafe,https://walkers724.com,woo,Geçmiş Workshop,Evinin Baristası Ol Bursa 7 Eylül,750.00
Walker's Coffee House,Eskisehir,cafe,https://walkers724.com,woo,Geçmiş Workshop,Evinin Baristası Ol Bursa 31 Ağustos,750.00
Walker's Coffee House,Eskisehir,cafe,https://walkers724.com,woo,Geçmiş Workshop,Evinin Baristası Ol Ankara 17 Ağustos,750.00
Walker's Coffee House,Eskisehir,cafe,https://walkers724.com,woo,Geçmiş Workshop,Evinin Baristası Ol Eskişehir 17 Ağustos,750.00
Decorative Art World,Giresun,cafe,https://www.shopier.com,html,,"tutarı üzerinden %2,99 +",0.49
NUT HUNTER,Hatay,cafe,https://www.trendyol.com,html,,icollagen Kolajen Ve Prebiyotik Tablet,350.00
NUT HUNTER,Hatay,cafe,https://www.trendyol.com,html,,Trendyol Plus'a Özel,449.00
NUT HUNTER,Hatay,cafe,https://www.trendyol.com,html,,MOMORDİCA Karnıyarık Otu Mix - 250ml,279.00
NUT HUNTER,Hatay,cafe,https://www.trendyol.com,html,,MOMORDİCA Coconut Mix - 250 ml,212.55
NUT HUNTER,Hatay,cafe,https://www.trendyol.com,html,,Samsung Galaxy A56 5G 8 GB RAM 256 GB Siyah,27499.00
NUT HUNTER,Hatay,cafe,https://www.trendyol.com,html,,THE BATH FACTORY Liberty Vücut Spreyi 200 ML,382.51
NUT HUNTER,Hatay,cafe,https://www.trendyol.com,html,,Zühre Ana Bromelain Ananas İçeren Detox Şurubu,376.00
NUT HUNTER,Hatay,cafe,https://www.trendyol.com,html,,617k kişi favoriledi!,212.55
NUT HUNTER,Hatay,cafe,https://www.trendyol.com,html,,1M kişi favoriledi!,296.90
NUT HUNTER,Hatay,cafe,https://www.trendyol.com,html,,62k kişi favoriledi!,147.71
NUT HUNTER,Hatay,cafe,https://www.trendyol.com,html,,37k kişi favoriledi!,198.50
NUT HUNTER,Hatay,cafe,https://www.trendyol.com,html,,4k kişi favoriledi!,73.50
NUT HUNTER,Hatay,cafe,https://www.trendyol.com,html,,10k kişi favoriledi!,5372.25
NUT HUNTER,Hatay,cafe,https://www.trendyol.com,html,,61k kişi favoriledi!,105.55
NUT HUNTER,Hatay,cafe,https://www.trendyol.com,html,,735k kişi favoriledi!,264.56
NUT HUNTER,Hatay,cafe,https://www.trendyol.com,html,,5k kişi favoriledi!,307.90
NUT HUNTER,Hatay,cafe,https://www.trendyol.com,html,,55k kişi favoriledi!,69.79
NUT HUNTER,Hatay,cafe,https://www.trendyol.com,html,,28k kişi favoriledi!,72.97
NUT HUNTER,Hatay,cafe,https://www.trendyol.com,html,,3k kişi favoriledi!,445.90
NUT HUNTER,Hatay,cafe,https://www.trendyol.com,html,,52k kişi favoriledi!,279.00
NUT HUNTER,Hatay,cafe,https://www.trendyol.com,html,,990k kişi favoriledi!,249.90
NUT HUNTER,Hatay,cafe,https://www.trendyol.com,html,,48k kişi favoriledi!,499.00
NUT HUNTER,Hatay,cafe,https://www.trendyol.com,html,,157k kişi favoriledi!,269.00
NUT HUNTER,Hatay,cafe,https://www.trendyol.com,html,,557k kişi favoriledi!,549.00
464 Yeniköy,Istanbul,restaurant,https://www.yenikoy464.com,html,,FİYATI,58.00
A.Ç.T DÜRÜM ve MEZE,Istanbul,restaurant,https://qrmenu.actdurum.com,html,,Fiyat,130.00
Ada Tesisleri,Istanbul,restaurant,https://www.adatesisleri.com.tr,woo,Flowers,Gery,130.00
Ada Tesisleri,Istanbul,restaurant,https://www.adatesisleri.com.tr,woo,Flowers,Granderson,115.00
Ada Tesisleri,Istanbul,restaurant,https://www.adatesisleri.com.tr,woo,Flowers,Norah,89.00
Ada Tesisleri,Istanbul,restaurant,https://www.adatesisleri.com.tr,woo,Flowers,Beulah,97.00
Ada Tesisleri,Istanbul,restaurant,https://www.adatesisleri.com.tr,woo,giftcard,Wedding Winery,1950.00
Ada Tesisleri,Istanbul,restaurant,https://www.adatesisleri.com.tr,woo,giftcard,Wedding cake,395.00
Ada Tesisleri,Istanbul,restaurant,https://www.adatesisleri.com.tr,woo,giftcard,Bridal Flowers,195.00
Ada Tesisleri,Istanbul,restaurant,https://www.adatesisleri.com.tr,woo,giftcard,Bridal Dress Botique,3950.00
Ada Tesisleri,Istanbul,restaurant,https://www.adatesisleri.com.tr,woo,Ready to wear,Aurora dress,1980.00
Ada Tesisleri,Istanbul,restaurant,https://www.adatesisleri.com.tr,woo,Ready to wear,Nolina &#8211; lace top &#8211; fall 2018,2058.00
Ada Tesisleri,Istanbul,restaurant,https://www.adatesisleri.com.tr,woo,Ready to wear,Mira &#8211; skirt,1280.00
Ada Tesisleri,Istanbul,restaurant,https://www.adatesisleri.com.tr,woo,Jewelry,Saskia Hoop Earrings,970.00
Ada Tesisleri,Istanbul,restaurant,https://www.adatesisleri.com.tr,woo,Jewelry,Hermia Hoop Earrings,660.00
Ada Tesisleri,Istanbul,restaurant,https://www.adatesisleri.com.tr,woo,Jewelry,Ziva Hoop Earrings,589.00
Ada Tesisleri,Istanbul,restaurant,https://www.adatesisleri.com.tr,woo,Jewelry,Raisa Drop Earrings,190.00
Ada Tesisleri,Istanbul,restaurant,https://www.adatesisleri.com.tr,woo,Bridal Dress,Aura dress,3492.00
Ada Tesisleri,Istanbul,restaurant,https://www.adatesisleri.com.tr,woo,Bridal Dress,Pascaline dress,3801.00
Ada Tesisleri,Istanbul,restaurant,https://www.adatesisleri.com.tr,woo,Bridal Dress,Laine dress,4253.00
Ada Tesisleri,Istanbul,restaurant,https://www.adatesisleri.com.tr,woo,Bridal Dress,Montana &#8211; Fall 2018,3587.00
Amara Şile Ocakbaşı Restoran,Istanbul,restaurant,https://amarasile.com,woo,Mezeler,FAVA,250.00
Amara Şile Ocakbaşı Restoran,Istanbul,restaurant,https://amarasile.com,woo,Mezeler,ACILI EZME,250.00
Amara Şile Ocakbaşı Restoran,Istanbul,restaurant,https://amarasile.com,woo,Mezeler,KÖPOGLU,250.00
Amara Şile Ocakbaşı Restoran,Istanbul,restaurant,https://amarasile.com,woo,Mezeler,PATLICAN SALATASI,250.00
Amara Şile Ocakbaşı Restoran,Istanbul,restaurant,https://amarasile.com,woo,Mezeler,KIRMIZI PANCAR,250.00
Amara Şile Ocakbaşı Restoran,Istanbul,restaurant,https://amarasile.com,woo,Mezeler,KURU CACIK,250.00
Amara Şile Ocakbaşı Restoran,Istanbul,restaurant,https://amarasile.com,woo,Mezeler,SEMİZOTU,250.00
Amara Şile Ocakbaşı Restoran,Istanbul,restaurant,https://amarasile.com,woo,Mezeler,HUMUS,250.00
Amara Şile Ocakbaşı Restoran,Istanbul,restaurant,https://amarasile.com,woo,Mezeler,HAVUÇ TARATOR,250.00
Amara Şile Ocakbaşı Restoran,Istanbul,restaurant,https://amarasile.com,woo,Mezeler,ŞAKŞUKA,250.00
Amara Şile Ocakbaşı Restoran,Istanbul,restaurant,https://amarasile.com,woo,Mezeler,HAYDARİ,250.00
Amara Şile Ocakbaşı Restoran,Istanbul,restaurant,https://amarasile.com,woo,Mezeler,ATOM,250.00
Amara Şile Ocakbaşı Restoran,Istanbul,restaurant,https://amarasile.com,woo,Mezeler,GİRİT EZMESİ,250.00
Amara Şile Ocakbaşı Restoran,Istanbul,restaurant,https://amarasile.com,woo,Tekila,TEKİLA SHOT,300.00
Amara Şile Ocakbaşı Restoran,Istanbul,restaurant,https://amarasile.com,woo,Viski,Viski Shot,300.00
Amara Şile Ocakbaşı Restoran,Istanbul,restaurant,https://amarasile.com,woo,Viski,VİSKİ KADEH,500.00
Amara Şile Ocakbaşı Restoran,Istanbul,restaurant,https://amarasile.com,woo,Vodka,VOTKA KADEH,400.00
Amara Şile Ocakbaşı Restoran,Istanbul,restaurant,https://amarasile.com,woo,Cin,CİN KADEH,400.00
Amara Şile Ocakbaşı Restoran,Istanbul,restaurant,https://amarasile.com,woo,Rakı,EFE GOLD 50 CL,2000.00
Amara Şile Ocakbaşı Restoran,Istanbul,restaurant,https://amarasile.com,woo,Rakı,Beylerbeyi Terra Gold 70 cl,2700.00
Amara Şile Ocakbaşı Restoran,Istanbul,restaurant,https://amarasile.com,woo,Rakı,Beylerbeyi Terra Gold 50 cl,1950.00
Amara Şile Ocakbaşı Restoran,Istanbul,restaurant,https://amarasile.com,woo,Rakı,Beylerbeyi Terra Gold 35 cl,1750.00
Amara Şile Ocakbaşı Restoran,Istanbul,restaurant,https://amarasile.com,woo,Rakı,Beylerbeyi Göbek 50 cl,2100.00
Amara Şile Ocakbaşı Restoran,Istanbul,restaurant,https://amarasile.com,woo,Rakı,Beylerbeyi Göbek 20 cl,1400.00
Amara Şile Ocakbaşı Restoran,Istanbul,restaurant,https://amarasile.com,woo,Rakı,Beylerbeyi Mavi 70 cl,2550.00
Amara Şile Ocakbaşı Restoran,Istanbul,restaurant,https://amarasile.com,woo,Rakı,Beylerbeyi Mavi 50 cl,1750.00
Amara Şile Ocakbaşı Restoran,Istanbul,restaurant,https://amarasile.com,woo,Rakı,Beylerbeyi Mavi 35 cl,1650.00
Amara Şile Ocakbaşı Restoran,Istanbul,restaurant,https://amarasile.com,woo,Rakı,Tekirdağ Altın Seri Rezerv 70 cl,2750.00
Amara Şile Ocakbaşı Restoran,Istanbul,restaurant,https://amarasile.com,woo,Rakı,Tekirdağ Altın Seri Rezerv 35 cl,1250.00
Amara Şile Ocakbaşı Restoran,Istanbul,restaurant,https://amarasile.com,woo,Rakı,Tekirdağ Altın Seri 50 cl,2000.00
Amara Şile Ocakbaşı Restoran,Istanbul,restaurant,https://amarasile.com,woo,Rakı,Tekirdağ Altın Seri 20 cl,1250.00
Amara Şile Ocakbaşı Restoran,Istanbul,restaurant,https://amarasile.com,woo,Rakı,Tekirdağ 50 cl,1950.00
Amara Şile Ocakbaşı Restoran,Istanbul,restaurant,https://amarasile.com,woo,Rakı,Tekirdağ 20 cl,1200.00
Amara Şile Ocakbaşı Restoran,Istanbul,restaurant,https://amarasile.com,woo,Rakı,Yeni Rakı Yeni Seri 50 cl,1900.00
Amara Şile Ocakbaşı Restoran,Istanbul,restaurant,https://amarasile.com,woo,Rakı,Yeni Rakı Yeni Seri 20 cl,1300.00
Amara Şile Ocakbaşı Restoran,Istanbul,restaurant,https://amarasile.com,woo,Rakı,Yeni Rakı 50 cl,1800.00
Amara Şile Ocakbaşı Restoran,Istanbul,restaurant,https://amarasile.com,woo,Rakı,Yeni Rakı 20 cl,1100.00
Amara Şile Ocakbaşı Restoran,Istanbul,restaurant,https://amarasile.com,woo,Rakı,RAKI DUBLE,500.00
Amara Şile Ocakbaşı Restoran,Istanbul,restaurant,https://amarasile.com,woo,Rakı,YENİ RAKI ALA 70 CL,2700.00
Amara Şile Ocakbaşı Restoran,Istanbul,restaurant,https://amarasile.com,woo,Rakı,YENİ RAKI ALA 35 CL,1650.00
Amara Şile Ocakbaşı Restoran,Istanbul,restaurant,https://amarasile.com,woo,Rakı,BEYLERBEYİ GÖBEK 70 CL,3800.00
Amara Şile Ocakbaşı Restoran,Istanbul,restaurant,https://amarasile.com,woo,Rakı,BEYLERBEYİ GÖBEK 35 CL,2000.00
Amara Şile Ocakbaşı Restoran,Istanbul,restaurant,https://amarasile.com,woo,Rakı,EFE GOLD 70 CL,2600.00
Amara Şile Ocakbaşı Restoran,Istanbul,restaurant,https://amarasile.com,woo,Rakı,EFE GOLD 35 CL,1500.00
Amara Şile Ocakbaşı Restoran,Istanbul,restaurant,https://amarasile.com,woo,Rakı,TEKİRDAĞ GOLD 70 CL,2750.00
Amara Şile Ocakbaşı Restoran,Istanbul,restaurant,https://amarasile.com,woo,Rakı,TEKİRDAĞ GOLD 35 CL,1650.00
Amara Şile Ocakbaşı Restoran,Istanbul,restaurant,https://amarasile.com,woo,Rakı,TEKİRDAĞ RAKI 70 CL,2600.00
Amara Şile Ocakbaşı Restoran,Istanbul,restaurant,https://amarasile.com,woo,Rakı,TEKİRDAĞ 35 CL,1550.00
Amara Şile Ocakbaşı Restoran,Istanbul,restaurant,https://amarasile.com,woo,Rakı,YENİ RAKI YENİ SERİ 70 CL,2800.00
Amara Şile Ocakbaşı Restoran,Istanbul,restaurant,https://amarasile.com,woo,Rakı,YENİ RAKI YENİ SERİ 35 CL,1650.00
Amara Şile Ocakbaşı Restoran,Istanbul,restaurant,https://amarasile.com,woo,Rakı,YENİ RAKI 70 CL,2800.00
Amara Şile Ocakbaşı Restoran,Istanbul,restaurant,https://amarasile.com,woo,Rakı,YENİ RAKI 35 CL,1650.00
Amara Şile Ocakbaşı Restoran,Istanbul,restaurant,https://amarasile.com,woo,Bira,EFES MALT 50 CL,200.00
Amara Şile Ocakbaşı Restoran,Istanbul,restaurant,https://amarasile.com,woo,Bira,HEİNEKEN 33 CL,250.00
Amara Şile Ocakbaşı Restoran,Istanbul,restaurant,https://amarasile.com,woo,Bira,GULUTENSİZ BİRA,250.00
Amara Şile Ocakbaşı Restoran,Istanbul,restaurant,https://amarasile.com,woo,Bira,CORONA 35 CL,250.00
Amara Şile Ocakbaşı Restoran,Istanbul,restaurant,https://amarasile.com,woo,Bira,BECKS 33 CL,250.00
Amara Şile Ocakbaşı Restoran,Istanbul,restaurant,https://amarasile.com,woo,Bira,MİLLER 33 CL,250.00
Amara Şile Ocakbaşı Restoran,Istanbul,restaurant,https://amarasile.com,woo,Bira,BUD 33 CL,250.00
Amara Şile Ocakbaşı Restoran,Istanbul,restaurant,https://amarasile.com,woo,Bira,EFES PİLSEN 33 CL,230.00
Amara Şile Ocakbaşı Restoran,Istanbul,restaurant,https://amarasile.com,woo,Bira,BOMONTİ FİLTRESİZ 33 CL,250.00
Amara Şile Ocakbaşı Restoran,Istanbul,restaurant,https://amarasile.com,woo,Likör,Jager Shot,300.00
Amara Şile Ocakbaşı Restoran,Istanbul,restaurant,https://amarasile.com,woo,Likör,Tekila Shot,300.00
Amara Şile Ocakbaşı Restoran,Istanbul,restaurant,https://amarasile.com,woo,Likör,BAİLEYS,300.00
Amara Şile Ocakbaşı Restoran,Istanbul,restaurant,https://amarasile.com,woo,Likör,MALİBU,300.00
Amara Şile Ocakbaşı Restoran,Istanbul,restaurant,https://amarasile.com,woo,Likör,SAFARİ,300.00
Amara Şile Ocakbaşı Restoran,Istanbul,restaurant,https://amarasile.com,woo,Kokteyller,Baileys Americano,450.00
Amara Şile Ocakbaşı Restoran,Istanbul,restaurant,https://amarasile.com,woo,Kokteyller,Jager Bomb,450.00
Amara Şile Ocakbaşı Restoran,Istanbul,restaurant,https://amarasile.com,woo,Kokteyller,LYNCHBURG LEMONADE,450.00
Amara Şile Ocakbaşı Restoran,Istanbul,restaurant,https://amarasile.com,woo,Kokteyller,CİN FİZZ,500.00
Amara Şile Ocakbaşı Restoran,Istanbul,restaurant,https://amarasile.com,woo,Kokteyller,MARGHARİTA,450.00
Amara Şile Ocakbaşı Restoran,Istanbul,restaurant,https://amarasile.com,woo,Kokteyller,LONG ISLAND ICE TEA,550.00
Amara Şile Ocakbaşı Restoran,Istanbul,restaurant,https://amarasile.com,woo,Kokteyller,TEKİLA SUNRİSE,450.00
Amara Şile Ocakbaşı Restoran,Istanbul,restaurant,https://amarasile.com,woo,Kokteyller,COSMOPOLİTAN,450.00
Amara Şile Ocakbaşı Restoran,Istanbul,restaurant,https://amarasile.com,woo,Kokteyller,SEX ON THE BEACH,450.00
Amara Şile Ocakbaşı Restoran,Istanbul,restaurant,https://amarasile.com,woo,Kokteyller,MOJİTO,450.00
Amara Şile Ocakbaşı Restoran,Istanbul,restaurant,https://amarasile.com,woo,Roze Şaraplar,PORTA DİVERTİ ROZE,2550.00
Amara Şile Ocakbaşı Restoran,Istanbul,restaurant,https://amarasile.com,woo,Roze Şaraplar,TALAY BLUSH,2000.00
Amara Şile Ocakbaşı Restoran,Istanbul,restaurant,https://amarasile.com,woo,Roze Şaraplar,VERANO BLUSH,2000.00
Amara Şile Ocakbaşı Restoran,Istanbul,restaurant,https://amarasile.com,woo,Roze Şaraplar,SARAFİN ROZE,3500.00
Amara Şile Ocakbaşı Restoran,Istanbul,restaurant,https://amarasile.com,woo,Roze Şaraplar,DOLUCA KLASİK ROZE 70 CL,2000.00
Amara Şile Ocakbaşı Restoran,Istanbul,restaurant,https://amarasile.com,woo,Roze Şaraplar,ŞARAP KADEH ROZE,550.00
Amara Şile Ocakbaşı Restoran,Istanbul,restaurant,https://amarasile.com,woo,Beyaz Şaraplar,PORTA CAELİ FELİCİ,2650.00
Amara Şile Ocakbaşı Restoran,Istanbul,restaurant,https://amarasile.com,woo,Beyaz Şaraplar,PORTA DİVERTİ S.BLANC,2550.00
Amara Şile Ocakbaşı Restoran,Istanbul,restaurant,https://amarasile.com,woo,Beyaz Şaraplar,PORTA CAELİ PACEM,2850.00
Amara Şile Ocakbaşı Restoran,Istanbul,restaurant,https://amarasile.com,woo,Beyaz Şaraplar,TALAY DÖMİSEK,2000.00
Amara Şile Ocakbaşı Restoran,Istanbul,restaurant,https://amarasile.com,woo,Beyaz Şaraplar,TALAY ÇAVUŞ,2000.00
Amara Şile Ocakbaşı Restoran,Istanbul,restaurant,https://amarasile.com,woo,Beyaz Şaraplar,TALAY ASSOS CHORDONAY,2000.00
Amara Şile Ocakbaşı Restoran,Istanbul,restaurant,https://amarasile.com,woo,Beyaz Şaraplar,SARAFİN FÜME BLANC,3500.00
Amara Şile Ocakbaşı Restoran,Istanbul,restaurant,https://amarasile.com,woo,Beyaz Şaraplar,SARAFİN CHARDONNAY,3500.00
Amara Şile Ocakbaşı Restoran,Istanbul,restaurant,https://amarasile.com,woo,Beyaz Şaraplar,SARAFİN SAUVİGNON BLANC,3500.00
Amara Şile Ocakbaşı Restoran,Istanbul,restaurant,https://amarasile.com,woo,Beyaz Şaraplar,ŞARAP KADEH BEYAZ,550.00
Amara Şile Ocakbaşı Restoran,Istanbul,restaurant,https://amarasile.com,woo,Kırmızı Şaraplar,PORTA CAELİ AMENT,3500.00
Amara Şile Ocakbaşı Restoran,Istanbul,restaurant,https://amarasile.com,woo,Kırmızı Şaraplar,PORTA DİVERTİ KIRMIZI,2250.00
Amara Şile Ocakbaşı Restoran,Istanbul,restaurant,https://amarasile.com,woo,Kırmızı Şaraplar,TALAY CABERNET SAUVİĞNON,2000.00
Amara Şile Ocakbaşı Restoran,Istanbul,restaurant,https://amarasile.com,woo,Kırmızı Şaraplar,TALAY MALBEC,2000.00
Amara Şile Ocakbaşı Restoran,Istanbul,restaurant,https://amarasile.com,woo,Kırmızı Şaraplar,TALAY KUNTRA,2000.00
Amara Şile Ocakbaşı Restoran,Istanbul,restaurant,https://amarasile.com,woo,Kırmızı Şaraplar,SARAFİN CABERNET SAUVİGNON,3500.00
Amara Şile Ocakbaşı Restoran,Istanbul,restaurant,https://amarasile.com,woo,Kırmızı Şaraplar,SARAFİN CABERNET SAUVİGNON,3500.00
Amara Şile Ocakbaşı Restoran,Istanbul,restaurant,https://amarasile.com,woo,Kırmızı Şaraplar,SARAFİN SHİRAZ,3500.00
Arda Ocakbaşı,Istanbul,restaurant,https://www.ardaocakbasi.com,woo,Sushi,Thai Roll,38.00
Arda Ocakbaşı,Istanbul,restaurant,https://www.ardaocakbasi.com,woo,Sushi,Nigiri Salmon,30.00
Arda Ocakbaşı,Istanbul,restaurant,https://www.ardaocakbasi.com,woo,Sushi,FujiSan,27.00
Arda Ocakbaşı,Istanbul,restaurant,https://www.ardaocakbasi.com,woo,Sushi,Teriyaki Roll,35.00
Arda Ocakbaşı,Istanbul,restaurant,https://www.ardaocakbasi.com,woo,Pralines,Sweet Suprise,27.00
Arda Ocakbaşı,Istanbul,restaurant,https://www.ardaocakbasi.com,woo,Pralines,Choco Passion,17.00
Arda Ocakbaşı,Istanbul,restaurant,https://www.ardaocakbasi.com,woo,Pralines,Creamy Cake,31.00
Arda Ocakbaşı,Istanbul,restaurant,https://www.ardaocakbasi.com,woo,Pralines,Almond Bar,29.00
Arda Ocakbaşı,Istanbul,restaurant,https://www.ardaocakbasi.com,woo,Pralines,Lemon Cake,35.00
Arda Ocakbaşı,Istanbul,restaurant,https://www.ardaocakbasi.com,woo,Pralines,Blueberry Cream,30.00
Arda Ocakbaşı,Istanbul,restaurant,https://www.ardaocakbasi.com,woo,Pralines,Crunch Pralines,33.00
Arda Ocakbaşı,Istanbul,restaurant,https://www.ardaocakbasi.com,woo,Pralines,Choco Pralines,15.00
Arda Ocakbaşı,Istanbul,restaurant,https://www.ardaocakbasi.com,woo,Chocolate,Caramel &#038; Nut,21.00
Arda Ocakbaşı,Istanbul,restaurant,https://www.ardaocakbasi.com,woo,Chocolate,Black And White,15.00
Arda Ocakbaşı,Istanbul,restaurant,https://www.ardaocakbasi.com,woo,Chocolate,Choco Creme,19.00
Arda Ocakbaşı,Istanbul,restaurant,https://www.ardaocakbasi.com,woo,Chocolate,Sweet Bite,25.00
Arda Ocakbaşı,Istanbul,restaurant,https://www.ardaocakbasi.com,woo,Chocolate,Pecan Sandies,27.00
Arda Ocakbaşı,Istanbul,restaurant,https://www.ardaocakbasi.com,woo,Chocolate,Whiskey Cream,30.00
Asuman,Istanbul,cafe,https://www.asuman.com,html,,15'li Kalpli Çikolata,1250.00
Asuman,Istanbul,cafe,https://www.asuman.com,html,,Beyaz Çikolata Kaplı Çilek Draje,810.00
Asuman,Istanbul,cafe,https://www.asuman.com,html,,Sütlü Çikolata Kaplı Çilek Draje,810.00
Asuman,Istanbul,cafe,https://www.asuman.com,html,,Fıstıklı Roş Sütlü Çikolata,975.00
Asuman,Istanbul,cafe,https://www.asuman.com,html,,Fıstıklı Bitter Roş Çikolata,975.00
Asuman,Istanbul,cafe,https://www.asuman.com,html,,Antep Fıstıklı Bitter Kırma Çikolata,1950.00
Asuman,Istanbul,cafe,https://www.asuman.com,html,,Fındıklı Sütlü Kırma Çikolata,1950.00
Asuman,Istanbul,cafe,https://www.asuman.com,html,,Antep Fıstıklı Beyaz Kırma Çikolata,1950.00
Asuman,Istanbul,cafe,https://www.asuman.com,html,,Fındıklı Beyaz Kırma Çikolata,1950.00
Asuman,Istanbul,cafe,https://www.asuman.com,html,,Antep Fıstıklı Sütlü Kırma Çikolata,1950.00
Asuman,Istanbul,cafe,https://www.asuman.com,html,,Hediye Kutusu | Anadolu Dokunuşu,2195.00
Asuman,Istanbul,cafe,https://www.asuman.com,html,,Kadayıflı Antep Fıstıklı Sütlü Çikolata,595.00
Asuman,Istanbul,cafe,https://www.asuman.com,html,,"54'lü Anadolu, Kartela ve Tuzlu Karamelli Koleksiyonu",3120.00
Asuman,Istanbul,cafe,https://www.asuman.com,html,,"54'lü Anadolu, Kartela ve Patlayan Şeker Koleksiyonu",3120.00
Asuman,Istanbul,cafe,https://www.asuman.com,html,,"54'lü Patlayan Şeker, Guru ve Tuzlu Karamelli Koleksiyonu",3120.00
Asuman,Istanbul,cafe,https://www.asuman.com,html,,"54'lü Anadolu, Tuzlu Karamelli ve Patlayan Şeker Koleksiyonu",3120.00
Asuman,Istanbul,cafe,https://www.asuman.com,html,,"54'lü Anadolu, Guru ve Tuzlu Karamelli Koleksiyonu",3120.00
Asuman,Istanbul,cafe,https://www.asuman.com,html,,Portakallı Bitter Çubuk Çikolata,975.00
Asuman,Istanbul,cafe,https://www.asuman.com,html,,Asuman X Tapis Pembe Tişört,895.00
Asuman,Istanbul,cafe,https://www.asuman.com,html,,5'li Tablet Çikolata Set,1100.00
Ays Lab Bakery,Istanbul,cafe,https://ayslabbakery.com,woo,FIRIN LEZZETLERİ,ANNE BÖREĞİ,30.00
Ays Lab Bakery,Istanbul,cafe,https://ayslabbakery.com,woo,FIRIN LEZZETLERİ,ANNE AÇMASI,15.00
Ays Lab Bakery,Istanbul,cafe,https://ayslabbakery.com,woo,TATLILAR,DUBAİ CHEESECAKE,150.00
Ays Lab Bakery,Istanbul,cafe,https://ayslabbakery.com,woo,TATLILAR,SUPANGLE,50.00
Ays Lab Bakery,Istanbul,cafe,https://ayslabbakery.com,woo,TATLILAR,TİRAMİSU,70.00
Ays Lab Bakery,Istanbul,cafe,https://ayslabbakery.com,woo,TATLILAR,MAGNOLİA,80.00
Ays Lab Bakery,Istanbul,cafe,https://ayslabbakery.com,woo,FIRIN LEZZETLERİ,ANNE POĞAÇASI,10.00
Ays Lab Bakery,Istanbul,cafe,https://ayslabbakery.com,woo,ÖZEL TASARIM PASTA,Özel Tasarım Pasta,450.00
Baba Söğüş,Istanbul,restaurant,https://www.shopier.com,html,,"tutarı üzerinden %2,99 +",0.49
Baklava Hanem,Istanbul,restaurant,https://www.baklavahanem.com.tr,woo,,Henectus tincidunt,429.00
Baklava Hanem,Istanbul,restaurant,https://www.baklavahanem.com.tr,woo,,Ornare auctor,429.00
Baklava Hanem,Istanbul,restaurant,https://www.baklavahanem.com.tr,woo,Furniture,Eames plastic side chair,99.00
Baklava Hanem,Istanbul,restaurant,https://www.baklavahanem.com.tr,woo,Furniture,Augue adipiscing euismod,199.00
Baklava Hanem,Istanbul,restaurant,https://www.baklavahanem.com.tr,woo,Toys,iPhone dock,349.00
Baklava Hanem,Istanbul,restaurant,https://www.baklavahanem.com.tr,woo,,Wine bottle lantern,399.00
Baklava Hanem,Istanbul,restaurant,https://www.baklavahanem.com.tr,woo,Cooking,Decoration wooden present,89.00
Baklava Hanem,Istanbul,restaurant,https://www.baklavahanem.com.tr,woo,Clocks,Panton tunior chair,199.00
Baklava Hanem,Istanbul,restaurant,https://www.baklavahanem.com.tr,woo,Lighting,Smart watches wood edition,599.00
Baklava Hanem,Istanbul,restaurant,https://www.baklavahanem.com.tr,woo,Furniture,Wooden single drawer,89.00
Baklava Hanem,Istanbul,restaurant,https://www.baklavahanem.com.tr,woo,Furniture,Classic wooden chair,299.00
Baklava Hanem,Istanbul,restaurant,https://www.baklavahanem.com.tr,woo,Furniture,Eames lounge chair,399.00
Bambi Cafe,Istanbul,restaurant,https://www.bambicafe.com.tr,html,,Sucuklu Kaşarlı Tost,200.00
Bambi Cafe,Istanbul,restaurant,https://www.bambicafe.com.tr,html,,Bambiburger,285.00
Basri Baba İstanbul,Istanbul,restaurant,https://www.basribaba.com.tr,html,,Hendrick's 10 cl: 10 cl servis. (≈220 kcal),950.00
Basri Baba İstanbul,Istanbul,restaurant,https://www.basribaba.com.tr,html,,Özel Seçkiler: Selection (,3750.00
Basri Baba İstanbul,Istanbul,restaurant,https://www.basribaba.com.tr,html,,Jägermeister 10 cl,650.00
Basri Baba İstanbul,Istanbul,restaurant,https://www.basribaba.com.tr,html,,Yeni Rakı 70 cl: Tek,350.00
Basri Baba İstanbul,Istanbul,restaurant,https://www.basribaba.com.tr,html,,Bacardi 10 cl: Double servis. (≈220 kcal),650.00
Basri Baba İstanbul,Istanbul,restaurant,https://www.basribaba.com.tr,html,,Sarafin Merlot Cabernet Franc: Kadeh,700.00
Basri Baba İstanbul,Istanbul,restaurant,https://www.basribaba.com.tr,html,,Ruffino Prosecco 70 cl,8150.00
Basri Baba İstanbul,Istanbul,restaurant,https://www.basribaba.com.tr,html,,Don Julio Blanco 5 cl: Shot. (≈105 kcal),900.00
Basri Baba İstanbul,Istanbul,restaurant,https://www.basribaba.com.tr,html,,Chivas 12: 35 cl (,4950.00
Basri Baba İstanbul,Istanbul,restaurant,https://www.basribaba.com.tr,html,,Macallan 15 70 cl: Şişe,26500.00
Basri Baba İstanbul,Istanbul,restaurant,https://www.basribaba.com.tr,html,,Belvedere: 10 cl (,1500.00
Beltur,Istanbul,cafe,https://beltur.istanbul,html,,Hafta İçi,600.00
Beltur Caddebostan Sahil Kafe,Istanbul,cafe,https://www.beltur.istanbul,html,,Hafta İçi,600.00
Beltur Cafe,Istanbul,cafe,https://www.beltur.istanbul,html,,Hafta İçi,600.00
Beltur Cafe,Istanbul,cafe,https://www.beltur.istanbul,html,,Hafta İçi,600.00
Beltur kafe,Istanbul,cafe,https://www.beltur.istanbul,html,,Hafta İçi,600.00
Beltur Kafe,Istanbul,cafe,https://www.beltur.istanbul,html,,Hafta İçi,600.00
Beltur Kafe,Istanbul,cafe,https://www.beltur.istanbul,html,,Hafta İçi,600.00
Beltur Mini Kartal Atatürk Parkı,Istanbul,cafe,https://beltur.istanbul,html,,Hafta İçi,600.00
Beltur Restaurant,Istanbul,restaurant,https://www.beltur.istanbul,html,,Hafta İçi,600.00
Beny Burger House & Cafeteria,Istanbul,restaurant,https://beny.com.tr,html,,200 gr · 620 kcal,60.00
Beny Burger House & Cafeteria,Istanbul,restaurant,https://beny.com.tr,html,,150 gr · 375 kcal,80.00
Beny Burger House & Cafeteria,Istanbul,restaurant,https://beny.com.tr,html,,50 gr,40.00
BEX Coffee & Chocolate,Istanbul,cafe,https://bexcoffee.com,html,,Filtre Kahve 250 gr,375.00
BEX Coffee & Chocolate,Istanbul,cafe,https://bexcoffee.com,html,,Espresso 250 gr,375.00
BEX Coffee & Chocolate,Istanbul,cafe,https://bexcoffee.com,html,,Türk Kahvesi 250 gr,300.00
Blum Coffee House,Istanbul,cafe,https://www.blumcoffeehouse.com,html,,Normal Fiyat,540.00
Blum Coffee House,Istanbul,cafe,https://www.blumcoffeehouse.com,html,,Ürün:,540.00
Bülent Börekçilik,Istanbul,restaurant,https://www.bulentborekcilik.com,woo,Kıymalı Kol Böreği,3 KG KIYMALI BÜLENT KOL BÖREĞİ,2688.00
Bülent Börekçilik,Istanbul,restaurant,https://www.bulentborekcilik.com,woo,Kıymalı Kol Böreği,2 KG KIYMALI BÜLENT KOL BÖREĞİ,1792.00
Bülent Börekçilik,Istanbul,restaurant,https://www.bulentborekcilik.com,woo,Kıymalı Kol Böreği,1 KG KIYMALI BÜLENT KOL BÖREĞİ,896.00
Bülent Börekçilik,Istanbul,restaurant,https://www.bulentborekcilik.com,woo,Ispanaklı Peynirli Börek,3 KG CEVİZLİ BÜLENT BAKLAVA,2688.00
Bülent Börekçilik,Istanbul,restaurant,https://www.bulentborekcilik.com,woo,Cevizli Baklava,2 KG CEVİZLİ BÜLENT BAKLAVA,1792.00
Bülent Börekçilik,Istanbul,restaurant,https://www.bulentborekcilik.com,woo,Cevizli Baklava,1 KG CEVİZLİ BÜLENT BAKLAVA,896.00
Bülent Börekçilik,Istanbul,restaurant,https://www.bulentborekcilik.com,woo,Ispanaklı Peynirli Börek,3 KG PEYNİRLİ ISPANAKLI BÜLENT BÖREK,2688.00
Bülent Börekçilik,Istanbul,restaurant,https://www.bulentborekcilik.com,woo,Ispanaklı Peynirli Börek,2 KG PEYNİRLİ ISPANAKLI BÜLENT BÖREK,1792.00
Bülent Börekçilik,Istanbul,restaurant,https://www.bulentborekcilik.com,woo,Ispanaklı Peynirli Börek,1 KG PEYNİRLİ ISPANAKLI BÜLENT BÖREK,896.00
Bülent Börekçilik,Istanbul,restaurant,https://www.bulentborekcilik.com,woo,,18 KG PEYNİRLİ BÜLENT BÖREK,16128.00
Bülent Börekçilik,Istanbul,restaurant,https://www.bulentborekcilik.com,woo,,9 KG PEYNİRLİ BÜLENT BÖREK,8064.00
Bülent Börekçilik,Istanbul,restaurant,https://www.bulentborekcilik.com,woo,,"4,5 KG PEYNİRLİ BÜLENT BÖREK",4032.00
Bülent Börekçilik,Istanbul,restaurant,https://www.bulentborekcilik.com,woo,,3 KG PEYNİRLİ BÜLENT BÖREK,2688.00
Bülent Börekçilik,Istanbul,restaurant,https://www.bulentborekcilik.com,woo,,2 KG PEYNİRLİ BÜLENT BÖREK,1792.00
Bülent Börekçilik,Istanbul,restaurant,https://www.bulentborekcilik.com,woo,,1 KG PEYNİRLİ BÜLENT BÖREK,896.00
Cajun Corner,Istanbul,fast_food,https://cajuncorner.com.tr,html,,Yatırım Bütçeniz Nedir? *,5000000.00
Ceviz Ağacı,Istanbul,restaurant,https://cevizagaci.com,html,,Ürün Detayı,400.00
Ceviz Ağacı,Istanbul,restaurant,https://cevizagaci.com,html,,En Çok Satanlar,510.00
Ceviz Ağacı,Istanbul,restaurant,https://cevizagaci.com,html,,Tüm Fırsatlar,400.00
Clean Cup Coffee,Istanbul,cafe,https://cleancup.coffee,woo,Filtre,Brazil Capadocia,248.00
Clean Cup Coffee,Istanbul,cafe,https://cleancup.coffee,woo,Filtre,Burundi Busasa,248.00
Clean Cup Coffee,Istanbul,cafe,https://cleancup.coffee,woo,"Espresso, Filtre",Rwanda Akagera,228.00
Clean Cup Coffee,Istanbul,cafe,https://cleancup.coffee,woo,Filtre,Indonesia Pagi Nampak,380.00
Clean Cup Coffee,Istanbul,cafe,https://cleancup.coffee,woo,"Ekipman, Origami",Origami Dripper Air M,2370.00
Clean Cup Coffee,Istanbul,cafe,https://cleancup.coffee,woo,"Espresso, Filtre",Brazil Fazenda Sertao,180.00
Clean Cup Coffee,Istanbul,cafe,https://cleancup.coffee,woo,"Cafec, Ekipman",Cafec Flower Dripper Cup4 Tritan,1425.00
Clean Cup Coffee,Istanbul,cafe,https://cleancup.coffee,woo,"Cafec, Ekipman",Cafec Flower Dripper Deep 27,1425.00
Clean Cup Coffee,Istanbul,cafe,https://cleancup.coffee,woo,"Cafec, Ekipman",Cafec Abaca Plus Deep 27 Filtre Kağıdı,585.00
Clean Cup Coffee,Istanbul,cafe,https://cleancup.coffee,woo,"Cafec, Ekipman",Cafec Abaca Filtre Kağıdı – CUP1,550.00
Clean Cup Coffee,Istanbul,cafe,https://cleancup.coffee,woo,Filtre,Kendi Kahve Setini Oluştur,540.00
Clean Cup Coffee,Istanbul,cafe,https://cleancup.coffee,woo,"Ekipman, Origami",Origami Dripper AS Plastik Holder,1490.00
Clean Cup Coffee,Istanbul,cafe,https://cleancup.coffee,woo,"Ekipman, Origami",Origami Dripper,3690.00
Clean Cup Coffee,Istanbul,cafe,https://cleancup.coffee,woo,"Ekipman, Origami",Origami Dripper Air S,1930.00
Clean Cup Coffee,Istanbul,cafe,https://cleancup.coffee,woo,"Cafec, Ekipman",Cafec Flower Dripper Cup4,2595.00
Clean Cup Coffee,Istanbul,cafe,https://cleancup.coffee,woo,"Cafec, Ekipman",Cafec Abaca Trapezoid Filtre Kağıdı – 103,695.00
Clean Cup Coffee,Istanbul,cafe,https://cleancup.coffee,woo,"Cafec, Ekipman",Cafec Abaca Filtre Kağıdı – CUP4,575.00
Clean Cup Coffee,Istanbul,cafe,https://cleancup.coffee,woo,"Cafec, Ekipman",Cafec TH-2 Filtre Kağıdı – CUP4,585.00
Clean Cup Coffee,Istanbul,cafe,https://cleancup.coffee,woo,"Cafec, Ekipman",Cafec TH-3 Filtre Kağıdı – CUP4,585.00
Clean Cup Coffee,Istanbul,cafe,https://cleancup.coffee,woo,"Cafec, Ekipman",Cafec TH-3 Filtre Kağıdı – CUP1,575.00
Clean Cup Coffee,Istanbul,cafe,https://cleancup.coffee,woo,"Cafec, Ekipman",Cafec Traditional Filtre Kağıdı – CUP4,460.00
Clean Cup Coffee,Istanbul,cafe,https://cleancup.coffee,woo,Ekipman,Delter Coffee Press Filtre Kağıdı,475.00
Clean Cup Coffee,Istanbul,cafe,https://cleancup.coffee,woo,Filtre,Tadım Seti Filtre (5x100gr.),1168.00
Clean Cup Coffee,Istanbul,cafe,https://cleancup.coffee,woo,Filtre,Tüm Kahveler Filtre Seti,2760.00
Coffee Manifesto,Istanbul,cafe,https://coffeemanifesto.com,woo,"Bean Varieties, Çekirdeklerimiz",No 20 Brezilya 250 Gr.,561.00
Coffee Manifesto,Istanbul,cafe,https://coffeemanifesto.com,woo,"Bean Varieties, Çekirdeklerimiz",No 05 Ethiopia Sidamo 250 Gr.,726.00
Coffee Manifesto,Istanbul,cafe,https://coffeemanifesto.com,woo,"Bean Varieties, Çekirdeklerimiz",No 22 El Salvador 250 Gr.,726.00
Coffee Manifesto,Istanbul,cafe,https://coffeemanifesto.com,woo,Asq Aksesuarları,Ask StupId QuestIons Çanta Beyaz,350.00
Coffee Manifesto,Istanbul,cafe,https://coffeemanifesto.com,woo,Demleme Ekipmanları,SImply HarIo V60 02 Cam Demleme Seti,3500.00
Coffee Manifesto,Istanbul,cafe,https://coffeemanifesto.com,woo,Demleme Ekipmanları,HarIo V60 Buono DrIp Kettle 1L,3500.00
Coffee Manifesto,Istanbul,cafe,https://coffeemanifesto.com,woo,Demleme Ekipmanları,Chemex 6 cup,4600.00
Coffee Manifesto,Istanbul,cafe,https://coffeemanifesto.com,woo,Demleme Ekipmanları,HarIo V60 02 DrIpper Filtresi (100 adet),520.00
Coffee Manifesto,Istanbul,cafe,https://coffeemanifesto.com,woo,Demleme Ekipmanları,"HarIo V60 Range Servis Sürahisi (Şeffaf, 600 ml)",1990.00
Coffee Manifesto,Istanbul,cafe,https://coffeemanifesto.com,woo,Kahve Termosları,HarIo MIOLOVE Mug Paslanmaz Çelik Bardak &#8211; Siyah,1390.00
Coffee Manifesto,Istanbul,cafe,https://coffeemanifesto.com,woo,Kahve Termosları,HarIo MIOLOVE Mug Paslanmaz Çelik Bardak &#8211; Sarı,1390.00
Coffee Manifesto,Istanbul,cafe,https://coffeemanifesto.com,woo,Kahve Termosları,HarIo MIOLOVE Mug Paslanmaz Çelik Bardak &#8211; Mavi,1390.00
Coffee Manifesto,Istanbul,cafe,https://coffeemanifesto.com,woo,"Bean Varieties, Çekirdeklerimiz",No 13 Honduras 250 Gr.,726.00
Coffee Manifesto,Istanbul,cafe,https://coffeemanifesto.com,woo,"Demleme Ekipmanları, Sage",Sage BCG820 The Smart Grinder™ Pro Kahve Öğütücü,36999.00
Coffee Manifesto,Istanbul,cafe,https://coffeemanifesto.com,woo,"Demleme Ekipmanları, Sage",Sage SES876 The Barista Express™ Impress Espresso Makinesi,142999.00
Coffee Manifesto,Istanbul,cafe,https://coffeemanifesto.com,woo,Asq Aksesuarları,ASQ Bere,500.00
Coffee Manifesto,Istanbul,cafe,https://coffeemanifesto.com,woo,Asq Aksesuarları,ASQ Şapka,465.00
Coffee Manifesto,Istanbul,cafe,https://coffeemanifesto.com,woo,Asq Aksesuarları,Ask StupId QuestIons Çanta Siyah,350.00
Coffee Manifesto,Istanbul,cafe,https://coffeemanifesto.com,woo,"Demleme Ekipmanları, Moccamaster",Moccamaster Select Filtre Kahve Makinesi Cam Potlu Mavi,28375.00
Coffee Manifesto,Istanbul,cafe,https://coffeemanifesto.com,woo,"Demleme Ekipmanları, Moccamaster",Moccamaster Select Filtre Kahve Makinesi Cam Potlu Turuncu,28375.00
Coffee Manifesto,Istanbul,cafe,https://coffeemanifesto.com,woo,"Demleme Ekipmanları, Moccamaster",Moccamaster Select Filtre Kahve Makinesi Cam Potlu Mat Gümüş,28375.00
Coffee Manifesto,Istanbul,cafe,https://coffeemanifesto.com,woo,"Demleme Ekipmanları, Moccamaster",Moccamaster Select Filtre Kahve Makinesi Termoslu Siyah,27725.00
Coffee Manifesto,Istanbul,cafe,https://coffeemanifesto.com,woo,"Demleme Ekipmanları, Moccamaster",Moccamaster Select Filtre Kahve Makinesi Cam Potlu Inox,30250.00
Coffee Manifesto,Istanbul,cafe,https://coffeemanifesto.com,woo,"Demleme Ekipmanları, Moccamaster",Moccamaster Select Filtre Kahve Makinesi Cam Potlu Kırmızı,30250.00
Coffee Manifesto,Istanbul,cafe,https://coffeemanifesto.com,woo,"Demleme Ekipmanları, Moccamaster",Moccamaster Select Filtre Kahve Makinesi Cam Potlu Krem,28375.00
Coffee Manifesto,Istanbul,cafe,https://coffeemanifesto.com,woo,"Demleme Ekipmanları, Moccamaster",Moccamaster Select Filtre Kahve Makinesi Cam Potlu Antrasit,28375.00
Coffee Manifesto,Istanbul,cafe,https://coffeemanifesto.com,woo,Moccamaster,Moccamaster Select Filtre Kahve Makinesi Cam Potlu Mat Siyah,28375.00
Coffee Manifesto,Istanbul,cafe,https://coffeemanifesto.com,woo,Jura,Jura S8 Tam Otomatik Kahve Makinesi Piano Black (EB),189999.00
Coffee Manifesto,Istanbul,cafe,https://coffeemanifesto.com,woo,"Bean Varieties, Çekirdeklerimiz",Türk Kahvesi,132.00
Coffee Manifesto,Istanbul,cafe,https://coffeemanifesto.com,woo,"Bean Varieties, Çekirdeklerimiz",No 12 Guatemala 250 Gr.,572.00
Coffee Manifesto,Istanbul,cafe,https://coffeemanifesto.com,woo,"Bean Varieties, Çekirdeklerimiz",No 11 ColombIa 250 Gr.,572.00
Coffee Manifesto,Istanbul,cafe,https://coffeemanifesto.com,woo,"Bean Varieties, Çekirdeklerimiz",No 08 EthIopIa YIrgacheffe 250 Gr.,726.00
Coffee Manifesto,Istanbul,cafe,https://coffeemanifesto.com,woo,"Bean Varieties, Çekirdeklerimiz",No 03 ExclusIve Espresso 250 Gr.,550.00
Coffee Manifesto,Istanbul,cafe,https://coffeemanifesto.com,woo,"Bean Varieties, Çekirdeklerimiz",No 02 Modern Espresso 250 Gr.,506.00
Coffee Manifesto,Istanbul,cafe,https://coffeemanifesto.com,woo,"Bean Varieties, Çekirdeklerimiz",No 01 ClassIc Espresso 250 gr.,489.50
Coffee Manifesto,Istanbul,cafe,https://coffeemanifesto.com,woo,"Bean Varieties, Çekirdeklerimiz",No Matter When 250 Gr.,632.50
Coffee Manifesto,Istanbul,cafe,https://coffeemanifesto.com,woo,Eğitim ve Atölyeler,Home Barista Temel Barista Eğitimi,6000.00
Coffee Manifesto,Istanbul,cafe,https://coffeemanifesto.com,woo,Eğitim ve Atölyeler,Profesyonel Barista Eğitimi,30000.00
Coffee Manifesto,Istanbul,cafe,https://coffeemanifesto.com,woo,Eğitim ve Atölyeler,Cuppıng Atölyesi,3500.00
Coffee Manifesto,Istanbul,cafe,https://coffeemanifesto.com,woo,"Bean Varieties, Çekirdeklerimiz",No 00 Decaf 250 gr.,580.00
Coffee Manifesto,Istanbul,cafe,https://coffeemanifesto.com,woo,"Demleme Ekipmanları, Moccamaster",Moccamaster Select Filtre Kahve Makinesi Cam Potlu Pembe,28375.00
Coffee Manifesto,Istanbul,cafe,https://coffeemanifesto.com,woo,Eğitim ve Atölyeler,Demleme Atölyesi,4000.00
Coffee Manifesto,Istanbul,cafe,https://coffeemanifesto.com,woo,"Bean Varieties, Çekirdeklerimiz",Wake Up Call,528.00
Coffee Manifesto,Istanbul,cafe,https://coffeemanifesto.com,woo,"Bean Varieties, Çekirdeklerimiz",ESPRESSO DAILY DOSE 250 gr.,440.00
Coffee Manifesto,Istanbul,cafe,https://coffeemanifesto.com,woo,"Demleme Ekipmanları, Moccamaster",Moccamaster Select Filtre Kahve Makinesi Cam Potlu Metalik Kırmızı,30250.00
Coffee Sapiens,Istanbul,cafe,https://www.coffeesapiens.com,html,,Güncel Fiyat,850.00
Coffee Sapiens,Istanbul,cafe,https://www.coffeesapiens.com,html,,Örnek ürün başlığı,19.99
di'Verso Coffee,Istanbul,cafe,https://caffediverso.com,woo,,Türk Kahvesi,40.00
di'Verso Coffee,Istanbul,cafe,https://caffediverso.com,woo,Ekipmanlar,V60 Cam Sürahi 600 ML,400.00
di'Verso Coffee,Istanbul,cafe,https://caffediverso.com,woo,Ekipmanlar,V60 Demleme Fincanı,270.00
di'Verso Coffee,Istanbul,cafe,https://caffediverso.com,woo,Ekipmanlar,V60 + Cam Sürahi Set,550.00
di'Verso Coffee,Istanbul,cafe,https://caffediverso.com,woo,Ekipmanlar,Chemex 600 ML,600.00
di'Verso Coffee,Istanbul,cafe,https://caffediverso.com,woo,,Colombia Supremo,200.00
di'Verso Coffee,Istanbul,cafe,https://caffediverso.com,woo,,Uganda,130.00
di'Verso Coffee,Istanbul,cafe,https://caffediverso.com,woo,,Kenya AB,210.00
di'Verso Coffee,Istanbul,cafe,https://caffediverso.com,woo,,Ruanda Coko,210.00
di'Verso Coffee,Istanbul,cafe,https://caffediverso.com,woo,,Endonezya Mandheling,270.00
di'Verso Coffee,Istanbul,cafe,https://caffediverso.com,woo,,Papua Yeni Gine,240.00
di'Verso Coffee,Istanbul,cafe,https://caffediverso.com,woo,,Honduras Montes,230.00
di'Verso Coffee,Istanbul,cafe,https://caffediverso.com,woo,,Brezilya Santos,175.00
Dodo Balik Restaurant,Istanbul,restaurant,https://www.dodomarin.com,woo,Food,Meat Cheese,30.00
Dodo Balik Restaurant,Istanbul,restaurant,https://www.dodomarin.com,woo,Food,Cheese Crust,30.00
Dodo Balik Restaurant,Istanbul,restaurant,https://www.dodomarin.com,woo,Food,Behold Meat,30.00
Dodo Balik Restaurant,Istanbul,restaurant,https://www.dodomarin.com,woo,Food,Meat behold,30.00
Dodo Balik Restaurant,Istanbul,restaurant,https://www.dodomarin.com,woo,Food,Coffee Cup,30.00
Dodo Balik Restaurant,Istanbul,restaurant,https://www.dodomarin.com,woo,Food,Bread Bun,30.00
Dodo Balik Restaurant,Istanbul,restaurant,https://www.dodomarin.com,woo,Food,Burger &#038; Pasta,30.00
Dodo Balik Restaurant,Istanbul,restaurant,https://www.dodomarin.com,woo,Food,Baked Beer Pizza,20.00
Dodo Balik Restaurant,Istanbul,restaurant,https://www.dodomarin.com,woo,Food,Bread Cheese,30.00
Dodo Balik Restaurant,Istanbul,restaurant,https://www.dodomarin.com,woo,Food,Chocolate Cake,30.00
Dodo Balik Restaurant,Istanbul,restaurant,https://www.dodomarin.com,woo,Food,Burger Bistro,30.00
Dodo Balik Restaurant,Istanbul,restaurant,https://www.dodomarin.com,woo,Food,Spicy Burger,30.00
Dodo Balik Restaurant,Istanbul,restaurant,https://www.dodomarin.com,woo,Food,Meat Cheese,30.00
Dodo Balik Restaurant,Istanbul,restaurant,https://www.dodomarin.com,woo,Food,Cheese Crust,30.00
Dodo Balik Restaurant,Istanbul,restaurant,https://www.dodomarin.com,woo,Food,Behold Meat,30.00
Dodo Balik Restaurant,Istanbul,restaurant,https://www.dodomarin.com,woo,Food,Meat behold,30.00
Dodo Balik Restaurant,Istanbul,restaurant,https://www.dodomarin.com,woo,Food,Coffee Cup,30.00
Dodo Balik Restaurant,Istanbul,restaurant,https://www.dodomarin.com,woo,Food,Bread Bun,30.00
Dodo Balik Restaurant,Istanbul,restaurant,https://www.dodomarin.com,woo,Food,Burger &#038; Pasta,30.00
Dodo Balik Restaurant,Istanbul,restaurant,https://www.dodomarin.com,woo,Food,Baked Beer Pizza,20.00
Dodo Balik Restaurant,Istanbul,restaurant,https://www.dodomarin.com,woo,Food,Bread Cheese,30.00
Dodo Balik Restaurant,Istanbul,restaurant,https://www.dodomarin.com,woo,Food,Chocolate Cake,30.00
Dodo Balik Restaurant,Istanbul,restaurant,https://www.dodomarin.com,woo,Food,Burger Bistro,30.00
Dodo Balik Restaurant,Istanbul,restaurant,https://www.dodomarin.com,woo,Food,Spicy Burger,30.00
Domino's,Istanbul,fast_food,https://www.dominos.com.tr,html,,1 Alana 1 Bedava - Orta Boy Cazip Pizzalar,440.00
Domino's,Istanbul,fast_food,https://www.dominos.com.tr,html,,1 Alana 1 Bedava - Orta Boy Sevilen Pizzalar,480.00
Domino's,Istanbul,fast_food,https://www.dominos.com.tr,html,,1 Alana 1 Bedava - Orta Boy Gurme Pizzalar,570.00
Domino's,Istanbul,fast_food,https://www.dominos.com.tr,html,,1 Alana 1 Bedava Bol Peynirli Ekmek,250.00
Domino's,Istanbul,fast_food,https://www.dominos.com.tr,html,,1 Alana 1 Bedava Çikolatalı Sufle,150.00
Domino's,Istanbul,fast_food,https://www.dominos.com.tr,html,,1 Alana 1 Bedava 4'lü Cinnamon Roll,115.00
Domino's,Istanbul,fast_food,https://www.dominos.com.tr,html,,1 Alana 1 Bedava 10'lu Çıtır Tavuk Topları,80.00
Domino's,Istanbul,fast_food,https://www.dominos.com.tr,html,,1 Alana 1 Bedava İçecek,120.00
Domino's,Istanbul,fast_food,https://www.dominos.com.tr,html,,2 Büyük Boy Cazip Pizza,780.00
Domino's,Istanbul,fast_food,https://www.dominos.com.tr,html,,Sevilen 2 Büyük Boy Pizza,890.00
Domino's,Istanbul,fast_food,https://www.dominos.com.tr,html,,1 Alana 1 Bedava Orta Boy Cazip Pizzalar + 1L İçecek,540.00
Domino's,Istanbul,fast_food,https://www.dominos.com.tr,html,,1 Alana 1 Bedava Orta Boy Sevilen Pizzalar + 1L İçecek,580.00
Domino's,Istanbul,fast_food,https://www.dominos.com.tr,html,,Büyük Boy Pizza Alana Coca-Cola Pet 1 L Bedava,480.00
Domino's,Istanbul,fast_food,https://www.dominos.com.tr,html,,3 Orta Boy Pizza,850.00
Domino's,Istanbul,fast_food,https://www.dominos.com.tr,html,,Pizza X-Large (12 Dilim),520.00
Domino's,Istanbul,fast_food,https://www.dominos.com.tr,html,,Büyük Boy Pizzalar,480.00
Domino's,Istanbul,fast_food,https://www.dominos.com.tr,html,,2 Orta Boy Pizza + 2 Çikolatalı Sufle + 2 Algida Maraş Cup,750.00
Domino's,Istanbul,fast_food,https://www.dominos.com.tr,html,,Orta Boy Gurme Pizzalar,450.00
Domino's,Istanbul,fast_food,https://www.dominos.com.tr,html,,2 Orta Boy Pan Pizza + 4’lü Cinnamon Roll,650.00
Domino's,Istanbul,fast_food,https://www.dominos.com.tr,html,,Çikolatalı Sufle + Algida Maraş Cup,170.00
Domino's,Istanbul,fast_food,https://www.dominos.com.tr,html,,Pizza X-Large (12 Dilim) Alana Coca-Cola 1 L Bedava,520.00
Domino's,Istanbul,fast_food,https://www.dominos.com.tr,html,,2 Orta Boy Pizza + 4’lü Cinnamon Roll,610.00
Domino's,Istanbul,fast_food,https://www.dominos.com.tr,html,,10'lu Domino's Roll + Coca-Cola Pet 330 ml,270.00
Domino's,Istanbul,fast_food,https://www.dominos.com.tr,html,,Mixlarge Pizzalar,570.00
Domino's,Istanbul,fast_food,https://www.dominos.com.tr,html,,3 Orta Boy Pizza + Tavuk + Patates + Coca-Cola 1 L,960.00
Domino's,Istanbul,fast_food,https://www.dominos.com.tr,html,,3 Orta Boy Bol Malzemos,950.00
Domino's,Istanbul,fast_food,https://www.dominos.com.tr,html,,Orta Boy Bol Malzemos + 330 ML İçecek + Seçili Lezzetler,480.00
Domino's,Istanbul,fast_food,https://www.dominos.com.tr,html,,Pizza X-Large (12 Dilim) + Coca-Cola 1 L + Seçili Lezzetler,610.00
Domino's,Istanbul,fast_food,https://www.dominos.com.tr,html,,2 Orta Boy Pan Pizza + Coca-Cola 1 L,630.00
Domino's,Istanbul,fast_food,https://www.dominos.com.tr,html,,Büyük Boy Pizza + Coca-Cola 1 L + Seçili Lezzetler,620.00
Domino's,Istanbul,fast_food,https://www.dominos.com.tr,html,,2 Çikolatalı Sufle + 2 Algida Maraş Cup,320.00
Domino's,Istanbul,fast_food,https://www.dominos.com.tr,html,,4 Çikolatalı Sufle + 4 Algida Maraş Cup,620.00
Domino's,Istanbul,fast_food,https://www.dominos.com.tr,html,,Büyük Boy Pizza + Çikolatalı Sufle + Algida Maraş Cup,590.00
Domino's,Istanbul,fast_food,https://www.dominos.com.tr,html,,Büyük Boy Pizza + Tatlı + Coca-Cola 1 L,620.00
Domino's,Istanbul,fast_food,https://www.dominos.com.tr,html,,Pizza X-Large + 8'li Cinnamon Roll,620.00
Domino's,Istanbul,fast_food,https://www.dominos.com.tr,html,,Bol Peynirli Ekmek + 4'lü Cinnamon Roll + Algida Dondurma,320.00
Domino's,Istanbul,fast_food,https://www.dominos.com.tr,html,,2 Büyük Boy Pizza + Coca-Cola 1 L,900.00
Domino's,Istanbul,fast_food,https://www.dominos.com.tr,html,,Orta Boy Pan Pizza + Bol Malzemos,550.00
Domino's,Istanbul,fast_food,https://www.dominos.com.tr,html,,4 Adet Pizzetta,600.00
Domino's,Istanbul,fast_food,https://www.dominos.com.tr,html,,2 Orta Boy Bol Pan Pizza,560.00
Domino's,Istanbul,fast_food,https://www.dominos.com.tr,html,,2 Orta Boy Pan Cazip Pizzalar,540.00
Domino's,Istanbul,fast_food,https://www.dominos.com.tr,html,,Orta Boy Pizzalar,440.00
Domino's,Istanbul,fast_food,https://www.dominos.com.tr,html,,Büyük Boy Pizza + 4'lü Cinnamon Roll,570.00
Domino's,Istanbul,fast_food,https://www.dominos.com.tr,html,,Orta Boy Pizza + 4'lü Cinnamon Roll,470.00
Domino's,Istanbul,fast_food,https://www.dominos.com.tr,html,,Orta Boy Pizza + Sufle + Algida,430.00
Domino's,Istanbul,fast_food,https://www.dominos.com.tr,html,,Dürümos + Patates + Tavuk,210.00
Domino's,Istanbul,fast_food,https://www.dominos.com.tr,html,,Tek Kişilik Pizzalar,310.00
Domino's,Istanbul,fast_food,https://www.dominos.com.tr,html,,Orta Boy Pan Pizza,400.00
Domino's,Istanbul,fast_food,https://www.dominos.com.tr,html,,Orta Boy Pan Pizza + Sos + Coca-Cola 330 ML,460.00
Domino's,Istanbul,fast_food,https://www.dominos.com.tr,html,,Pizzetta + Patates + Tavuk + Coca-Cola 330 ML,340.00
Domino's,Istanbul,fast_food,https://www.dominos.com.tr,html,,Dürümos + Coca-Cola 330 ML,200.00
Domino's,Istanbul,fast_food,https://www.dominos.com.tr,html,,Tavuk Fırsatı,75.00
Domino's,Istanbul,fast_food,https://www.dominos.com.tr,html,,Çıtır Karışık Kova Fırsatı,260.00
Domino's,Istanbul,fast_food,https://www.dominos.com.tr,html,,2 Adet Dürümos,270.00
Domino's,Istanbul,fast_food,https://www.dominos.com.tr,html,,Pizzetta + Bol Peynirli Ekmek,310.00
Domino's,Istanbul,fast_food,https://www.dominos.com.tr,html,,2 Adet Pizzetta + Tavuk + Patates,370.00
Domino's,Istanbul,fast_food,https://www.dominos.com.tr,html,,Combo Pizza X-Large,540.00
Domino's,Istanbul,fast_food,https://www.dominos.com.tr,html,,Orta Boy Combo Pizza,390.00
Domino's,Istanbul,fast_food,https://www.dominos.com.tr,html,,Büyük Boy Combo Pizza,510.00
Domino's,Istanbul,fast_food,https://www.dominos.com.tr,html,,Tavuk Kova Fırsatı,155.00
Domino's,Istanbul,fast_food,https://www.dominos.com.tr,html,,Dürümos + Sarımsaklı Ekmek + 10'lu Çıtır Tavuk Topları,220.00
Domino's,Istanbul,fast_food,https://www.dominos.com.tr,html,,2 Adet Pizzetta,320.00
Domino's,Istanbul,fast_food,https://www.dominos.com.tr,html,,2 Adet Pizzetta + Coca-Cola 1 L,410.00
Domino's,Istanbul,fast_food,https://www.dominos.com.tr,html,,Pizzetta + Tavuk + Patates + Ayran + Boyama Defteri,270.00
Domino's,Istanbul,fast_food,https://www.dominos.com.tr,html,,Patates Fırsatı,60.00
Domino's,Istanbul,fast_food,https://www.dominos.com.tr,html,,Çıtır Tavuk Finger,85.00
Domino's,Istanbul,fast_food,https://www.dominos.com.tr,html,,Çıtır Tavuk Topları,80.00
Domino's,Istanbul,fast_food,https://www.dominos.com.tr,html,,Tavuk Parçaları,80.00
Domino's,Istanbul,fast_food,https://www.dominos.com.tr,html,,Mantarsever,400.00
Domino's,Istanbul,fast_food,https://www.dominos.com.tr,html,,"Sucuk , Mozarella Peyniri , Pizza Sos",400.00
Domino's,Istanbul,fast_food,https://www.dominos.com.tr,html,,"Sucuk , Mısır , Mozarella Peyniri , Pizza Sos , Siyah Zeytin",400.00
Domino's,Istanbul,fast_food,https://www.dominos.com.tr,html,,"Mozarella Peyniri , Pizza Sos",400.00
Domino's,Istanbul,fast_food,https://www.dominos.com.tr,html,,"Mozzarella Peyniri , Pizza Sos, Sucuk, Mantar",480.00
Domino's,Istanbul,fast_food,https://www.dominos.com.tr,html,,Bol Pan Pizza,480.00
Domino's,Istanbul,fast_food,https://www.dominos.com.tr,html,,Süper Pan Pizza,480.00
Domino's,Istanbul,fast_food,https://www.dominos.com.tr,html,,Bol Malzemos,445.00
Domino's,Istanbul,fast_food,https://www.dominos.com.tr,html,,Karışık,445.00
Domino's,Istanbul,fast_food,https://www.dominos.com.tr,html,,Bol Etli,445.00
Domino's,Istanbul,fast_food,https://www.dominos.com.tr,html,,Vegi,445.00
Domino's,Istanbul,fast_food,https://www.dominos.com.tr,html,,Italiano,445.00
Domino's,Istanbul,fast_food,https://www.dominos.com.tr,html,,"Sucuk , Mozarella Peyniri , Pizza Sos , Sarımsak Sos",430.00
Domino's,Istanbul,fast_food,https://www.dominos.com.tr,html,,"Sosis , Mısır , Mozarella Peyniri , Pizza Sos",430.00
Domino's,Istanbul,fast_food,https://www.dominos.com.tr,html,,Süperos,430.00
Domino's,Istanbul,fast_food,https://www.dominos.com.tr,html,,Sosyal,430.00
Domino's,Istanbul,fast_food,https://www.dominos.com.tr,html,,Mixlarge Bol Etli,645.00
Domino's,Istanbul,fast_food,https://www.dominos.com.tr,html,,Mixlarge Bol Malzeme,645.00
Domino's,Istanbul,fast_food,https://www.dominos.com.tr,html,,Barbekü Soslu Tavuklu,460.00
Domino's,Istanbul,fast_food,https://www.dominos.com.tr,html,,Tavuklu,460.00
Domino's,Istanbul,fast_food,https://www.dominos.com.tr,html,,Extravaganzza,460.00
Domino's,Istanbul,fast_food,https://www.dominos.com.tr,html,,Domino's Soslu Bol Malzemos,460.00
Domino's,Istanbul,fast_food,https://www.dominos.com.tr,html,,Ballı Hardallı Tavuklu,460.00
Domino's,Istanbul,fast_food,https://www.dominos.com.tr,html,,Üç Peynirli,485.00
Domino's,Istanbul,fast_food,https://www.dominos.com.tr,html,,Konyalım,485.00
Domino's,Istanbul,fast_food,https://www.dominos.com.tr,html,,Mangal Sucuklu,485.00
Domino's,Istanbul,fast_food,https://www.dominos.com.tr,html,,Callypso,505.00
Domino's,Istanbul,fast_food,https://www.dominos.com.tr,html,,Pastırma & Sucuk,505.00
Domino's,Istanbul,fast_food,https://www.dominos.com.tr,html,,Ocakbaşı,505.00
Domino's,Istanbul,fast_food,https://www.dominos.com.tr,html,,Cinnamon Roll,115.00
Domino's,Istanbul,fast_food,https://www.dominos.com.tr,html,,"Pan hamur, sarımsak sos, cheddar, jalepeno",260.00
Domino's,Istanbul,fast_food,https://www.dominos.com.tr,html,,"Pan hamur, sarımsak sos, cheddar, sucuk",260.00
Domino's,Istanbul,fast_food,https://www.dominos.com.tr,html,,Tavuk & Patates Mix,185.00
Domino's,Istanbul,fast_food,https://www.dominos.com.tr,html,,Algida Maraş Usulü Sade Dondurma 100 ml,60.00
Domino's,Istanbul,fast_food,https://www.dominos.com.tr,html,,Algida Max Classics Vanilya,60.00
Domino's,Istanbul,fast_food,https://www.dominos.com.tr,html,,42 gr,75.00
Domino's,Istanbul,fast_food,https://www.dominos.com.tr,html,,Çikolatalı Sufle,150.00
Domino's,Istanbul,fast_food,https://www.dominos.com.tr,html,,Algida Magnum Mini Badem,75.00
Domino's,Istanbul,fast_food,https://www.dominos.com.tr,html,,Algida Max Classics Kakao,60.00
Domino's,Istanbul,fast_food,https://www.dominos.com.tr,html,,Algida Cornetto Karadut,110.00
Domino's,Istanbul,fast_food,https://www.dominos.com.tr,html,,Algida Magnum Sandwich,105.00
Domino's,Istanbul,fast_food,https://www.dominos.com.tr,html,,Karışık Pizzetta,175.00
Domino's,Istanbul,fast_food,https://www.dominos.com.tr,html,,"Mozzarella Peyniri, Pizza Sosu, Sucuk, Mantar, Yeşil Biber",175.00
Domino's,Istanbul,fast_food,https://www.dominos.com.tr,html,,"Mozzarella Peyniri , Pizza Sos",175.00
Domino's,Istanbul,fast_food,https://www.dominos.com.tr,html,,Sarımsaklı Ekmek 6 Dilim,70.00
Domino's,Istanbul,fast_food,https://www.dominos.com.tr,html,,Sucuklu Bol Peynirli Ekmek 6 Dilim,255.00
Domino's,Istanbul,fast_food,https://www.dominos.com.tr,html,,Bol Peynirli Ekmek 6 Dilim,250.00
Domino's,Istanbul,fast_food,https://www.dominos.com.tr,html,,Coca-Cola 330 ML,130.00
Domino's,Istanbul,fast_food,https://www.dominos.com.tr,html,,Coca-Cola 450 ML,130.00
Domino's,Istanbul,fast_food,https://www.dominos.com.tr,html,,Coca-Cola 1 L,165.00
Domino's,Istanbul,fast_food,https://www.dominos.com.tr,html,,Şekersiz 330 ML,130.00
Domino's,Istanbul,fast_food,https://www.dominos.com.tr,html,,Şekersiz 450 ML,130.00
Domino's,Istanbul,fast_food,https://www.dominos.com.tr,html,,Şekersiz 1 L,165.00
Domino's,Istanbul,fast_food,https://www.dominos.com.tr,html,,FuseTea Şeftali 330 ML,130.00
Domino's,Istanbul,fast_food,https://www.dominos.com.tr,html,,FuseTea Şeftali 1 L,165.00
Domino's,Istanbul,fast_food,https://www.dominos.com.tr,html,,Sütaş Ayran 300 ML,60.00
Domino's,Istanbul,fast_food,https://www.dominos.com.tr,html,,Sütaş Ayran 200 ML,55.00
Domino's,Istanbul,fast_food,https://www.dominos.com.tr,html,,Sütaş Ayran 1 L,165.00
Domino's,Istanbul,fast_food,https://www.dominos.com.tr,html,,"0,5 Lt Damla Su",35.00
Domino's,Istanbul,fast_food,https://www.dominos.com.tr,html,,FuseTea Limon 330 ML,130.00
Domino's,Istanbul,fast_food,https://www.dominos.com.tr,html,,FuseTea Limon 1 L,165.00
Domino's,Istanbul,fast_food,https://www.dominos.com.tr,html,,Fanta 330 ML,130.00
Domino's,Istanbul,fast_food,https://www.dominos.com.tr,html,,Fanta 1 L,165.00
Domino's,Istanbul,fast_food,https://www.dominos.com.tr,html,,Sprite 330 ML,130.00
Domino's,Istanbul,fast_food,https://www.dominos.com.tr,html,,Sprite 1 L,165.00
Domino's,Istanbul,fast_food,https://www.dominos.com.tr,html,,Coca-Cola Light 330 ML,130.00
Domino's,Istanbul,fast_food,https://www.dominos.com.tr,html,,Coca-Cola Light 1 L,165.00
Domino's,Istanbul,fast_food,https://www.dominos.com.tr,html,,Cappy Şeftali,130.00
Domino's,Istanbul,fast_food,https://www.dominos.com.tr,html,,Cappy Karışık,130.00
Domino's,Istanbul,fast_food,https://www.dominos.com.tr,html,,Yoğurtlu Sos,40.00
Domino's,Istanbul,fast_food,https://www.dominos.com.tr,html,,Meksika Sos,40.00
Domino's,Istanbul,fast_food,https://www.dominos.com.tr,html,,Acı Sos,40.00
Domino's,Istanbul,fast_food,https://www.dominos.com.tr,html,,Mayonez,5.00
Domino's,Istanbul,fast_food,https://www.dominos.com.tr,html,,Ketçap,5.00
Domino's,Istanbul,fast_food,https://www.dominos.com.tr,html,,80 gr.,85.00
Domino's,Istanbul,fast_food,https://www.dominos.com.tr,html,,Kolombiya’ya özgü kahve çekirdeklerinden.,60.00
Domino's,Istanbul,fast_food,https://www.dominos.com.tr,html,,1 Alana 1 Bedava - Orta Boy Cazip Pizzalar,440.00
Domino's,Istanbul,fast_food,https://www.dominos.com.tr,html,,1 Alana 1 Bedava - Orta Boy Sevilen Pizzalar,480.00
Domino's,Istanbul,fast_food,https://www.dominos.com.tr,html,,1 Alana 1 Bedava - Orta Boy Gurme Pizzalar,570.00
Domino's,Istanbul,fast_food,https://www.dominos.com.tr,html,,1 Alana 1 Bedava Bol Peynirli Ekmek,250.00
Domino's,Istanbul,fast_food,https://www.dominos.com.tr,html,,1 Alana 1 Bedava Çikolatalı Sufle,150.00
Domino's,Istanbul,fast_food,https://www.dominos.com.tr,html,,1 Alana 1 Bedava 4'lü Cinnamon Roll,115.00
Domino's,Istanbul,fast_food,https://www.dominos.com.tr,html,,1 Alana 1 Bedava 10'lu Çıtır Tavuk Topları,80.00
Domino's,Istanbul,fast_food,https://www.dominos.com.tr,html,,1 Alana 1 Bedava İçecek,120.00
Domino's,Istanbul,fast_food,https://www.dominos.com.tr,html,,2 Büyük Boy Cazip Pizza,780.00
Domino's,Istanbul,fast_food,https://www.dominos.com.tr,html,,Sevilen 2 Büyük Boy Pizza,890.00
Domino's,Istanbul,fast_food,https://www.dominos.com.tr,html,,1 Alana 1 Bedava Orta Boy Cazip Pizzalar + 1L İçecek,540.00
Domino's,Istanbul,fast_food,https://www.dominos.com.tr,html,,1 Alana 1 Bedava Orta Boy Sevilen Pizzalar + 1L İçecek,580.00
Domino's,Istanbul,fast_food,https://www.dominos.com.tr,html,,Büyük Boy Pizza Alana Coca-Cola Pet 1 L Bedava,480.00
Domino's,Istanbul,fast_food,https://www.dominos.com.tr,html,,3 Orta Boy Pizza,850.00
Domino's,Istanbul,fast_food,https://www.dominos.com.tr,html,,Pizza X-Large (12 Dilim),520.00
Domino's,Istanbul,fast_food,https://www.dominos.com.tr,html,,Büyük Boy Pizzalar,480.00
Domino's,Istanbul,fast_food,https://www.dominos.com.tr,html,,2 Orta Boy Pizza + 2 Çikolatalı Sufle + 2 Algida Maraş Cup,750.00
Domino's,Istanbul,fast_food,https://www.dominos.com.tr,html,,Orta Boy Gurme Pizzalar,450.00
Domino's,Istanbul,fast_food,https://www.dominos.com.tr,html,,2 Orta Boy Pan Pizza + 4’lü Cinnamon Roll,650.00
Domino's,Istanbul,fast_food,https://www.dominos.com.tr,html,,Çikolatalı Sufle + Algida Maraş Cup,170.00
Domino's,Istanbul,fast_food,https://www.dominos.com.tr,html,,Pizza X-Large (12 Dilim) Alana Coca-Cola 1 L Bedava,520.00
Domino's,Istanbul,fast_food,https://www.dominos.com.tr,html,,2 Orta Boy Pizza + 4’lü Cinnamon Roll,610.00
Domino's,Istanbul,fast_food,https://www.dominos.com.tr,html,,10'lu Domino's Roll + Coca-Cola Pet 330 ml,270.00
Domino's,Istanbul,fast_food,https://www.dominos.com.tr,html,,Mixlarge Pizzalar,570.00
Domino's,Istanbul,fast_food,https://www.dominos.com.tr,html,,3 Orta Boy Pizza + Tavuk + Patates + Coca-Cola 1 L,960.00
Domino's,Istanbul,fast_food,https://www.dominos.com.tr,html,,3 Orta Boy Bol Malzemos,950.00
Domino's,Istanbul,fast_food,https://www.dominos.com.tr,html,,Orta Boy Bol Malzemos + 330 ML İçecek + Seçili Lezzetler,480.00
Domino's,Istanbul,fast_food,https://www.dominos.com.tr,html,,Pizza X-Large (12 Dilim) + Coca-Cola 1 L + Seçili Lezzetler,610.00
Domino's,Istanbul,fast_food,https://www.dominos.com.tr,html,,2 Orta Boy Pan Pizza + Coca-Cola 1 L,630.00
Domino's,Istanbul,fast_food,https://www.dominos.com.tr,html,,Büyük Boy Pizza + Coca-Cola 1 L + Seçili Lezzetler,620.00
Domino's,Istanbul,fast_food,https://www.dominos.com.tr,html,,2 Çikolatalı Sufle + 2 Algida Maraş Cup,320.00
Domino's,Istanbul,fast_food,https://www.dominos.com.tr,html,,4 Çikolatalı Sufle + 4 Algida Maraş Cup,620.00
Domino's,Istanbul,fast_food,https://www.dominos.com.tr,html,,Büyük Boy Pizza + Çikolatalı Sufle + Algida Maraş Cup,590.00
Domino's,Istanbul,fast_food,https://www.dominos.com.tr,html,,Büyük Boy Pizza + Tatlı + Coca-Cola 1 L,620.00
Domino's,Istanbul,fast_food,https://www.dominos.com.tr,html,,Pizza X-Large + 8'li Cinnamon Roll,620.00
Domino's,Istanbul,fast_food,https://www.dominos.com.tr,html,,Bol Peynirli Ekmek + 4'lü Cinnamon Roll + Algida Dondurma,320.00
Domino's,Istanbul,fast_food,https://www.dominos.com.tr,html,,2 Büyük Boy Pizza + Coca-Cola 1 L,900.00
Domino's,Istanbul,fast_food,https://www.dominos.com.tr,html,,Orta Boy Pan Pizza + Bol Malzemos,550.00
Domino's,Istanbul,fast_food,https://www.dominos.com.tr,html,,4 Adet Pizzetta,600.00
Domino's,Istanbul,fast_food,https://www.dominos.com.tr,html,,2 Orta Boy Bol Pan Pizza,560.00
Domino's,Istanbul,fast_food,https://www.dominos.com.tr,html,,2 Orta Boy Pan Cazip Pizzalar,540.00
Domino's,Istanbul,fast_food,https://www.dominos.com.tr,html,,Orta Boy Pizzalar,440.00
Domino's,Istanbul,fast_food,https://www.dominos.com.tr,html,,Büyük Boy Pizza + 4'lü Cinnamon Roll,570.00
Domino's,Istanbul,fast_food,https://www.dominos.com.tr,html,,Orta Boy Pizza + 4'lü Cinnamon Roll,470.00
Domino's,Istanbul,fast_food,https://www.dominos.com.tr,html,,Orta Boy Pizza + Sufle + Algida,430.00
Domino's,Istanbul,fast_food,https://www.dominos.com.tr,html,,Dürümos + Patates + Tavuk,210.00
Domino's,Istanbul,fast_food,https://www.dominos.com.tr,html,,Tek Kişilik Pizzalar,310.00
Domino's,Istanbul,fast_food,https://www.dominos.com.tr,html,,Orta Boy Pan Pizza,400.00
Domino's,Istanbul,fast_food,https://www.dominos.com.tr,html,,Orta Boy Pan Pizza + Sos + Coca-Cola 330 ML,460.00
Domino's,Istanbul,fast_food,https://www.dominos.com.tr,html,,Pizzetta + Patates + Tavuk + Coca-Cola 330 ML,340.00
Domino's,Istanbul,fast_food,https://www.dominos.com.tr,html,,Dürümos + Coca-Cola 330 ML,200.00
Domino's,Istanbul,fast_food,https://www.dominos.com.tr,html,,Tavuk Fırsatı,75.00
Domino's,Istanbul,fast_food,https://www.dominos.com.tr,html,,Çıtır Karışık Kova Fırsatı,260.00
Domino's,Istanbul,fast_food,https://www.dominos.com.tr,html,,2 Adet Dürümos,270.00
Domino's,Istanbul,fast_food,https://www.dominos.com.tr,html,,Pizzetta + Bol Peynirli Ekmek,310.00
Domino's,Istanbul,fast_food,https://www.dominos.com.tr,html,,2 Adet Pizzetta + Tavuk + Patates,370.00
Domino's,Istanbul,fast_food,https://www.dominos.com.tr,html,,Combo Pizza X-Large,540.00
Domino's,Istanbul,fast_food,https://www.dominos.com.tr,html,,Orta Boy Combo Pizza,390.00
Domino's,Istanbul,fast_food,https://www.dominos.com.tr,html,,Büyük Boy Combo Pizza,510.00
Domino's,Istanbul,fast_food,https://www.dominos.com.tr,html,,Tavuk Kova Fırsatı,155.00
Domino's,Istanbul,fast_food,https://www.dominos.com.tr,html,,Dürümos + Sarımsaklı Ekmek + 10'lu Çıtır Tavuk Topları,220.00
Domino's,Istanbul,fast_food,https://www.dominos.com.tr,html,,2 Adet Pizzetta,320.00
Domino's,Istanbul,fast_food,https://www.dominos.com.tr,html,,2 Adet Pizzetta + Coca-Cola 1 L,410.00
Domino's,Istanbul,fast_food,https://www.dominos.com.tr,html,,Pizzetta + Tavuk + Patates + Ayran + Boyama Defteri,270.00
Domino's,Istanbul,fast_food,https://www.dominos.com.tr,html,,Patates Fırsatı,60.00
Domino's,Istanbul,fast_food,https://www.dominos.com.tr,html,,Çıtır Tavuk Finger,85.00
Domino's,Istanbul,fast_food,https://www.dominos.com.tr,html,,Çıtır Tavuk Topları,80.00
Domino's,Istanbul,fast_food,https://www.dominos.com.tr,html,,Tavuk Parçaları,80.00
Domino's,Istanbul,fast_food,https://www.dominos.com.tr,html,,Mantarsever,400.00
Domino's,Istanbul,fast_food,https://www.dominos.com.tr,html,,"Sucuk , Mozarella Peyniri , Pizza Sos",400.00
Domino's,Istanbul,fast_food,https://www.dominos.com.tr,html,,"Sucuk , Mısır , Mozarella Peyniri , Pizza Sos , Siyah Zeytin",400.00
Domino's,Istanbul,fast_food,https://www.dominos.com.tr,html,,"Mozarella Peyniri , Pizza Sos",400.00
Domino's,Istanbul,fast_food,https://www.dominos.com.tr,html,,"Mozzarella Peyniri , Pizza Sos, Sucuk, Mantar",480.00
Domino's,Istanbul,fast_food,https://www.dominos.com.tr,html,,Bol Pan Pizza,480.00
Domino's,Istanbul,fast_food,https://www.dominos.com.tr,html,,Süper Pan Pizza,480.00
Domino's,Istanbul,fast_food,https://www.dominos.com.tr,html,,Bol Malzemos,445.00
Domino's,Istanbul,fast_food,https://www.dominos.com.tr,html,,Karışık,445.00
Domino's,Istanbul,fast_food,https://www.dominos.com.tr,html,,Bol Etli,445.00
Domino's,Istanbul,fast_food,https://www.dominos.com.tr,html,,Vegi,445.00
Domino's,Istanbul,fast_food,https://www.dominos.com.tr,html,,Italiano,445.00
Domino's,Istanbul,fast_food,https://www.dominos.com.tr,html,,"Sucuk , Mozarella Peyniri , Pizza Sos , Sarımsak Sos",430.00
Domino's,Istanbul,fast_food,https://www.dominos.com.tr,html,,"Sosis , Mısır , Mozarella Peyniri , Pizza Sos",430.00
Domino's,Istanbul,fast_food,https://www.dominos.com.tr,html,,Süperos,430.00
Domino's,Istanbul,fast_food,https://www.dominos.com.tr,html,,Sosyal,430.00
Domino's,Istanbul,fast_food,https://www.dominos.com.tr,html,,Mixlarge Bol Etli,645.00
Domino's,Istanbul,fast_food,https://www.dominos.com.tr,html,,Mixlarge Bol Malzeme,645.00
Domino's,Istanbul,fast_food,https://www.dominos.com.tr,html,,Barbekü Soslu Tavuklu,460.00
Domino's,Istanbul,fast_food,https://www.dominos.com.tr,html,,Tavuklu,460.00
Domino's,Istanbul,fast_food,https://www.dominos.com.tr,html,,Extravaganzza,460.00
Domino's,Istanbul,fast_food,https://www.dominos.com.tr,html,,Domino's Soslu Bol Malzemos,460.00
Domino's,Istanbul,fast_food,https://www.dominos.com.tr,html,,Ballı Hardallı Tavuklu,460.00
Domino's,Istanbul,fast_food,https://www.dominos.com.tr,html,,Üç Peynirli,485.00
Domino's,Istanbul,fast_food,https://www.dominos.com.tr,html,,Konyalım,485.00
Domino's,Istanbul,fast_food,https://www.dominos.com.tr,html,,Mangal Sucuklu,485.00
Domino's,Istanbul,fast_food,https://www.dominos.com.tr,html,,Callypso,505.00
Domino's,Istanbul,fast_food,https://www.dominos.com.tr,html,,Pastırma & Sucuk,505.00
Domino's,Istanbul,fast_food,https://www.dominos.com.tr,html,,Ocakbaşı,505.00
Domino's,Istanbul,fast_food,https://www.dominos.com.tr,html,,Cinnamon Roll,115.00
Domino's,Istanbul,fast_food,https://www.dominos.com.tr,html,,"Pan hamur, sarımsak sos, cheddar, jalepeno",260.00
Domino's,Istanbul,fast_food,https://www.dominos.com.tr,html,,"Pan hamur, sarımsak sos, cheddar, sucuk",260.00
Domino's,Istanbul,fast_food,https://www.dominos.com.tr,html,,Tavuk & Patates Mix,185.00
Domino's,Istanbul,fast_food,https://www.dominos.com.tr,html,,Algida Maraş Usulü Sade Dondurma 100 ml,60.00
Domino's,Istanbul,fast_food,https://www.dominos.com.tr,html,,Algida Max Classics Vanilya,60.00
Domino's,Istanbul,fast_food,https://www.dominos.com.tr,html,,42 gr,75.00
Domino's,Istanbul,fast_food,https://www.dominos.com.tr,html,,Çikolatalı Sufle,150.00
Domino's,Istanbul,fast_food,https://www.dominos.com.tr,html,,Algida Magnum Mini Badem,75.00
Domino's,Istanbul,fast_food,https://www.dominos.com.tr,html,,Algida Max Classics Kakao,60.00
Domino's,Istanbul,fast_food,https://www.dominos.com.tr,html,,Algida Cornetto Karadut,110.00
Domino's,Istanbul,fast_food,https://www.dominos.com.tr,html,,Algida Magnum Sandwich,105.00
Domino's,Istanbul,fast_food,https://www.dominos.com.tr,html,,Karışık Pizzetta,175.00
Domino's,Istanbul,fast_food,https://www.dominos.com.tr,html,,"Mozzarella Peyniri, Pizza Sosu, Sucuk, Mantar, Yeşil Biber",175.00
Domino's,Istanbul,fast_food,https://www.dominos.com.tr,html,,"Mozzarella Peyniri , Pizza Sos",175.00
Domino's,Istanbul,fast_food,https://www.dominos.com.tr,html,,Sarımsaklı Ekmek 6 Dilim,70.00
Domino's,Istanbul,fast_food,https://www.dominos.com.tr,html,,Sucuklu Bol Peynirli Ekmek 6 Dilim,255.00
Domino's,Istanbul,fast_food,https://www.dominos.com.tr,html,,Bol Peynirli Ekmek 6 Dilim,250.00
Domino's,Istanbul,fast_food,https://www.dominos.com.tr,html,,Coca-Cola 330 ML,130.00
Domino's,Istanbul,fast_food,https://www.dominos.com.tr,html,,Coca-Cola 450 ML,130.00
Domino's,Istanbul,fast_food,https://www.dominos.com.tr,html,,Coca-Cola 1 L,165.00
Domino's,Istanbul,fast_food,https://www.dominos.com.tr,html,,Şekersiz 330 ML,130.00
Domino's,Istanbul,fast_food,https://www.dominos.com.tr,html,,Şekersiz 450 ML,130.00
Domino's,Istanbul,fast_food,https://www.dominos.com.tr,html,,Şekersiz 1 L,165.00
Domino's,Istanbul,fast_food,https://www.dominos.com.tr,html,,FuseTea Şeftali 330 ML,130.00
Domino's,Istanbul,fast_food,https://www.dominos.com.tr,html,,FuseTea Şeftali 1 L,165.00
Domino's,Istanbul,fast_food,https://www.dominos.com.tr,html,,Sütaş Ayran 300 ML,60.00
Domino's,Istanbul,fast_food,https://www.dominos.com.tr,html,,Sütaş Ayran 200 ML,55.00
Domino's,Istanbul,fast_food,https://www.dominos.com.tr,html,,Sütaş Ayran 1 L,165.00
Domino's,Istanbul,fast_food,https://www.dominos.com.tr,html,,"0,5 Lt Damla Su",35.00
Domino's,Istanbul,fast_food,https://www.dominos.com.tr,html,,FuseTea Limon 330 ML,130.00
Domino's,Istanbul,fast_food,https://www.dominos.com.tr,html,,FuseTea Limon 1 L,165.00
Domino's,Istanbul,fast_food,https://www.dominos.com.tr,html,,Fanta 330 ML,130.00
Domino's,Istanbul,fast_food,https://www.dominos.com.tr,html,,Fanta 1 L,165.00
Domino's,Istanbul,fast_food,https://www.dominos.com.tr,html,,Sprite 330 ML,130.00
Domino's,Istanbul,fast_food,https://www.dominos.com.tr,html,,Sprite 1 L,165.00
Domino's,Istanbul,fast_food,https://www.dominos.com.tr,html,,Coca-Cola Light 330 ML,130.00
Domino's,Istanbul,fast_food,https://www.dominos.com.tr,html,,Coca-Cola Light 1 L,165.00
Domino's,Istanbul,fast_food,https://www.dominos.com.tr,html,,Cappy Şeftali,130.00
Domino's,Istanbul,fast_food,https://www.dominos.com.tr,html,,Cappy Karışık,130.00
Domino's,Istanbul,fast_food,https://www.dominos.com.tr,html,,Yoğurtlu Sos,40.00
Domino's,Istanbul,fast_food,https://www.dominos.com.tr,html,,Meksika Sos,40.00
Domino's,Istanbul,fast_food,https://www.dominos.com.tr,html,,Acı Sos,40.00
Domino's,Istanbul,fast_food,https://www.dominos.com.tr,html,,Mayonez,5.00
Domino's,Istanbul,fast_food,https://www.dominos.com.tr,html,,Ketçap,5.00
Domino's,Istanbul,fast_food,https://www.dominos.com.tr,html,,80 gr.,85.00
Domino's,Istanbul,fast_food,https://www.dominos.com.tr,html,,Kolombiya’ya özgü kahve çekirdeklerinden.,60.00
Dozze,Istanbul,cafe,https://dozze.com.tr,html,,Colombia Kahve 1000 gr,1350.00
Dozze,Istanbul,cafe,https://dozze.com.tr,html,,Barista Espresso Kahve 1000 gr(Çekilmemiş),1350.00
Dozze,Istanbul,cafe,https://dozze.com.tr,html,,Filtre Kahve 1000 gr,999.00
Dozze,Istanbul,cafe,https://dozze.com.tr,html,,Premium Blend Kahve 1000 gr,1350.00
Dozze,Istanbul,cafe,https://dozze.com.tr,html,,Fit Filtre Kahve 1000 gr,1100.00
Dozze,Istanbul,cafe,https://dozze.com.tr,html,,Guatemala Kahve 1000 gr,1400.00
Dozze,Istanbul,cafe,https://dozze.com.tr,html,,Colombia Kahve 250 gr,388.88
Dozze,Istanbul,cafe,https://dozze.com.tr,html,,Espresso Kahve 1000 gr,790.22
Dozze,Istanbul,cafe,https://dozze.com.tr,html,,House Blend Kahve 1000 gr,1100.00
Dozze,Istanbul,cafe,https://dozze.com.tr,html,,Dark Blend Kahve 1000 gr,1250.00
Dozze,Istanbul,cafe,https://dozze.com.tr,html,,Barista Espresso Kahve 250 gr,385.03
Dozze,Istanbul,cafe,https://dozze.com.tr,html,,Ethiopia Djimmah Kahve 1000 gr,1250.00
Dozze,Istanbul,cafe,https://dozze.com.tr,html,,Dark Blend Kahve 250 gr,323.87
Dozze,Istanbul,cafe,https://dozze.com.tr,html,,Kenia Natural Kahve 1000 gr,1250.00
Dozze,Istanbul,cafe,https://dozze.com.tr,html,,Fit Filtre Kahve 250 gr,315.53
Dozze,Istanbul,cafe,https://dozze.com.tr,html,,El Salvador 1000 gr,1270.00
Dozze,Istanbul,cafe,https://dozze.com.tr,html,,Ethiopia (Yirgacheffe) Kahve 1000 GR,1350.00
Dozze,Istanbul,cafe,https://dozze.com.tr,html,,Classic Blend Kahve 1000 gr,1100.00
Dozze,Istanbul,cafe,https://dozze.com.tr,html,,Cuba 250 gr,326.65
Dozze,Istanbul,cafe,https://dozze.com.tr,html,,El Salvador 250 gr,330.82
Dozze,Istanbul,cafe,https://dozze.com.tr,html,,Cuba 1000 gr,1270.00
Dozze,Istanbul,cafe,https://dozze.com.tr,html,,Guatemala Kahve 250 gr,326.65
Dozze,Istanbul,cafe,https://dozze.com.tr,html,,Kenia (AB) Kahve 1000 gr,1350.00
Dozze,Istanbul,cafe,https://dozze.com.tr,html,,Premium Blend Kahve 250 gr,332.21
Dozze,Istanbul,cafe,https://dozze.com.tr,html,,Ethiopia Djimmah Kahve 250 gr,315.53
Dozze,Istanbul,cafe,https://dozze.com.tr,html,,Brazil Kahve 250 gr,315.53
Dozze,Istanbul,cafe,https://dozze.com.tr,html,,Peru (Inti) 250gr,326.65
Dozze,Istanbul,cafe,https://dozze.com.tr,html,,Espresso Kahve 250 gr,315.53
Dozze,Istanbul,cafe,https://dozze.com.tr,html,,Filtre Kahve 250 gr,298.85
Dozze,Istanbul,cafe,https://dozze.com.tr,html,,Medium Blend Kahve 1000 gr,1100.00
Dozze,Istanbul,cafe,https://dozze.com.tr,html,,Kenia Natural Kahve 250 gr,344.50
Dozze,Istanbul,cafe,https://dozze.com.tr,html,,Peru (Inti) 1000 gr,1270.00
Dozze,Istanbul,cafe,https://dozze.com.tr,html,,House Blend Kahve 250 gr,307.19
Dozze,Istanbul,cafe,https://dozze.com.tr,html,,Indonesia 250 gr,333.60
Dozze,Istanbul,cafe,https://dozze.com.tr,html,,Kenia (AB) Kahve 250 gr,347.50
Dozze,Istanbul,cafe,https://dozze.com.tr,html,,Medium Blend Kahve 250 gr,307.19
Dozze,Istanbul,cafe,https://dozze.com.tr,html,,Houndras Kahve 1000 gr,1270.00
Dozze,Istanbul,cafe,https://dozze.com.tr,html,,Houndras Kahve 250 gr,323.87
Dozze,Istanbul,cafe,https://dozze.com.tr,html,,Indonesia 1000 gr,1350.00
Dozze,Istanbul,cafe,https://dozze.com.tr,html,,Classic Blend Kahve 250 gr,311.36
Dozze,Istanbul,cafe,https://dozze.com.tr,html,,Brazil Kahve 1000 gr,1220.00
Dozze,Istanbul,cafe,https://dozze.com.tr,html,,Ethyopia Yirgacheffe 250 gr,333.60
Efes Pide & Lahmacun,Istanbul,restaurant,https://efespidelahmacun.com.tr,html,,Efes Lahmacun,160.00
Efes Pide & Lahmacun,Istanbul,restaurant,https://efespidelahmacun.com.tr,html,,Etibol Lahmacun,180.00
Efes Pide & Lahmacun,Istanbul,restaurant,https://efespidelahmacun.com.tr,html,,Antep Lahmacun,180.00
Efes Pide & Lahmacun,Istanbul,restaurant,https://efespidelahmacun.com.tr,html,,Kaşarlı Lahmacun,180.00
Efes Pide & Lahmacun,Istanbul,restaurant,https://efespidelahmacun.com.tr,html,,Kuşbaşı Kaşarlı Pide,350.00
Efes Pide & Lahmacun,Istanbul,restaurant,https://efespidelahmacun.com.tr,html,,Kuşbaşılı Pide,330.00
Efes Pide & Lahmacun,Istanbul,restaurant,https://efespidelahmacun.com.tr,html,,Kaşarlı Pide,300.00
Efes Pide & Lahmacun,Istanbul,restaurant,https://efespidelahmacun.com.tr,html,,Sucuk Kaşar Pide,350.00
Efes Pide & Lahmacun,Istanbul,restaurant,https://efespidelahmacun.com.tr,html,,Karışık Pide,380.00
Efes Pide & Lahmacun,Istanbul,restaurant,https://efespidelahmacun.com.tr,html,,Pastırma Kaşarlı Pide,400.00
Efes Pide & Lahmacun,Istanbul,restaurant,https://efespidelahmacun.com.tr,html,,Kıymalı Pide,300.00
Efes Pide & Lahmacun,Istanbul,restaurant,https://efespidelahmacun.com.tr,html,,Kıyma Kaşarlı Pide,320.00
Efes Pide & Lahmacun,Istanbul,restaurant,https://efespidelahmacun.com.tr,html,,Kavurma Kaşar Pide,380.00
Efes Pide & Lahmacun,Istanbul,restaurant,https://efespidelahmacun.com.tr,html,,Efes Bomba Pide,420.00
Efes Pide & Lahmacun,Istanbul,restaurant,https://efespidelahmacun.com.tr,html,,Mantar - Kaşar Pide,320.00
Efes Pide & Lahmacun,Istanbul,restaurant,https://efespidelahmacun.com.tr,html,,Ezogelin Çorba,100.00
Efes Pide & Lahmacun,Istanbul,restaurant,https://efespidelahmacun.com.tr,html,,Ayran,50.00
Efes Pide & Lahmacun,Istanbul,restaurant,https://efespidelahmacun.com.tr,html,,Kutu İçecekler,80.00
Efes Pide & Lahmacun,Istanbul,restaurant,https://efespidelahmacun.com.tr,html,,1 Litre Ayran,100.00
Efes Pide & Lahmacun,Istanbul,restaurant,https://efespidelahmacun.com.tr,html,,1 Litre İçecekler,120.00
Elise Pide Lahmacun,Istanbul,restaurant,https://elisepidelahmacun.com,html,,Kaşarlı Pide (Açık),350.00
Elise Pide Lahmacun,Istanbul,restaurant,https://elisepidelahmacun.com,html,,Mantarlı Kaşarlı Pide (Açık),410.00
Elise Pide Lahmacun,Istanbul,restaurant,https://elisepidelahmacun.com,html,,Kıymalı Pide (Açık),475.00
Elise Pide Lahmacun,Istanbul,restaurant,https://elisepidelahmacun.com,html,,Kıymalı Kaşarlı Pide (Açık),480.00
Elise Pide Lahmacun,Istanbul,restaurant,https://elisepidelahmacun.com,html,,Mevlana Pide (Açık),510.00
Elise Pide Lahmacun,Istanbul,restaurant,https://elisepidelahmacun.com,html,,Pastırmalı Kaşarlı Pide (Açık),500.00
Elise Pide Lahmacun,Istanbul,restaurant,https://elisepidelahmacun.com,html,,Karışık Pide (Açık),450.00
Elise Pide Lahmacun,Istanbul,restaurant,https://elisepidelahmacun.com,html,,Pastırmalı & Kaşarlı & Sucuklu Pide (Açık),520.00
Elise Pide Lahmacun,Istanbul,restaurant,https://elisepidelahmacun.com,html,,Sucuklu Kaşarlı Pide (Açık),420.00
Elise Pide Lahmacun,Istanbul,restaurant,https://elisepidelahmacun.com,html,,Kavurmalı & Kaşarlı & Mantarlı Pide (Açık),550.00
Elise Pide Lahmacun,Istanbul,restaurant,https://elisepidelahmacun.com,html,,Kaşarlı & Domatesli & Biberli Pide (Açık),440.00
Elise Pide Lahmacun,Istanbul,restaurant,https://elisepidelahmacun.com,html,,Ispanaklı Kaşarlı Pide (Açık),400.00
Elise Pide Lahmacun,Istanbul,restaurant,https://elisepidelahmacun.com,html,,Kuşbaşılı Pide (Açık),325.00
Elise Pide Lahmacun,Istanbul,restaurant,https://elisepidelahmacun.com,html,,Sebzeli Pide (Açık),390.00
Elise Pide Lahmacun,Istanbul,restaurant,https://elisepidelahmacun.com,html,,Lahmacun,210.00
Elise Pide Lahmacun,Istanbul,restaurant,https://elisepidelahmacun.com,html,,Kaşarlı Lahmacun,250.00
Elise Pide Lahmacun,Istanbul,restaurant,https://elisepidelahmacun.com,html,,Sarımsaklı Lahmacun,250.00
Elise Pide Lahmacun,Istanbul,restaurant,https://elisepidelahmacun.com,html,,Cevizli Lahmacun,250.00
Elise Pide Lahmacun,Istanbul,restaurant,https://elisepidelahmacun.com,html,,Soğansız Lahmacun (Etibol),275.00
Elise Pide Lahmacun,Istanbul,restaurant,https://elisepidelahmacun.com,html,,İtalyan Margheritta Pizza,500.00
Elise Pide Lahmacun,Istanbul,restaurant,https://elisepidelahmacun.com,html,,Mercimek Çorbası,180.00
Elise Pide Lahmacun,Istanbul,restaurant,https://elisepidelahmacun.com,html,,Kavurmalı Mercimek Çorbası,250.00
Elise Pide Lahmacun,Istanbul,restaurant,https://elisepidelahmacun.com,html,,Kaşarlı Mercimek Çorbası,220.00
Elise Pide Lahmacun,Istanbul,restaurant,https://elisepidelahmacun.com,html,,Çoban Salata,200.00
Elise Pide Lahmacun,Istanbul,restaurant,https://elisepidelahmacun.com,html,,Mevsim Salata,200.00
Elise Pide Lahmacun,Istanbul,restaurant,https://elisepidelahmacun.com,html,,Gavurdağı Salatası,250.00
Elise Pide Lahmacun,Istanbul,restaurant,https://elisepidelahmacun.com,html,,Katmer Tatlısı,300.00
Elise Pide Lahmacun,Istanbul,restaurant,https://elisepidelahmacun.com,html,,Künefe,300.00
Feriye,Istanbul,restaurant,https://feriye.com,woo,Açık Hava Sinemaları,La Vie En Rose,550.00
Feriye,Istanbul,restaurant,https://feriye.com,woo,,Boğaz&#8217;da Çeyrek Final / Türkiye &#8211; Hollanda,2708.33
Feriye,Istanbul,restaurant,https://feriye.com,woo,,Boğaz&#8217;da Ses Yolculuğu ve Handpan Dinletisi,1000.00
Feriye,Istanbul,restaurant,https://feriye.com,woo,,Anadolu’nun Miras Üzümleri Konulu Konferans Kök Köken Toprak III 9 Haziran’da Feriye’de,3300.00
Feriye,Istanbul,restaurant,https://feriye.com,woo,Lokanta Feriye,Lokanta Feriye&#8217;de Sevgililer Günü,4250.00
Feriye,Istanbul,restaurant,https://feriye.com,woo,,YAŞAM DENGE GÜNLERİ,3000.00
Feriye,Istanbul,restaurant,https://feriye.com,woo,"İstanbul Modern, Madera",c-paces E-GIFT,3000.00
Feriye,Istanbul,restaurant,https://feriye.com,woo,Madera,100.Yıl&#8217;da Madera&#8217;da,3025.00
Feriye,Istanbul,restaurant,https://feriye.com,woo,İstanbul Modern,Restoran Modern&#8217;de Cumhuriyet&#8217;in 100.Yıl Yemeği,2090.00
Feriye,Istanbul,restaurant,https://feriye.com,woo,Boğaz Feriye Salonu,Boğaz&#8217;da Nefes ve Ses Yolculuğu,650.00
Feriye,Istanbul,restaurant,https://feriye.com,woo,Açık Hava Sinemaları,RESMİ YARIŞMA (OFFICIAL COMPETITION),415.00
Feriye,Istanbul,restaurant,https://feriye.com,woo,Açık Hava Sinemaları,LA BELLE EPOQUE (YENİ BAŞTAN),415.00
Feriye,Istanbul,restaurant,https://feriye.com,woo,Açık Hava Sinemaları,DALILAND (DALİ DİYARI),415.00
Feriye,Istanbul,restaurant,https://feriye.com,woo,Açık Hava Sinemaları,DECISION TO LEAVE (AYRILMA KARARI),415.00
Feriye,Istanbul,restaurant,https://feriye.com,woo,Açık Hava Sinemaları,EMILY,415.00
Feriye,Istanbul,restaurant,https://feriye.com,woo,Açık Hava Sinemaları,ÖZEL BİR HEDİYE (THE NEW TOY),415.00
Feriye,Istanbul,restaurant,https://feriye.com,woo,Boğaz Feriye Salonu,Gastronomi &amp; Tasarım Atölyesi,850.00
Gazebo,Istanbul,cafe,https://gazebo-ist.com,woo,Başlangıçlar,Sweet Chili Levrek,650.00
Gazebo,Istanbul,cafe,https://gazebo-ist.com,woo,Başlangıçlar,Fesleğenli Levrek,650.00
Gazebo,Istanbul,cafe,https://gazebo-ist.com,woo,Tatlı,Meyve Tabağı,1200.00
Gazebo,Istanbul,cafe,https://gazebo-ist.com,woo,Kahveler,Cortado,220.00
Gazebo,Istanbul,cafe,https://gazebo-ist.com,woo,Tatlı,Dondurma &#8211; Tek Top,150.00
Gazebo,Istanbul,cafe,https://gazebo-ist.com,woo,Salatalar,Kinoa &#038; Somon Füme Salatası,1000.00
Gazebo,Istanbul,cafe,https://gazebo-ist.com,woo,Standart Alkolsüz İçecekler,Macciato,220.00
Gazebo,Istanbul,cafe,https://gazebo-ist.com,woo,Alkollü İçecekler,Hendric&#8217;s Gin,750.00
Gazebo,Istanbul,cafe,https://gazebo-ist.com,woo,Başlangıçlar,Kırmızı Köz Biber Turşu,300.00
Gazebo,Istanbul,cafe,https://gazebo-ist.com,woo,Başlangıçlar,Acılı Ezme,400.00
Gazebo,Istanbul,cafe,https://gazebo-ist.com,woo,Başlangıçlar,Mini İthal Peynir Tabağı ( Tek Kişiliktir.),600.00
Gazebo,Istanbul,cafe,https://gazebo-ist.com,woo,Kokteyller,Chili Gazebo Margharita 🍋🌶️,850.00
Gazebo,Istanbul,cafe,https://gazebo-ist.com,woo,Kokteyller,Passion Flower 🍋🍯,850.00
Gazebo,Istanbul,cafe,https://gazebo-ist.com,woo,Kokteyller,No 43 🍯,850.00
Gazebo,Istanbul,cafe,https://gazebo-ist.com,woo,Başlangıçlar,Balık Kokoreç,900.00
Gazebo,Istanbul,cafe,https://gazebo-ist.com,woo,Başlangıçlar,Levrek Lokum,900.00
Gazebo,Istanbul,cafe,https://gazebo-ist.com,woo,Başlangıçlar,Levrek Simit,800.00
Gazebo,Istanbul,cafe,https://gazebo-ist.com,woo,Başlangıçlar,Patlıcan Salata,500.00
Gazebo,Istanbul,cafe,https://gazebo-ist.com,woo,Başlangıçlar,Yoğurtlu Karides,700.00
Gazebo,Istanbul,cafe,https://gazebo-ist.com,woo,Başlangıçlar,Fava,550.00
Gazebo,Istanbul,cafe,https://gazebo-ist.com,woo,Başlangıçlar,Levrek Marine,650.00
Gazebo,Istanbul,cafe,https://gazebo-ist.com,woo,Tatlı,Sakızlı Muhallebi,450.00
Gazebo,Istanbul,cafe,https://gazebo-ist.com,woo,Tatlı,Kestaneli &#038; Çikolatalı Sufle,500.00
Gazebo,Istanbul,cafe,https://gazebo-ist.com,woo,Kahvaltı,8’li Reçellik,600.00
Gazebo,Istanbul,cafe,https://gazebo-ist.com,woo,Kahvaltı,Zeytin Tabağı,400.00
Gazebo,Istanbul,cafe,https://gazebo-ist.com,woo,Kahvaltı,Mini Peynir Tabağı,500.00
Gazebo,Istanbul,cafe,https://gazebo-ist.com,woo,Kahvaltı,Söğüş Tabağı,400.00
Gazebo,Istanbul,cafe,https://gazebo-ist.com,woo,Standart Alkolsüz İçecekler,San Pellegrino,360.00
Gazebo,Istanbul,cafe,https://gazebo-ist.com,woo,Standart Alkolsüz İçecekler,San Pellegrino,150.00
Gazebo,Istanbul,cafe,https://gazebo-ist.com,woo,Standart Alkolsüz İçecekler,Erikli Cam Şişe Su,120.00
Gazebo,Istanbul,cafe,https://gazebo-ist.com,woo,Kahvaltı,Peynirli Omlet,450.00
Gazebo,Istanbul,cafe,https://gazebo-ist.com,woo,Kahvaltı,Sahanda Yumurta,300.00
Gazebo,Istanbul,cafe,https://gazebo-ist.com,woo,Kahvaltı,Menemen,450.00
Gazebo,Istanbul,cafe,https://gazebo-ist.com,woo,Kahvaltı,Ekşi Maya Ekmek Üzeri Avokado Poşe,450.00
Gazebo,Istanbul,cafe,https://gazebo-ist.com,woo,Kahvaltı,Ekşi Maya Ekmek Üzeri Somon Füme,600.00
Gazebo,Istanbul,cafe,https://gazebo-ist.com,woo,Kahvaltı,Somon Kruvasan,900.00
Gazebo,Istanbul,cafe,https://gazebo-ist.com,woo,Kahvaltı,Nutellalı Kruvasan,550.00
Gazebo,Istanbul,cafe,https://gazebo-ist.com,woo,Kahvaltı,Kahvaltı Tabağı,1200.00
Gazebo,Istanbul,cafe,https://gazebo-ist.com,woo,Kahvaltı,Kahvaltı Salatası,800.00
Gazebo,Istanbul,cafe,https://gazebo-ist.com,woo,Kahvaltı,Sıcak Tabağı,450.00
Gazebo,Istanbul,cafe,https://gazebo-ist.com,woo,Kahvaltı,Fit Kahvaltı,700.00
Gazebo,Istanbul,cafe,https://gazebo-ist.com,woo,Kahvaltı,Pancake,500.00
Gazebo,Istanbul,cafe,https://gazebo-ist.com,woo,Köpük Köpük,Kir Royale,1000.00
Gazebo,Istanbul,cafe,https://gazebo-ist.com,woo,Kokteyller,Sunrise 🍓🍋,850.00
Gazebo,Istanbul,cafe,https://gazebo-ist.com,woo,Standart Alkollü İçecekler,Amaretto Dissorona,400.00
Gazebo,Istanbul,cafe,https://gazebo-ist.com,woo,Standart Alkollü İçecekler,Hennesy V.S.O.P,600.00
Gazebo,Istanbul,cafe,https://gazebo-ist.com,woo,Standart Alkollü İçecekler,The Japanese Roku Gin,750.00
Gazebo,Istanbul,cafe,https://gazebo-ist.com,woo,Rakılar,Çerez,300.00
Gazebo,Istanbul,cafe,https://gazebo-ist.com,woo,Kırmızı Şaraplar,Sıcak Şarap Kadeh,800.00
Gazebo,Istanbul,cafe,https://gazebo-ist.com,woo,Başlangıçlar,Tereyağında Karides,1200.00
Gazebo,Istanbul,cafe,https://gazebo-ist.com,woo,Başlangıçlar,Kadayıfa Sarılı Karides Adet,300.00
Gazebo,Istanbul,cafe,https://gazebo-ist.com,woo,Başlangıçlar,Portakallı Enginar,700.00
Gazebo,Istanbul,cafe,https://gazebo-ist.com,woo,Başlangıçlar,Trüflü Girit Ezme,650.00
Gazebo,Istanbul,cafe,https://gazebo-ist.com,woo,Başlangıçlar,Humus,500.00
Gazebo,Istanbul,cafe,https://gazebo-ist.com,woo,Başlangıçlar,Köpoğlu,550.00
Gazebo,Istanbul,cafe,https://gazebo-ist.com,woo,Başlangıçlar,Atom,550.00
Gazebo,Istanbul,cafe,https://gazebo-ist.com,woo,Başlangıçlar,Yoğurtlu Pancar,550.00
Gazebo,Istanbul,cafe,https://gazebo-ist.com,woo,Başlangıçlar,Buğday Haydari,550.00
Gazebo,Istanbul,cafe,https://gazebo-ist.com,woo,Tatlı,Dondurmalı Profiterol,550.00
Gazebo,Istanbul,cafe,https://gazebo-ist.com,woo,Ana Yemekler,Bütün Izgara Levrek (2 Kişilik),3300.00
Gazebo,Istanbul,cafe,https://gazebo-ist.com,woo,Ana Yemekler,Teriyaki Soslu Somon,1600.00
Gazebo,Istanbul,cafe,https://gazebo-ist.com,woo,Ana Yemekler,Deniz Mahsülleri Linguine (2 Kişilik),2700.00
Gazebo,Istanbul,cafe,https://gazebo-ist.com,woo,Ana Yemekler,Deniz Mahsülleri Risotto,1750.00
Gazebo,Istanbul,cafe,https://gazebo-ist.com,woo,Ana Yemekler,Kibrit Patatesli Külbastı Çökertme,1800.00
Gazebo,Istanbul,cafe,https://gazebo-ist.com,woo,Kahveler,Papatya,250.00
Gazebo,Istanbul,cafe,https://gazebo-ist.com,woo,Rakılar,Beylerbeyi Göbek 35cl,3000.00
Gazebo,Istanbul,cafe,https://gazebo-ist.com,woo,Biralar,Bomonti Filtresiz,500.00
Gazebo,Istanbul,cafe,https://gazebo-ist.com,woo,Biralar,"Efes, Miller-Beck’s",450.00
Gazebo,Istanbul,cafe,https://gazebo-ist.com,woo,Kahveler,Demleme Türk Çayı,100.00
Gazebo,Istanbul,cafe,https://gazebo-ist.com,woo,Kahveler,Melisa &#038; Rezene Çayı,250.00
Gazebo,Istanbul,cafe,https://gazebo-ist.com,woo,Kahveler,Kış Çayı,250.00
Gazebo,Istanbul,cafe,https://gazebo-ist.com,woo,Kahveler,Ekinezya,250.00
Gazebo,Istanbul,cafe,https://gazebo-ist.com,woo,Kahveler,Ihlamur,250.00
Gazebo,Istanbul,cafe,https://gazebo-ist.com,woo,Kahveler,Yeşil Çay,250.00
Gazebo,Istanbul,cafe,https://gazebo-ist.com,woo,Kahveler,Türk Kahvesi,200.00
Gazebo,Istanbul,cafe,https://gazebo-ist.com,woo,Kahveler,Bailey’s Latte,600.00
Gazebo,Istanbul,cafe,https://gazebo-ist.com,woo,Kahveler,Caffe Latte,300.00
Gazebo,Istanbul,cafe,https://gazebo-ist.com,woo,Kahveler,Cappuccino,250.00
Gazebo,Istanbul,cafe,https://gazebo-ist.com,woo,Kahveler,Nutellalı Sıcak Çikolata,250.00
Gazebo,Istanbul,cafe,https://gazebo-ist.com,woo,Kahveler,Americano,220.00
Gazebo,Istanbul,cafe,https://gazebo-ist.com,woo,Kahveler,Double Espresso,300.00
Gazebo,Istanbul,cafe,https://gazebo-ist.com,woo,Kahveler,Espresso,150.00
Gazebo,Istanbul,cafe,https://gazebo-ist.com,woo,Kahveler,Flat White,270.00
Gazebo,Istanbul,cafe,https://gazebo-ist.com,woo,Kahveler,Ice Latte,320.00
Gazebo,Istanbul,cafe,https://gazebo-ist.com,woo,Tatlı,Creme Brûlée,500.00
Gazebo,Istanbul,cafe,https://gazebo-ist.com,woo,Standart Alkolsüz İçecekler,Erikli Cam Şişe Su,220.00
Gazebo,Istanbul,cafe,https://gazebo-ist.com,woo,Standart Alkolsüz İçecekler,Home Made Ice Tea,350.00
Gazebo,Istanbul,cafe,https://gazebo-ist.com,woo,Standart Alkolsüz İçecekler,"Ayran, Soda",200.00
Gazebo,Istanbul,cafe,https://gazebo-ist.com,woo,Standart Alkolsüz İçecekler,Cola-Sprite-Ice Tea-Cappy,200.00
Gazebo,Istanbul,cafe,https://gazebo-ist.com,woo,Standart Alkolsüz İçecekler,Ev Yapımı Taze Portakal Suyu,250.00
Gazebo,Istanbul,cafe,https://gazebo-ist.com,woo,Standart Alkolsüz İçecekler,Gazebo Detox,250.00
Gazebo,Istanbul,cafe,https://gazebo-ist.com,woo,Kırmızı Şaraplar,DLC Kalecik Karası,3300.00
Gazebo,Istanbul,cafe,https://gazebo-ist.com,woo,Köpük Köpük,Ruffino Prosecco,5000.00
Gazebo,Istanbul,cafe,https://gazebo-ist.com,woo,Başlangıçlar,Atıştırma Tabağı,1400.00
Gazebo,Istanbul,cafe,https://gazebo-ist.com,woo,Başlangıçlar,Buffalo Burrata Peyniri (2 Kişilik),1300.00
Gazebo,Istanbul,cafe,https://gazebo-ist.com,woo,Başlangıçlar,Dana Carpaccio,1300.00
Gazebo,Istanbul,cafe,https://gazebo-ist.com,woo,Başlangıçlar,Günün Çorbası,400.00
Gazebo,Istanbul,cafe,https://gazebo-ist.com,woo,Başlangıçlar,Kızarmış Çıtır Patlıcan,700.00
Gazebo,Istanbul,cafe,https://gazebo-ist.com,woo,Başlangıçlar,Karides Tempura,1200.00
Gazebo,Istanbul,cafe,https://gazebo-ist.com,woo,Başlangıçlar,İthal Peynir Tabağı,1500.00
Gaziantep'li Hacı Bekir Künç Ve Oğulları,Istanbul,cafe,https://www.hacibekirkunc.com,html,,Cevizli Mini Özel Baklava,1600.00
Gaziantep'li Hacı Bekir Künç Ve Oğulları,Istanbul,cafe,https://www.hacibekirkunc.com,html,,Sütlü Nuriye,1400.00
Gaziantep'li Hacı Bekir Künç Ve Oğulları,Istanbul,cafe,https://www.hacibekirkunc.com,html,,Fıstıklı Dürüm,2400.00
Gaziantep'li Hacı Bekir Künç Ve Oğulları,Istanbul,cafe,https://www.hacibekirkunc.com,html,,Cevizli Ev Baklavası,1300.00
Gaziantep'li Hacı Bekir Künç Ve Oğulları,Istanbul,cafe,https://www.hacibekirkunc.com,html,,Antep Şöbiyet,2450.00
Gaziantep'li Hacı Bekir Künç Ve Oğulları,Istanbul,cafe,https://www.hacibekirkunc.com,html,,Fıstıklı Özel Kare Baklava,1950.00
Gaziantep'li Hacı Bekir Künç Ve Oğulları,Istanbul,cafe,https://www.hacibekirkunc.com,html,,Sütlü Kadayıf,1000.00
Gaziantep'li Hacı Bekir Künç Ve Oğulları,Istanbul,cafe,https://www.hacibekirkunc.com,html,,Fıstıklı Baklava,1800.00
Gaziantep'li Hacı Bekir Künç Ve Oğulları,Istanbul,cafe,https://www.hacibekirkunc.com,html,,Hacı Bekir Özel Mini,1800.00
Gaziantep'li Hacı Bekir Künç Ve Oğulları,Istanbul,cafe,https://www.hacibekirkunc.com,html,,Fıstıklı Midye Baklava,2350.00
Gaziantep'li Hacı Bekir Künç Ve Oğulları,Istanbul,cafe,https://www.hacibekirkunc.com,html,,Hacı Bekir Özel,1950.00
Gaziantep'li Hacı Bekir Künç Ve Oğulları,Istanbul,cafe,https://www.hacibekirkunc.com,html,,Fıstıklı Burma Kadayıf,2100.00
Gaziantep'li Hacı Bekir Künç Ve Oğulları,Istanbul,cafe,https://www.hacibekirkunc.com,html,,Klasik Cevizli Baklava,1400.00
Gaziantep'li Hacı Bekir Künç Ve Oğulları,Istanbul,cafe,https://www.hacibekirkunc.com,html,,Kuru Baklava,1850.00
Gaziantep'li Hacı Bekir Künç Ve Oğulları,Istanbul,cafe,https://www.hacibekirkunc.com,html,,Profiterollü Yaş Pasta,950.00
Gaziantep'li Hacı Bekir Künç Ve Oğulları,Istanbul,cafe,https://www.hacibekirkunc.com,html,,Belle Vista,285.00
Gaziantep'li Hacı Bekir Künç Ve Oğulları,Istanbul,cafe,https://www.hacibekirkunc.com,html,,Frambuazlı Ekler,475.00
Gaziantep'li Hacı Bekir Künç Ve Oğulları,Istanbul,cafe,https://www.hacibekirkunc.com,html,,Hasbahçe Mini Pasta,285.00
Gaziantep'li Hacı Bekir Künç Ve Oğulları,Istanbul,cafe,https://www.hacibekirkunc.com,html,,Fıstıklı Çikolatalı Yaş Pasta,950.00
Gaziantep'li Hacı Bekir Künç Ve Oğulları,Istanbul,cafe,https://www.hacibekirkunc.com,html,,Polka,285.00
Gaziantep'li Hacı Bekir Künç Ve Oğulları,Istanbul,cafe,https://www.hacibekirkunc.com,html,,Oreo Çilekli Mini Pasta,285.00
Gaziantep'li Hacı Bekir Künç Ve Oğulları,Istanbul,cafe,https://www.hacibekirkunc.com,html,,Boğaziçi Muz Frambuaz Yaş Pasta,950.00
Gaziantep'li Hacı Bekir Künç Ve Oğulları,Istanbul,cafe,https://www.hacibekirkunc.com,html,,Krokan Çikolatalı Yaş Pasta,950.00
Gaziantep'li Hacı Bekir Künç Ve Oğulları,Istanbul,cafe,https://www.hacibekirkunc.com,html,,Muzlu Fındıklı Yaş Pasta,950.00
Gaziantep'li Hacı Bekir Künç Ve Oğulları,Istanbul,cafe,https://www.hacibekirkunc.com,html,,Parça Çikolatalı Pasta,950.00
Gaziantep'li Hacı Bekir Künç Ve Oğulları,Istanbul,cafe,https://www.hacibekirkunc.com,html,,Dokuzkat,285.00
Gaziantep'li Hacı Bekir Künç Ve Oğulları,Istanbul,cafe,https://www.hacibekirkunc.com,html,,Muz Fındıklı Mini Pasta,285.00
Gaziantep'li Hacı Bekir Künç Ve Oğulları,Istanbul,cafe,https://www.hacibekirkunc.com,html,,Sandık Desenli İşlemeli Açık Spesiyal Çikolata,3000.00
Gaziantep'li Hacı Bekir Künç Ve Oğulları,Istanbul,cafe,https://www.hacibekirkunc.com,html,,Zümrüt Kase Tablo Yaldızlı Kristal Çikolata,3200.00
Gaziantep'li Hacı Bekir Künç Ve Oğulları,Istanbul,cafe,https://www.hacibekirkunc.com,html,,Vav Kutulu Yaldızlı Kristal Çikolata,3200.00
Gaziantep'li Hacı Bekir Künç Ve Oğulları,Istanbul,cafe,https://www.hacibekirkunc.com,html,,Tasavvuf Çikolata Kutulu Spesiyal Çikolata,3200.00
Gaziantep'li Hacı Bekir Künç Ve Oğulları,Istanbul,cafe,https://www.hacibekirkunc.com,html,,Osmanlı Devlet Armalı Açık Spesiyal Çikolata,3200.00
Gaziantep'li Hacı Bekir Künç Ve Oğulları,Istanbul,cafe,https://www.hacibekirkunc.com,html,,Allah Lafzı Kutu Spesiyal Çikolata,3200.00
Gaziantep'li Hacı Bekir Künç Ve Oğulları,Istanbul,cafe,https://www.hacibekirkunc.com,html,,Osmanlı Devlet Armalı Yaldızlı Kristal Çikolata,2200.00
Gaziantep'li Hacı Bekir Künç Ve Oğulları,Istanbul,cafe,https://www.hacibekirkunc.com,html,,Bereket Eli Desenli Karışık Spesiyal Çikolata,2200.00
Gaziantep'li Hacı Bekir Künç Ve Oğulları,Istanbul,cafe,https://www.hacibekirkunc.com,html,,Zümrüt Çay Takımı Açık Spesiyal Çikolata,2200.00
Gaziantep'li Hacı Bekir Künç Ve Oğulları,Istanbul,cafe,https://www.hacibekirkunc.com,html,,Osmanlı Kaftanlı Cam Kutu Hediyelik Açık Spesiyal Çikolata,3200.00
Gaziantep'li Hacı Bekir Künç Ve Oğulları,Istanbul,cafe,https://www.hacibekirkunc.com,html,,Kabe ve Bayram Hediyelik Yaldızlı Kristal Çikolata,3200.00
Gaziantep'li Hacı Bekir Künç Ve Oğulları,Istanbul,cafe,https://www.hacibekirkunc.com,html,,Kabe Özel Kutulu Hediyelik Çikolata,3200.00
Gaziantep'li Hacı Bekir Künç Ve Oğulları,Istanbul,cafe,https://www.hacibekirkunc.com,html,,Yeşil Vav Tablo Yaldızlı Kristal Çikolata,3200.00
Gaziantep'li Hacı Bekir Künç Ve Oğulları,Istanbul,cafe,https://www.hacibekirkunc.com,html,,Tepsi Midye Dolma (3800Gr),9930.00
Gaziantep'li Hacı Bekir Künç Ve Oğulları,Istanbul,cafe,https://www.hacibekirkunc.com,html,,Tepsi Fıstıklı Kadayıf (3500 Gr),7300.00
Gaziantep'li Hacı Bekir Künç Ve Oğulları,Istanbul,cafe,https://www.hacibekirkunc.com,html,,Tepsi Antep Şöbiyet (4000Gr),10800.00
Gaziantep'li Hacı Bekir Künç Ve Oğulları,Istanbul,cafe,https://www.hacibekirkunc.com,html,,Tepsi Şekerpare (3000 Gr),3250.00
Gaziantep'li Hacı Bekir Künç Ve Oğulları,Istanbul,cafe,https://www.hacibekirkunc.com,html,,Tepsi Hacı Bekir Özel (3400 Gr),7825.00
Gaziantep'li Hacı Bekir Künç Ve Oğulları,Istanbul,cafe,https://www.hacibekirkunc.com,html,,Tepsi Hacı Bekir Özel Mini (3550 Gr),7390.00
Gaziantep'li Hacı Bekir Künç Ve Oğulları,Istanbul,cafe,https://www.hacibekirkunc.com,html,,Tepsi Burma Kadayıf Fıstıklı (3500Gr),8350.00
Gaziantep'li Hacı Bekir Künç Ve Oğulları,Istanbul,cafe,https://www.hacibekirkunc.com,html,,Tepsi Dürüm (3800 Gr),10120.00
Gaziantep'li Hacı Bekir Künç Ve Oğulları,Istanbul,cafe,https://www.hacibekirkunc.com,html,,Tepsi Fıstıklı Baklava (3400Gr),7120.00
Gaziantep'li Hacı Bekir Künç Ve Oğulları,Istanbul,cafe,https://www.hacibekirkunc.com,html,,Tepsi Havuç Dilimi (2200 Gr),5290.00
Gaziantep'li Hacı Bekir Künç Ve Oğulları,Istanbul,cafe,https://www.hacibekirkunc.com,html,,Tepsi Cevizli Mini Baklava (3500Gr),6600.00
Gaziantep'li Hacı Bekir Künç Ve Oğulları,Istanbul,cafe,https://www.hacibekirkunc.com,html,,Hacı Bekir Künç Karışık Tepsi (3365 Gr),8370.00
Gaziantep'li Hacı Bekir Künç Ve Oğulları,Istanbul,cafe,https://www.hacibekirkunc.com,html,,Tepsi Sütlü Kadayıf (5000Gr),6000.00
Gaziantep'li Hacı Bekir Künç Ve Oğulları,Istanbul,cafe,https://www.hacibekirkunc.com,html,,ÜYE OL,100.00
Gaziburma,Istanbul,restaurant,https://www.gaziburma.com,html,,Regular price,1800.00
Gaziburma,Istanbul,restaurant,https://www.gaziburma.com,html,,Sale price,1800.00
Godiva Cafe,Istanbul,cafe,https://www.godiva.com.tr,html,,"Lacivert Napoliten Kutu, 120 Adet",3200.00
Godiva Cafe,Istanbul,cafe,https://www.godiva.com.tr,html,,"100. Yıla Özel Centennial Kutu, 10 Adet Pralin",1500.00
Godiva Cafe,Istanbul,cafe,https://www.godiva.com.tr,html,,"Goldmark Bayram Hediye Kutusu, 19 adet",750.00
Godiva Cafe,Istanbul,cafe,https://www.godiva.com.tr,html,,"Mavi Holografik Desenli Grand Kutu, 64 Adet",5175.00
Godiva Cafe,Istanbul,cafe,https://www.godiva.com.tr,html,,"Mavi Holografik Desenli Napoliten Kutu, 56 Adet",2100.00
Godiva Cafe,Istanbul,cafe,https://www.godiva.com.tr,html,,"Mavi Holografik Desenli Domes Kutu, 92,5 gr",300.00
Godiva Cafe,Istanbul,cafe,https://www.godiva.com.tr,html,,Normal fiyat,325.00
Godiva Cafe,Istanbul,cafe,https://www.godiva.com.tr,html,,GODIVA X LABUBU Masterpieces Metal Kutu,650.00
Godiva Cafe,Istanbul,cafe,https://www.godiva.com.tr,html,,"Fuşya Özel Metal Kalp Kutu, Masterpieces 140 gr",499.00
Greenwich Coffee,Istanbul,cafe,https://greenwichcoffee.com,woo,"ATIŞTIRMALIKLAR, Menü",DEREOTLU POĞAÇA,75.00
Greenwich Coffee,Istanbul,cafe,https://greenwichcoffee.com,woo,Menü,MONO KARE TİRAMİSU,295.00
Greenwich Coffee,Istanbul,cafe,https://greenwichcoffee.com,woo,"ATIŞTIRMALIKLAR, Menü",TAHİNLİ ÇÖREK,120.00
Greenwich Coffee,Istanbul,cafe,https://greenwichcoffee.com,woo,Menü,SAN SEBASTİAN CHESECAKE,310.00
Greenwich Coffee,Istanbul,cafe,https://greenwichcoffee.com,woo,"HOT-ICE DRINK, İçecekler",Vanilyalı Milkshake,280.00
Greenwich Coffee,Istanbul,cafe,https://greenwichcoffee.com,woo,"HOT-ICE DRINK, İçecekler",Çilekli Milkshake,280.00
Greenwich Coffee,Istanbul,cafe,https://greenwichcoffee.com,woo,"HOT-ICE DRINK, İçecekler",Çikolatalı Milkshake,280.00
Greenwich Coffee,Istanbul,cafe,https://greenwichcoffee.com,woo,Menü,ŞEFTALI SARMA,320.00
Greenwich Coffee,Istanbul,cafe,https://greenwichcoffee.com,woo,Menü,ORMANMEYVELİ NO BAKE CHEESECAKE,315.00
Greenwich Coffee,Istanbul,cafe,https://greenwichcoffee.com,woo,Menü,FRAMBUAZLI KAKAOLU RULO SARMA,320.00
Greenwich Coffee,Istanbul,cafe,https://greenwichcoffee.com,woo,Menü,ÇİKOLATALI ÇİLEKLİ MONO,330.00
Greenwich Coffee,Istanbul,cafe,https://greenwichcoffee.com,woo,"EKSTRALAR, Menü",EXTRA KREM ŞANTİ,60.00
Greenwich Coffee,Istanbul,cafe,https://greenwichcoffee.com,woo,"ATIŞTIRMALIKLAR, Menü",TRIO HİNDİSTAN CEVİZİ-YER FISTIĞI TOP,115.00
Greenwich Coffee,Istanbul,cafe,https://greenwichcoffee.com,woo,"ATIŞTIRMALIKLAR, Menü",TRIO CHIA TOHUMU-VİŞNE EZMESİ TOP,115.00
Greenwich Coffee,Istanbul,cafe,https://greenwichcoffee.com,woo,Menü,GW MAGNUM KARADUT KRUVASAN,380.00
Greenwich Coffee,Istanbul,cafe,https://greenwichcoffee.com,woo,Menü,GW MAGNUM FISTIK KRUVASAN,380.00
Greenwich Coffee,Istanbul,cafe,https://greenwichcoffee.com,woo,Menü,GW MAGNUM BEYAZ KRUVASAN,380.00
Greenwich Coffee,Istanbul,cafe,https://greenwichcoffee.com,woo,Menü,GW MAGNUM BADEM KRUVASAN,380.00
Greenwich Coffee,Istanbul,cafe,https://greenwichcoffee.com,woo,"ATIŞTIRMALIKLAR, Menü",Fruwy Şeftali,135.00
Greenwich Coffee,Istanbul,cafe,https://greenwichcoffee.com,woo,"ATIŞTIRMALIKLAR, Menü",Fruwy Mango,145.00
Greenwich Coffee,Istanbul,cafe,https://greenwichcoffee.com,woo,"ATIŞTIRMALIKLAR, Menü",Fruwy Elma,135.00
Greenwich Coffee,Istanbul,cafe,https://greenwichcoffee.com,woo,"ATIŞTIRMALIKLAR, Menü",Fruwy Ejder,145.00
Greenwich Coffee,Istanbul,cafe,https://greenwichcoffee.com,woo,"ATIŞTIRMALIKLAR, Menü",Fruwy Çilek,135.00
Greenwich Coffee,Istanbul,cafe,https://greenwichcoffee.com,woo,"ATIŞTIRMALIKLAR, Menü",Fruwy Ananas,145.00
Greenwich Coffee,Istanbul,cafe,https://greenwichcoffee.com,woo,"Menü, TATLILAR",GW ELMALI KEK,150.00
Greenwich Coffee,Istanbul,cafe,https://greenwichcoffee.com,woo,"Menü, TATLILAR",GW YABAN MERSİNLİ KEK,150.00
Greenwich Coffee,Istanbul,cafe,https://greenwichcoffee.com,woo,Menü,GW SADE KRUVASAN,200.00
Greenwich Coffee,Istanbul,cafe,https://greenwichcoffee.com,woo,Menü,GW KAŞARLI KRUVASAN,270.00
Greenwich Coffee,Istanbul,cafe,https://greenwichcoffee.com,woo,Menü,GW KAHVALTI KRUVASAN,350.00
Greenwich Coffee,Istanbul,cafe,https://greenwichcoffee.com,woo,Menü,GW ÇİKOLATALI KRUVASAN,270.00
Greenwich Coffee,Istanbul,cafe,https://greenwichcoffee.com,woo,Menü,GW AVOKADO VE DANA JAMBONLU KRUVASAN,350.00
Greenwich Coffee,Istanbul,cafe,https://greenwichcoffee.com,woo,Menü,BARDAK WAFFLE,270.00
Greenwich Coffee,Istanbul,cafe,https://greenwichcoffee.com,woo,Menü,MANTARLI KİŞ,270.00
Greenwich Coffee,Istanbul,cafe,https://greenwichcoffee.com,woo,Menü,ISPANAKLI KİŞ,270.00
Greenwich Coffee,Istanbul,cafe,https://greenwichcoffee.com,woo,Menü,GW MİNİ PEYNİRLİ,70.00
Greenwich Coffee,Istanbul,cafe,https://greenwichcoffee.com,woo,Menü,GW ELMALI TURTA,180.00
Greenwich Coffee,Istanbul,cafe,https://greenwichcoffee.com,woo,Menü,GW ATOM BEZE,70.00
Greenwich Coffee,Istanbul,cafe,https://greenwichcoffee.com,woo,Menü,ARTİZAN ELMALI TART,315.00
Greenwich Coffee,Istanbul,cafe,https://greenwichcoffee.com,woo,Menü,RUBY ORMAN MEYVELİ PASTA,345.00
Greenwich Coffee,Istanbul,cafe,https://greenwichcoffee.com,woo,"ATIŞTIRMALIKLAR, Menü",MATCHA COOKİE (BARDAK),290.00
Greenwich Coffee,Istanbul,cafe,https://greenwichcoffee.com,woo,Menü,MATCHA BLONDİE,310.00
Greenwich Coffee,Istanbul,cafe,https://greenwichcoffee.com,woo,Menü,MANGO PASSION PASTA,330.00
Greenwich Coffee,Istanbul,cafe,https://greenwichcoffee.com,woo,"ATIŞTIRMALIKLAR, Menü",CO-HURMA TOPLARI (BARDAK),300.00
Greenwich Coffee,Istanbul,cafe,https://greenwichcoffee.com,woo,"HOT-ICE DRINK, İçecekler",ICE CAPPUCCINO,210.00
Greenwich Coffee,Istanbul,cafe,https://greenwichcoffee.com,woo,"ALTERNATİFLER, İçecekler",COLOMBIA PİNK BOURBON (S),300.00
Greenwich Coffee,Istanbul,cafe,https://greenwichcoffee.com,woo,"ATIŞTIRMALIKLAR, Menü",LABNELİ ISPANAKLI POĞAÇA,75.00
Greenwich Coffee,Istanbul,cafe,https://greenwichcoffee.com,woo,Menü,YULAFLI PİNK MATCHA LATTE (S),275.00
Greenwich Coffee,Istanbul,cafe,https://greenwichcoffee.com,woo,Menü,YULAFLI PİNK MATCHA LATTE (M),285.00
Greenwich Coffee,Istanbul,cafe,https://greenwichcoffee.com,woo,Menü,YULAFLI PİNK MATCHA LATTE (L),295.00
Greenwich Coffee,Istanbul,cafe,https://greenwichcoffee.com,woo,Menü,YULAFLI MATCHA LATTE (S),275.00
Greenwich Coffee,Istanbul,cafe,https://greenwichcoffee.com,woo,Menü,YULAFLI MATCHA LATTE (M),285.00
Greenwich Coffee,Istanbul,cafe,https://greenwichcoffee.com,woo,Menü,YULAFLI MATCHA LATTE (L),295.00
Greenwich Coffee,Istanbul,cafe,https://greenwichcoffee.com,woo,Menü,YULAFLI BLUE MATCHA LATTE (S),275.00
Greenwich Coffee,Istanbul,cafe,https://greenwichcoffee.com,woo,Menü,YULAFLI BLUE MATCHA LATTE (M),285.00
Greenwich Coffee,Istanbul,cafe,https://greenwichcoffee.com,woo,Menü,YULAFLI BLUE MATCHA LATTE (L),295.00
Greenwich Coffee,Istanbul,cafe,https://greenwichcoffee.com,woo,Menü,PİNK MATCHA LATTE (S),260.00
Greenwich Coffee,Istanbul,cafe,https://greenwichcoffee.com,woo,Menü,PİNK MATCHA LATTE (M),275.00
Greenwich Coffee,Istanbul,cafe,https://greenwichcoffee.com,woo,Menü,PİNK MATCHA LATTE (L),290.00
Greenwich Coffee,Istanbul,cafe,https://greenwichcoffee.com,woo,Menü,MATCHA LATTE (S),260.00
Greenwich Coffee,Istanbul,cafe,https://greenwichcoffee.com,woo,Menü,MATCHA LATTE (M),275.00
Greenwich Coffee,Istanbul,cafe,https://greenwichcoffee.com,woo,Menü,MATCHA LATTE (L),290.00
Greenwich Coffee,Istanbul,cafe,https://greenwichcoffee.com,woo,Menü,BLUE MATCHA LATTE (S),260.00
Greenwich Coffee,Istanbul,cafe,https://greenwichcoffee.com,woo,Menü,BLUE MATCHA LATTE (M),275.00
Greenwich Coffee,Istanbul,cafe,https://greenwichcoffee.com,woo,Menü,BLUE MATCHA LATTE (L),290.00
Greenwich Coffee,Istanbul,cafe,https://greenwichcoffee.com,woo,Menü,BADEMLİ PİNK MATCHA LATTE (S),275.00
Greenwich Coffee,Istanbul,cafe,https://greenwichcoffee.com,woo,Menü,BADEMLİ PİNK MATCHA LATTE (M),285.00
Greenwich Coffee,Istanbul,cafe,https://greenwichcoffee.com,woo,Menü,BADEMLİ PİNK MATCHA LATTE (L),295.00
Greenwich Coffee,Istanbul,cafe,https://greenwichcoffee.com,woo,Menü,BADEMLİ MATCHA LATTE (S),275.00
Greenwich Coffee,Istanbul,cafe,https://greenwichcoffee.com,woo,Menü,BADEMLİ MATCHA LATTE (M),285.00
Greenwich Coffee,Istanbul,cafe,https://greenwichcoffee.com,woo,Menü,BADEMLİ MATCHA LATTE (L),295.00
Greenwich Coffee,Istanbul,cafe,https://greenwichcoffee.com,woo,Menü,BADEMLİ BLUE MATCHA LATTE (S),275.00
Greenwich Coffee,Istanbul,cafe,https://greenwichcoffee.com,woo,Menü,BADEMLİ BLUE MATCHA LATTE (M),285.00
Greenwich Coffee,Istanbul,cafe,https://greenwichcoffee.com,woo,Menü,BADEMLİ BLUE MATCHA LATTE (L),295.00
Greenwich Coffee,Istanbul,cafe,https://greenwichcoffee.com,woo,Menü,ICE yulaflı pink matcha latte (S),275.00
Greenwich Coffee,Istanbul,cafe,https://greenwichcoffee.com,woo,Menü,ICE yulaflı pink matcha latte (M),285.00
Greenwich Coffee,Istanbul,cafe,https://greenwichcoffee.com,woo,Menü,ICE yulaflı pink matcha latte (L),295.00
Greenwich Coffee,Istanbul,cafe,https://greenwichcoffee.com,woo,Menü,ICE yulaflı matcha latte (S),275.00
Greenwich Coffee,Istanbul,cafe,https://greenwichcoffee.com,woo,Menü,ICE yulaflı matcha latte (M),285.00
Greenwich Coffee,Istanbul,cafe,https://greenwichcoffee.com,woo,Menü,ICE yulaflı matcha latte (L),295.00
Greenwich Coffee,Istanbul,cafe,https://greenwichcoffee.com,woo,Menü,ICE yulaflı blue matcha latte (S),275.00
Greenwich Coffee,Istanbul,cafe,https://greenwichcoffee.com,woo,Menü,ICE yulaflı blue matcha latte (M),285.00
Greenwich Coffee,Istanbul,cafe,https://greenwichcoffee.com,woo,Menü,ICE yulaflı blue matcha latte (L),295.00
Greenwich Coffee,Istanbul,cafe,https://greenwichcoffee.com,woo,Menü,ICE pink matcha latte (S),260.00
Greenwich Coffee,Istanbul,cafe,https://greenwichcoffee.com,woo,Menü,ICE pink matcha latte (M),275.00
Greenwich Coffee,Istanbul,cafe,https://greenwichcoffee.com,woo,Menü,ICE pink matcha latte (L),290.00
Greenwich Coffee,Istanbul,cafe,https://greenwichcoffee.com,woo,Menü,ICE matcha latte (S),260.00
Greenwich Coffee,Istanbul,cafe,https://greenwichcoffee.com,woo,Menü,ICE matcha latte (M),275.00
Greenwich Coffee,Istanbul,cafe,https://greenwichcoffee.com,woo,Menü,ICE matcha latte (L),290.00
Greenwich Coffee,Istanbul,cafe,https://greenwichcoffee.com,woo,Menü,ICE blue matcha latte (S),260.00
Greenwich Coffee,Istanbul,cafe,https://greenwichcoffee.com,woo,Menü,ICE blue matcha latte (M),275.00
Greenwich Coffee,Istanbul,cafe,https://greenwichcoffee.com,woo,Menü,ICE blue matcha latte (L),290.00
Greenwich Coffee,Istanbul,cafe,https://greenwichcoffee.com,woo,Menü,ICE Bademli pink matcha latte (S),275.00
Greenwich Coffee,Istanbul,cafe,https://greenwichcoffee.com,woo,Menü,ICE Bademli pink matcha latte (M),285.00
Greenwich Coffee,Istanbul,cafe,https://greenwichcoffee.com,woo,Menü,ICE Bademli pink matcha latte (L),295.00
Greenwich Coffee,Istanbul,cafe,https://greenwichcoffee.com,woo,Menü,ICE Bademli matcha latte (S),275.00
Greenwich Coffee,Istanbul,cafe,https://greenwichcoffee.com,woo,Menü,ICE Bademli matcha latte (M),285.00
Greenwich Coffee,Istanbul,cafe,https://greenwichcoffee.com,woo,Menü,ICE Bademli matcha latte (L),295.00
Greenwich Coffee,Istanbul,cafe,https://greenwichcoffee.com,woo,Menü,ICE Bademli blue matcha latte (S),275.00
Greenwich Coffee,Istanbul,cafe,https://greenwichcoffee.com,woo,Menü,ICE Bademli blue matcha latte (M),285.00
Greenwich Coffee,Istanbul,cafe,https://greenwichcoffee.com,woo,Menü,ICE Bademli blue matcha latte (L),295.00
Habil Pizza,Istanbul,fast_food,http://www.habilpizza.com,html,,ETLİ MENÜ 4'LÜ,380.00
Habil Pizza,Istanbul,fast_food,http://www.habilpizza.com,html,,ETLİ MENÜ 3'LÜ,360.00
Habil Pizza,Istanbul,fast_food,http://www.habilpizza.com,html,,ETLİ MENÜ 2'Lİ,340.00
Habil Pizza,Istanbul,fast_food,http://www.habilpizza.com,html,,TAVUKLU SEBZELİ MENÜ 4 LÜ,360.00
Habil Pizza,Istanbul,fast_food,http://www.habilpizza.com,html,,TAVUKLU SEBZELİ 3'LÜ,340.00
Habil Pizza,Istanbul,fast_food,http://www.habilpizza.com,html,,TAVUKLU SEBZELİ 2'li,320.00
Havva Hanım & Ballaturka,Istanbul,restaurant,https://www.havvahanim.com,html,,Siyah Zeytin (1 kg),540.00
Havva Hanım & Ballaturka,Istanbul,restaurant,https://www.havvahanim.com,html,,İspir Fasulye (1 Kg),575.00
Havva Hanım & Ballaturka,Istanbul,restaurant,https://www.havvahanim.com,html,,Çiçek Balı (1 Kg),1795.00
Havva Hanım & Ballaturka,Istanbul,restaurant,https://www.havvahanim.com,html,,Çilek Reçeli - El Yapımı (1 Kg),540.00
Havva Hanım & Ballaturka,Istanbul,restaurant,https://www.havvahanim.com,html,,Sütlü Fındık Ezmesi (500 Gr),270.00
Havva Hanım & Ballaturka,Istanbul,restaurant,https://www.havvahanim.com,html,,Sürmene Tulumu (500 Gr),495.00
Havva Hanım & Ballaturka,Istanbul,restaurant,https://www.havvahanim.com,html,,Koyun Peyniri (1 Kg),990.00
Husnu Ala Cafe,Istanbul,cafe,http://www.husnuala.com,html,,SERPME KAHVALTI(2 KİŞİLİK),1600.00
Husnu Ala Cafe,Istanbul,cafe,http://www.husnuala.com,html,,KAHVALTI ŞÖLENI,675.00
Husnu Ala Cafe,Istanbul,cafe,http://www.husnuala.com,html,,SAHANDA SUCUKLU YUMURTA,350.00
Husnu Ala Cafe,Istanbul,cafe,http://www.husnuala.com,html,,SAHANDA PEYNIRLI YUMURTA,235.00
J Burger,Istanbul,fast_food,https://jburger.com.tr,html,,Köfte ve özel hazırlanmış soslarımız ile — 80gr.,620.00
J Burger,Istanbul,fast_food,https://jburger.com.tr,html,,"Köfte, eritilmiş kaşar peyniri ve özel soslar — 160gr.",960.00
J Burger,Istanbul,fast_food,https://jburger.com.tr,html,,"Dana kaburga, taze soğan, peynir ve özel soslar — 80gr.",710.00
J Burger,Istanbul,fast_food,https://jburger.com.tr,html,,J Paylaşmalık Tabak,1250.00
Kahve Dünyası,Istanbul,cafe,https://www.kahvedunyasi.com,html,,Reform Alışveriş Çantası,870.00
Kahve Dünyası,Istanbul,cafe,https://www.kahvedunyasi.com,html,,Kahve Dünyası Algötür Metal Termos 460 ml,1250.00
Kahve Dünyası,Istanbul,cafe,https://www.kahvedunyasi.com,html,,Tablet Çikolata Brownie Dolgulu,350.00
Kahve Dünyası,Istanbul,cafe,https://www.kahvedunyasi.com,html,,Tablet Çikolata Bademli Krokanlı ve Karamelli,350.00
Kahve Dünyası,Istanbul,cafe,https://www.kahvedunyasi.com,html,,Özel Seri Soğuk Fındık Aromalı Caffe Latte 10'lu,185.00
Kahve Dünyası,Istanbul,cafe,https://www.kahvedunyasi.com,html,,Guatemala Filtre Kahve Kilitli 250g,350.00
Kahve Dünyası,Istanbul,cafe,https://www.kahvedunyasi.com,html,,Lavi Karışık Dolgulu Çikolata Silindir Kutu 400g,400.00
Kahve Dünyası,Istanbul,cafe,https://www.kahvedunyasi.com,html,,Özel Seri Soğuk Vanilyalı Aromalı Caffe Latte 10'lu,185.00
Kahve Dünyası,Istanbul,cafe,https://www.kahvedunyasi.com,html,,Geçmiş Olsun Hediye Kutusu,94.90
Kahve Dünyası,Istanbul,cafe,https://www.kahvedunyasi.com,html,,Başarılarının Devamını Dilerim Hediye Kutusu,94.90
Kahve Dünyası,Istanbul,cafe,https://www.kahvedunyasi.com,html,,Yeni Yaşın Mutlu Olsun Hediye Kutusu,94.90
Kahve Dünyası,Istanbul,cafe,https://www.kahvedunyasi.com,html,,Hayat Seninle Güzel Hediye Kutusu,94.90
Kahve Dünyası,Istanbul,cafe,https://www.kahvedunyasi.com,html,,Reform Alışveriş Çantası,870.00
Kahve Dünyası,Istanbul,cafe,https://www.kahvedunyasi.com,html,,Kahve Dünyası Algötür Metal Termos 460 ml,1250.00
Kahve Dünyası,Istanbul,cafe,https://www.kahvedunyasi.com,html,,Tablet Çikolata Brownie Dolgulu,350.00
Kahve Dünyası,Istanbul,cafe,https://www.kahvedunyasi.com,html,,Tablet Çikolata Bademli Krokanlı ve Karamelli,350.00
Kahve Dünyası,Istanbul,cafe,https://www.kahvedunyasi.com,html,,Özel Seri Soğuk Fındık Aromalı Caffe Latte 10'lu,185.00
Kahve Dünyası,Istanbul,cafe,https://www.kahvedunyasi.com,html,,Guatemala Filtre Kahve Kilitli 250g,350.00
Kahve Dünyası,Istanbul,cafe,https://www.kahvedunyasi.com,html,,Lavi Karışık Dolgulu Çikolata Silindir Kutu 400g,400.00
Kahve Dünyası,Istanbul,cafe,https://www.kahvedunyasi.com,html,,Özel Seri Soğuk Vanilyalı Aromalı Caffe Latte 10'lu,185.00
Kahve Dünyası,Istanbul,cafe,https://www.kahvedunyasi.com,html,,Geçmiş Olsun Hediye Kutusu,94.90
Kahve Dünyası,Istanbul,cafe,https://www.kahvedunyasi.com,html,,Başarılarının Devamını Dilerim Hediye Kutusu,94.90
Kahve Dünyası,Istanbul,cafe,https://www.kahvedunyasi.com,html,,Yeni Yaşın Mutlu Olsun Hediye Kutusu,94.90
Kahve Dünyası,Istanbul,cafe,https://www.kahvedunyasi.com,html,,Hayat Seninle Güzel Hediye Kutusu,94.90
Kahve Dünyası,Istanbul,cafe,https://www.kahvedunyasi.com,html,,Reform Alışveriş Çantası,870.00
Kahve Dünyası,Istanbul,cafe,https://www.kahvedunyasi.com,html,,Kahve Dünyası Algötür Metal Termos 460 ml,1250.00
Kahve Dünyası,Istanbul,cafe,https://www.kahvedunyasi.com,html,,Tablet Çikolata Brownie Dolgulu,350.00
Kahve Dünyası,Istanbul,cafe,https://www.kahvedunyasi.com,html,,Tablet Çikolata Bademli Krokanlı ve Karamelli,350.00
Kahve Dünyası,Istanbul,cafe,https://www.kahvedunyasi.com,html,,Özel Seri Soğuk Fındık Aromalı Caffe Latte 10'lu,185.00
Kahve Dünyası,Istanbul,cafe,https://www.kahvedunyasi.com,html,,Guatemala Filtre Kahve Kilitli 250g,350.00
Kahve Dünyası,Istanbul,cafe,https://www.kahvedunyasi.com,html,,Lavi Karışık Dolgulu Çikolata Silindir Kutu 400g,400.00
Kahve Dünyası,Istanbul,cafe,https://www.kahvedunyasi.com,html,,Özel Seri Soğuk Vanilyalı Aromalı Caffe Latte 10'lu,185.00
Kahve Dünyası,Istanbul,cafe,https://www.kahvedunyasi.com,html,,Geçmiş Olsun Hediye Kutusu,94.90
Kahve Dünyası,Istanbul,cafe,https://www.kahvedunyasi.com,html,,Başarılarının Devamını Dilerim Hediye Kutusu,94.90
Kahve Dünyası,Istanbul,cafe,https://www.kahvedunyasi.com,html,,Yeni Yaşın Mutlu Olsun Hediye Kutusu,94.90
Kahve Dünyası,Istanbul,cafe,https://www.kahvedunyasi.com,html,,Hayat Seninle Güzel Hediye Kutusu,94.90
Kahve Dünyası,Istanbul,cafe,https://www.kahvedunyasi.com,html,,Reform Alışveriş Çantası,870.00
Kahve Dünyası,Istanbul,cafe,https://www.kahvedunyasi.com,html,,Kahve Dünyası Algötür Metal Termos 460 ml,1250.00
Kahve Dünyası,Istanbul,cafe,https://www.kahvedunyasi.com,html,,Tablet Çikolata Brownie Dolgulu,350.00
Kahve Dünyası,Istanbul,cafe,https://www.kahvedunyasi.com,html,,Tablet Çikolata Bademli Krokanlı ve Karamelli,350.00
Kahve Dünyası,Istanbul,cafe,https://www.kahvedunyasi.com,html,,Özel Seri Soğuk Fındık Aromalı Caffe Latte 10'lu,185.00
Kahve Dünyası,Istanbul,cafe,https://www.kahvedunyasi.com,html,,Guatemala Filtre Kahve Kilitli 250g,350.00
Kahve Dünyası,Istanbul,cafe,https://www.kahvedunyasi.com,html,,Lavi Karışık Dolgulu Çikolata Silindir Kutu 400g,400.00
Kahve Dünyası,Istanbul,cafe,https://www.kahvedunyasi.com,html,,Özel Seri Soğuk Vanilyalı Aromalı Caffe Latte 10'lu,185.00
Kahve Dünyası,Istanbul,cafe,https://www.kahvedunyasi.com,html,,Geçmiş Olsun Hediye Kutusu,94.90
Kahve Dünyası,Istanbul,cafe,https://www.kahvedunyasi.com,html,,Başarılarının Devamını Dilerim Hediye Kutusu,94.90
Kahve Dünyası,Istanbul,cafe,https://www.kahvedunyasi.com,html,,Yeni Yaşın Mutlu Olsun Hediye Kutusu,94.90
Kahve Dünyası,Istanbul,cafe,https://www.kahvedunyasi.com,html,,Hayat Seninle Güzel Hediye Kutusu,94.90
Kahve Dünyası,Istanbul,cafe,https://www.kahvedunyasi.com,html,,Reform Alışveriş Çantası,870.00
Kahve Dünyası,Istanbul,cafe,https://www.kahvedunyasi.com,html,,Kahve Dünyası Algötür Metal Termos 460 ml,1250.00
Kahve Dünyası,Istanbul,cafe,https://www.kahvedunyasi.com,html,,Tablet Çikolata Brownie Dolgulu,350.00
Kahve Dünyası,Istanbul,cafe,https://www.kahvedunyasi.com,html,,Tablet Çikolata Bademli Krokanlı ve Karamelli,350.00
Kahve Dünyası,Istanbul,cafe,https://www.kahvedunyasi.com,html,,Özel Seri Soğuk Fındık Aromalı Caffe Latte 10'lu,185.00
Kahve Dünyası,Istanbul,cafe,https://www.kahvedunyasi.com,html,,Guatemala Filtre Kahve Kilitli 250g,350.00
Kahve Dünyası,Istanbul,cafe,https://www.kahvedunyasi.com,html,,Lavi Karışık Dolgulu Çikolata Silindir Kutu 400g,400.00
Kahve Dünyası,Istanbul,cafe,https://www.kahvedunyasi.com,html,,Özel Seri Soğuk Vanilyalı Aromalı Caffe Latte 10'lu,185.00
Kahve Dünyası,Istanbul,cafe,https://www.kahvedunyasi.com,html,,Geçmiş Olsun Hediye Kutusu,94.90
Kahve Dünyası,Istanbul,cafe,https://www.kahvedunyasi.com,html,,Başarılarının Devamını Dilerim Hediye Kutusu,94.90
Kahve Dünyası,Istanbul,cafe,https://www.kahvedunyasi.com,html,,Yeni Yaşın Mutlu Olsun Hediye Kutusu,94.90
Kahve Dünyası,Istanbul,cafe,https://www.kahvedunyasi.com,html,,Hayat Seninle Güzel Hediye Kutusu,94.90
Kahve Dünyası,Istanbul,cafe,https://www.kahvedunyasi.com,html,,Reform Alışveriş Çantası,870.00
Kahve Dünyası,Istanbul,cafe,https://www.kahvedunyasi.com,html,,Kahve Dünyası Algötür Metal Termos 460 ml,1250.00
Kahve Dünyası,Istanbul,cafe,https://www.kahvedunyasi.com,html,,Tablet Çikolata Brownie Dolgulu,350.00
Kahve Dünyası,Istanbul,cafe,https://www.kahvedunyasi.com,html,,Tablet Çikolata Bademli Krokanlı ve Karamelli,350.00
Kahve Dünyası,Istanbul,cafe,https://www.kahvedunyasi.com,html,,Özel Seri Soğuk Fındık Aromalı Caffe Latte 10'lu,185.00
Kahve Dünyası,Istanbul,cafe,https://www.kahvedunyasi.com,html,,Guatemala Filtre Kahve Kilitli 250g,350.00
Kahve Dünyası,Istanbul,cafe,https://www.kahvedunyasi.com,html,,Lavi Karışık Dolgulu Çikolata Silindir Kutu 400g,400.00
Kahve Dünyası,Istanbul,cafe,https://www.kahvedunyasi.com,html,,Özel Seri Soğuk Vanilyalı Aromalı Caffe Latte 10'lu,185.00
Kahve Dünyası,Istanbul,cafe,https://www.kahvedunyasi.com,html,,Geçmiş Olsun Hediye Kutusu,94.90
Kahve Dünyası,Istanbul,cafe,https://www.kahvedunyasi.com,html,,Başarılarının Devamını Dilerim Hediye Kutusu,94.90
Kahve Dünyası,Istanbul,cafe,https://www.kahvedunyasi.com,html,,Yeni Yaşın Mutlu Olsun Hediye Kutusu,94.90
Kahve Dünyası,Istanbul,cafe,https://www.kahvedunyasi.com,html,,Hayat Seninle Güzel Hediye Kutusu,94.90
Kahve Dünyası,Istanbul,cafe,https://www.kahvedunyasi.com,html,,Reform Alışveriş Çantası,870.00
Kahve Dünyası,Istanbul,cafe,https://www.kahvedunyasi.com,html,,Kahve Dünyası Algötür Metal Termos 460 ml,1250.00
Kahve Dünyası,Istanbul,cafe,https://www.kahvedunyasi.com,html,,Tablet Çikolata Brownie Dolgulu,350.00
Kahve Dünyası,Istanbul,cafe,https://www.kahvedunyasi.com,html,,Tablet Çikolata Bademli Krokanlı ve Karamelli,350.00
Kahve Dünyası,Istanbul,cafe,https://www.kahvedunyasi.com,html,,Özel Seri Soğuk Fındık Aromalı Caffe Latte 10'lu,185.00
Kahve Dünyası,Istanbul,cafe,https://www.kahvedunyasi.com,html,,Guatemala Filtre Kahve Kilitli 250g,350.00
Kahve Dünyası,Istanbul,cafe,https://www.kahvedunyasi.com,html,,Lavi Karışık Dolgulu Çikolata Silindir Kutu 400g,400.00
Kahve Dünyası,Istanbul,cafe,https://www.kahvedunyasi.com,html,,Özel Seri Soğuk Vanilyalı Aromalı Caffe Latte 10'lu,185.00
Kahve Dünyası,Istanbul,cafe,https://www.kahvedunyasi.com,html,,Geçmiş Olsun Hediye Kutusu,94.90
Kahve Dünyası,Istanbul,cafe,https://www.kahvedunyasi.com,html,,Başarılarının Devamını Dilerim Hediye Kutusu,94.90
Kahve Dünyası,Istanbul,cafe,https://www.kahvedunyasi.com,html,,Yeni Yaşın Mutlu Olsun Hediye Kutusu,94.90
Kahve Dünyası,Istanbul,cafe,https://www.kahvedunyasi.com,html,,Hayat Seninle Güzel Hediye Kutusu,94.90
Kahve Dünyası,Istanbul,cafe,https://kahvedunyasi.com,html,,Reform Alışveriş Çantası,870.00
Kahve Dünyası,Istanbul,cafe,https://kahvedunyasi.com,html,,Kahve Dünyası Algötür Metal Termos 460 ml,1250.00
Kahve Dünyası,Istanbul,cafe,https://kahvedunyasi.com,html,,Tablet Çikolata Brownie Dolgulu,350.00
Kahve Dünyası,Istanbul,cafe,https://kahvedunyasi.com,html,,Tablet Çikolata Bademli Krokanlı ve Karamelli,350.00
Kahve Dünyası,Istanbul,cafe,https://kahvedunyasi.com,html,,Özel Seri Soğuk Fındık Aromalı Caffe Latte 10'lu,185.00
Kahve Dünyası,Istanbul,cafe,https://kahvedunyasi.com,html,,Guatemala Filtre Kahve Kilitli 250g,350.00
Kahve Dünyası,Istanbul,cafe,https://kahvedunyasi.com,html,,Lavi Karışık Dolgulu Çikolata Silindir Kutu 400g,400.00
Kahve Dünyası,Istanbul,cafe,https://kahvedunyasi.com,html,,Özel Seri Soğuk Vanilyalı Aromalı Caffe Latte 10'lu,185.00
Kahve Dünyası,Istanbul,cafe,https://kahvedunyasi.com,html,,Geçmiş Olsun Hediye Kutusu,94.90
Kahve Dünyası,Istanbul,cafe,https://kahvedunyasi.com,html,,Başarılarının Devamını Dilerim Hediye Kutusu,94.90
Kahve Dünyası,Istanbul,cafe,https://kahvedunyasi.com,html,,Yeni Yaşın Mutlu Olsun Hediye Kutusu,94.90
Kahve Dünyası,Istanbul,cafe,https://kahvedunyasi.com,html,,Hayat Seninle Güzel Hediye Kutusu,94.90
Karabatak,Istanbul,cafe,https://karabatak.com,woo,Karabatak Kahveleri,Aspat Çekirdek Kahve 500 Gr,1000.00
Karabatak,Istanbul,cafe,https://karabatak.com,woo,Karabatak Kahveleri,Home Çekirdek Kahve 500 Gr,1000.00
Karabatak,Istanbul,cafe,https://karabatak.com,woo,Karabatak Kahveleri,Twickenham Çekirdek Kahve 500 Gr,1000.00
Karabatak,Istanbul,cafe,https://karabatak.com,woo,Karabatak Kahveleri,Karaköy Çekirdek Kahve 500 Gr,1000.00
Karabatak,Istanbul,cafe,https://karabatak.com,woo,Karabatak Kahveleri,⁠Skate Çekirdek Kahve 500 gr,1000.00
Karabatak,Istanbul,cafe,https://karabatak.com,woo,Karabatak Kahveleri,Baristas Çekirdek Kahve 500 gr,1000.00
Karabatak,Istanbul,cafe,https://karabatak.com,woo,Karabatak Kahveleri,Bikini Çekirdek Kahve 500 Gr,1000.00
Karabatak,Istanbul,cafe,https://karabatak.com,woo,Karabatak Kahveleri,Baristas Çekirdek Kahve 250 gr,500.00
Karabatak,Istanbul,cafe,https://karabatak.com,woo,Karabatak Kahveleri,Home Çekirdek Kahve 250 Gr,500.00
Karabatak,Istanbul,cafe,https://karabatak.com,woo,Karabatak Kahveleri,Twickenham Çekirdek Kahve 250 Gr,500.00
Karabatak,Istanbul,cafe,https://karabatak.com,woo,Karabatak Kahveleri,Aspat Çekirdek Kahve 250 Gr,500.00
Karabatak,Istanbul,cafe,https://karabatak.com,woo,Karabatak Kahveleri,Bikini Çekirdek Kahve 250 Gr,500.00
Karabatak,Istanbul,cafe,https://karabatak.com,woo,Karabatak Kahveleri,⁠Skate Çekirdek Kahve 250 Gr,500.00
Karabatak,Istanbul,cafe,https://karabatak.com,woo,Karabatak Kahveleri,Karaköy Çekirdek Kahve 250 Gr,500.00
Karabatak,Istanbul,cafe,https://karabatak.com,woo,Kahve Aksesuarları,Karabatak Mug/Kupa Fincan 300cc – 6 Adet / 1 Kutu,3000.00
Karabatak,Istanbul,cafe,https://karabatak.com,woo,Kahve Aksesuarları,Karabatak Capuccino Fincan Takımı 215cc – 6 Adet / 1 Kutu,4500.00
Karabatak,Istanbul,cafe,https://karabatak.com,woo,Kahve Aksesuarları,Karabatak Cafe Latte Fincan Takımı 300 cc – 6 Adet / 1 Kutu,4500.00
Karabatak,Istanbul,cafe,https://karabatak.com,woo,Kahve Aksesuarları,Karabatak Espresso Fincan Takımı 90cc – 12 Adet / 1 Kutu,9000.00
Karabatak,Istanbul,cafe,https://karabatak.com,woo,Julius Meinl Kahveleri,The Originals Red Door 1 Kg,2100.00
Karabatak,Istanbul,cafe,https://karabatak.com,woo,Julius Meinl Kahveleri,Julius Meinl Premium Collection Espresso Arabica Çekirdek 500 G,1000.00
Karabatak,Istanbul,cafe,https://karabatak.com,woo,Karabatak Kahveleri,⁠Gece Kuşu Çekirdek Kahve 250 Gr,500.00
Karabatak,Istanbul,cafe,https://karabatak.com,woo,Karabatak Kahveleri,Kingsman Çekirdek Kahve 250 Gr,500.00
Karabatak,Istanbul,cafe,https://karabatak.com,woo,Karabatak Kahveleri,⁠Gece Kuşu Çekirdek Kahve 500 Gr,1000.00
Karabatak,Istanbul,cafe,https://karabatak.com,woo,Karabatak Kahveleri,⁠Kingsman Çekirdek Kahve 500 Gr,1000.00
Karabatak,Istanbul,cafe,https://karabatak.com,woo,Karabatak Kahveleri,Bikini Öğütülmüş Kahve 500 Gr,1000.00
Karabatak,Istanbul,cafe,https://karabatak.com,woo,Karabatak Kahveleri,Charlie Çekirdek Kahve 500 Gr,1000.00
Karabatak,Istanbul,cafe,https://karabatak.com,woo,Karabatak Kahveleri,Kaya Kenobi Çekirdek Kahve 500 Gr,1000.00
Karabatak,Istanbul,cafe,https://karabatak.com,woo,Karabatak Kahveleri,Kaya Kenobi Çekirdek Kahve 250 Gr,500.00
Karabatak,Istanbul,cafe,https://karabatak.com,woo,Karabatak Kahveleri,Bikini Öğütülmüş Kahve 250 Gr,500.00
Karabatak,Istanbul,cafe,https://karabatak.com,woo,Karabatak Kahveleri,Charlie Çekirdek Kahve 250 Gr,500.00
Karabatak,Istanbul,cafe,https://karabatak.com,woo,Julius Meinl Kahveleri,JULIUS MEINL TÜRK KAHVESİ 250 GR,280.00
Karabatak,Istanbul,cafe,https://karabatak.com,woo,Kahve Aksesuarları,Julius Meinl Premium Modern Cappuccino Cup 6 ADET / 1 KUTU,4500.00
Karabatak,Istanbul,cafe,https://karabatak.com,woo,Kahve Aksesuarları,Julius Meinl Premium Modern Latte Cup 6 ADET / 1 KUTU,4500.00
Karabatak,Istanbul,cafe,https://karabatak.com,woo,Kahve Aksesuarları,Julius Meinl Premium Modern Espresso Cup 6 ADET / 1 KUTU,4500.00
Karabatak,Istanbul,cafe,https://karabatak.com,woo,Kahve Aksesuarları,Julius Meinl Sürdürülebilir Kapaklı Kahve Bardağı,1100.00
Karabatak,Istanbul,cafe,https://karabatak.com,woo,Kahve Aksesuarları,JULIUS MEINL 160. YIL ESPRESSO FİNCAN (ÖZEL KUTUSU İLE),650.00
Karabatak,Istanbul,cafe,https://karabatak.com,woo,Julius Meinl Kahveleri,JULIUS MEINL JUBILAUM ÇEKİRDEK KAHVE 500 GR,1040.00
Karabatak,Istanbul,cafe,https://karabatak.com,woo,Julius Meinl Kahveleri,TREND COLLECTION CAFFE CREMA INTENSO 1 KG ÇEKİRDEK KAHVE,1500.00
Karabatak,Istanbul,cafe,https://karabatak.com,woo,Julius Meinl Kahveleri,VIENNA MELANGE BRISTOL 1 KG ÇEKİRDEK KAHVE,1750.00
Karabatak,Istanbul,cafe,https://karabatak.com,woo,Kahve Aksesuarları,KARABATAK LOGO MİNİ TERMOS,600.00
Karabatak,Istanbul,cafe,https://karabatak.com,woo,Julius Meinl Kahveleri,JULIUS MEINL TEKLI POŞET KAFEINSIZ ESPRESSO KAHVE 100 ADET * 7 GR,2000.00
Karabatak,Istanbul,cafe,https://karabatak.com,woo,Kahve Aksesuarları,Filtre Kağıdı 90/250 Basket 250 adet,550.00
Karabatak,Istanbul,cafe,https://karabatak.com,woo,Kahve Aksesuarları,JULIUS MEINL 8 OZ TAKE AWAY KAPAK 100&#8217;LÜ,220.00
Karabatak,Istanbul,cafe,https://karabatak.com,woo,Kahve Aksesuarları,JULIUS MEINL 14 OZ TAKE AWAY KAPAK 100&#8217;LÜ,270.00
Karabatak,Istanbul,cafe,https://karabatak.com,woo,Kahve Aksesuarları,JULIUS MEINL ESMER ŞEKER,2000.00
Karabatak,Istanbul,cafe,https://karabatak.com,woo,Kahve Aksesuarları,JULIUS MEINL BEYAZ ŞEKER,1550.00
Karabatak,Istanbul,cafe,https://karabatak.com,woo,Kahve Aksesuarları,KARABATAK BEZ ÇANTA,600.00
Karabatak,Istanbul,cafe,https://karabatak.com,woo,Kahve Aksesuarları,KARABATAK 8 OZ TAKE AWAY BARDAK 85&#8217;Li,800.00
Karabatak,Istanbul,cafe,https://karabatak.com,woo,Kahve Aksesuarları,KARABATAK 4 OZ TAKE AWAY BARDAK 100&#8217;LÜ,600.00
Karabatak,Istanbul,cafe,https://karabatak.com,woo,Kahve Aksesuarları,JULIUS MEINL 14 OZ TAKE AWAY BARDAK 25&#8217;Lİ,320.00
Karabatak,Istanbul,cafe,https://karabatak.com,woo,Kahve Aksesuarları,KARABATAK TERMOS,800.00
Karabatak,Istanbul,cafe,https://karabatak.com,woo,Kahve Aksesuarları,JULIUS MEINL KUPA 1 KUTU / 12 ADET,6000.00
Karabatak,Istanbul,cafe,https://karabatak.com,woo,Kahve Aksesuarları,JULIUS MEINL 4 OZ TAKE AWAY BARDAK 100&#8217;LÜ,300.00
Karabatak,Istanbul,cafe,https://karabatak.com,woo,Kahve Aksesuarları,JULIUS MEINL 8 OZ TAKE AWAY BARDAK 30&#8217;LU,250.00
Karabatak,Istanbul,cafe,https://karabatak.com,woo,Kahve Aksesuarları,KARABATAK 14 OZ TAKE AWAY BARDAK 50&#8217;Lİ,500.00
Karabatak,Istanbul,cafe,https://karabatak.com,woo,Kahve Aksesuarları,KARABATAK 14 OZ TAKE AWAY KAPAK 100&#8217;LÜ,390.00
Karabatak,Istanbul,cafe,https://karabatak.com,woo,Julius Meinl Kahveleri,JULIUS MEINL JUBILAUM ÖĞÜTÜLMÜŞ KAHVE 220 GR,560.00
Karabatak,Istanbul,cafe,https://karabatak.com,woo,Julius Meinl Kahveleri,JULIUS MEINL PRESIDENT ÇEKİRDEK KAHVE 500 GR,1040.00
Karabatak,Istanbul,cafe,https://karabatak.com,woo,Julius Meinl Kahveleri,JULIUS MEINL LUNGO CLASSICO KAPSÜL KAHVE 10 ADET NESPRESSO UYUMLU,300.00
Karabatak,Istanbul,cafe,https://karabatak.com,woo,Julius Meinl Kahveleri,JULIUS MEINL RISTRETTO INTENSO KAPSÜL KAHVE 10 ADET NESPRESSO UYUMLU,300.00
Karabatak,Istanbul,cafe,https://karabatak.com,woo,Julius Meinl Kahveleri,JULIUS MEINL KAFEİNSİZ NESPRESSO UYUMLU KAPSÜL KAHVE 10 ADET,300.00
Karabatak,Istanbul,cafe,https://karabatak.com,woo,Julius Meinl Kahveleri,JULIUS MEINL ESPRESSO CREMA KAPSÜL KAHVE 10 ADET NESPRESSO UYUMLU,300.00
Karabatak,Istanbul,cafe,https://karabatak.com,woo,Kahve Aksesuarları,Pullycaff Makine ve Ekipman Temizleme Tozu,1200.00
Karabatak,Istanbul,cafe,https://karabatak.com,woo,Kahve Aksesuarları,KLIMT TENEKE KUTU,500.00
Karabatak,Istanbul,cafe,https://karabatak.com,woo,Kahve Aksesuarları,EMPRESS ELISABETH TENEKE KUTU,500.00
Karabatak,Istanbul,cafe,https://karabatak.com,woo,Kahve Aksesuarları,JULIUS MEINL GIANT JUMBO CUP,2000.00
Karabatak,Istanbul,cafe,https://karabatak.com,woo,Kahve Aksesuarları,JULIUS MEINL LOGO CREAMER 6 ADET / 1 KUTU,2200.00
Karabatak,Istanbul,cafe,https://karabatak.com,woo,Kahve Aksesuarları,JULIUS MEINL LOGO CAPPUCCINO BARDAK 6 ADET / 1 KUTU,3500.00
Karabatak,Istanbul,cafe,https://karabatak.com,woo,Kahve Aksesuarları,JULIUS MEINL LOGO DOUBLE ESPRESSO BARDAK 6 ADET / 1 KUTU,3500.00
Karabatak,Istanbul,cafe,https://karabatak.com,woo,Kahve Aksesuarları,JULIUS MEINL LOGO ESPRESSO BARDAK 6 ADET / 1 KUTU,3500.00
Karabatak,Istanbul,cafe,https://karabatak.com,woo,Kahve Aksesuarları,IVORY FEZ SÜTLÜK 6 ADET / 1 KUTU,2500.00
Karabatak,Istanbul,cafe,https://karabatak.com,woo,Kahve Aksesuarları,IVORY FEZ CAPPUCCINO BARDAK 6 ADET / 1 KUTU,4500.00
Karabatak,Istanbul,cafe,https://karabatak.com,woo,Kahve Aksesuarları,IVORY FEZ MELANGE BARDAK 6 ADET / 1 KUTU,4500.00
Karabatak,Istanbul,cafe,https://karabatak.com,woo,Kahve Aksesuarları,IVORY FEZ ESPRESSO BARDAK 6 ADET / 1 KUTU,4500.00
Karabatak,Istanbul,cafe,https://karabatak.com,woo,Kahve Aksesuarları,MEINL TREND SÜTLÜK 6 ADET / 1 KUTU,2500.00
Karabatak,Istanbul,cafe,https://karabatak.com,woo,Kahve Aksesuarları,JULIUS MEINL TREND JUMBO BARDAK 6 ADET / 1 KUTU,5000.00
Karabatak,Istanbul,cafe,https://karabatak.com,woo,Kahve Aksesuarları,JULIUS MEINL TREND CAPPUCCINO BARDAK 6 ADET / 1 KUTU,5000.00
Karabatak,Istanbul,cafe,https://karabatak.com,woo,Julius Meinl Kahveleri,JULIUS MEINL PROFESSIONAL ESPRESSO CLASSICO KAPSÜL 96&#8217;LI (LAVAZZA BLUE® MAKİNELERİ İLE UYUMLUDUR),1750.00
Karabatak,Istanbul,cafe,https://karabatak.com,woo,Julius Meinl Kahveleri,JULIUS MEINL PROFESSIONAL DECAF KAPSÜL 96&#8217;LI (LAVAZZA BLUE® MAKİNELERİ İLE UYUMLUDUR),1900.00
Karabatak,Istanbul,cafe,https://karabatak.com,woo,Julius Meinl Kahveleri,JULIUS MEINL PRESIDENT ÖĞÜTÜLMÜŞ KAHVE 220 GR,560.00
Karabatak,Istanbul,cafe,https://karabatak.com,woo,Julius Meinl Kahveleri,FRÜSHTÜCK / BREAKFAST BREW ÖĞÜTÜLMÜŞ KAHVE,1450.00
Karabatak,Istanbul,cafe,https://karabatak.com,woo,Kahve Aksesuarları,MEINL TREND ESPRESSO BARDAK 6 ADET / 1 KUTU,5000.00
Karabatak,Istanbul,cafe,https://karabatak.com,woo,Julius Meinl Kahveleri,SELEZIONE/AUSLESE ÖĞÜTÜLMÜŞ KAHVE (YENİ AMBALAJ),1400.00
Karabatak,Istanbul,cafe,https://karabatak.com,woo,Julius Meinl Kahveleri,CREMA ESPRESSO 1 KG ÇEKİRDEK KAHVE,1750.00
Kardesler Kebap & Cafe,Istanbul,restaurant,http://kardeslercihangir.com,html,,EN ÇOK SATAN,900.00
Kardesler Kebap & Cafe,Istanbul,restaurant,http://kardeslercihangir.com,html,,Serpme Kahvaltı (2 Kişilik),250.00
Kardesler Kebap & Cafe,Istanbul,restaurant,http://kardeslercihangir.com,html,,Menemen,625.00
Kardesler Kebap & Cafe,Istanbul,restaurant,http://kardeslercihangir.com,html,,Adana Kebap (Acılı) veya Urfa Kebap (Acısız),750.00
Kardesler Kebap & Cafe,Istanbul,restaurant,http://kardeslercihangir.com,html,,Mardin Kebap,730.00
Kardesler Kebap & Cafe,Istanbul,restaurant,http://kardeslercihangir.com,html,,Beyti Kebap,870.00
Kardesler Kebap & Cafe,Istanbul,restaurant,http://kardeslercihangir.com,html,,Kuzu Lokum,625.00
Kardesler Kebap & Cafe,Istanbul,restaurant,http://kardeslercihangir.com,html,,Karışık Kebap 1,190.00
Kardesler Kebap & Cafe,Istanbul,restaurant,http://kardeslercihangir.com,html,,Çıtır Fırın Lahmacun,250.00
KAVACOFFEE,Istanbul,cafe,https://kavacoffeeroasting.com,html,,Marla Harman Espresso 250 gr.,650.00
KAVACOFFEE,Istanbul,cafe,https://kavacoffeeroasting.com,html,,Decaf (Kafeinsiz) Filtre Kahve 250 gr.,700.00
KAVACOFFEE,Istanbul,cafe,https://kavacoffeeroasting.com,html,,Colombia Supremo Filtre Kahve 250 gr.,650.00
KAVACOFFEE,Istanbul,cafe,https://kavacoffeeroasting.com,html,,Nitelikli Türk Kahvesi 250 gr.,650.00
KAVACOFFEE,Istanbul,cafe,https://kavacoffeeroasting.com,html,,Scandinavian Roast Filtre Kahve 250 gr.,700.00
KAVACOFFEE,Istanbul,cafe,https://kavacoffeeroasting.com,html,,Dark Roast Filtre Kahve 250 gr.,700.00
KAVACOFFEE,Istanbul,cafe,https://kavacoffeeroasting.com,html,,Vela Harman Espresso 250 gr.,650.00
Kebap Hocası,Istanbul,restaurant,https://www.kebaphocasi.com,woo,Tatlılar,Fırında Sütlaç,220.00
Kebap Hocası,Istanbul,restaurant,https://www.kebaphocasi.com,woo,Tatlılar,Fıstıklı Burma Katmer,235.00
Kebap Hocası,Istanbul,restaurant,https://www.kebaphocasi.com,woo,Fırın Çeşitleri,Lahmacun,170.00
Kebap Hocası,Istanbul,restaurant,https://www.kebaphocasi.com,woo,Kebaplar &amp; Izgaralar,Kanat Izgara,580.00
Kebap Hocası,Istanbul,restaurant,https://www.kebaphocasi.com,woo,Kebaplar &amp; Izgaralar,Kilis Ali Nazik,780.00
Kebap Hocası,Istanbul,restaurant,https://www.kebaphocasi.com,woo,Kebaplar &amp; Izgaralar,Ali Nazik,750.00
Kebap Hocası,Istanbul,restaurant,https://www.kebaphocasi.com,woo,Kebaplar &amp; Izgaralar,Beğendili Kebap,780.00
Kebap Hocası,Istanbul,restaurant,https://www.kebaphocasi.com,woo,Kebaplar &amp; Izgaralar,Kuzu Şiş,850.00
Kebap Hocası,Istanbul,restaurant,https://www.kebaphocasi.com,woo,Kebaplar &amp; Izgaralar,Çöp Şiş,850.00
Kebap Hocası,Istanbul,restaurant,https://www.kebaphocasi.com,woo,Kebaplar &amp; Izgaralar,Kuzu Pirzola,900.00
Kebap Hocası,Istanbul,restaurant,https://www.kebaphocasi.com,woo,Kebaplar &amp; Izgaralar,Izgara Köfte,550.00
Kebap Hocası,Istanbul,restaurant,https://www.kebaphocasi.com,woo,Kebaplar &amp; Izgaralar,Fıstıklı Kebap,700.00
Kebap Hocası,Istanbul,restaurant,https://www.kebaphocasi.com,woo,Kebaplar &amp; Izgaralar,Sarma Beyti,850.00
Kebap Hocası,Istanbul,restaurant,https://www.kebaphocasi.com,woo,Kebaplar &amp; Izgaralar,Adana / Urfa,650.00
Kebap Hocası,Istanbul,restaurant,https://www.kebaphocasi.com,woo,Kebaplar &amp; Izgaralar,Hoca Kebabı Tepsisi (3 Kişilik),4800.00
Kebap Hocası,Istanbul,restaurant,https://www.kebaphocasi.com,woo,Kebaplar &amp; Izgaralar,Hoca Kebabı Tepsisi (2 Kişilik),3250.00
Kebap Hocası,Istanbul,restaurant,https://www.kebaphocasi.com,woo,Döner &amp; İskender,Döner Dürüm,475.00
Kebap Hocası,Istanbul,restaurant,https://www.kebaphocasi.com,woo,Döner &amp; İskender,Tombik Döner,280.00
Kebap Hocası,Istanbul,restaurant,https://www.kebaphocasi.com,woo,Döner &amp; İskender,Sandviç Döner,280.00
Kebap Hocası,Istanbul,restaurant,https://www.kebaphocasi.com,woo,Salata Çeşitleri,Göbek Salata,250.00
Kebap Hocası,Istanbul,restaurant,https://www.kebaphocasi.com,woo,Döner &amp; İskender,Pilav Üstü Döner,600.00
Kebap Hocası,Istanbul,restaurant,https://www.kebaphocasi.com,woo,Döner &amp; İskender,Döner Porsiyon,560.00
Kebap Hocası,Istanbul,restaurant,https://www.kebaphocasi.com,woo,Döner &amp; İskender,İskender,650.00
Kebap Hocası,Istanbul,restaurant,https://www.kebaphocasi.com,woo,Salata Çeşitleri,Çiğ Köfte,300.00
Kebap Hocası,Istanbul,restaurant,https://www.kebaphocasi.com,woo,Salata Çeşitleri,Gavurdağı Salatası,300.00
Kebap Hocası,Istanbul,restaurant,https://www.kebaphocasi.com,woo,Salata Çeşitleri,Mevsim Salatası,250.00
Kebap Hocası,Istanbul,restaurant,https://www.kebaphocasi.com,woo,Salata Çeşitleri,Çoban Salatası,200.00
Kebap Hocası,Istanbul,restaurant,https://www.kebaphocasi.com,woo,Çorbalar,Ezo Gelin Çorbası,130.00
Kebap Hocası,Istanbul,restaurant,https://www.kebaphocasi.com,woo,Çorbalar,Mercimek Çorbası,130.00
Kebap Hocası,Istanbul,restaurant,https://www.kebaphocasi.com,woo,Ara Sıcaklar,Perde Pilavı,250.00
Kebap Hocası,Istanbul,restaurant,https://www.kebaphocasi.com,woo,Ara Sıcaklar,Patates Kızartması,200.00
Kebap Hocası,Istanbul,restaurant,https://www.kebaphocasi.com,woo,Ara Sıcaklar,İçli Köfte,150.00
Kebap Hocası,Istanbul,restaurant,https://www.kebaphocasi.com,woo,Kebaplar &amp; Izgaralar,Dana Biftek,700.00
Kebap Hocası,Istanbul,restaurant,https://www.kebaphocasi.com,woo,Fırın Çeşitleri,Sucuklu Kaşarlı Pide,590.00
Kebap Hocası,Istanbul,restaurant,https://www.kebaphocasi.com,woo,Fırın Çeşitleri,Kuşbaşılı Kaşarlı Pide,700.00
Kebap Hocası,Istanbul,restaurant,https://www.kebaphocasi.com,woo,Fırın Çeşitleri,Karışık Pide,600.00
Kebap Hocası,Istanbul,restaurant,https://www.kebaphocasi.com,woo,Fırın Çeşitleri,Kıymalı Kaşarlı Lahmacun,190.00
Kebap Hocası,Istanbul,restaurant,https://www.kebaphocasi.com,woo,Fırın Çeşitleri,Peymacun,170.00
Kebap Hocası,Istanbul,restaurant,https://www.kebaphocasi.com,woo,Fırın Çeşitleri,Ceviz Lahmacun,100.00
Kebap Hocası,Istanbul,restaurant,https://www.kebaphocasi.com,woo,Fırın Çeşitleri,KAŞARLI YUMURTALI PİDE,540.00
Kebap Hocası,Istanbul,restaurant,https://www.kebaphocasi.com,woo,Fırın Çeşitleri,KIYMALI PİDE,500.00
Kebap Hocası,Istanbul,restaurant,https://www.kebaphocasi.com,woo,Fırın Çeşitleri,KIYMALI KAŞARLI PİDE,600.00
Kebap Hocası,Istanbul,restaurant,https://www.kebaphocasi.com,woo,Kebaplar &amp; Izgaralar,Kuzu Kaburga,825.00
Kebap Hocası,Istanbul,restaurant,https://www.kebaphocasi.com,woo,Kebaplar &amp; Izgaralar,Tavuk Pirzola,580.00
Kebap Hocası,Istanbul,restaurant,https://www.kebaphocasi.com,woo,Kebaplar &amp; Izgaralar,Tavuk Şiş,580.00
Kebap Hocası,Istanbul,restaurant,https://www.kebaphocasi.com,woo,Kebaplar &amp; Izgaralar,Dana Şiş,750.00
Kebap Hocası,Istanbul,restaurant,https://www.kebaphocasi.com,woo,Kebaplar &amp; Izgaralar,Fırın Beyti,845.00
Kebap Hocası,Istanbul,restaurant,https://www.kebaphocasi.com,woo,Döner &amp; İskender,Tavuk (Light) İskender,650.00
Kebap Hocası,Istanbul,restaurant,https://www.kebaphocasi.com,woo,Ara Sıcaklar,Fırın Şiş,200.00
Kebap Hocası,Istanbul,restaurant,https://www.kebaphocasi.com,woo,Tatlılar,Kadayıf,235.00
Kebap Hocası,Istanbul,restaurant,https://www.kebaphocasi.com,woo,Tatlılar,Künefe,220.00
Kebap Hocası,Istanbul,restaurant,https://www.kebaphocasi.com,woo,Kebaplar &amp; Izgaralar,Karışık Kebap,1300.00
Kebap Hocası,Istanbul,restaurant,https://www.kebaphocasi.com,woo,Kebaplar &amp; Izgaralar,Patlıcan Kebap,845.00
Kebap Hocası,Istanbul,restaurant,https://www.kebaphocasi.com,woo,Döner &amp; İskender,Hoca Kebabı İskender,1200.00
Kebap Hocası,Istanbul,restaurant,https://www.kebaphocasi.com,woo,Tatlılar,Burma Kadayıf,235.00
Klar Coffee Co,Istanbul,cafe,https://www.klarcoffee.com,html,,Kilimanjaro AA-Espresso,650.00
Klar Coffee Co,Istanbul,cafe,https://www.klarcoffee.com,html,,Galeras-Espresso,650.00
Klar Coffee Co,Istanbul,cafe,https://www.klarcoffee.com,html,,Irmas Pereira,495.00
Klar Coffee Co,Istanbul,cafe,https://www.klarcoffee.com,html,,Galeras,650.00
Klar Coffee Co,Istanbul,cafe,https://www.klarcoffee.com,html,,Sabanilla De Alajuela,850.00
Klar Coffee Co,Istanbul,cafe,https://www.klarcoffee.com,html,,Cafec Traditional Filtre Kağıdı-CUP4,425.00
Klar Coffee Co,Istanbul,cafe,https://www.klarcoffee.com,html,,FELLOW MIGHTY SMALL GLASS CARAFE – SMOKED,2395.00
Kuğu Pastanesi,Istanbul,restaurant,https://www.kugupastaneleri.com,html,,İçli Köfte,140.00
Kuğu Pastanesi,Istanbul,restaurant,https://www.kugupastaneleri.com,html,,Karışık Ekler,1050.00
Kuğu Pastanesi,Istanbul,restaurant,https://www.kugupastaneleri.com,html,,Karışık Tartolet,1050.00
Kuğu Pastanesi,Istanbul,restaurant,https://www.kugupastaneleri.com,html,,Muzlu Mini İbiza,1050.00
Kuğu Pastanesi,Istanbul,restaurant,https://www.kugupastaneleri.com,html,,Çilekli Mini İbiza,1050.00
Kuğu Pastanesi,Istanbul,restaurant,https://www.kugupastaneleri.com,html,,Pavlova,1600.00
Kuğu Pastanesi,Istanbul,restaurant,https://www.kugupastaneleri.com,html,,Siyez Unlu Peynirli Poğaça,50.00
Kuğu Pastanesi,Istanbul,restaurant,https://www.kugupastaneleri.com,html,,Köy İçlisi,237.50
Kuğu Pastanesi,Istanbul,restaurant,https://www.kugupastaneleri.com,html,,Ay Çekirdekli Mini Tuzlu,950.00
Kuğu Pastanesi,Istanbul,restaurant,https://www.kugupastaneleri.com,html,,Kahke,950.00
Kuğu Pastanesi,Istanbul,restaurant,https://www.kugupastaneleri.com,html,,Çıtır Kadayıflı ibiza,380.00
Küçük Çamlıca Köşkü,Istanbul,restaurant,https://www.beltur.istanbul,html,,Hafta İçi,600.00
Mankind,Istanbul,cafe,https://www.mankindcoffee.com,html,,Espresso,220.00
Mankind,Istanbul,cafe,https://www.mankindcoffee.com,html,,Ristretto,220.00
Mankind,Istanbul,cafe,https://www.mankindcoffee.com,html,,Espresso Macchiato,235.00
Mankind,Istanbul,cafe,https://www.mankindcoffee.com,html,,Americano,240.00
Mankind,Istanbul,cafe,https://www.mankindcoffee.com,html,,Cafe Latte,260.00
Mankind,Istanbul,cafe,https://www.mankindcoffee.com,html,,Cappuccino,260.00
Mankind,Istanbul,cafe,https://www.mankindcoffee.com,html,,Flat White,260.00
Mankind,Istanbul,cafe,https://www.mankindcoffee.com,html,,Cortado,240.00
Mankind,Istanbul,cafe,https://www.mankindcoffee.com,html,,Mocha,335.00
Mankind,Istanbul,cafe,https://www.mankindcoffee.com,html,,White Chocolate Mocha,335.00
Mankind,Istanbul,cafe,https://www.mankindcoffee.com,html,,Affogato,295.00
Mankind,Istanbul,cafe,https://www.mankindcoffee.com,html,,Türk Kahvesi 180 /,220.00
Mankind,Istanbul,cafe,https://www.mankindcoffee.com,html,,*İçeceklerinize şurup seçeneklerinden dilediğinizi +,65.00
Mankind,Istanbul,cafe,https://www.mankindcoffee.com,html,,Espresso Double,230.00
Mankind,Istanbul,cafe,https://www.mankindcoffee.com,html,,Macchiato,225.00
Mankind,Istanbul,cafe,https://www.mankindcoffee.com,html,,Americano/Milk,250.00
Mankind,Istanbul,cafe,https://www.mankindcoffee.com,html,,Mocha in Callebaut Finest Belgium Chocolate,335.00
Mankind,Istanbul,cafe,https://www.mankindcoffee.com,html,,White Mocha in Callebaut Finest Belgium Chocolate,335.00
Mankind,Istanbul,cafe,https://www.mankindcoffee.com,html,,Turkish Coffee 180 /,220.00
Mankind,Istanbul,cafe,https://www.mankindcoffee.com,html,,*You can add any syrup option to your drinks for +,65.00
Mankind,Istanbul,cafe,https://www.mankindcoffee.com,html,,Filtre Kahve,220.00
Mankind,Istanbul,cafe,https://www.mankindcoffee.com,html,,Cold Drip,295.00
Mankind,Istanbul,cafe,https://www.mankindcoffee.com,html,,Japanese Cold Drip,295.00
Mankind,Istanbul,cafe,https://www.mankindcoffee.com,html,,V60/Colombia-La Loma,380.00
Mankind,Istanbul,cafe,https://www.mankindcoffee.com,html,,Filter Coffee,220.00
Mankind,Istanbul,cafe,https://www.mankindcoffee.com,html,,Latte,280.00
Mankind,Istanbul,cafe,https://www.mankindcoffee.com,html,,White Mocha,325.00
Mankind,Istanbul,cafe,https://www.mankindcoffee.com,html,,Lotus Latte,365.00
Mankind,Istanbul,cafe,https://www.mankindcoffee.com,html,,Frappe,350.00
Mankind,Istanbul,cafe,https://www.mankindcoffee.com,html,,( İçeceklerinize Monin Şurup seçeneklerinden dilediğinizi +,65.00
Mankind,Istanbul,cafe,https://www.mankindcoffee.com,html,,Demleme Siyah Çay/Fincan,95.00
Mankind,Istanbul,cafe,https://www.mankindcoffee.com,html,,Earl Grey (Pot),130.00
Mankind,Istanbul,cafe,https://www.mankindcoffee.com,html,,Şeftali Soğuk Çay,350.00
Mankind,Istanbul,cafe,https://www.mankindcoffee.com,html,,Mango Soğuk Çay,350.00
Mankind,Istanbul,cafe,https://www.mankindcoffee.com,html,,Wınter Dream,350.00
Mankind,Istanbul,cafe,https://www.mankindcoffee.com,html,,Jasmın Pearls,350.00
Mankind,Istanbul,cafe,https://www.mankindcoffee.com,html,,Vanılla Roıbos,340.00
Mankind,Istanbul,cafe,https://www.mankindcoffee.com,html,,Chıll Out Wıth Herbs,340.00
Mankind,Istanbul,cafe,https://www.mankindcoffee.com,html,,Get The Power,340.00
Mankind,Istanbul,cafe,https://www.mankindcoffee.com,html,,Ayurveda Wıth Herbs,340.00
Mankind,Istanbul,cafe,https://www.mankindcoffee.com,html,,Brewed Black Tea,95.00
Mankind,Istanbul,cafe,https://www.mankindcoffee.com,html,,Brewed Black Tea / Cup,105.00
Mankind,Istanbul,cafe,https://www.mankindcoffee.com,html,,Peach Iced Tea,350.00
Mankind,Istanbul,cafe,https://www.mankindcoffee.com,html,,Mango Iced Tea,350.00
Mankind,Istanbul,cafe,https://www.mankindcoffee.com,html,,Jasmıne Pearls,350.00
Mankind,Istanbul,cafe,https://www.mankindcoffee.com,html,,Vanılla Rooıbos,340.00
Mankind,Istanbul,cafe,https://www.mankindcoffee.com,html,,Matcha Latte,340.00
Mankind,Istanbul,cafe,https://www.mankindcoffee.com,html,,Soğuk Matcha Latte,360.00
Mankind,Istanbul,cafe,https://www.mankindcoffee.com,html,,Soğuk Vanilyalı Matcha Latte,380.00
Mankind,Istanbul,cafe,https://www.mankindcoffee.com,html,,Soğuk Çilekli Matcha Latte,380.00
Mankind,Istanbul,cafe,https://www.mankindcoffee.com,html,,Iced Matcha Latte,360.00
Mankind,Istanbul,cafe,https://www.mankindcoffee.com,html,,Iced Vanilla Matcha Latte,380.00
Mankind,Istanbul,cafe,https://www.mankindcoffee.com,html,,Iced Strawberry Matcha Latte,380.00
Mankind,Istanbul,cafe,https://www.mankindcoffee.com,html,,Uludağ Premium Su,110.00
Mankind,Istanbul,cafe,https://www.mankindcoffee.com,html,,S. Pellegrino / Sade,170.00
Mankind,Istanbul,cafe,https://www.mankindcoffee.com,html,,Uludağ Premium Maden Suyu,150.00
Mankind,Istanbul,cafe,https://www.mankindcoffee.com,html,,Cola/Zero,160.00
Mankind,Istanbul,cafe,https://www.mankindcoffee.com,html,,Churcill,190.00
Mankind,Istanbul,cafe,https://www.mankindcoffee.com,html,,Limonata,270.00
Mankind,Istanbul,cafe,https://www.mankindcoffee.com,html,,Portakal Suyu,260.00
Mankind,Istanbul,cafe,https://www.mankindcoffee.com,html,,Naneli Limonata,275.00
Mankind,Istanbul,cafe,https://www.mankindcoffee.com,html,,Uludağ Premium Water,110.00
Mankind,Istanbul,cafe,https://www.mankindcoffee.com,html,,S. Pellegrino / Plain,170.00
Mankind,Istanbul,cafe,https://www.mankindcoffee.com,html,,Uludağ Premium Mineral Water,150.00
Mankind,Istanbul,cafe,https://www.mankindcoffee.com,html,,Churchill,190.00
Mankind,Istanbul,cafe,https://www.mankindcoffee.com,html,,Lemonade,270.00
Mankind,Istanbul,cafe,https://www.mankindcoffee.com,html,,Orange Juice,260.00
Mankind,Istanbul,cafe,https://www.mankindcoffee.com,html,,Mint Lemonade,275.00
Mankind,Istanbul,cafe,https://www.mankindcoffee.com,html,,The White Edition,185.00
Mankind,Istanbul,cafe,https://www.mankindcoffee.com,html,,The Red Edition,185.00
Mankind,Istanbul,cafe,https://www.mankindcoffee.com,html,,The Lilac Edition ( Sugar Free ),185.00
Mankind,Istanbul,cafe,https://www.mankindcoffee.com,html,,The Peach Edition,185.00
Mankind,Istanbul,cafe,https://www.mankindcoffee.com,html,,RedBull Zero,185.00
Mankind,Istanbul,cafe,https://www.mankindcoffee.com,html,,Frozen Şeftali,360.00
Mankind,Istanbul,cafe,https://www.mankindcoffee.com,html,,Frozen Mango,360.00
Mankind,Istanbul,cafe,https://www.mankindcoffee.com,html,,Vanilyalı Milkshake,395.00
Mankind,Istanbul,cafe,https://www.mankindcoffee.com,html,,Çilekli Milkshake,395.00
Mankind,Istanbul,cafe,https://www.mankindcoffee.com,html,,Çikolatalı Milkshake,395.00
Mankind,Istanbul,cafe,https://www.mankindcoffee.com,html,,Peach,360.00
Mankind,Istanbul,cafe,https://www.mankindcoffee.com,html,,Mango,360.00
Mankind,Istanbul,cafe,https://www.mankindcoffee.com,html,,Vanilla Milkshake,395.00
Mankind,Istanbul,cafe,https://www.mankindcoffee.com,html,,Strawberry Milkshake,395.00
Mankind,Istanbul,cafe,https://www.mankindcoffee.com,html,,Chocolate Milkshake,395.00
Mankind,Istanbul,cafe,https://www.mankindcoffee.com,html,,Sade Omlet,420.00
Mankind,Istanbul,cafe,https://www.mankindcoffee.com,html,,Fıt Omlet,540.00
Mankind,Istanbul,cafe,https://www.mankindcoffee.com,html,,Kahvaltı KÂsesi,595.00
Mankind,Istanbul,cafe,https://www.mankindcoffee.com,html,,Avokado Romesco Kruvasan,675.00
Mankind,Istanbul,cafe,https://www.mankindcoffee.com,html,,İlave organik yumurta,50.00
Mankind,Istanbul,cafe,https://www.mankindcoffee.com,html,,Plaın Omelet,420.00
Mankind,Istanbul,cafe,https://www.mankindcoffee.com,html,,Fıt Omelet,540.00
Mankind,Istanbul,cafe,https://www.mankindcoffee.com,html,,Breakfast Bowl,595.00
Mankind,Istanbul,cafe,https://www.mankindcoffee.com,html,,Avocado Romesco Croıssant,675.00
Mankind,Istanbul,cafe,https://www.mankindcoffee.com,html,,Additional organic egg,50.00
Mankind,Istanbul,cafe,https://www.mankindcoffee.com,html,,Ekşi Maya Üzeri Dilim Avokadolu,640.00
Mankind,Istanbul,cafe,https://www.mankindcoffee.com,html,,Ekşi Maya Üzeri Püre Avokadolu,680.00
Mankind,Istanbul,cafe,https://www.mankindcoffee.com,html,,Mankınd Cheesy Toast,505.00
Mankind,Istanbul,cafe,https://www.mankindcoffee.com,html,,Cheddar Bagel,695.00
Mankind,Istanbul,cafe,https://www.mankindcoffee.com,html,,Egg Benedıct,695.00
Mankind,Istanbul,cafe,https://www.mankindcoffee.com,html,,Sourdough Bread wıth Slıced ​​Avocado,640.00
Mankind,Istanbul,cafe,https://www.mankindcoffee.com,html,,Sourdough Bread wıth Mashed Avocado,680.00
Mankind,Istanbul,cafe,https://www.mankindcoffee.com,html,,Additional organic eggs,50.00
Mankind,Istanbul,cafe,https://www.mankindcoffee.com,html,,Bagewıch,350.00
Mankind,Istanbul,cafe,https://www.mankindcoffee.com,html,,Focawıch,450.00
Mankind,Istanbul,cafe,https://www.mankindcoffee.com,html,,Cheesy Bagel,480.00
Mankind,Istanbul,cafe,https://www.mankindcoffee.com,html,,Kruvasan Sandwıch,495.00
Mankind,Istanbul,cafe,https://www.mankindcoffee.com,html,,Croıssant Sandwıch,495.00
Mankind,Istanbul,cafe,https://www.mankindcoffee.com,html,,Anadolu Şarküteri Tabağı Ⓗ,890.00
Mankind,Istanbul,cafe,https://www.mankindcoffee.com,html,,Yerel Peynir Tabağı ⓋⒼ,780.00
Mankind,Istanbul,cafe,https://www.mankindcoffee.com,html,,Yeni Nesil Yedikule Sezar ⓋⒼ,750.00
Mankind,Istanbul,cafe,https://www.mankindcoffee.com,html,,Anatolıan Delıcatessen Selectıon Ⓗ,890.00
Mankind,Istanbul,cafe,https://www.mankindcoffee.com,html,,Local Cheese Anthology ⓋⒼ,780.00
Mankind,Istanbul,cafe,https://www.mankindcoffee.com,html,,New Generatıon Caesar from Yedıkule ⓋⒼ,750.00
Mankind,Istanbul,cafe,https://www.mankindcoffee.com,html,,Çıtır Kayseri Mantısı Ⓗ,750.00
Mankind,Istanbul,cafe,https://www.mankindcoffee.com,html,,Denizli Yanık Yoğurtlu Mücver ⓋⒼ,570.00
Mankind,Istanbul,cafe,https://www.mankindcoffee.com,html,,Narenciye Aromalı Fırın Karides,750.00
Mankind,Istanbul,cafe,https://www.mankindcoffee.com,html,,Crıspy Kayserı Mantı Ⓗ,750.00
Mankind,Istanbul,cafe,https://www.mankindcoffee.com,html,,Denızlı Burnt Yogurt Mucver ⓋⒼ,570.00
Mankind,Istanbul,cafe,https://www.mankindcoffee.com,html,,Cıtrus Flavored Baked Shrımp,750.00
Mankind,Istanbul,cafe,https://www.mankindcoffee.com,html,,Çökertme Kebabı Ⓗ 1,50.00
Mankind,Istanbul,cafe,https://www.mankindcoffee.com,html,,Penne Arabıatte Ⓥ / ⓋⒼ,690.00
Mankind,Istanbul,cafe,https://www.mankindcoffee.com,html,,Fettuccıne Alfredo ⓋⒼ,750.00
Mankind,Istanbul,cafe,https://www.mankindcoffee.com,html,,Beef Tenderloın wıth Mushroom Sauce Ⓗ 1,50.00
Mankind,Istanbul,cafe,https://www.mankindcoffee.com,html,,VANILLA DOME,325.00
Mankind,Istanbul,cafe,https://www.mankindcoffee.com,html,,BADEM & ŞEFTALİ GALETTE,345.00
Mankind,Istanbul,cafe,https://www.mankindcoffee.com,html,,İlaveler: Dilerseniz +,60.00
Mankind,Istanbul,cafe,https://www.mankindcoffee.com,html,,ANANAS & MANGO COTTA,360.00
Mankind,Istanbul,cafe,https://www.mankindcoffee.com,html,,SUFLE,395.00
Mankind,Istanbul,cafe,https://www.mankindcoffee.com,html,,BUDAPEŞTE,445.00
Mankind,Istanbul,cafe,https://www.mankindcoffee.com,html,,BEYAZ ÇİKOLATALI BROWNIE,460.00
Mankind,Istanbul,cafe,https://www.mankindcoffee.com,html,,TIRAMISU,460.00
Mankind,Istanbul,cafe,https://www.mankindcoffee.com,html,,TUZLU KARAMELLİ COOKIE TART,350.00
Mankind,Istanbul,cafe,https://www.mankindcoffee.com,html,,FINDIK KREMALI FRANSIZ EKLER,320.00
Mankind,Istanbul,cafe,https://www.mankindcoffee.com,html,,ÇİLEK KREMALI FRANSIZ EKLER,320.00
Mankind,Istanbul,cafe,https://www.mankindcoffee.com,html,,PINEAPPLE & MANGO COTTA,360.00
Mankind,Istanbul,cafe,https://www.mankindcoffee.com,html,,ALMOND & PEACH GALETTE,345.00
Mankind,Istanbul,cafe,https://www.mankindcoffee.com,html,,SOUFFLÉ,395.00
Mankind,Istanbul,cafe,https://www.mankindcoffee.com,html,,BUDAPEST,445.00
Mankind,Istanbul,cafe,https://www.mankindcoffee.com,html,,WHITE CHOCOLATE BROWNIE,460.00
Mankind,Istanbul,cafe,https://www.mankindcoffee.com,html,,SALTED CARAMEL COOKIE TART,350.00
Mankind,Istanbul,cafe,https://www.mankindcoffee.com,html,,FRENCH ECLAIRS WITH HAZELNUT CREAM,320.00
Mankind,Istanbul,cafe,https://www.mankindcoffee.com,html,,FRENCH ECLAIRS WITH STRAWBERRY CREAM,320.00
Mankind,Istanbul,cafe,https://www.mankindcoffee.com,html,,EZİNE PEYNİRLİ POĞAÇA BUN,160.00
Mankind,Istanbul,cafe,https://www.mankindcoffee.com,html,,SADE KRUVASAN,250.00
Mankind,Istanbul,cafe,https://www.mankindcoffee.com,html,,SPINACH-FILLED BUN WITH LABNEH FILLING,220.00
Mankind,Istanbul,cafe,https://www.mankindcoffee.com,html,,EZINE CHEESE BUN,220.00
Mankind,Istanbul,cafe,https://www.mankindcoffee.com,html,,PLAIN CROISSANT,250.00
Mankind,Istanbul,cafe,https://www.mankindcoffee.com,html,,SİYEZ UNLU FIT POĞAÇA - GLUTEN FREE,175.00
Mankind,Istanbul,cafe,https://www.mankindcoffee.com,html,,RAW BALL - VEGAN & GLUTEN FREE,350.00
Mankind,Istanbul,cafe,https://www.mankindcoffee.com,html,,BANANA BREAD - SUGAR FREE & GLUTEN FREE,425.00
Mankind,Istanbul,cafe,https://www.mankindcoffee.com,html,,ESPRESSO CAKE - VEGAN & GLUTEN FREE,425.00
Mankind,Istanbul,cafe,https://www.mankindcoffee.com,html,,BERRY BROWNIE - GLUTEN FREE,490.00
Mankind,Istanbul,cafe,https://www.mankindcoffee.com,html,,SPELT FLOUR FIT BREAD ROLLS - GLUTEN FREE,295.00
Mecitin Antakya Mutfağı,Istanbul,restaurant,https://mecitinantakyamutfagi.com,html,,kavrulmuş dana bonfile eti ile servis edilir.,750.00
Mecitin Antakya Mutfağı,Istanbul,restaurant,https://mecitinantakyamutfagi.com,html,,edilir.,420.00
Mecitin Antakya Mutfağı,Istanbul,restaurant,https://mecitinantakyamutfagi.com,html,,dövülmüş dana eti.,275.00
Mecitin Antakya Mutfağı,Istanbul,restaurant,https://mecitinantakyamutfagi.com,html,,HUMUS ZEYTİNYAĞLI,420.00
Mecitin Antakya Mutfağı,Istanbul,restaurant,https://mecitinantakyamutfagi.com,html,,SEASONAL -->,325.00
Mecitin Antakya Mutfağı,Istanbul,restaurant,https://mecitinantakyamutfagi.com,html,,HUMUS TEREYAĞLI,325.00
Mecitin Antakya Mutfağı,Istanbul,restaurant,https://mecitinantakyamutfagi.com,html,,BİBER YOĞURTLAMA ÇOK ACI !,350.00
Mecitin Antakya Mutfağı,Istanbul,restaurant,https://mecitinantakyamutfagi.com,html,,Kaytaz Böreği,230.00
Mecitin Antakya Mutfağı,Istanbul,restaurant,https://mecitinantakyamutfagi.com,html,,Biberli Ekmek,495.00
Mecitin Antakya Mutfağı,Istanbul,restaurant,https://mecitinantakyamutfagi.com,html,,Semirsek,275.00
Mecitin Antakya Mutfağı,Istanbul,restaurant,https://mecitinantakyamutfagi.com,html,,Fındık Lahmacun,230.00
Mecitin Antakya Mutfağı,Istanbul,restaurant,https://mecitinantakyamutfagi.com,html,,Şam Oruğu,330.00
Mecitin Antakya Mutfağı,Istanbul,restaurant,https://mecitinantakyamutfagi.com,html,,KİREMİTTE DOMATES SOSLU MUMBAR,935.00
Mecitin Antakya Mutfağı,Istanbul,restaurant,https://mecitinantakyamutfagi.com,html,,ÖCCE (MÜCVER),320.00
Mecitin Antakya Mutfağı,Istanbul,restaurant,https://mecitinantakyamutfagi.com,html,,YOĞURTLU BAMYA,600.00
Mecitin Antakya Mutfağı,Istanbul,restaurant,https://mecitinantakyamutfagi.com,html,,KAĞIT KEBABI,980.00
Mecitin Antakya Mutfağı,Istanbul,restaurant,https://mecitinantakyamutfagi.com,html,,TEPSİ KEBABI,990.00
Mecitin Antakya Mutfağı,Istanbul,restaurant,https://mecitinantakyamutfagi.com,html,,SUCUK BAHARATLI KIYMA KEBAP,625.00
Mecitin Antakya Mutfağı,Istanbul,restaurant,https://mecitinantakyamutfagi.com,html,,FISTIKLI KÜNEFE,825.00
Mecitin Antakya Mutfağı,Istanbul,restaurant,https://mecitinantakyamutfagi.com,html,,BALLI BÖREK,825.00
Mecitin Antakya Mutfağı,Istanbul,restaurant,https://mecitinantakyamutfagi.com,html,,HAYTALI,330.00
Mecitin Antakya Mutfağı,Istanbul,restaurant,https://mecitinantakyamutfagi.com,html,,ÇAY,40.00
Mecitin Antakya Mutfağı,Istanbul,restaurant,https://mecitinantakyamutfagi.com,html,,TÜRK KAHVESİ,80.00
Mecitin Antakya Mutfağı,Istanbul,restaurant,https://mecitinantakyamutfagi.com,html,,Açık Ayran,75.00
Mecitin Antakya Mutfağı,Istanbul,restaurant,https://mecitinantakyamutfagi.com,html,,FUSE TEA,130.00
Mecitin Antakya Mutfağı,Istanbul,restaurant,https://mecitinantakyamutfagi.com,html,,Tek,300.00
Mecitin Antakya Mutfağı,Istanbul,restaurant,https://mecitinantakyamutfagi.com,html,,Duble,460.00
Mecitin Antakya Mutfağı,Istanbul,restaurant,https://mecitinantakyamutfagi.com,html,,20cl,900.00
Mecitin Antakya Mutfağı,Istanbul,restaurant,https://mecitinantakyamutfagi.com,html,,35cl. 1,435.00
Mecitin Antakya Mutfağı,Istanbul,restaurant,https://mecitinantakyamutfagi.com,html,,50cl. 1,850.00
Mecitin Antakya Mutfağı,Istanbul,restaurant,https://mecitinantakyamutfagi.com,html,,70cl. 2,400.00
Mecitin Antakya Mutfağı,Istanbul,restaurant,https://mecitinantakyamutfagi.com,html,,20cl. 1,140.00
Mecitin Antakya Mutfağı,Istanbul,restaurant,https://mecitinantakyamutfagi.com,html,,50cl. 2,30.00
Mecitin Antakya Mutfağı,Istanbul,restaurant,https://mecitinantakyamutfagi.com,html,,Kadeh,590.00
Meet Lab Coffee,Istanbul,cafe,https://www.meetlabcoffee.com,html,,Tüm ürünlerde 1,250.00
Menemenci Haydar Çakallı Menemeni,Istanbul,restaurant,https://menemencihaydar.com,woo,Tümü,Hayrabolu Tatlısı,120.00
Menemenci Haydar Çakallı Menemeni,Istanbul,restaurant,https://menemencihaydar.com,woo,Tümü,Fırın Sütlaç,120.00
Menemenci Haydar Çakallı Menemeni,Istanbul,restaurant,https://menemencihaydar.com,woo,Tümü,Gevurdağ Salata,200.00
Menemenci Haydar Çakallı Menemeni,Istanbul,restaurant,https://menemencihaydar.com,woo,Tümü,Yeşil Salata,140.00
Menemenci Haydar Çakallı Menemeni,Istanbul,restaurant,https://menemencihaydar.com,woo,Tümü,Çoban Salata,130.00
Menemenci Haydar Çakallı Menemeni,Istanbul,restaurant,https://menemencihaydar.com,woo,"Yemekler, Tümü",Sucuk Ekmek,250.00
Menemenci Haydar Çakallı Menemeni,Istanbul,restaurant,https://menemencihaydar.com,woo,"Yemekler, Tümü",Köfte Ekmek,250.00
Menemenci Haydar Çakallı Menemeni,Istanbul,restaurant,https://menemencihaydar.com,woo,"Yemekler, Tümü",Çöp Şiş,420.00
Menemenci Haydar Çakallı Menemeni,Istanbul,restaurant,https://menemencihaydar.com,woo,"Yemekler, Tümü",Sucuk Izgara,330.00
Menemenci Haydar Çakallı Menemeni,Istanbul,restaurant,https://menemencihaydar.com,woo,"Yemekler, Tümü",Yaprak Kanat,320.00
Menemenci Haydar Çakallı Menemeni,Istanbul,restaurant,https://menemencihaydar.com,woo,"Yemekler, Tümü",Üsküp Köfte,330.00
Menemenci Haydar Çakallı Menemeni,Istanbul,restaurant,https://menemencihaydar.com,woo,"Yemekler, Tümü",Saç Tava,420.00
Menemenci Haydar Çakallı Menemeni,Istanbul,restaurant,https://menemencihaydar.com,woo,"Yemekler, Tümü",Kavurma Tava,280.00
Menemenci Haydar Çakallı Menemeni,Istanbul,restaurant,https://menemencihaydar.com,woo,"Tümü, Kahvaltı",Serpme Kahvaltı ( 2 Kişilik),980.00
Menemenci Haydar Çakallı Menemeni,Istanbul,restaurant,https://menemencihaydar.com,woo,"Tümü, Kahvaltı",Kahvaltı Tabağı,360.00
Menemenci Haydar Çakallı Menemeni,Istanbul,restaurant,https://menemencihaydar.com,woo,"Tümü, Başlangıçlar",Sahanda Kavurmalı Yumurta,250.00
Menemenci Haydar Çakallı Menemeni,Istanbul,restaurant,https://menemencihaydar.com,woo,"Tümü, Başlangıçlar",Sahanda Sucuklu Yumurta,220.00
Menemenci Haydar Çakallı Menemeni,Istanbul,restaurant,https://menemencihaydar.com,woo,"Tümü, Başlangıçlar",Sahanda Peynirli Yumurta,200.00
Menemenci Haydar Çakallı Menemeni,Istanbul,restaurant,https://menemencihaydar.com,woo,"Tümü, Başlangıçlar",Sahanda Çırpılmış Yumurta,180.00
Menemenci Haydar Çakallı Menemeni,Istanbul,restaurant,https://menemencihaydar.com,woo,"Tümü, Başlangıçlar",Sahanda Göz Yumurta,180.00
Menemenci Haydar Çakallı Menemeni,Istanbul,restaurant,https://menemencihaydar.com,woo,"Tümü, Başlangıçlar",Tavuk Suyu Çorba,150.00
Menemenci Haydar Çakallı Menemeni,Istanbul,restaurant,https://menemencihaydar.com,woo,"Tümü, Başlangıçlar",Mercimek Çorbası,120.00
Menemenci Haydar Çakallı Menemeni,Istanbul,restaurant,https://menemencihaydar.com,woo,"Tümü, Kahvaltı",Kavurmalı Omlet,270.00
Menemenci Haydar Çakallı Menemeni,Istanbul,restaurant,https://menemencihaydar.com,woo,"Tümü, Kahvaltı",Sucuklu Omlet,240.00
Menemenci Haydar Çakallı Menemeni,Istanbul,restaurant,https://menemencihaydar.com,woo,"Tümü, Kahvaltı",Peynirli Omlet,200.00
Menemenci Haydar Çakallı Menemeni,Istanbul,restaurant,https://menemencihaydar.com,woo,"Tümü, Kahvaltı",Sade Omlet,180.00
Menemenci Haydar Çakallı Menemeni,Istanbul,restaurant,https://menemencihaydar.com,woo,"Tümü, Kahvaltı",Söğüş,120.00
Menemenci Haydar Çakallı Menemeni,Istanbul,restaurant,https://menemencihaydar.com,woo,"Tümü, Kahvaltı",Bal Kaymak,150.00
Menemenci Haydar Çakallı Menemeni,Istanbul,restaurant,https://menemencihaydar.com,woo,"Tümü, Kahvaltı",Zeytin Tabağı,120.00
Menemenci Haydar Çakallı Menemeni,Istanbul,restaurant,https://menemencihaydar.com,woo,"Tümü, Kahvaltı",Peynir Tabağı,140.00
Menemenci Haydar Çakallı Menemeni,Istanbul,restaurant,https://menemencihaydar.com,woo,"Tümü, İçecekler",Kutu Meşrubat,80.00
Menemenci Haydar Çakallı Menemeni,Istanbul,restaurant,https://menemencihaydar.com,woo,"Tümü, İçecekler",Soda,40.00
Menemenci Haydar Çakallı Menemeni,Istanbul,restaurant,https://menemencihaydar.com,woo,"Tümü, İçecekler",Şalgam,50.00
Menemenci Haydar Çakallı Menemeni,Istanbul,restaurant,https://menemencihaydar.com,woo,"Tümü, İçecekler",Şişe Ayran,70.00
Menemenci Haydar Çakallı Menemeni,Istanbul,restaurant,https://menemencihaydar.com,woo,"Tümü, İçecekler",Su,15.00
Menemenci Haydar Çakallı Menemeni,Istanbul,restaurant,https://menemencihaydar.com,woo,"Tümü, İçecekler",Türk Kahvesi,70.00
Menemenci Haydar Çakallı Menemeni,Istanbul,restaurant,https://menemencihaydar.com,woo,"Tümü, İçecekler",Nescafe,70.00
Menemenci Haydar Çakallı Menemeni,Istanbul,restaurant,https://menemencihaydar.com,woo,"Tümü, İçecekler",Büyük Çay,25.00
Menemenci Haydar Çakallı Menemeni,Istanbul,restaurant,https://menemencihaydar.com,woo,İçecekler,Küçük Çay,20.00
Menemenci Haydar Çakallı Menemeni,Istanbul,restaurant,https://menemencihaydar.com,woo,"Tümü, Kahvaltı",Sıcak Arnavut Ciğeri,400.00
Menemenci Haydar Çakallı Menemeni,Istanbul,restaurant,https://menemencihaydar.com,woo,"Tümü, Kahvaltı",Patates Kızartması,120.00
Menemenci Haydar Çakallı Menemeni,Istanbul,restaurant,https://menemencihaydar.com,woo,"Tümü, Kahvaltı",Pastırmalı Paçanga Böreği,130.00
Menemenci Haydar Çakallı Menemeni,Istanbul,restaurant,https://menemencihaydar.com,woo,"Tümü, Kahvaltı",Sigara Böreği,120.00
Menemenci Haydar Çakallı Menemeni,Istanbul,restaurant,https://menemencihaydar.com,woo,"Tümü, Kahvaltı",Pişi,35.00
Menemenci Haydar Çakallı Menemeni,Istanbul,restaurant,https://menemencihaydar.com,woo,"Tümü, Izgara",Sucuk Ekmek,250.00
Menemenci Haydar Çakallı Menemeni,Istanbul,restaurant,https://menemencihaydar.com,woo,"Tümü, Izgara",Köfte Ekmek,250.00
Menemenci Haydar Çakallı Menemeni,Istanbul,restaurant,https://menemencihaydar.com,woo,"Tümü, Izgara",Çöp Şiş,420.00
Menemenci Haydar Çakallı Menemeni,Istanbul,restaurant,https://menemencihaydar.com,woo,"Tümü, Izgara",Sucuk Izgara,330.00
Menemenci Haydar Çakallı Menemeni,Istanbul,restaurant,https://menemencihaydar.com,woo,"Tümü, Izgara",Yaprak Kanat,320.00
Menemenci Haydar Çakallı Menemeni,Istanbul,restaurant,https://menemencihaydar.com,woo,"Tümü, Izgara",Üsküp Köfte,330.00
Menemenci Haydar Çakallı Menemeni,Istanbul,restaurant,https://menemencihaydar.com,woo,"Tümü, Menemen",Çakallı Karışık Menemeni,320.00
Menemenci Haydar Çakallı Menemeni,Istanbul,restaurant,https://menemencihaydar.com,woo,Menemen,Çakallı Menemeni,260.00
Menemenci Haydar Çakallı Menemeni,Istanbul,restaurant,https://menemencihaydar.com,woo,"Tümü, Menemen",Çakallı Kavurmalı Menemeni,320.00
Menemenci Haydar Çakallı Menemeni,Istanbul,restaurant,https://menemencihaydar.com,woo,"Tümü, Menemen",Çakallı Sucuklu Menemeni,290.00
Minoa City's Istanbul,Istanbul,cafe,https://minoa.com,html,,Young Mungo,566.13
Minoa City's Istanbul,Istanbul,cafe,https://minoa.com,html,,Our Country Friends,849.48
Minoa City's Istanbul,Istanbul,cafe,https://minoa.com,html,,The Swimmers,736.14
Minoa City's Istanbul,Istanbul,cafe,https://minoa.com,html,,To Paradise,849.48
Minoa City's Istanbul,Istanbul,cafe,https://minoa.com,html,,Agnes Grey - Macmillan Collector's Library,566.13
Minoa City's Istanbul,Istanbul,cafe,https://minoa.com,html,,A Town Like Alice - Macmillan Collector's Library,566.13
Minoa Village,Istanbul,restaurant,https://minoa.com,html,,Young Mungo,566.13
Minoa Village,Istanbul,restaurant,https://minoa.com,html,,Our Country Friends,849.48
Minoa Village,Istanbul,restaurant,https://minoa.com,html,,The Swimmers,736.14
Minoa Village,Istanbul,restaurant,https://minoa.com,html,,To Paradise,849.48
Minoa Village,Istanbul,restaurant,https://minoa.com,html,,Agnes Grey - Macmillan Collector's Library,566.13
Minoa Village,Istanbul,restaurant,https://minoa.com,html,,A Town Like Alice - Macmillan Collector's Library,566.13
Mis Adana,Istanbul,restaurant,https://www.misadana.com,html,,Tavuk Şiş Porsiyon,400.00
Mis Adana,Istanbul,restaurant,https://www.misadana.com,html,,Fındıklı Hamsiköy Sütlaç,130.00
Mis Adana,Istanbul,restaurant,https://www.misadana.com,html,,Kuzu Ciğer Porsiyon,470.00
Mis Adana,Istanbul,restaurant,https://www.misadana.com,html,,Patlıcan Kebabı,500.00
Mis Adana,Istanbul,restaurant,https://www.misadana.com,html,,Kuzu Şiş Porsiyon,470.00
Mis Adana,Istanbul,restaurant,https://www.misadana.com,html,,Kuzu Şiş Dürüm,370.00
Mis Adana,Istanbul,restaurant,https://www.misadana.com,html,,Şalgam,60.00
Mis Adana,Istanbul,restaurant,https://www.misadana.com,html,,Kola,70.00
Misina,Istanbul,restaurant,https://www.misina.com.tr,html,,Ahtapot Çorbası,450.00
Monstera Coffee Company,Istanbul,cafe,https://menum.co,html,,Yıllık Sadece,2000.00
Monstera Coffee Company,Istanbul,cafe,https://menum.co,html,,Tüm Özellikler Yıllık Sadece,2000.00
Moston Cafe Restoran,Istanbul,restaurant,https://www.mostononline.com,html,,Mercimek Çorbası,110.90
Moston Cafe Restoran,Istanbul,restaurant,https://www.mostononline.com,html,,Ezogelin Çorbası,110.90
Moston Cafe Restoran,Istanbul,restaurant,https://www.mostononline.com,html,,Domates Çorbası,110.90
Moston Cafe Restoran,Istanbul,restaurant,https://www.mostononline.com,html,,Köz Patlıcan Çorbası,141.90
Moston Cafe Restoran,Istanbul,restaurant,https://www.mostononline.com,html,,Zerdeçallı Sebze Çorbası,116.90
Moston Cafe Restoran,Istanbul,restaurant,https://www.mostononline.com,html,,Brokoli Çorbası,110.90
Moston Cafe Restoran,Istanbul,restaurant,https://www.mostononline.com,html,,Yayla Çorbası,110.90
Moston Cafe Restoran,Istanbul,restaurant,https://www.mostononline.com,html,,Soğuk Ayran Aşı Çorbası,116.90
Moston Cafe Restoran,Istanbul,restaurant,https://www.mostononline.com,html,,Şehriyeli Tavuk Çorbası,124.90
Moston Cafe Restoran,Istanbul,restaurant,https://www.mostononline.com,html,,Kıymalı Tarhana Çorbası,141.90
Moston Cafe Restoran,Istanbul,restaurant,https://www.mostononline.com,html,,Etli Düğün Çorbası,332.90
Moston Cafe Restoran,Istanbul,restaurant,https://www.mostononline.com,html,,Beyran Çorbası,429.90
Moston Cafe Restoran,Istanbul,restaurant,https://www.mostononline.com,html,,Sebzeli Kuru Fasulye,154.90
Moston Cafe Restoran,Istanbul,restaurant,https://www.mostononline.com,html,,Nohut,163.90
Moston Cafe Restoran,Istanbul,restaurant,https://www.mostononline.com,html,,Fırın Sebze,151.90
Moston Cafe Restoran,Istanbul,restaurant,https://www.mostononline.com,html,,Semizotu,170.90
Moston Cafe Restoran,Istanbul,restaurant,https://www.mostononline.com,html,,Bamya,201.90
Moston Cafe Restoran,Istanbul,restaurant,https://www.mostononline.com,html,,Patatesli Ispanaklı Graten,181.90
Moston Cafe Restoran,Istanbul,restaurant,https://www.mostononline.com,html,,Taze Fasulye,163.90
Moston Cafe Restoran,Istanbul,restaurant,https://www.mostononline.com,html,,Sebze Türlü,151.90
Moston Cafe Restoran,Istanbul,restaurant,https://www.mostononline.com,html,,Portakallı Kereviz,199.90
Moston Cafe Restoran,Istanbul,restaurant,https://www.mostononline.com,html,,Dereotlu Kabak,151.90
Moston Cafe Restoran,Istanbul,restaurant,https://www.mostononline.com,html,,Ispanak,166.90
Moston Cafe Restoran,Istanbul,restaurant,https://www.mostononline.com,html,,Mantarlı Ispanak,189.90
Moston Cafe Restoran,Istanbul,restaurant,https://www.mostononline.com,html,,Bezelye,163.90
Moston Cafe Restoran,Istanbul,restaurant,https://www.mostononline.com,html,,Arnavut Ciğeri,462.90
Moston Cafe Restoran,Istanbul,restaurant,https://www.mostononline.com,html,,Ekşili Köfte,308.90
Moston Cafe Restoran,Istanbul,restaurant,https://www.mostononline.com,html,,Et Sote,427.90
Moston Cafe Restoran,Istanbul,restaurant,https://www.mostononline.com,html,,Etli Biber Dolma,247.90
Moston Cafe Restoran,Istanbul,restaurant,https://www.mostononline.com,html,,Etli Nohut,218.90
Moston Cafe Restoran,Istanbul,restaurant,https://www.mostononline.com,html,,Etli Kuru Fasulye,218.90
Moston Cafe Restoran,Istanbul,restaurant,https://www.mostononline.com,html,,Etli Taze Fasulye,231.90
Moston Cafe Restoran,Istanbul,restaurant,https://www.mostononline.com,html,,Etli Yaprak Sarma,244.90
Moston Cafe Restoran,Istanbul,restaurant,https://www.mostononline.com,html,,Etli Orman Kebabı,428.90
Moston Cafe Restoran,Istanbul,restaurant,https://www.mostononline.com,html,,İzmir Köfte,334.90
Moston Cafe Restoran,Istanbul,restaurant,https://www.mostononline.com,html,,Patlıcan Musakka,252.90
Moston Cafe Restoran,Istanbul,restaurant,https://www.mostononline.com,html,,Karnıyarık,276.90
Moston Cafe Restoran,Istanbul,restaurant,https://www.mostononline.com,html,,Püreli Karnıyarık,315.90
Moston Cafe Restoran,Istanbul,restaurant,https://www.mostononline.com,html,,Hünkâr Beğendi,501.90
Moston Cafe Restoran,Istanbul,restaurant,https://www.mostononline.com,html,,Püreli Rosto Köfte,327.90
Moston Cafe Restoran,Istanbul,restaurant,https://www.mostononline.com,html,,Püreli Kadınbudu Köfte,314.90
Moston Cafe Restoran,Istanbul,restaurant,https://www.mostononline.com,html,,Kıymalı Patates Oturtma,249.90
Moston Cafe Restoran,Istanbul,restaurant,https://www.mostononline.com,html,,Sebzeli Köfte,327.90
Moston Cafe Restoran,Istanbul,restaurant,https://www.mostononline.com,html,,Püreli Et Sote,458.90
Moston Cafe Restoran,Istanbul,restaurant,https://www.mostononline.com,html,,Beğendili Et Sote,468.90
Moston Cafe Restoran,Istanbul,restaurant,https://www.mostononline.com,html,,Püreli Izgara Köfte,274.90
Moston Cafe Restoran,Istanbul,restaurant,https://www.mostononline.com,html,,Patlıcan Beğendi Yatağında 3 adet (120gr) Izgara Köfte,285.90
Moston Cafe Restoran,Istanbul,restaurant,https://www.mostononline.com,html,,Karışık Izgara,223.90
Moston Cafe Restoran,Istanbul,restaurant,https://www.mostononline.com,html,,Acı Soslu Tavuk,290.90
Moston Cafe Restoran,Istanbul,restaurant,https://www.mostononline.com,html,,Pesto Soslu Tavuk,290.90
Moston Cafe Restoran,Istanbul,restaurant,https://www.mostononline.com,html,,Çin Usulü Tavuk,315.90
Moston Cafe Restoran,Istanbul,restaurant,https://www.mostononline.com,html,,Dağ Kekikli Tavuk,276.90
Moston Cafe Restoran,Istanbul,restaurant,https://www.mostononline.com,html,,Esnaf Usulü Tavuk Haşlama,239.90
Moston Cafe Restoran,Istanbul,restaurant,https://www.mostononline.com,html,,Tavuk Sote,254.90
Moston Cafe Restoran,Istanbul,restaurant,https://www.mostononline.com,html,,Beğendili Tavuk Sote,295.90
Moston Cafe Restoran,Istanbul,restaurant,https://www.mostononline.com,html,,Püreli Tavuk Sote,285.90
Moston Cafe Restoran,Istanbul,restaurant,https://www.mostononline.com,html,,2 çöp 160gr Tavuk Kalça Şiş,254.90
Moston Cafe Restoran,Istanbul,restaurant,https://www.mostononline.com,html,,Karışık Izgara + Bulgur Pilavı + Salata + Pat. Kızr.,478.90
Moston Cafe Restoran,Istanbul,restaurant,https://www.mostononline.com,html,,Beğendili Izgara Köfte + Bulgur Pilavı + Salata + Pat. Kızr.,509.90
Moston Cafe Restoran,Istanbul,restaurant,https://www.mostononline.com,html,,Püreli Izgara Köfte + Bulgur Pilavı + Salata + Soğan Halkası,495.90
Moston Cafe Restoran,Istanbul,restaurant,https://www.mostononline.com,html,,Tavuk Şiş + Bulgur Pilavı + Salata + Pat. Kızr.,455.90
Moston Cafe Restoran,Istanbul,restaurant,https://www.mostononline.com,html,,Şehriyeli Pirinç Pilavı,127.90
Moston Cafe Restoran,Istanbul,restaurant,https://www.mostononline.com,html,,Basmati Pirinç Pilavı,125.90
Moston Cafe Restoran,Istanbul,restaurant,https://www.mostononline.com,html,,Bulgur Pilavı,121.90
Moston Cafe Restoran,Istanbul,restaurant,https://www.mostononline.com,html,,Özbek Pilavı,206.90
Moston Cafe Restoran,Istanbul,restaurant,https://www.mostononline.com,html,,Tavuklu Pilav,189.90
Moston Cafe Restoran,Istanbul,restaurant,https://www.mostononline.com,html,,Tavuklu Nohutlu Pilav,189.90
Moston Cafe Restoran,Istanbul,restaurant,https://www.mostononline.com,html,,Fırın Makarna,166.90
Moston Cafe Restoran,Istanbul,restaurant,https://www.mostononline.com,html,,Erişte,110.90
Moston Cafe Restoran,Istanbul,restaurant,https://www.mostononline.com,html,,Spagetti Bolonez (250 gr),142.90
Moston Cafe Restoran,Istanbul,restaurant,https://www.mostononline.com,html,,Kıymalı Makarna,137.90
Moston Cafe Restoran,Istanbul,restaurant,https://www.mostononline.com,html,,Sade Spagetti (Mini),121.90
Moston Cafe Restoran,Istanbul,restaurant,https://www.mostononline.com,html,,Domates Soslu Makarna,132.90
Moston Cafe Restoran,Istanbul,restaurant,https://www.mostononline.com,html,,Mevsim Salatası,81.90
Moston Cafe Restoran,Istanbul,restaurant,https://www.mostononline.com,html,,Makarna Salatası,142.90
Moston Cafe Restoran,Istanbul,restaurant,https://www.mostononline.com,html,,Patates Püresi,152.90
Moston Cafe Restoran,Istanbul,restaurant,https://www.mostononline.com,html,,Cacık,106.90
Moston Cafe Restoran,Istanbul,restaurant,https://www.mostononline.com,html,,Yoğurt,96.90
Moston Cafe Restoran,Istanbul,restaurant,https://www.mostononline.com,html,,Karışık Turşu,76.90
Moston Cafe Restoran,Istanbul,restaurant,https://www.mostononline.com,html,,Karpuz,116.90
Moston Cafe Restoran,Istanbul,restaurant,https://www.mostononline.com,html,,Karpuz & Peynir,152.90
Moston Cafe Restoran,Istanbul,restaurant,https://www.mostononline.com,html,,Atom,175.90
Moston Cafe Restoran,Istanbul,restaurant,https://www.mostononline.com,html,,Amerikan Salatası,175.90
Moston Cafe Restoran,Istanbul,restaurant,https://www.mostononline.com,html,,Şakşuka,189.90
Moston Cafe Restoran,Istanbul,restaurant,https://www.mostononline.com,html,,Yoğurtlu Köz Biber,175.90
Moston Cafe Restoran,Istanbul,restaurant,https://www.mostononline.com,html,,Yoğurtlu Köz Patlıcan,175.90
Moston Cafe Restoran,Istanbul,restaurant,https://www.mostononline.com,html,,Acılı Meksika Atom,175.90
Moston Cafe Restoran,Istanbul,restaurant,https://www.mostononline.com,html,,Acılı Meksika Ezmesi,175.90
Moston Cafe Restoran,Istanbul,restaurant,https://www.mostononline.com,html,,Fırın Mücver,180.90
Moston Cafe Restoran,Istanbul,restaurant,https://www.mostononline.com,html,,Babagannuş,189.90
Moston Cafe Restoran,Istanbul,restaurant,https://www.mostononline.com,html,,Biber Borani,175.90
Moston Cafe Restoran,Istanbul,restaurant,https://www.mostononline.com,html,,Deniz Börülcesi,252.90
Moston Cafe Restoran,Istanbul,restaurant,https://www.mostononline.com,html,,Girit Ezme,226.90
Moston Cafe Restoran,Istanbul,restaurant,https://www.mostononline.com,html,,Hardallı Patates Salatası,138.90
Moston Cafe Restoran,Istanbul,restaurant,https://www.mostononline.com,html,,Kuru Biber Dolması,191.90
Moston Cafe Restoran,Istanbul,restaurant,https://www.mostononline.com,html,,Kuru Patlıcan Dolması,175.90
Moston Cafe Restoran,Istanbul,restaurant,https://www.mostononline.com,html,,Kuru Cacık,151.90
Moston Cafe Restoran,Istanbul,restaurant,https://www.mostononline.com,html,,Köpoğlu,175.90
Moston Cafe Restoran,Istanbul,restaurant,https://www.mostononline.com,html,,Muammara,163.90
Moston Cafe Restoran,Istanbul,restaurant,https://www.mostononline.com,html,,Pancar Salatası,138.90
Moston Cafe Restoran,Istanbul,restaurant,https://www.mostononline.com,html,,Pembe Sultan,163.90
Moston Cafe Restoran,Istanbul,restaurant,https://www.mostononline.com,html,,Tahinli Köz Patlıcan,189.90
Moston Cafe Restoran,Istanbul,restaurant,https://www.mostononline.com,html,,Haydari,175.90
Moston Cafe Restoran,Istanbul,restaurant,https://www.mostononline.com,html,,Havuç Tarator,163.90
Moston Cafe Restoran,Istanbul,restaurant,https://www.mostononline.com,html,,Karışık Kızartma,170.90
Moston Cafe Restoran,Istanbul,restaurant,https://www.mostononline.com,html,,Kısır,147.90
Moston Cafe Restoran,Istanbul,restaurant,https://www.mostononline.com,html,,Mercimek Köftesi (6 ad.),213.90
Moston Cafe Restoran,Istanbul,restaurant,https://www.mostononline.com,html,,Mercimek Köftesi (3 ad.),106.90
Moston Cafe Restoran,Istanbul,restaurant,https://www.mostononline.com,html,,Patlıcan Beğendi,172.90
Moston Cafe Restoran,Istanbul,restaurant,https://www.mostononline.com,html,,Izgara Köfte,547.90
Moston Cafe Restoran,Istanbul,restaurant,https://www.mostononline.com,html,,Izgara Tavuk,470.90
Moston Cafe Restoran,Istanbul,restaurant,https://www.mostononline.com,html,,Tavuk Çöp Şiş,519.90
Moston Cafe Restoran,Istanbul,restaurant,https://www.mostononline.com,html,,Köri Soslu Tavuk,483.90
Moston Cafe Restoran,Istanbul,restaurant,https://www.mostononline.com,html,,Mantar Soslu Tavuk,483.90
Moston Cafe Restoran,Istanbul,restaurant,https://www.mostononline.com,html,,Körili Mantar Soslu Tavuk,496.90
Moston Cafe Restoran,Istanbul,restaurant,https://www.mostononline.com,html,,Barbekü Soslu Tavuk,472.90
Moston Cafe Restoran,Istanbul,restaurant,https://www.mostononline.com,html,,Soslu Tavuk,472.90
Moston Cafe Restoran,Istanbul,restaurant,https://www.mostononline.com,html,,Tavuk Schnitzel,468.90
Moston Cafe Restoran,Istanbul,restaurant,https://www.mostononline.com,html,,Tavuk Cordon Bleu,468.90
Moston Cafe Restoran,Istanbul,restaurant,https://www.mostononline.com,html,,Tavuk Çıtır Fileto,468.90
Moston Cafe Restoran,Istanbul,restaurant,https://www.mostononline.com,html,,Hot Delight,468.90
Moston Cafe Restoran,Istanbul,restaurant,https://www.mostononline.com,html,,Sosis Tabağı,407.90
Moston Cafe Restoran,Istanbul,restaurant,https://www.mostononline.com,html,,Beyaz Peynirli Kalem Börek,264.90
Moston Cafe Restoran,Istanbul,restaurant,https://www.mostononline.com,html,,Patates Kızartma,142.90
Moston Cafe Restoran,Istanbul,restaurant,https://www.mostononline.com,html,,10 Adet,152.90
Moston Cafe Restoran,Istanbul,restaurant,https://www.mostononline.com,html,,Patates Kroket,152.90
Moston Cafe Restoran,Istanbul,restaurant,https://www.mostononline.com,html,,Yeşil Sebzeli Noodle,244.90
Moston Cafe Restoran,Istanbul,restaurant,https://www.mostononline.com,html,,Tavuklu Sebzeli Noodle,256.90
Moston Cafe Restoran,Istanbul,restaurant,https://www.mostononline.com,html,,Penne,350.90
Moston Cafe Restoran,Istanbul,restaurant,https://www.mostononline.com,html,,Spagetti Bolonez,350.90
Moston Cafe Restoran,Istanbul,restaurant,https://www.mostononline.com,html,,Penne Arrabbiata,350.90
Moston Cafe Restoran,Istanbul,restaurant,https://www.mostononline.com,html,,Moston Mantı,372.90
Moston Cafe Restoran,Istanbul,restaurant,https://www.mostononline.com,html,,Çıtır Mantı,372.90
Moston Cafe Restoran,Istanbul,restaurant,https://www.mostononline.com,html,,320gr,337.90
Moston Cafe Restoran,Istanbul,restaurant,https://www.mostononline.com,html,,260gr,337.90
Moston Cafe Restoran,Istanbul,restaurant,https://www.mostononline.com,html,,Köfteli Salata,349.90
Moston Cafe Restoran,Istanbul,restaurant,https://www.mostononline.com,html,,Tavuklu Salata,346.90
Moston Cafe Restoran,Istanbul,restaurant,https://www.mostononline.com,html,,Körili Duble Tavuklu Salata,376.90
Moston Cafe Restoran,Istanbul,restaurant,https://www.mostononline.com,html,,Şnitzelli Salata,311.90
Moston Cafe Restoran,Istanbul,restaurant,https://www.mostononline.com,html,,Çıtır Filetolu Salata,311.90
Moston Cafe Restoran,Istanbul,restaurant,https://www.mostononline.com,html,,Hot Delight'lı Salata,311.90
Moston Cafe Restoran,Istanbul,restaurant,https://www.mostononline.com,html,,Çıtır Balıklı Salata,311.90
Moston Cafe Restoran,Istanbul,restaurant,https://www.mostononline.com,html,,Ton Balıklı Salata,336.90
Moston Cafe Restoran,Istanbul,restaurant,https://www.mostononline.com,html,,Beyaz Peynirli Salata,277.90
Moston Cafe Restoran,Istanbul,restaurant,https://www.mostononline.com,html,,Hellim Peynirli Salata,305.90
Moston Cafe Restoran,Istanbul,restaurant,https://www.mostononline.com,html,,Sade Salata,203.90
Moston Cafe Restoran,Istanbul,restaurant,https://www.mostononline.com,html,,Zeytinyağlı Yaprak Sarma,249.90
Moston Cafe Restoran,Istanbul,restaurant,https://www.mostononline.com,html,,Zeytinyağlı Taze Fasulye,193.90
Moston Cafe Restoran,Istanbul,restaurant,https://www.mostononline.com,html,,Zeytinyağlı Biber Dolma,239.90
Moston Cafe Restoran,Istanbul,restaurant,https://www.mostononline.com,html,,Zeytinyağlı Barbunya,193.90
Moston Cafe Restoran,Istanbul,restaurant,https://www.mostononline.com,html,,Şekerpare,151.90
Moston Cafe Restoran,Istanbul,restaurant,https://www.mostononline.com,html,,Portakallı Revani,239.90
Moston Cafe Restoran,Istanbul,restaurant,https://www.mostononline.com,html,,Çikolatalı Brownie,239.90
Moston Cafe Restoran,Istanbul,restaurant,https://www.mostononline.com,html,,İrmik Helvası,141.90
Moston Cafe Restoran,Istanbul,restaurant,https://www.mostononline.com,html,,Coca-Cola (33 cl.),69.90
Moston Cafe Restoran,Istanbul,restaurant,https://www.mostononline.com,html,,Coca-Cola (20 cl.),69.90
Moston Cafe Restoran,Istanbul,restaurant,https://www.mostononline.com,html,,Coca-Cola Şekersiz (33 cl.),69.90
Moston Cafe Restoran,Istanbul,restaurant,https://www.mostononline.com,html,,Coca-Cola (1 Lt),98.90
Moston Cafe Restoran,Istanbul,restaurant,https://www.mostononline.com,html,,Coca-Cola Şekersiz (1 Lt),98.90
Moston Cafe Restoran,Istanbul,restaurant,https://www.mostononline.com,html,,Fanta (33 cl.),69.90
Moston Cafe Restoran,Istanbul,restaurant,https://www.mostononline.com,html,,Fanta (1 Lt),98.90
Moston Cafe Restoran,Istanbul,restaurant,https://www.mostononline.com,html,,Sprite (33 cl.),69.90
Moston Cafe Restoran,Istanbul,restaurant,https://www.mostononline.com,html,,"Şeftali, Vişne, Karışık seçenekleriyle",69.90
Moston Cafe Restoran,Istanbul,restaurant,https://www.mostononline.com,html,,"Şeftali, Limon seçenekleriyle",69.90
Moston Cafe Restoran,Istanbul,restaurant,https://www.mostononline.com,html,,Çamlıca Gazoz (200ml),42.90
Moston Cafe Restoran,Istanbul,restaurant,https://www.mostononline.com,html,,Niğde Gazozu (250ml),42.90
Moston Cafe Restoran,Istanbul,restaurant,https://www.mostononline.com,html,,Acılı,42.90
Moston Cafe Restoran,Istanbul,restaurant,https://www.mostononline.com,html,,Uludağ Limonata (33 cl.),48.90
Moston Cafe Restoran,Istanbul,restaurant,https://www.mostononline.com,html,,Sade Soda (20 cl.),26.90
Moston Cafe Restoran,Istanbul,restaurant,https://www.mostononline.com,html,,285ml SEK,33.90
Moston Cafe Restoran,Istanbul,restaurant,https://www.mostononline.com,html,,Uludağ/Kızılay/Sırma,32.90
Moston Cafe Restoran,Istanbul,restaurant,https://www.mostononline.com,html,,Su (50 cl.),19.90
Moston Cafe Restoran,Istanbul,restaurant,https://www.mostononline.com,html,,Bahşiş,1.00
Moston Cafe Restoran,Istanbul,restaurant,https://www.mostononline.com,html,,"Beyaz, Kepekli çeşitleriyle",8.90
Moston Cafe Restoran,Istanbul,restaurant,https://www.mostononline.com,html,,Poşet,1.00
Moston Cafe Restoran,Istanbul,restaurant,https://www.mostononline.com,html,,Gönderim Bölgeleri,350.00
Moston Cafe Restoran,Istanbul,restaurant,https://www.mostononline.com,html,,Maltepe (Feyzullah Mah.),400.00
Moston Cafe Restoran,Istanbul,restaurant,https://www.mostononline.com,html,,Adatepe,500.00
Moston Cafe Restoran,Istanbul,restaurant,https://www.mostononline.com,html,,Maltepe (Merkez),750.00
Moston Cafe Restoran,Istanbul,restaurant,https://www.mostononline.com,html,,Maltepe (Girne Mah.),1000.00
Moston Cafe Restoran,Istanbul,restaurant,https://www.mostononline.com,html,,Maltepe (Yalı Mah.),1500.00
Moston Cafe Restoran,Istanbul,restaurant,https://www.mostononline.com,html,,Maltepe (Zümrütevler Mah.),2000.00
Mutfak Koz,Istanbul,restaurant,https://mutfakkoz.com,html,,ÇAĞLA CACIĞI (V/GF),360.00
Mutfak Koz,Istanbul,restaurant,https://mutfakkoz.com,html,,DANA DİL & İŞKEMBE TERİN (GF),580.00
Mutfak Koz,Istanbul,restaurant,https://mutfakkoz.com,html,,HUMUS (VG/GF),360.00
Mutfak Koz,Istanbul,restaurant,https://mutfakkoz.com,html,,BAKLA SALATASI (VG/GF),420.00
Mutfak Koz,Istanbul,restaurant,https://mutfakkoz.com,html,,PATLICAN SALATASI (VG/GF),400.00
Mutfak Koz,Istanbul,restaurant,https://mutfakkoz.com,html,,KABURGA BRIOCHE,620.00
Mutfak Koz,Istanbul,restaurant,https://mutfakkoz.com,html,,SOĞUK CİĞER SANDVİÇ,620.00
Mutfak Koz,Istanbul,restaurant,https://mutfakkoz.com,html,,BALIK EKMEK,580.00
Mutfak Koz,Istanbul,restaurant,https://mutfakkoz.com,html,,BRİYOŞA İŞKEMBE,580.00
Mutfak Koz,Istanbul,restaurant,https://mutfakkoz.com,html,,DANA DİL SANDVİÇ,620.00
Mutfak Koz,Istanbul,restaurant,https://mutfakkoz.com,html,,GÜVEÇSİZ ALABALIK,890.00
Mutfak Koz,Istanbul,restaurant,https://mutfakkoz.com,html,,KUZU YÜREK,890.00
Mutfak Koz,Istanbul,restaurant,https://mutfakkoz.com,html,,HUMUSLU ILIK MANTAR SALATASI (VG/GF),690.00
Mutfak Koz,Istanbul,restaurant,https://mutfakkoz.com,html,,FIRINDA DANA KABURGA (GF),890.00
Mutfak Koz,Istanbul,restaurant,https://mutfakkoz.com,html,,PORÇİNİ & KUZU GÖBEĞİ SOSYETE MANTISI (VG),920.00
Mutfak Koz,Istanbul,restaurant,https://mutfakkoz.com,html,,Limonlu Peri (V),340.00
Mutfak Koz,Istanbul,restaurant,https://mutfakkoz.com,html,,Çikolatalı Krem Brüle (V/GF),380.00
Mutfak Koz,Istanbul,restaurant,https://mutfakkoz.com,html,,Pancarlı Acılı Ayran,130.00
Mutfak Koz,Istanbul,restaurant,https://mutfakkoz.com,html,,Fesleğenli Ayran,130.00
Mutfak Koz,Istanbul,restaurant,https://mutfakkoz.com,html,,Kiren (Kızılcık) Ekşisi,140.00
Mutfak Koz,Istanbul,restaurant,https://mutfakkoz.com,html,,Maden Suyu,70.00
Mutfak Koz,Istanbul,restaurant,https://mutfakkoz.com,html,,GREEN ALMOND CACIK (V/GF),360.00
Mutfak Koz,Istanbul,restaurant,https://mutfakkoz.com,html,,BEEF TONGUE & TRIPE TERRINE (GF),580.00
Mutfak Koz,Istanbul,restaurant,https://mutfakkoz.com,html,,HUMMUS (VG/GF),360.00
Mutfak Koz,Istanbul,restaurant,https://mutfakkoz.com,html,,FAVA BEAN SALAD (VG/GF),420.00
Mutfak Koz,Istanbul,restaurant,https://mutfakkoz.com,html,,EGGPLANT SALAD (VG/GF),400.00
Mutfak Koz,Istanbul,restaurant,https://mutfakkoz.com,html,,SHORT RIB BRIOCHE,620.00
Mutfak Koz,Istanbul,restaurant,https://mutfakkoz.com,html,,COLD BEEF LIVER SANDWICH,620.00
Mutfak Koz,Istanbul,restaurant,https://mutfakkoz.com,html,,FISH & BREAD,580.00
Mutfak Koz,Istanbul,restaurant,https://mutfakkoz.com,html,,TRIPE BRIOCHE,580.00
Mutfak Koz,Istanbul,restaurant,https://mutfakkoz.com,html,,Beef Tongue Sandwich,620.00
Mutfak Koz,Istanbul,restaurant,https://mutfakkoz.com,html,,TROUT,890.00
Mutfak Koz,Istanbul,restaurant,https://mutfakkoz.com,html,,LAMB HEART,890.00
Mutfak Koz,Istanbul,restaurant,https://mutfakkoz.com,html,,WARM MUSHROOM SALAD WITH HUMMUS (VG/GF),690.00
Mutfak Koz,Istanbul,restaurant,https://mutfakkoz.com,html,,SLOW-COOKED BONELESS BEEF SHORT RIBS (GF),890.00
Mutfak Koz,Istanbul,restaurant,https://mutfakkoz.com,html,,PORCINI & MOREL “SOSYETE MANTISI” (VG),920.00
Mutfak Koz,Istanbul,restaurant,https://mutfakkoz.com,html,,Spicy Ayran with Beetroot,130.00
Mutfak Koz,Istanbul,restaurant,https://mutfakkoz.com,html,,Ayran with Fresh Basil,130.00
Mutfak Koz,Istanbul,restaurant,https://mutfakkoz.com,html,,Cornelian Cherry Juice,140.00
Mutfak Koz,Istanbul,restaurant,https://mutfakkoz.com,html,,Sparkling Mineral Water,70.00
Mutfak Koz,Istanbul,restaurant,https://mutfakkoz.com,html,,Still Water,50.00
Mutfak Koz,Istanbul,restaurant,https://mutfakkoz.com,html,,Lemon Fairy (V),340.00
Mutfak Koz,Istanbul,restaurant,https://mutfakkoz.com,html,,Chocolate Crème Brûlée (V/GF),380.00
Müptela Kahvaltı Brunch,Istanbul,restaurant,https://muptelakahvalti.com,html,,Sınırsız Serpme Kahvaltı - Kişi Başı 1,90.00
Müptela Kahvaltı Brunch,Istanbul,restaurant,https://muptelakahvalti.com,html,,Kahvaltı Tabağı,800.00
Müptela Kahvaltı Brunch,Istanbul,restaurant,https://muptelakahvalti.com,html,,Trabzon Kuymak,450.00
Müptela Kahvaltı Brunch,Istanbul,restaurant,https://muptelakahvalti.com,html,,Sigara Böreği,280.00
Müptela Kahvaltı Brunch,Istanbul,restaurant,https://muptelakahvalti.com,html,,Pişi,120.00
Müptela Kahvaltı Brunch,Istanbul,restaurant,https://muptelakahvalti.com,html,,Sucuklu Omlet,380.00
Müptela Kahvaltı Brunch,Istanbul,restaurant,https://muptelakahvalti.com,html,,Soslu Patates Kızartması,280.00
Müptela Kahvaltı Brunch,Istanbul,restaurant,https://muptelakahvalti.com,html,,Patatesli Gözleme,345.00
Müptela Kahvaltı Brunch,Istanbul,restaurant,https://muptelakahvalti.com,html,,Klasik Menemen,345.00
Müptela Kahvaltı Brunch,Istanbul,restaurant,https://muptelakahvalti.com,html,,Kavurmalı Kaşarlı Omlet,450.00
Müptela Kahvaltı Brunch,Istanbul,restaurant,https://muptelakahvalti.com,html,,Türk Kahvesi,105.00
Müptela Kahvaltı Brunch,Istanbul,restaurant,https://muptelakahvalti.com,html,,Filtre Kahve,165.00
Müptela Kahvaltı Brunch,Istanbul,restaurant,https://muptelakahvalti.com,html,,Americano,125.00
Müptela Kahvaltı Brunch,Istanbul,restaurant,https://muptelakahvalti.com,html,,Cappuccino,160.00
MÜÜS Coffee,Istanbul,cafe,https://www.muuscoffee.com,html,,MATCHA KASESİ + TUTUCU SETİ,1800.00
MÜÜS Coffee,Istanbul,cafe,https://www.muuscoffee.com,html,,CHASEN (ÇIRPICI),590.00
MÜÜS Coffee,Istanbul,cafe,https://www.muuscoffee.com,html,,MATCHA KAŞIĞI,349.00
MÜÜS Coffee,Istanbul,cafe,https://www.muuscoffee.com,html,,30 GR YUMUŞAK MATCHA,849.00
Nebyan,Istanbul,restaurant,https://nebyandogal.com,html,,Mangal Paketi,892.25
Nebyan,Istanbul,restaurant,https://nebyandogal.com,html,,"%100 kuzu etinden, hem çok lezzetli hem katkısız!",750.00
Nebyan,Istanbul,restaurant,https://nebyandogal.com,html,,En iyi kebapçılarda yiyebileceğiniz kalitede.,910.00
Nebyan,Istanbul,restaurant,https://nebyandogal.com,html,,Gezerek yetişen danalarımızın kontrfilesinden kesilir,425.00
Nebyan,Istanbul,restaurant,https://nebyandogal.com,html,,Manda Peyniri,425.00
Nebyan,Istanbul,restaurant,https://nebyandogal.com,html,,Kürşat 1000cc Ayvalık Naturel Pembe Çizik Zeytin,480.00
Nebyan,Istanbul,restaurant,https://nebyandogal.com,html,,Zeytindalı Nar Ekşisi,75.00
Nebyan,Istanbul,restaurant,https://nebyandogal.com,html,,"Çocukluğunuzdaki tat, organik taze mısır.",175.00
Nebyan,Istanbul,restaurant,https://nebyandogal.com,html,,Çok Satanlar,270.00
Nebyan,Istanbul,restaurant,https://nebyandogal.com,html,,Hem çocuklar hem de yetişkinler tarafından çok seviliyor!,327.50
Nebyan,Istanbul,restaurant,https://nebyandogal.com,html,,Organik Yumurta 10'lu Paketi 3 ad,135.00
Nebyan,Istanbul,restaurant,https://nebyandogal.com,html,,Bafra Soğuksu Yaylası'ndan yabani kekik!,153.00
Nebyan,Istanbul,restaurant,https://nebyandogal.com,html,,Tereyağı Paketi 5 kg,275.00
Nebyan,Istanbul,restaurant,https://nebyandogal.com,html,,Baffs Naturals Kuzu Kamış 100g,290.00
Nebyan,Istanbul,restaurant,https://nebyandogal.com,html,,Baffs Naturals Balık Hamsi Ödül 100gr,205.00
Nebyan,Istanbul,restaurant,https://nebyandogal.com,html,,Baffs Naturals Dana Ciğer Eğitim Ödülü 100g,260.00
Nebyan,Istanbul,restaurant,https://nebyandogal.com,html,,Baffs Naturals Organik Tavuk Ayak 100g,286.25
New Frank's Hot Dog,Istanbul,fast_food,https://newfranks.com,woo,,Concrete Ceiling Light,195.90
New Frank's Hot Dog,Istanbul,fast_food,https://newfranks.com,woo,,Minimalistic Chair,12.95
New Frank's Hot Dog,Istanbul,fast_food,https://newfranks.com,woo,,Natural Table,49.00
New Frank's Hot Dog,Istanbul,fast_food,https://newfranks.com,woo,sample,Decorative Telescope,150.00
New Frank's Hot Dog,Istanbul,fast_food,https://newfranks.com,woo,,Cosy Interior Accents,50.00
New Frank's Hot Dog,Istanbul,fast_food,https://newfranks.com,woo,Sample category,Stylish Flower Pot,30.95
Panayır Gourmet Cafe,Istanbul,cafe,https://panayirgourmet.com,html,,Normal fiyat,140.00
Panayır Gourmet Cafe,Istanbul,cafe,https://panayirgourmet.com,html,,Girit Ezme,405.00
Panayır Gourmet Cafe,Istanbul,cafe,https://panayirgourmet.com,html,,Zeytinyağlı Yaprak Sarma,330.00
Panayır Gourmet Cafe,Istanbul,cafe,https://panayirgourmet.com,html,,Arnavut Ciğeri,585.00
Panayır Gourmet Cafe,Istanbul,cafe,https://panayirgourmet.com,html,,Köpoğlu,298.50
Panayır Gourmet Cafe,Istanbul,cafe,https://panayirgourmet.com,html,,Patlıcan Ezme,330.00
Panayır Gourmet Cafe,Istanbul,cafe,https://panayirgourmet.com,html,,Antep Usulü Kuru Patlıcan Dolma,360.00
Panayır Gourmet Cafe,Istanbul,cafe,https://panayirgourmet.com,html,,Çerkez Tavuğu,330.00
Panayır Gourmet Cafe,Istanbul,cafe,https://panayirgourmet.com,html,,Antep Usulü Mercimek Köfte,298.50
Panayır Gourmet Cafe,Istanbul,cafe,https://panayirgourmet.com,html,,Sivas Antrikot Pastırma Çemenli,335.00
Panayır Gourmet Cafe,Istanbul,cafe,https://panayirgourmet.com,html,,Kars Gravyer Peyniri,290.00
Panayır Gourmet Cafe,Istanbul,cafe,https://panayirgourmet.com,html,,Edam Peyniri,290.00
Panayır Gourmet Cafe,Istanbul,cafe,https://panayirgourmet.com,html,,Old Amsterdam Gouda Peyniri,586.25
Panayır Gourmet Cafe,Istanbul,cafe,https://panayirgourmet.com,html,,İthal Cheddar Peyniri,687.50
Panayır Gourmet Cafe,Istanbul,cafe,https://panayirgourmet.com,html,,Susurluk Kaymak Lor Peyniri,162.50
Panayır Gourmet Cafe,Istanbul,cafe,https://panayirgourmet.com,html,,Ezine İnek Peyniri,260.75
Panayır Gourmet Cafe,Istanbul,cafe,https://panayirgourmet.com,html,,Hatay Halhali Yeşil Zeytin,198.75
Panayır Gourmet Cafe,Istanbul,cafe,https://panayirgourmet.com,html,,Lakerda,662.50
Panayır Gourmet Cafe,Istanbul,cafe,https://panayirgourmet.com,html,,Somon Füme,662.50
Panayır Gourmet Cafe,Istanbul,cafe,https://panayirgourmet.com,html,,Levrek Marin,562.50
Panayır Gourmet Cafe,Istanbul,cafe,https://panayirgourmet.com,html,,Balık Tarama,312.50
Papa John's,Istanbul,fast_food,https://www.papajohns.com.tr,html,,Büyük Pepperoni + 2 Sarımsak sos,659.99
Papa John's,Istanbul,fast_food,https://www.papajohns.com.tr,html,,Orta Boy Pizza + Kutu İçecek + Sarımsak Sos,579.99
Papa John's,Istanbul,fast_food,https://www.papajohns.com.tr,html,,"Sarımsak, fesleğen, cheddar peyniri, mozzarella peyniri",629.99
Papa John's,Istanbul,fast_food,https://www.papajohns.com.tr,html,,Büyük Boy Ispanaklı Alfredo Fırsatı,629.99
Papa John's,Istanbul,fast_food,https://www.papajohns.com.tr,html,,Büyük Karışık Papa Menü,799.99
Papa John's,Istanbul,fast_food,https://www.papajohns.com.tr,html,,Sevgi Dolu Menü,929.99
Papa John's,Istanbul,fast_food,https://www.papajohns.com.tr,html,,Vejetaryen pizzalar için geçerlidir. Özel pizzalar,44.00
Papa John's,Istanbul,fast_food,https://www.papajohns.com.tr,html,,Algidalı Büyük Boy Menü,769.99
Papa John's,Istanbul,fast_food,https://www.papajohns.com.tr,html,,Algidalı Orta Boy Menü,669.99
Papa John's,Istanbul,fast_food,https://www.papajohns.com.tr,html,,2’Li Callzone Menü,875.99
Papa John's,Istanbul,fast_food,https://www.papajohns.com.tr,html,,Callzone Menü,552.99
Papa John's,Istanbul,fast_food,https://www.papajohns.com.tr,html,,Büyük Boy Sarımsaklı Pizzalar,649.99
Papa John's,Istanbul,fast_food,https://www.papajohns.com.tr,html,,Orta Boy Sarımsak Dipsoslu Pizzalar,519.99
Papa John's,Istanbul,fast_food,https://www.papajohns.com.tr,html,,Tek Orta Pizza,489.99
Papa John's,Istanbul,fast_food,https://www.papajohns.com.tr,html,,Sarımsak Fesleğenli Cheddar Peynirli Pizza (Orta Boy),489.99
Papa John's,Istanbul,fast_food,https://www.papajohns.com.tr,html,,2li Orta Boy Pizza,849.99
Papa John's,Istanbul,fast_food,https://www.papajohns.com.tr,html,,Ispanaklı Alfredo Pizza (Orta Boy),489.99
Papa John's,Istanbul,fast_food,https://www.papajohns.com.tr,html,,Orta Boy Peperoni Pizza - Sarımsak Sos,499.99
Papa John's,Istanbul,fast_food,https://www.papajohns.com.tr,html,,Red Bull Menü,849.99
Papa John's,Istanbul,fast_food,https://www.papajohns.com.tr,html,,Tek Büyük Pizza,639.99
Papa John's,Istanbul,fast_food,https://www.papajohns.com.tr,html,,Enfes Büyük Boy Pepperoni Pizza,609.99
Papa John's,Istanbul,fast_food,https://www.papajohns.com.tr,html,,Margarita (Büyük),649.99
Papa John's,Istanbul,fast_food,https://www.papajohns.com.tr,html,,Vegan (Büyük),549.99
Papa John's,Istanbul,fast_food,https://www.papajohns.com.tr,html,,"Pizza sosu, mozzarella peyniri, dilim domates",649.99
Papa John's,Istanbul,fast_food,https://www.papajohns.com.tr,html,,Akdeniz (Büyük),649.99
Papa John's,Istanbul,fast_food,https://www.papajohns.com.tr,html,,Bahçe Keyfi (Büyük),649.99
Papa John's,Istanbul,fast_food,https://www.papajohns.com.tr,html,,Favorite Pizza (Büyük),674.99
Papa John's,Istanbul,fast_food,https://www.papajohns.com.tr,html,,"Pizza Sosu,Mozarella,Extra Pepperoni ile gelen enfes tat!",674.99
Papa John's,Istanbul,fast_food,https://www.papajohns.com.tr,html,,Ispanaklı Alfredo (Büyük),674.99
Papa John's,Istanbul,fast_food,https://www.papajohns.com.tr,html,,BBQ Sos Tavuk (Büyük),674.99
Papa John's,Istanbul,fast_food,https://www.papajohns.com.tr,html,,"Küp sucuk, pepperoni, jambon",674.99
Papa John's,Istanbul,fast_food,https://www.papajohns.com.tr,html,,"Pizza Sosu,Mozarella,Pepperoni,Mantar,Siyah Zeytin",674.99
Papa John's,Istanbul,fast_food,https://www.papajohns.com.tr,html,,BBQ Ateşi (Büyük),674.99
Papa John's,Istanbul,fast_food,https://www.papajohns.com.tr,html,,"Pizza Sosu,Mozarella,Salam,Sosis,Mantar,Sogan,Yesil Biber.",674.99
Papa John's,Istanbul,fast_food,https://www.papajohns.com.tr,html,,Meksika Dalgası (Büyük),699.99
Papa John's,Istanbul,fast_food,https://www.papajohns.com.tr,html,,Pera Pizza (Büyük),699.99
Papa John's,Istanbul,fast_food,https://www.papajohns.com.tr,html,,Denizci (Büyük),699.99
Papa John's,Istanbul,fast_food,https://www.papajohns.com.tr,html,,"Pizza Sosu,Mozarella,Sucuk,Köz Biber,Mantar,Siyah Zeytin.",699.99
Papa John's,Istanbul,fast_food,https://www.papajohns.com.tr,html,,"Pizza Sosu,Mozarella,Jambon,Ananasdan olusan egzotik lezzet.",699.99
Papa John's,Istanbul,fast_food,https://www.papajohns.com.tr,html,,Quattro Formaggi (Büyük),699.99
Papa John's,Istanbul,fast_food,https://www.papajohns.com.tr,html,,Karışık Papa (Büyük),699.99
Papa John's,Istanbul,fast_food,https://www.papajohns.com.tr,html,,"Yeşilbiber, soğan, kavurma, közlenmiş kırmızıbiber",799.99
Papa John's,Istanbul,fast_food,https://www.papajohns.com.tr,html,,Küçük İtalya (Büyük),799.99
Papa John's,Istanbul,fast_food,https://www.papajohns.com.tr,html,,"Suda mozzarella, yeşilbiber, domates, közlenmiş kırmızıbiber",799.99
Papa John's,Istanbul,fast_food,https://www.papajohns.com.tr,html,,Etobur (Büyük),799.99
Papa John's,Istanbul,fast_food,https://www.papajohns.com.tr,html,,Osmanlı (Büyük),639.99
Papa John's,Istanbul,fast_food,https://www.papajohns.com.tr,html,,Super Papa (Büyük),639.99
Papa John's,Istanbul,fast_food,https://www.papajohns.com.tr,html,,Vegan (Orta),424.99
Papa John's,Istanbul,fast_food,https://www.papajohns.com.tr,html,,Margarita (Orta),549.99
Papa John's,Istanbul,fast_food,https://www.papajohns.com.tr,html,,Akdeniz (Orta),549.99
Papa John's,Istanbul,fast_food,https://www.papajohns.com.tr,html,,Bahçe Keyfi (Orta),549.99
Papa John's,Istanbul,fast_food,https://www.papajohns.com.tr,html,,Favorite Pizza (Orta),574.99
Papa John's,Istanbul,fast_food,https://www.papajohns.com.tr,html,,BBQ Sos Tavuk (Orta),574.99
Papa John's,Istanbul,fast_food,https://www.papajohns.com.tr,html,,BBQ Ateşi (Orta),574.99
Papa John's,Istanbul,fast_food,https://www.papajohns.com.tr,html,,Meksika Dalgası (Orta),599.99
Papa John's,Istanbul,fast_food,https://www.papajohns.com.tr,html,,Pera Pizza (Orta),599.99
Papa John's,Istanbul,fast_food,https://www.papajohns.com.tr,html,,Denizci (Orta),599.99
Papa John's,Istanbul,fast_food,https://www.papajohns.com.tr,html,,Quattro Formaggi (Orta),599.99
Papa John's,Istanbul,fast_food,https://www.papajohns.com.tr,html,,Karışık Papa (Orta),599.99
Papa John's,Istanbul,fast_food,https://www.papajohns.com.tr,html,,Küçük İtalya (Orta),649.99
Papa John's,Istanbul,fast_food,https://www.papajohns.com.tr,html,,Etobur (Orta),649.99
Papa John's,Istanbul,fast_food,https://www.papajohns.com.tr,html,,Osmanlı (Orta),649.99
Papa John's,Istanbul,fast_food,https://www.papajohns.com.tr,html,,Super Papa (Orta),649.99
Papa John's,Istanbul,fast_food,https://www.papajohns.com.tr,html,,Vegan (Küçük),287.99
Papa John's,Istanbul,fast_food,https://www.papajohns.com.tr,html,,Margarita (Küçük),349.99
Papa John's,Istanbul,fast_food,https://www.papajohns.com.tr,html,,Akdeniz (Küçük),349.99
Papa John's,Istanbul,fast_food,https://www.papajohns.com.tr,html,,Bahçe Keyfi (Küçük),349.99
Papa John's,Istanbul,fast_food,https://www.papajohns.com.tr,html,,Favorite Pizza (Küçük),369.99
Papa John's,Istanbul,fast_food,https://www.papajohns.com.tr,html,,BBQ Sos Tavuk (Küçük),369.99
Papa John's,Istanbul,fast_food,https://www.papajohns.com.tr,html,,BBQ Ateşi (Küçük),399.99
Papa John's,Istanbul,fast_food,https://www.papajohns.com.tr,html,,Meksika Dalgası (Küçük),399.99
Papa John's,Istanbul,fast_food,https://www.papajohns.com.tr,html,,Pera Pizza (Küçük),399.99
Papa John's,Istanbul,fast_food,https://www.papajohns.com.tr,html,,Denizci (Küçük),399.99
Papa John's,Istanbul,fast_food,https://www.papajohns.com.tr,html,,Quattro Formaggi (Küçük),399.99
Papa John's,Istanbul,fast_food,https://www.papajohns.com.tr,html,,Karışık Papa (Küçük),399.99
Papa John's,Istanbul,fast_food,https://www.papajohns.com.tr,html,,Küçük İtalya (Küçük),449.99
Papa John's,Istanbul,fast_food,https://www.papajohns.com.tr,html,,Etobur (Küçük),449.99
Papa John's,Istanbul,fast_food,https://www.papajohns.com.tr,html,,Osmanlı (Küçük),449.99
Papa John's,Istanbul,fast_food,https://www.papajohns.com.tr,html,,Super Papa (Küçük),449.99
Papa John's,Istanbul,fast_food,https://www.papajohns.com.tr,html,,Enfes Peynirli Çubuk atıştırmalık,419.99
Papa John's,Istanbul,fast_food,https://www.papajohns.com.tr,html,,Yemeğe klasik bir başlangıç. Nefis Klasik Çubuk,174.99
Papa John's,Istanbul,fast_food,https://www.papajohns.com.tr,html,,Fırınlanmış nefis elma dilim patates sıcacık bir başlangıç,129.99
Papa John's,Istanbul,fast_food,https://www.papajohns.com.tr,html,,"Dışı Çıtır, içi yumuşacık tavuk parçaları",369.99
Papa John's,Istanbul,fast_food,https://www.papajohns.com.tr,html,,Parmesan peyniri ile kaplanmış sıcacık bi başlangıç,149.99
Papa John's,Istanbul,fast_food,https://www.papajohns.com.tr,html,,Peynirli Kruvasan (8 Adet),299.99
Papa John's,Istanbul,fast_food,https://www.papajohns.com.tr,html,,Pepperoni Rolls,254.99
Papa John's,Istanbul,fast_food,https://www.papajohns.com.tr,html,,BBQ kenar sosu ile,499.99
Papa John's,Istanbul,fast_food,https://www.papajohns.com.tr,html,,4 lü biber turşusu,31.99
Papa John's,Istanbul,fast_food,https://www.papajohns.com.tr,html,,6 lı Biber Turşusu ile pizzana lezzet kat!,41.99
Papa John's,Istanbul,fast_food,https://www.papajohns.com.tr,html,,Papanın Rolleri,239.99
Papa John's,Istanbul,fast_food,https://www.papajohns.com.tr,html,,Acılı Sucuklu Callzone,292.99
Papa John's,Istanbul,fast_food,https://www.papajohns.com.tr,html,,Saklı Akdeniz Callzone,292.99
Papa John's,Istanbul,fast_food,https://www.papajohns.com.tr,html,,Peyniri Bol Callzone,292.99
Papa John's,Istanbul,fast_food,https://www.papajohns.com.tr,html,,Akışkan sıcacık çikolatası ile enfes çikolatalı sufle!,169.99
Papa John's,Istanbul,fast_food,https://www.papajohns.com.tr,html,,Çikolatalı Rolls,209.99
Papa John's,Istanbul,fast_food,https://www.papajohns.com.tr,html,,Lipton Ice Tea Limon 1 lt,159.99
Papa John's,Istanbul,fast_food,https://www.papajohns.com.tr,html,,Lipton Ice Tea Şeftali1 lt,159.99
Papa John's,Istanbul,fast_food,https://www.papajohns.com.tr,html,,Pepsi 1 Lt,159.99
Papa John's,Istanbul,fast_food,https://www.papajohns.com.tr,html,,Yedigün Portakal 1Lt,159.99
Papa John's,Istanbul,fast_food,https://www.papajohns.com.tr,html,,Yedigün Mandalina 1Lt,159.99
Papa John's,Istanbul,fast_food,https://www.papajohns.com.tr,html,,Fruko 1 Lt,159.99
Papa John's,Istanbul,fast_food,https://www.papajohns.com.tr,html,,Pepsi 33cl,129.99
Papa John's,Istanbul,fast_food,https://www.papajohns.com.tr,html,,Pepsi Zero Sugar 33cl,129.99
Papa John's,Istanbul,fast_food,https://www.papajohns.com.tr,html,,Fruko Cool Lime 33cl,129.99
Papa John's,Istanbul,fast_food,https://www.papajohns.com.tr,html,,Lipton Ice Tea Limon 33cl,129.99
Papa John's,Istanbul,fast_food,https://www.papajohns.com.tr,html,,Lipton Ice Tea Şeftali 33cl,129.99
Papa John's,Istanbul,fast_food,https://www.papajohns.com.tr,html,,Ayran Kutu,69.99
Papa John's,Istanbul,fast_food,https://www.papajohns.com.tr,html,,Soda,56.99
Papa John's,Istanbul,fast_food,https://www.papajohns.com.tr,html,,Su 0.4 litre,39.99
Papa John's,Istanbul,fast_food,https://www.papajohns.com.tr,html,,Soda Limon,64.99
Papa John's,Istanbul,fast_food,https://www.papajohns.com.tr,html,,Soda Elma,64.99
Papa John's,Istanbul,fast_food,https://www.papajohns.com.tr,html,,Pepsi Zero Sugar 1 Lt,159.99
Papa John's,Istanbul,fast_food,https://www.papajohns.com.tr,html,,Red Bull Energy Drink (250ml),89.99
Papa John's,Istanbul,fast_food,https://www.papajohns.com.tr,html,,Red Bull Sugarfree (250ml),89.99
Papa John's,Istanbul,fast_food,https://www.papajohns.com.tr,html,,Ayran (1 Litre),124.99
Papa John's,Istanbul,fast_food,https://www.papajohns.com.tr,html,,Yedigün (33 cl.),89.99
Papa John's,Istanbul,fast_food,https://www.papajohns.com.tr,html,,Lipton İce Tea Sparkling Limon Yuzu,134.99
Papa John's,Istanbul,fast_food,https://www.papajohns.com.tr,html,,Lipton İce Tea Sparkling Tropikal,134.99
Papa John's,Istanbul,fast_food,https://www.papajohns.com.tr,html,,(105 ml.),119.99
Papa John's,Istanbul,fast_food,https://www.papajohns.com.tr,html,,(100 ml.),119.99
Papa John's,Istanbul,fast_food,https://www.papajohns.com.tr,html,,(110 ml.),89.99
Papa John's,Istanbul,fast_food,https://www.papajohns.com.tr,html,,Magnum Mini Sandwich Badem,119.99
Papa John's,Istanbul,fast_food,https://www.papajohns.com.tr,html,,Dövme Kaymaklı,44.99
Papa John's,Istanbul,fast_food,https://www.papajohns.com.tr,html,,Carte d’Or Petite Bar,89.99
Papa John's,Istanbul,fast_food,https://www.papajohns.com.tr,html,,BBQ Sos,21.99
Papa John's,Istanbul,fast_food,https://www.papajohns.com.tr,html,,Acısos,21.99
Papa John's,Istanbul,fast_food,https://www.papajohns.com.tr,html,,Ranch Sos,21.99
Papa John's,Istanbul,fast_food,https://www.papajohns.com.tr,html,,Pizza Sosu,21.99
Papa John's,Istanbul,fast_food,https://www.papajohns.com.tr,html,,Ballı Hardal Sos,21.99
Papa John's,Istanbul,fast_food,https://www.papajohns.com.tr,html,,Sarımsak Sosu,34.99
Papa John's,Istanbul,fast_food,https://www.papajohns.com.tr,html,,Büyük Pepperoni + 2 Sarımsak sos,659.99
Papa John's,Istanbul,fast_food,https://www.papajohns.com.tr,html,,Orta Boy Pizza + Kutu İçecek + Sarımsak Sos,579.99
Papa John's,Istanbul,fast_food,https://www.papajohns.com.tr,html,,"Sarımsak, fesleğen, cheddar peyniri, mozzarella peyniri",629.99
Papa John's,Istanbul,fast_food,https://www.papajohns.com.tr,html,,Büyük Boy Ispanaklı Alfredo Fırsatı,629.99
Papa John's,Istanbul,fast_food,https://www.papajohns.com.tr,html,,Büyük Karışık Papa Menü,799.99
Papa John's,Istanbul,fast_food,https://www.papajohns.com.tr,html,,Sevgi Dolu Menü,929.99
Papa John's,Istanbul,fast_food,https://www.papajohns.com.tr,html,,Vejetaryen pizzalar için geçerlidir. Özel pizzalar,44.00
Papa John's,Istanbul,fast_food,https://www.papajohns.com.tr,html,,Algidalı Büyük Boy Menü,769.99
Papa John's,Istanbul,fast_food,https://www.papajohns.com.tr,html,,Algidalı Orta Boy Menü,669.99
Papa John's,Istanbul,fast_food,https://www.papajohns.com.tr,html,,2’Li Callzone Menü,875.99
Papa John's,Istanbul,fast_food,https://www.papajohns.com.tr,html,,Callzone Menü,552.99
Papa John's,Istanbul,fast_food,https://www.papajohns.com.tr,html,,Büyük Boy Sarımsaklı Pizzalar,649.99
Papa John's,Istanbul,fast_food,https://www.papajohns.com.tr,html,,Orta Boy Sarımsak Dipsoslu Pizzalar,519.99
Papa John's,Istanbul,fast_food,https://www.papajohns.com.tr,html,,Tek Orta Pizza,489.99
Papa John's,Istanbul,fast_food,https://www.papajohns.com.tr,html,,Sarımsak Fesleğenli Cheddar Peynirli Pizza (Orta Boy),489.99
Papa John's,Istanbul,fast_food,https://www.papajohns.com.tr,html,,2li Orta Boy Pizza,849.99
Papa John's,Istanbul,fast_food,https://www.papajohns.com.tr,html,,Ispanaklı Alfredo Pizza (Orta Boy),489.99
Papa John's,Istanbul,fast_food,https://www.papajohns.com.tr,html,,Orta Boy Peperoni Pizza - Sarımsak Sos,499.99
Papa John's,Istanbul,fast_food,https://www.papajohns.com.tr,html,,Red Bull Menü,849.99
Papa John's,Istanbul,fast_food,https://www.papajohns.com.tr,html,,Tek Büyük Pizza,639.99
Papa John's,Istanbul,fast_food,https://www.papajohns.com.tr,html,,Enfes Büyük Boy Pepperoni Pizza,609.99
Papa John's,Istanbul,fast_food,https://www.papajohns.com.tr,html,,Margarita (Büyük),649.99
Papa John's,Istanbul,fast_food,https://www.papajohns.com.tr,html,,Vegan (Büyük),549.99
Papa John's,Istanbul,fast_food,https://www.papajohns.com.tr,html,,"Pizza sosu, mozzarella peyniri, dilim domates",649.99
Papa John's,Istanbul,fast_food,https://www.papajohns.com.tr,html,,Akdeniz (Büyük),649.99
Papa John's,Istanbul,fast_food,https://www.papajohns.com.tr,html,,Bahçe Keyfi (Büyük),649.99
Papa John's,Istanbul,fast_food,https://www.papajohns.com.tr,html,,Favorite Pizza (Büyük),674.99
Papa John's,Istanbul,fast_food,https://www.papajohns.com.tr,html,,"Pizza Sosu,Mozarella,Extra Pepperoni ile gelen enfes tat!",674.99
Papa John's,Istanbul,fast_food,https://www.papajohns.com.tr,html,,Ispanaklı Alfredo (Büyük),674.99
Papa John's,Istanbul,fast_food,https://www.papajohns.com.tr,html,,BBQ Sos Tavuk (Büyük),674.99
Papa John's,Istanbul,fast_food,https://www.papajohns.com.tr,html,,"Küp sucuk, pepperoni, jambon",674.99
Papa John's,Istanbul,fast_food,https://www.papajohns.com.tr,html,,"Pizza Sosu,Mozarella,Pepperoni,Mantar,Siyah Zeytin",674.99
Papa John's,Istanbul,fast_food,https://www.papajohns.com.tr,html,,BBQ Ateşi (Büyük),674.99
Papa John's,Istanbul,fast_food,https://www.papajohns.com.tr,html,,"Pizza Sosu,Mozarella,Salam,Sosis,Mantar,Sogan,Yesil Biber.",674.99
Papa John's,Istanbul,fast_food,https://www.papajohns.com.tr,html,,Meksika Dalgası (Büyük),699.99
Papa John's,Istanbul,fast_food,https://www.papajohns.com.tr,html,,Pera Pizza (Büyük),699.99
Papa John's,Istanbul,fast_food,https://www.papajohns.com.tr,html,,Denizci (Büyük),699.99
Papa John's,Istanbul,fast_food,https://www.papajohns.com.tr,html,,"Pizza Sosu,Mozarella,Sucuk,Köz Biber,Mantar,Siyah Zeytin.",699.99
Papa John's,Istanbul,fast_food,https://www.papajohns.com.tr,html,,"Pizza Sosu,Mozarella,Jambon,Ananasdan olusan egzotik lezzet.",699.99
Papa John's,Istanbul,fast_food,https://www.papajohns.com.tr,html,,Quattro Formaggi (Büyük),699.99
Papa John's,Istanbul,fast_food,https://www.papajohns.com.tr,html,,Karışık Papa (Büyük),699.99
Papa John's,Istanbul,fast_food,https://www.papajohns.com.tr,html,,"Yeşilbiber, soğan, kavurma, közlenmiş kırmızıbiber",799.99
Papa John's,Istanbul,fast_food,https://www.papajohns.com.tr,html,,Küçük İtalya (Büyük),799.99
Papa John's,Istanbul,fast_food,https://www.papajohns.com.tr,html,,"Suda mozzarella, yeşilbiber, domates, közlenmiş kırmızıbiber",799.99
Papa John's,Istanbul,fast_food,https://www.papajohns.com.tr,html,,Etobur (Büyük),799.99
Papa John's,Istanbul,fast_food,https://www.papajohns.com.tr,html,,Osmanlı (Büyük),639.99
Papa John's,Istanbul,fast_food,https://www.papajohns.com.tr,html,,Super Papa (Büyük),639.99
Papa John's,Istanbul,fast_food,https://www.papajohns.com.tr,html,,Vegan (Orta),424.99
Papa John's,Istanbul,fast_food,https://www.papajohns.com.tr,html,,Margarita (Orta),549.99
Papa John's,Istanbul,fast_food,https://www.papajohns.com.tr,html,,Akdeniz (Orta),549.99
Papa John's,Istanbul,fast_food,https://www.papajohns.com.tr,html,,Bahçe Keyfi (Orta),549.99
Papa John's,Istanbul,fast_food,https://www.papajohns.com.tr,html,,Favorite Pizza (Orta),574.99
Papa John's,Istanbul,fast_food,https://www.papajohns.com.tr,html,,BBQ Sos Tavuk (Orta),574.99
Papa John's,Istanbul,fast_food,https://www.papajohns.com.tr,html,,BBQ Ateşi (Orta),574.99
Papa John's,Istanbul,fast_food,https://www.papajohns.com.tr,html,,Meksika Dalgası (Orta),599.99
Papa John's,Istanbul,fast_food,https://www.papajohns.com.tr,html,,Pera Pizza (Orta),599.99
Papa John's,Istanbul,fast_food,https://www.papajohns.com.tr,html,,Denizci (Orta),599.99
Papa John's,Istanbul,fast_food,https://www.papajohns.com.tr,html,,Quattro Formaggi (Orta),599.99
Papa John's,Istanbul,fast_food,https://www.papajohns.com.tr,html,,Karışık Papa (Orta),599.99
Papa John's,Istanbul,fast_food,https://www.papajohns.com.tr,html,,Küçük İtalya (Orta),649.99
Papa John's,Istanbul,fast_food,https://www.papajohns.com.tr,html,,Etobur (Orta),649.99
Papa John's,Istanbul,fast_food,https://www.papajohns.com.tr,html,,Osmanlı (Orta),649.99
Papa John's,Istanbul,fast_food,https://www.papajohns.com.tr,html,,Super Papa (Orta),649.99
Papa John's,Istanbul,fast_food,https://www.papajohns.com.tr,html,,Vegan (Küçük),287.99
Papa John's,Istanbul,fast_food,https://www.papajohns.com.tr,html,,Margarita (Küçük),349.99
Papa John's,Istanbul,fast_food,https://www.papajohns.com.tr,html,,Akdeniz (Küçük),349.99
Papa John's,Istanbul,fast_food,https://www.papajohns.com.tr,html,,Bahçe Keyfi (Küçük),349.99
Papa John's,Istanbul,fast_food,https://www.papajohns.com.tr,html,,Favorite Pizza (Küçük),369.99
Papa John's,Istanbul,fast_food,https://www.papajohns.com.tr,html,,BBQ Sos Tavuk (Küçük),369.99
Papa John's,Istanbul,fast_food,https://www.papajohns.com.tr,html,,BBQ Ateşi (Küçük),399.99
Papa John's,Istanbul,fast_food,https://www.papajohns.com.tr,html,,Meksika Dalgası (Küçük),399.99
Papa John's,Istanbul,fast_food,https://www.papajohns.com.tr,html,,Pera Pizza (Küçük),399.99
Papa John's,Istanbul,fast_food,https://www.papajohns.com.tr,html,,Denizci (Küçük),399.99
Papa John's,Istanbul,fast_food,https://www.papajohns.com.tr,html,,Quattro Formaggi (Küçük),399.99
Papa John's,Istanbul,fast_food,https://www.papajohns.com.tr,html,,Karışık Papa (Küçük),399.99
Papa John's,Istanbul,fast_food,https://www.papajohns.com.tr,html,,Küçük İtalya (Küçük),449.99
Papa John's,Istanbul,fast_food,https://www.papajohns.com.tr,html,,Etobur (Küçük),449.99
Papa John's,Istanbul,fast_food,https://www.papajohns.com.tr,html,,Osmanlı (Küçük),449.99
Papa John's,Istanbul,fast_food,https://www.papajohns.com.tr,html,,Super Papa (Küçük),449.99
Papa John's,Istanbul,fast_food,https://www.papajohns.com.tr,html,,Enfes Peynirli Çubuk atıştırmalık,419.99
Papa John's,Istanbul,fast_food,https://www.papajohns.com.tr,html,,Yemeğe klasik bir başlangıç. Nefis Klasik Çubuk,174.99
Papa John's,Istanbul,fast_food,https://www.papajohns.com.tr,html,,Fırınlanmış nefis elma dilim patates sıcacık bir başlangıç,129.99
Papa John's,Istanbul,fast_food,https://www.papajohns.com.tr,html,,"Dışı Çıtır, içi yumuşacık tavuk parçaları",369.99
Papa John's,Istanbul,fast_food,https://www.papajohns.com.tr,html,,Parmesan peyniri ile kaplanmış sıcacık bi başlangıç,149.99
Papa John's,Istanbul,fast_food,https://www.papajohns.com.tr,html,,Peynirli Kruvasan (8 Adet),299.99
Papa John's,Istanbul,fast_food,https://www.papajohns.com.tr,html,,Pepperoni Rolls,254.99
Papa John's,Istanbul,fast_food,https://www.papajohns.com.tr,html,,BBQ kenar sosu ile,499.99
Papa John's,Istanbul,fast_food,https://www.papajohns.com.tr,html,,4 lü biber turşusu,31.99
Papa John's,Istanbul,fast_food,https://www.papajohns.com.tr,html,,6 lı Biber Turşusu ile pizzana lezzet kat!,41.99
Papa John's,Istanbul,fast_food,https://www.papajohns.com.tr,html,,Papanın Rolleri,239.99
Papa John's,Istanbul,fast_food,https://www.papajohns.com.tr,html,,Acılı Sucuklu Callzone,292.99
Papa John's,Istanbul,fast_food,https://www.papajohns.com.tr,html,,Saklı Akdeniz Callzone,292.99
Papa John's,Istanbul,fast_food,https://www.papajohns.com.tr,html,,Peyniri Bol Callzone,292.99
Papa John's,Istanbul,fast_food,https://www.papajohns.com.tr,html,,Akışkan sıcacık çikolatası ile enfes çikolatalı sufle!,169.99
Papa John's,Istanbul,fast_food,https://www.papajohns.com.tr,html,,Çikolatalı Rolls,209.99
Papa John's,Istanbul,fast_food,https://www.papajohns.com.tr,html,,Lipton Ice Tea Limon 1 lt,159.99
Papa John's,Istanbul,fast_food,https://www.papajohns.com.tr,html,,Lipton Ice Tea Şeftali1 lt,159.99
Papa John's,Istanbul,fast_food,https://www.papajohns.com.tr,html,,Pepsi 1 Lt,159.99
Papa John's,Istanbul,fast_food,https://www.papajohns.com.tr,html,,Yedigün Portakal 1Lt,159.99
Papa John's,Istanbul,fast_food,https://www.papajohns.com.tr,html,,Yedigün Mandalina 1Lt,159.99
Papa John's,Istanbul,fast_food,https://www.papajohns.com.tr,html,,Fruko 1 Lt,159.99
Papa John's,Istanbul,fast_food,https://www.papajohns.com.tr,html,,Pepsi 33cl,129.99
Papa John's,Istanbul,fast_food,https://www.papajohns.com.tr,html,,Pepsi Zero Sugar 33cl,129.99
Papa John's,Istanbul,fast_food,https://www.papajohns.com.tr,html,,Fruko Cool Lime 33cl,129.99
Papa John's,Istanbul,fast_food,https://www.papajohns.com.tr,html,,Lipton Ice Tea Limon 33cl,129.99
Papa John's,Istanbul,fast_food,https://www.papajohns.com.tr,html,,Lipton Ice Tea Şeftali 33cl,129.99
Papa John's,Istanbul,fast_food,https://www.papajohns.com.tr,html,,Ayran Kutu,69.99
Papa John's,Istanbul,fast_food,https://www.papajohns.com.tr,html,,Soda,56.99
Papa John's,Istanbul,fast_food,https://www.papajohns.com.tr,html,,Su 0.4 litre,39.99
Papa John's,Istanbul,fast_food,https://www.papajohns.com.tr,html,,Soda Limon,64.99
Papa John's,Istanbul,fast_food,https://www.papajohns.com.tr,html,,Soda Elma,64.99
Papa John's,Istanbul,fast_food,https://www.papajohns.com.tr,html,,Pepsi Zero Sugar 1 Lt,159.99
Papa John's,Istanbul,fast_food,https://www.papajohns.com.tr,html,,Red Bull Energy Drink (250ml),89.99
Papa John's,Istanbul,fast_food,https://www.papajohns.com.tr,html,,Red Bull Sugarfree (250ml),89.99
Papa John's,Istanbul,fast_food,https://www.papajohns.com.tr,html,,Ayran (1 Litre),124.99
Papa John's,Istanbul,fast_food,https://www.papajohns.com.tr,html,,Yedigün (33 cl.),89.99
Papa John's,Istanbul,fast_food,https://www.papajohns.com.tr,html,,Lipton İce Tea Sparkling Limon Yuzu,134.99
Papa John's,Istanbul,fast_food,https://www.papajohns.com.tr,html,,Lipton İce Tea Sparkling Tropikal,134.99
Papa John's,Istanbul,fast_food,https://www.papajohns.com.tr,html,,(105 ml.),119.99
Papa John's,Istanbul,fast_food,https://www.papajohns.com.tr,html,,(100 ml.),119.99
Papa John's,Istanbul,fast_food,https://www.papajohns.com.tr,html,,(110 ml.),89.99
Papa John's,Istanbul,fast_food,https://www.papajohns.com.tr,html,,Magnum Mini Sandwich Badem,119.99
Papa John's,Istanbul,fast_food,https://www.papajohns.com.tr,html,,Dövme Kaymaklı,44.99
Papa John's,Istanbul,fast_food,https://www.papajohns.com.tr,html,,Carte d’Or Petite Bar,89.99
Papa John's,Istanbul,fast_food,https://www.papajohns.com.tr,html,,BBQ Sos,21.99
Papa John's,Istanbul,fast_food,https://www.papajohns.com.tr,html,,Acısos,21.99
Papa John's,Istanbul,fast_food,https://www.papajohns.com.tr,html,,Ranch Sos,21.99
Papa John's,Istanbul,fast_food,https://www.papajohns.com.tr,html,,Pizza Sosu,21.99
Papa John's,Istanbul,fast_food,https://www.papajohns.com.tr,html,,Ballı Hardal Sos,21.99
Papa John's,Istanbul,fast_food,https://www.papajohns.com.tr,html,,Sarımsak Sosu,34.99
Paula,Istanbul,cafe,https://www.humaliva.com,woo,organic-products,Beef entrecote,66.00
Paula,Istanbul,cafe,https://www.humaliva.com,woo,Vegetarian products,Querido lettuce,14.00
Paula,Istanbul,cafe,https://www.humaliva.com,woo,Healthy snacks,Dark chocolate cookie,14.00
Paula,Istanbul,cafe,https://www.humaliva.com,woo,Gluten-free products,Italian Ciabatta,8.00
Paula,Istanbul,cafe,https://www.humaliva.com,woo,organic-products,Mixed pudding,32.00
Paula,Istanbul,cafe,https://www.humaliva.com,woo,Vegetarian products,Bio dill,8.00
Paula,Istanbul,cafe,https://www.humaliva.com,woo,Healthy snacks,wheat flakes,20.00
Paula,Istanbul,cafe,https://www.humaliva.com,woo,Gluten-free products,Soy bread,9.00
Paula,Istanbul,cafe,https://www.humaliva.com,woo,organic-products,Sushi composition,43.00
Paula,Istanbul,cafe,https://www.humaliva.com,woo,Vegetarian products,Bio Leek,4.00
Paula,Istanbul,cafe,https://www.humaliva.com,woo,Healthy snacks,Dried Vegetables,32.00
Paçacım,Istanbul,restaurant,https://www.pacacim.com,html,,Rize Kavurma,680.00
Paçacım,Istanbul,restaurant,https://www.pacacim.com,html,,Midye Porsiyon,350.00
Paçacım,Istanbul,restaurant,https://www.pacacim.com,html,,Kokoreç Yarım Ekmek İzmir,525.00
Paçacım,Istanbul,restaurant,https://www.pacacim.com,html,,Hamsiköy Fırın Sütlaç,250.00
Paçacım,Istanbul,restaurant,https://www.pacacim.com,html,,Pilav Üstü Kavurma,780.00
Paçacım,Istanbul,restaurant,https://www.pacacim.com,html,,Ayak Paça,450.00
Paçacım,Istanbul,restaurant,https://www.pacacim.com,html,,Yarım Ekmek Arası Köfte,450.00
Paçacım,Istanbul,restaurant,https://www.pacacim.com,html,,Paçacım Tuzlama,450.00
Paçacım,Istanbul,restaurant,https://www.pacacim.com,html,,Kelle Söğüş Tam,1150.00
Paçacım,Istanbul,restaurant,https://www.pacacim.com,html,,Sucuk Porsiyon,650.00
Paçacım,Istanbul,restaurant,https://www.pacacim.com,html,,Beyran,460.00
Paçacım,Istanbul,restaurant,https://www.pacacim.com,html,,Izgara Köfte,650.00
Paçacım,Istanbul,restaurant,https://www.pacacim.com,html,,İşkembe Çorbası,450.00
Paçacım,Istanbul,restaurant,https://www.pacacim.com,html,,Kokoreç Yarım Ekmek İstanbul,450.00
Paçacım,Istanbul,restaurant,https://www.pacacim.com,html,,Kokoreç Porsiyon Halka,880.00
Paçacım,Istanbul,restaurant,https://www.pacacim.com,html,,Paçacım Damar,460.00
Paçacım,Istanbul,restaurant,https://www.pacacim.com,html,,Yarım Ekmek Arası Sucuk,450.00
Paçacım,Istanbul,restaurant,https://www.pacacim.com,html,,Kuzu Kelle Paça,460.00
Paçacım,Istanbul,restaurant,https://www.pacacim.com,html,,Paçacım Special,460.00
Paçacım,Istanbul,restaurant,https://www.pacacim.com,html,,Kelle Paça,450.00
Paçacım,Istanbul,restaurant,https://www.pacacim.com,html,,Kokoreç Porsiyon İzmir,880.00
Paçacım,Istanbul,restaurant,https://www.pacacim.com,html,,Karışık (Kelle-Ayak),460.00
Paçacım,Istanbul,restaurant,https://www.pacacim.com,html,,Kokoreç Porsiyon İstanbul,780.00
Petra Roasting Co.,Istanbul,cafe,https://www.petracoffee.com,html,,Petracoffee.com,1020.00
Petra Roasting Co.,Istanbul,cafe,https://www.petracoffee.com,html,,Moccamaster Select,29400.00
Petra Roasting Co.,Istanbul,cafe,https://www.petracoffee.com,html,,CHEMEX / 3 CUP,3999.00
Petra Roasting Co.,Istanbul,cafe,https://www.petracoffee.com,html,,CHEMEX CAM KULP,4599.00
Petra Roasting Co.,Istanbul,cafe,https://www.petracoffee.com,html,,Granola,1000.00
Petra Roasting Co.,Istanbul,cafe,https://www.petracoffee.com,html,,Glutensiz Zeytinyağlı & Çaylı Kek,1080.00
Petra Roasting Co.,Istanbul,cafe,https://www.petracoffee.com,html,,Glutensiz,580.00
Petra Roasting Co.,Istanbul,cafe,https://www.petracoffee.com,html,,From Nerd To Pro - A Coffee Journey by Patrik Rolf,3850.00
Petra Roasting Co.,Istanbul,cafe,https://www.petracoffee.com,html,,Petracoffee.com,1020.00
Petra Roasting Co.,Istanbul,cafe,https://www.petracoffee.com,html,,Moccamaster Select,29400.00
Petra Roasting Co.,Istanbul,cafe,https://www.petracoffee.com,html,,CHEMEX / 3 CUP,3999.00
Petra Roasting Co.,Istanbul,cafe,https://www.petracoffee.com,html,,CHEMEX CAM KULP,4599.00
Petra Roasting Co.,Istanbul,cafe,https://www.petracoffee.com,html,,Granola,1000.00
Petra Roasting Co.,Istanbul,cafe,https://www.petracoffee.com,html,,Glutensiz Zeytinyağlı & Çaylı Kek,1080.00
Petra Roasting Co.,Istanbul,cafe,https://www.petracoffee.com,html,,Glutensiz,580.00
Petra Roasting Co.,Istanbul,cafe,https://www.petracoffee.com,html,,From Nerd To Pro - A Coffee Journey by Patrik Rolf,3850.00
Pizza Bulls,Istanbul,restaurant,https://www.pizzabulls.com,html,,2 Adet Orta Boy Pizza + Sos ( 380 + 380),760.00
Pizza Bulls,Istanbul,restaurant,https://www.pizzabulls.com,html,,2 Adet Büyük Boy Pizza + Sos ( 575 + 575),1150.00
Pizza Bulls,Istanbul,restaurant,https://www.pizzabulls.com,html,,2 Adet Küçük Boy Pizza + 1L. İçecek + Sos ( 345 + 345),690.00
Pizza Bulls,Istanbul,restaurant,https://www.pizzabulls.com,html,,2 Adet Orta Boy Pizza + 1L. İçecek + Sos ( 438 + 438),876.00
Pizza Bulls,Istanbul,restaurant,https://www.pizzabulls.com,html,,2 Adet Büyük Boy Pizza + 1L. İçecek + Sos ( 630 + 630 ),1260.00
Pizza Bulls,Istanbul,restaurant,https://www.pizzabulls.com,html,,Orta Boy Pizza + Kutu İçecek + Elma Dilim Patates + Sos,549.90
Pizza Bulls,Istanbul,restaurant,https://www.pizzabulls.com,html,,Küçük Boy Pizza + Kutu İçecek + Sos,369.90
Pizza Bulls,Istanbul,restaurant,https://www.pizzabulls.com,html,,Orta Boy Pizza + Kutu İçecek + Sos,489.90
Pizza Bulls,Istanbul,restaurant,https://www.pizzabulls.com,html,,Orta Boy Pizza + Kutu İçecek + Sufle + Sos,619.90
Pizzabulls,Istanbul,fast_food,https://www.pizzabulls.com,html,,2 Adet Orta Boy Pizza + Sos ( 380 + 380),760.00
Pizzabulls,Istanbul,fast_food,https://www.pizzabulls.com,html,,2 Adet Büyük Boy Pizza + Sos ( 575 + 575),1150.00
Pizzabulls,Istanbul,fast_food,https://www.pizzabulls.com,html,,2 Adet Küçük Boy Pizza + 1L. İçecek + Sos ( 345 + 345),690.00
Pizzabulls,Istanbul,fast_food,https://www.pizzabulls.com,html,,2 Adet Orta Boy Pizza + 1L. İçecek + Sos ( 438 + 438),876.00
Pizzabulls,Istanbul,fast_food,https://www.pizzabulls.com,html,,2 Adet Büyük Boy Pizza + 1L. İçecek + Sos ( 630 + 630 ),1260.00
Pizzabulls,Istanbul,fast_food,https://www.pizzabulls.com,html,,Orta Boy Pizza + Kutu İçecek + Elma Dilim Patates + Sos,549.90
Pizzabulls,Istanbul,fast_food,https://www.pizzabulls.com,html,,Küçük Boy Pizza + Kutu İçecek + Sos,369.90
Pizzabulls,Istanbul,fast_food,https://www.pizzabulls.com,html,,Orta Boy Pizza + Kutu İçecek + Sos,489.90
Pizzabulls,Istanbul,fast_food,https://www.pizzabulls.com,html,,Orta Boy Pizza + Kutu İçecek + Sufle + Sos,619.90
Pizzeria Il Pellicano,Istanbul,restaurant,https://www.pizzeriailpellicano.com,html,,"DOMATES SOS, MOZZARELLA, JAMBON, YUMURTA",28.00
Pizzeria Il Pellicano,Istanbul,restaurant,https://www.pizzeriailpellicano.com,html,,"DOMATES SOS, MOZZARELLA, JAMBON, RİCOTTA, ZEYTİNYAĞI",26.00
Pizzeria Il Pellicano,Istanbul,restaurant,https://www.pizzeriailpellicano.com,html,,"DOMATES SOS, MOZZARELLA, JAMBON, MANTAR",27.00
Pizzeria Il Pellicano,Istanbul,restaurant,https://www.pizzeriailpellicano.com,html,,"DOMATES SOS, MOZZARELLA, SUCUK, MANTAR, ZEYTİN, ZEYTNYAĞI",28.00
Pizzeria Il Pellicano,Istanbul,restaurant,https://www.pizzeriailpellicano.com,html,,"MOZZARELLA, PARMESAN, SCAMORZA, BLUE CHEESE, ZEYTİNYAĞI",29.00
Pizzeria Il Pellicano,Istanbul,restaurant,https://www.pizzeriailpellicano.com,html,,"DOMATES SOS, MOZZARELLA, MANTAR, ZEYTİNYAĞI",25.00
Pizzeria Il Pellicano,Istanbul,restaurant,https://www.pizzeriailpellicano.com,html,,"DOMATES SOS, MOZZARELLA, ZEYTİNYAĞI, FESLEĞEN",20.00
Pizzeria Il Pellicano,Istanbul,restaurant,https://www.pizzeriailpellicano.com,html,,"DOMATES SOS, SARIMSAK, KEKİK, ZEYTİNYAĞI FELEĞEN",17.00
Pizzeria Il Pellicano,Istanbul,restaurant,https://www.pizzeriailpellicano.com,html,,"DOMATES SOS, MOZZARELLA, ANCUEZ, KEKİK",26.00
Pizzeria Il Pellicano,Istanbul,restaurant,https://www.pizzeriailpellicano.com,html,,"DOMATES SOS, MOZZARELLA, PANE PATLICAN",26.00
Pizzeria Il Pellicano,Istanbul,restaurant,https://www.pizzeriailpellicano.com,html,,"FOCACCIA UZERİNE, ROKA, PARMESAN, DOMATES, PESTO SOS",28.00
Pizzeria Il Pellicano,Istanbul,restaurant,https://www.pizzeriailpellicano.com,html,,"MOZZARELLA, PROSCİUTTO CRUDO, PARMESAN, ROKA (DOMUZ)",34.00
Pizzeria Il Pellicano,Istanbul,restaurant,https://www.pizzeriailpellicano.com,html,,"DOMATES SOS, ANÇUEZ, KAPARİ, ZEYTİN, KEKİK, ZEYTİNYAĞI",27.00
Pizzeria Il Pellicano,Istanbul,restaurant,https://www.pizzeriailpellicano.com,html,,"MOZZARELLA, KREMA, RİCOTTA, ISPANAK",28.00
Pizzeria Il Pellicano,Istanbul,restaurant,https://www.pizzeriailpellicano.com,html,,"DOMATES SOS, MOZZARELLA, TON BALIĞI, SOĞAN, ZEYTIN",27.00
Pizzeria Il Pellicano,Istanbul,restaurant,https://www.pizzeriailpellicano.com,html,,"KIRMIZI PESTO, MOZZARELLA, GORGONZOLA",24.00
Pizzeria Il Pellicano,Istanbul,restaurant,https://www.pizzeriailpellicano.com,html,,VEGETARİANA (33 CM),26.00
Pizzeria Il Pellicano,Istanbul,restaurant,https://www.pizzeriailpellicano.com,html,,"NUTELLA, TAZE MEYVE İLE",20.00
Pizzeria Il Pellicano,Istanbul,restaurant,https://www.pizzeriailpellicano.com,html,,TİRAMİSU,14.00
Pizzeria Il Pellicano,Istanbul,restaurant,https://www.pizzeriailpellicano.com,html,,AYRAN,3.00
Pizzeria Il Pellicano,Istanbul,restaurant,https://www.pizzeriailpellicano.com,html,,CAPPY,4.00
Pizzeria Il Pellicano,Istanbul,restaurant,https://www.pizzeriailpellicano.com,html,,COCA COLA,4.00
Pizzeria Il Pellicano,Istanbul,restaurant,https://www.pizzeriailpellicano.com,html,,COCA COLA ZERO,4.00
Pizzeria Il Pellicano,Istanbul,restaurant,https://www.pizzeriailpellicano.com,html,,FANTA,4.00
Pizzeria Il Pellicano,Istanbul,restaurant,https://www.pizzeriailpellicano.com,html,,DİĞER MALZEMELER,2.00
Pizzeria Il Pellicano,Istanbul,restaurant,https://www.pizzeriailpellicano.com,html,,JAMBON,3.00
Pizzeria Il Pellicano,Istanbul,restaurant,https://www.pizzeriailpellicano.com,html,,PARMESAN,3.00
Pizzeria Il Pellicano,Istanbul,restaurant,https://www.pizzeriailpellicano.com,html,,PESTO,3.00
Pizzeria Il Pellicano,Istanbul,restaurant,https://www.pizzeriailpellicano.com,html,,PROSCİUTTO CRUDO (DOMUZ),6.00
Roxy Bar,Istanbul,bar,https://roxy.com.tr,woo,Günlük Piller,Roxy AA PVC Kılıflı Çinko Karbon Pil,60.00
Roxy Bar,Istanbul,bar,https://roxy.com.tr,woo,Günlük Piller,Roxy AAA PVC Kılıflı Çinko Karbon Pil,30.00
Roxy Bar,Istanbul,bar,https://roxy.com.tr,woo,Günlük Piller,Roxy AA Metal Kılıflı Çinko Karbon Pil,90.00
Roxy Bar,Istanbul,bar,https://roxy.com.tr,woo,Günlük Piller,Roxy AAA Alkaline Pil,160.00
Roxy Bar,Istanbul,bar,https://roxy.com.tr,woo,Günlük Piller,Roxy AA Alkaline Pil,160.00
Saklı Kadeh,Istanbul,restaurant,https://saklikadeh.com.tr,html,,Beyaz Peynir Dilim,150.00
Saklı Kadeh,Istanbul,restaurant,https://saklikadeh.com.tr,html,,Pancar,280.00
Saklı Kadeh,Istanbul,restaurant,https://saklikadeh.com.tr,html,,Atom,280.00
Saklı Kadeh,Istanbul,restaurant,https://saklikadeh.com.tr,html,,Pilaki,280.00
Saklı Kadeh,Istanbul,restaurant,https://saklikadeh.com.tr,html,,Humus,280.00
Saklı Kadeh,Istanbul,restaurant,https://saklikadeh.com.tr,html,,Fava,280.00
Saklı Kadeh,Istanbul,restaurant,https://saklikadeh.com.tr,html,,Kuru Cacık,280.00
Saklı Kadeh,Istanbul,restaurant,https://saklikadeh.com.tr,html,,Şakşuka,280.00
Saklı Kadeh,Istanbul,restaurant,https://saklikadeh.com.tr,html,,Beyin Söğüş,440.00
Saklı Kadeh,Istanbul,restaurant,https://saklikadeh.com.tr,html,,Semizotu,280.00
Saklı Kadeh,Istanbul,restaurant,https://saklikadeh.com.tr,html,,Girit Ezmesi,300.00
Saklı Kadeh,Istanbul,restaurant,https://saklikadeh.com.tr,html,,Levrek Marin,450.00
Saklı Kadeh,Istanbul,restaurant,https://saklikadeh.com.tr,html,,Panço,280.00
Saklı Kadeh,Istanbul,restaurant,https://saklikadeh.com.tr,html,,Pazı Kavurma,280.00
Saklı Kadeh,Istanbul,restaurant,https://saklikadeh.com.tr,html,,Gavurdağı Salata,360.00
Saklı Kadeh,Istanbul,restaurant,https://saklikadeh.com.tr,html,,Çoban Salatası,330.00
Saklı Kadeh,Istanbul,restaurant,https://saklikadeh.com.tr,html,,Mevsim Salata,330.00
Saklı Kadeh,Istanbul,restaurant,https://saklikadeh.com.tr,html,,Peynirli Roka Salatası,380.00
Saklı Kadeh,Istanbul,restaurant,https://saklikadeh.com.tr,html,,Paçanga Böreği,220.00
Saklı Kadeh,Istanbul,restaurant,https://saklikadeh.com.tr,html,,İçli Köfte,220.00
Saklı Kadeh,Istanbul,restaurant,https://saklikadeh.com.tr,html,,Tereyağlı Karides,750.00
Saklı Kadeh,Istanbul,restaurant,https://saklikadeh.com.tr,html,,İstiridye Kavurma,450.00
Saklı Kadeh,Istanbul,restaurant,https://saklikadeh.com.tr,html,,Kaşarlı Mantar,160.00
Saklı Kadeh,Istanbul,restaurant,https://saklikadeh.com.tr,html,,Adana Kebap,800.00
Saklı Kadeh,Istanbul,restaurant,https://saklikadeh.com.tr,html,,Urfa Kebap,800.00
Saklı Kadeh,Istanbul,restaurant,https://saklikadeh.com.tr,html,,Kuzu Şiş,900.00
Saklı Kadeh,Istanbul,restaurant,https://saklikadeh.com.tr,html,,Çöp Şiş,900.00
Saklı Kadeh,Istanbul,restaurant,https://saklikadeh.com.tr,html,,Tavuk Şiş,750.00
Saklı Kadeh,Istanbul,restaurant,https://saklikadeh.com.tr,html,,Tavuk Kanat,750.00
Saklı Kadeh,Istanbul,restaurant,https://saklikadeh.com.tr,html,,Ciğer & Kuzu Şiş,950.00
Saklı Kadeh,Istanbul,restaurant,https://saklikadeh.com.tr,html,,Köfte,650.00
Saklı Kadeh,Istanbul,restaurant,https://saklikadeh.com.tr,html,,Çoban Kavurma,950.00
Saklı Kadeh,Istanbul,restaurant,https://saklikadeh.com.tr,html,,Et Sote,950.00
Saklı Kadeh,Istanbul,restaurant,https://saklikadeh.com.tr,html,,Yaprak Ciğer,750.00
Saklı Kadeh,Istanbul,restaurant,https://saklikadeh.com.tr,html,,Kalamar,750.00
Saklı Kadeh,Istanbul,restaurant,https://saklikadeh.com.tr,html,,Karışık Izgara 2,100.00
Saklı Kadeh,Istanbul,restaurant,https://saklikadeh.com.tr,html,,Ayva Tatlısı,400.00
Saklı Kadeh,Istanbul,restaurant,https://saklikadeh.com.tr,html,,İncir Tatlısı,400.00
Saklı Kadeh,Istanbul,restaurant,https://saklikadeh.com.tr,html,,Kabak Tatlısı,400.00
Saklı Kadeh,Istanbul,restaurant,https://saklikadeh.com.tr,html,,Karpuz,300.00
Saklı Kadeh,Istanbul,restaurant,https://saklikadeh.com.tr,html,,Kavun Dilimi,250.00
Saklı Kadeh,Istanbul,restaurant,https://saklikadeh.com.tr,html,,Karışık Meyve Tabağı,400.00
Saklı Kadeh,Istanbul,restaurant,https://saklikadeh.com.tr,html,,Coca-Cola,170.00
Saklı Kadeh,Istanbul,restaurant,https://saklikadeh.com.tr,html,,Ice-Tea,170.00
Saklı Kadeh,Istanbul,restaurant,https://saklikadeh.com.tr,html,,Şalgam (Acılı / Acısız),300.00
Saklı Kadeh,Istanbul,restaurant,https://saklikadeh.com.tr,html,,Ayran,150.00
Saklı Kadeh,Istanbul,restaurant,https://saklikadeh.com.tr,html,,Soda,90.00
Saklı Kadeh,Istanbul,restaurant,https://saklikadeh.com.tr,html,,Beylerbeyi Göbek 20lik 1,300.00
Saklı Kadeh,Istanbul,restaurant,https://saklikadeh.com.tr,html,,Beylerbeyi Göbek 35lik 1,950.00
Saklı Kadeh,Istanbul,restaurant,https://saklikadeh.com.tr,html,,Beylerbeyi Göbek 50lik 2,650.00
Saklı Kadeh,Istanbul,restaurant,https://saklikadeh.com.tr,html,,Beylerbeyi Göbek 70lik 3,500.00
Saklı Kadeh,Istanbul,restaurant,https://saklikadeh.com.tr,html,,Beylerbeyi Göbek 100lük 4,300.00
Saklı Kadeh,Istanbul,restaurant,https://saklikadeh.com.tr,html,,Altın Seri 20'lik 1,300.00
Saklı Kadeh,Istanbul,restaurant,https://saklikadeh.com.tr,html,,Altın Seri 35'lik 1,700.00
Saklı Kadeh,Istanbul,restaurant,https://saklikadeh.com.tr,html,,Altın Seri 50'lik 2,300.00
Saklı Kadeh,Istanbul,restaurant,https://saklikadeh.com.tr,html,,Altın Seri 70'lik 2,900.00
Saklı Kadeh,Istanbul,restaurant,https://saklikadeh.com.tr,html,,Altın Seri 100'lük 3,650.00
Saklı Kadeh,Istanbul,restaurant,https://saklikadeh.com.tr,html,,Yeni Rakı 20'lik 1,200.00
Saklı Kadeh,Istanbul,restaurant,https://saklikadeh.com.tr,html,,Yeni Rakı 35'lik 1,450.00
Saklı Kadeh,Istanbul,restaurant,https://saklikadeh.com.tr,html,,Yeni Rakı 50'lik 1,900.00
Saklı Kadeh,Istanbul,restaurant,https://saklikadeh.com.tr,html,,Yeni Rakı 70'lik 2,400.00
Saklı Kadeh,Istanbul,restaurant,https://saklikadeh.com.tr,html,,Efe Gold 20'lik 1,300.00
Saklı Kadeh,Istanbul,restaurant,https://saklikadeh.com.tr,html,,Efe Gold 35'lik 1,700.00
Saklı Kadeh,Istanbul,restaurant,https://saklikadeh.com.tr,html,,Efe Gold 50'lik 2,300.00
Saklı Kadeh,Istanbul,restaurant,https://saklikadeh.com.tr,html,,Efe Gold 70'lik 2,900.00
Saklı Kadeh,Istanbul,restaurant,https://saklikadeh.com.tr,html,,Efe Gold 100'lük 3,650.00
Saklı Kadeh,Istanbul,restaurant,https://saklikadeh.com.tr,html,,Sarı Zeybek 20'lik 1,350.00
Saklı Kadeh,Istanbul,restaurant,https://saklikadeh.com.tr,html,,Sarı Zeybek 35'lik 2,150.00
Saklı Kadeh,Istanbul,restaurant,https://saklikadeh.com.tr,html,,Sarı Zeybek 50'lik 2,850.00
Saklı Kadeh,Istanbul,restaurant,https://saklikadeh.com.tr,html,,Sarı Zeybek 70'lik 3,900.00
Saklı Kadeh,Istanbul,restaurant,https://saklikadeh.com.tr,html,,Sarı Zeybek 100'lük 4,700.00
Saklı Kadeh,Istanbul,restaurant,https://saklikadeh.com.tr,html,,Yakut 2,400.00
Saklı Kadeh,Istanbul,restaurant,https://saklikadeh.com.tr,html,,Angora 2,200.00
Saklı Kadeh,Istanbul,restaurant,https://saklikadeh.com.tr,html,,Çankaya 2,200.00
Saklı Kadeh,Istanbul,restaurant,https://saklikadeh.com.tr,html,,Sellection 2,400.00
Saklı Kadeh,Istanbul,restaurant,https://saklikadeh.com.tr,html,,Kırmızı Şarap Kadeh,500.00
Saklı Kadeh,Istanbul,restaurant,https://saklikadeh.com.tr,html,,Beyaz Şarap Kadeh,500.00
Saklı Kadeh,Istanbul,restaurant,https://saklikadeh.com.tr,html,,Smirnoff Vodka 35'lik 1,500.00
Saklı Kadeh,Istanbul,restaurant,https://saklikadeh.com.tr,html,,Smirnoff Vodka 50'lik 1,800.00
Saklı Kadeh,Istanbul,restaurant,https://saklikadeh.com.tr,html,,Smirnoff Vodka 75'lik 2,200.00
Saklı Kadeh,Istanbul,restaurant,https://saklikadeh.com.tr,html,,Smirnoff Vodka 100'lük 2,900.00
Saklı Kadeh,Istanbul,restaurant,https://saklikadeh.com.tr,html,,Vodka Duble,550.00
Saklı Kadeh,Istanbul,restaurant,https://saklikadeh.com.tr,html,,Black Label 70'lik 3,800.00
Saklı Kadeh,Istanbul,restaurant,https://saklikadeh.com.tr,html,,Chivas Regal 70'lik 3,800.00
Saklı Kadeh,Istanbul,restaurant,https://saklikadeh.com.tr,html,,Jack Daniels 70'lik 3,800.00
Saklı Kadeh,Istanbul,restaurant,https://saklikadeh.com.tr,html,,Viski Duble,550.00
Sampi Pide,Istanbul,fast_food,http://www.sampi.com.tr,html,,Lahmcun (Acısız),9.20
Sampi Pide,Istanbul,fast_food,http://www.sampi.com.tr,html,,Lahmcun (Acılı),18.20
Shvili - Georgian Bistro,Istanbul,restaurant,http://www.shvili.tr,html,,Sadakat programımıza ilk üyeliğinize tek seferlik,200.00
Strong Coffee Beans,Istanbul,cafe,https://strongcoffeebeans.com,html,,Ethiopia Sidamo Filtre Kahve,436.00
Strong Coffee Beans,Istanbul,cafe,https://strongcoffeebeans.com,html,,Kenya AA Nyeri Filtre Kahve,476.00
Strong Coffee Beans,Istanbul,cafe,https://strongcoffeebeans.com,html,,Honduras Los Marinez Filtre Kahve,476.00
Strong Coffee Beans,Istanbul,cafe,https://strongcoffeebeans.com,html,,Indonesia Sumatra Filtre Kahve,476.00
Strong Coffee Beans,Istanbul,cafe,https://strongcoffeebeans.com,html,,Türk Kahvesi (250g),265.00
Strong Coffee Beans,Istanbul,cafe,https://strongcoffeebeans.com,html,,Espresso Special Blend,436.00
Strong Coffee Beans,Istanbul,cafe,https://strongcoffeebeans.com,html,,Special Blend Filtre Kahve,436.00
Strong Coffee Beans,Istanbul,cafe,https://strongcoffeebeans.com,html,,Colombia Filtre Kahve,436.00
Taproomx,Istanbul,pub,https://taproomx.com,html,,Home made chili pepper relish +,70.00
Taproomx,Istanbul,pub,https://taproomx.com,html,,Extra beef patty +,220.00
Taproomx,Istanbul,pub,https://taproomx.com,html,,Extra burger cheese +,80.00
Tatar Salim,Istanbul,restaurant,http://tatarsalim.com.tr,html,,MENÜMÜZ,715.00
Tatar Salim,Istanbul,restaurant,http://tatarsalim.com.tr,html,,Pilav Üstü Döner,240.00
Tatar Salim,Istanbul,restaurant,http://tatarsalim.com.tr,html,,Havuç Dilim Baklava,570.00
Tatar Salim,Istanbul,restaurant,http://tatarsalim.com.tr,html,,Dürüm Döner,190.00
Tatar Salim,Istanbul,restaurant,http://tatarsalim.com.tr,html,,Fırın Sütlaç,140.00
Tatar Salim,Istanbul,restaurant,http://tatarsalim.com.tr,html,,Süzme Mercimek,675.00
Togo Stüdyo,Istanbul,cafe,https://www.togostudyo.com,html,,Göğüs Altı,5000.00
Togo Stüdyo,Istanbul,cafe,https://www.togostudyo.com,html,,Bel Hizası,6000.00
Togo Stüdyo,Istanbul,cafe,https://www.togostudyo.com,html,,Omuz veya Bel Hizası (Boy Farkı Yok),5000.00
Togo Stüdyo,Istanbul,cafe,https://www.togostudyo.com,html,,2'li Örgü (Kullanım: 7-10 Gün),2000.00
Togo Stüdyo,Istanbul,cafe,https://www.togostudyo.com,html,,3 - 4'lü Örgü (Kullanım: 10-15 Gün),2500.00
Togo Stüdyo,Istanbul,cafe,https://www.togostudyo.com,html,,5 - 6'lı Örgü (Kullanım: 15-20 Gün),3000.00
Togo Stüdyo,Istanbul,cafe,https://www.togostudyo.com,html,,7 - 8'li Örgü (Kullanım: 20-30 Gün),3500.00
Togo Stüdyo,Istanbul,cafe,https://www.togostudyo.com,html,,9 - 10'lu Örgü (Kullanım: 30-40 Gün),4000.00
Tuzdan Balık Restaurant,Istanbul,restaurant,https://tuzdanbalik.com,woo,seafood,Rosé Tuna,37.20
Tuzdan Balık Restaurant,Istanbul,restaurant,https://tuzdanbalik.com,woo,seafood,Salt Bream,45.60
Tuzdan Balık Restaurant,Istanbul,restaurant,https://tuzdanbalik.com,woo,seafood,Clams Risotto,30.50
Tuzdan Balık Restaurant,Istanbul,restaurant,https://tuzdanbalik.com,woo,seafood,Boiled Shellfish,26.80
Tuzdan Balık Restaurant,Istanbul,restaurant,https://tuzdanbalik.com,woo,seafood,Seafood Pasta,15.50
Tuzdan Balık Restaurant,Istanbul,restaurant,https://tuzdanbalik.com,woo,seafood,Browned Tuna,28.90
Tuzdan Balık Restaurant,Istanbul,restaurant,https://tuzdanbalik.com,woo,seafood,Steamed Shrimp,34.80
Tuzdan Balık Restaurant,Istanbul,restaurant,https://tuzdanbalik.com,woo,seafood,Grilled Salmon,45.70
Türk Alman Kitabevi Cafe,Istanbul,cafe,https://www.tak.com.tr,html,,Im Wald,1050.00
Türk Alman Kitabevi Cafe,Istanbul,cafe,https://www.tak.com.tr,html,,KLETT,1950.00
Türk Alman Kitabevi Cafe,Istanbul,cafe,https://www.tak.com.tr,html,,"PRAML, SABINE",756.00
Türk Alman Kitabevi Cafe,Istanbul,cafe,https://www.tak.com.tr,html,,Dıe Unlangweılıste Schule Der Welt 3 Dıe Entfuhrte Lehrerın,896.00
Türk Alman Kitabevi Cafe,Istanbul,cafe,https://www.tak.com.tr,html,,BIBLIOGRAPH.INST.,1960.00
Türk Alman Kitabevi Cafe,Istanbul,cafe,https://www.tak.com.tr,html,,Pop Sısters Kıana,980.00
Türk Alman Kitabevi Cafe,Istanbul,cafe,https://www.tak.com.tr,html,,BELTZ VERLAG,756.00
Türk Alman Kitabevi Cafe,Istanbul,cafe,https://www.tak.com.tr,html,,"RUHE, ANNA",840.00
Türk Alman Kitabevi Cafe,Istanbul,cafe,https://www.tak.com.tr,html,,HUEBER,600.00
Türk Alman Kitabevi Cafe,Istanbul,cafe,https://www.tak.com.tr,html,,Stoklar tükendi,1064.00
Türk Alman Kitabevi Cafe,Istanbul,cafe,https://www.tak.com.tr,html,,KERN/PUCHTA,1275.00
Türk Alman Kitabevi Cafe,Istanbul,cafe,https://www.tak.com.tr,html,,"JIN,FRIEDERIKE",2090.00
Türk Alman Kitabevi Cafe,Istanbul,cafe,https://www.tak.com.tr,html,,"KALENDER,SUSANNE",1875.00
Türk Alman Kitabevi Cafe,Istanbul,cafe,https://www.tak.com.tr,html,,"BRUSSIG,THOMAS",1240.00
Türk Alman Kitabevi Cafe,Istanbul,cafe,https://www.tak.com.tr,html,,REDAKTION,5100.00
Türk Alman Kitabevi Cafe,Istanbul,cafe,https://www.tak.com.tr,html,,ÖBV,4750.00
Türk Alman Kitabevi Cafe,Istanbul,cafe,https://www.tak.com.tr,html,,CORNELSEN VERLAG,2550.00
Uzunlar Kebap,Istanbul,restaurant,https://uzunlarkebap.com,woo,Beverage,Americano Cofee,38.00
Uzunlar Kebap,Istanbul,restaurant,https://uzunlarkebap.com,woo,Beverage,Cheesecake,90.00
Uzunlar Kebap,Istanbul,restaurant,https://uzunlarkebap.com,woo,Desserts,Vanilla Cupcakes,85.00
Uzunlar Kebap,Istanbul,restaurant,https://uzunlarkebap.com,woo,Main Dishes,Shushi,56.00
Uzunlar Kebap,Istanbul,restaurant,https://uzunlarkebap.com,woo,"Main Dishes, Sea Food",Salmon Fry,81.00
Uzunlar Kebap,Istanbul,restaurant,https://uzunlarkebap.com,woo,"Main Dishes, Sea Food",Prawns Fry,31.00
Uzunlar Kebap,Istanbul,restaurant,https://uzunlarkebap.com,woo,Sea Food,Pangasius Basa,47.00
Uzunlar Kebap,Istanbul,restaurant,https://uzunlarkebap.com,woo,Desserts,Lemon Meringue Pie,71.00
Uzunlar Kebap,Istanbul,restaurant,https://uzunlarkebap.com,woo,Desserts,French Fries,29.00
Uzunlar Kebap,Istanbul,restaurant,https://uzunlarkebap.com,woo,Sea Food,Fish Tacos,32.00
Uzunlar Kebap,Istanbul,restaurant,https://uzunlarkebap.com,woo,"Main Dishes, Sea Food",Crustaceans Lobsters,51.00
Uzunlar Kebap,Istanbul,restaurant,https://uzunlarkebap.com,woo,Desserts,Chocolate Brownie,75.00
Uzunlar Kebap,Istanbul,restaurant,https://uzunlarkebap.com,woo,Sea Food,Chinese Chow mien,50.00
Uzunlar Kebap,Istanbul,restaurant,https://uzunlarkebap.com,woo,Main Dishes,Chicken Nuggets,49.00
Uzunlar Kebap,Istanbul,restaurant,https://uzunlarkebap.com,woo,Desserts,Brown Bread,38.00
Uzunlar Kebap,Istanbul,restaurant,https://uzunlarkebap.com,woo,Main Dishes,Chicken Alfredo,36.00
Uzunlar Kebap,Istanbul,restaurant,https://uzunlarkebap.com,woo,Beverage,Submarine Sandwich,75.00
Uzunlar Kebap,Istanbul,restaurant,https://uzunlarkebap.com,woo,Beverage,Chicken Shawarma,59.00
Uzunlar Kebap,Istanbul,restaurant,https://uzunlarkebap.com,woo,Beverage,Creamy Pasta,41.00
Uzunlar Kebap,Istanbul,restaurant,https://uzunlarkebap.com,woo,"Beverage, Desserts",Vegetable Roll,25.00
Uzunlar Kebap,Istanbul,restaurant,https://uzunlarkebap.com,woo,,Barbecue Chicken,29.00
Uzunlar Kebap,Istanbul,restaurant,https://uzunlarkebap.com,woo,Music,Grilled Flank Steak,49.00
Uzunlar Kebap,Istanbul,restaurant,https://uzunlarkebap.com,woo,Clothing,Beef Burger,12.00
Uzunlar Kebap,Istanbul,restaurant,https://uzunlarkebap.com,woo,Music,Margherita Pizza,51.00
Veganarsist,Istanbul,cafe,https://www.veganarsist.com,woo,"İçecekler, Paket Ürünleri",Kajran ( Kajudan Vegan Ayran ) ( Kuru Naneli ) ( 50 cl ) ( Cam Şişe ),284.00
Veganarsist,Istanbul,cafe,https://www.veganarsist.com,woo,,Kuru Buz,150.00
Veganarsist,Istanbul,cafe,https://www.veganarsist.com,woo,,Strafor Kutu,150.00
Veganarsist,Istanbul,cafe,https://www.veganarsist.com,woo,"Anne Yemekleri, Paket Ürünleri",Dionysos Vegan Patlıcan Musakka ( 345 Gr. ) ( Glutensiz ),273.00
Veganarsist,Istanbul,cafe,https://www.veganarsist.com,woo,"Anne Yemekleri, Paket Ürünleri",Helios Vegan Karnıyarık ( 2 Adet ) ( Glutensiz ),324.00
Veganarsist,Istanbul,cafe,https://www.veganarsist.com,woo,"Özel Lezzetler, Paket Ürünleri",Cosmos Vegan Balcan ( Patlıcan ) Kebabı ( Porsiyon ) ( Glutensiz ),213.00
Veganarsist,Istanbul,cafe,https://www.veganarsist.com,woo,"Paket Ürünleri, Soslar ve Harçlar",Soya Soslu Vegan Balık Sosu ( 345 Ml. ) ( Glutensiz ),187.50
Veganarsist,Istanbul,cafe,https://www.veganarsist.com,woo,"Paket Ürünleri, Soslar ve Harçlar",Vegan Bolonez Sos ( 345 Gr. ) ( Glutensiz ),209.00
Veganarsist,Istanbul,cafe,https://www.veganarsist.com,woo,"Paket Ürünleri, Soslar ve Harçlar",Vegan Et Döner Sosu ( 345 Ml. ) ( Glutensiz ),100.00
Veganarsist,Istanbul,cafe,https://www.veganarsist.com,woo,"Paket Ürünleri, Soslar ve Harçlar",Vegan İskender Sosu ( 345 Ml. ) ( Glutensiz ),87.00
Veganarsist,Istanbul,cafe,https://www.veganarsist.com,woo,"Paket Ürünleri, Soslar ve Harçlar",Doris Vegan Mayonezli Balık Sosu ( 345 gr ) ( Glutensiz ),143.00
Veganarsist,Istanbul,cafe,https://www.veganarsist.com,woo,"Anne Yemekleri, Paket Ürünleri",Fethiye&#8217;nin Vegan Karalahana Dolması ( 10 Adet ) ( Glutensiz ),219.00
Veganarsist,Istanbul,cafe,https://www.veganarsist.com,woo,"Özel Lezzetler, Paket Ürünleri",Freyja Vegan İzmir Köfte ( Porsiyon ) ( Glutensiz ),324.00
Veganarsist,Istanbul,cafe,https://www.veganarsist.com,woo,"Özel Lezzetler, Paket Ürünleri",Troy&#8217;s Vegan İslim Kebabı ( Porsiyon ) ( Glutensiz ),324.00
Veganarsist,Istanbul,cafe,https://www.veganarsist.com,woo,"Paket Ürünleri, Soslar ve Harçlar",Dereotlu GMZ Sos (345 Ml. ) ( Glutensiz ),291.50
Veganarsist,Istanbul,cafe,https://www.veganarsist.com,woo,"Paket Ürünleri, Soslar ve Harçlar",July Karışık Sebzeli Harç ( 345 Gr. ),142.00
Veganarsist,Istanbul,cafe,https://www.veganarsist.com,woo,"Anne Yemekleri, Paket Ürünleri",Feronia Vegan Biber Dolması ( 3 Adet ) ( Glutensiz ),219.00
Veganarsist,Istanbul,cafe,https://www.veganarsist.com,woo,"Anne Yemekleri, Paket Ürünleri",Poros Vegan Beyaz Lahana Dolması ( 10 Adet ) ( Glutensiz ),219.00
Veganarsist,Istanbul,cafe,https://www.veganarsist.com,woo,"Paket Ürünleri, Soslar ve Harçlar",Vegan Cheddar Sos ( 345 Ml. ) ( Glutensiz ),261.00
Veganarsist,Istanbul,cafe,https://www.veganarsist.com,woo,"Paket Ürünleri, Soslar ve Harçlar",Sarımsaklı Vegan Mayonez ( 345 Ml. ) ( Glutensiz ),127.50
Veganarsist,Istanbul,cafe,https://www.veganarsist.com,woo,"Özel Lezzetler, Paket Ürünleri",Tempeh ( 250 Gr. ) ( Glutensiz ),163.50
Veganarsist,Istanbul,cafe,https://www.veganarsist.com,woo,"Anne Yemekleri, Paket Ürünleri",Vegan Sebzeli Bulgur Pilavı ( 345 Gr. ),81.00
Veganarsist,Istanbul,cafe,https://www.veganarsist.com,woo,"Anne Yemekleri, Paket Ürünleri",Vegan Pirinç Pilavı ( 345 Gr. ) ( Glutensiz ),81.00
Veganarsist,Istanbul,cafe,https://www.veganarsist.com,woo,"Anne Yemekleri, Paket Ürünleri",Vegan Nohut Yemeği ( 345 Gr. ) ( Glutensiz ),135.00
Veganarsist,Istanbul,cafe,https://www.veganarsist.com,woo,"Anne Yemekleri, Paket Ürünleri",Vegan Kuru Fasulye Yemeği ( 345 Gr. ) ( Glutensiz ),135.00
Veganarsist,Istanbul,cafe,https://www.veganarsist.com,woo,"Özel Lezzetler, Paket Ürünleri",Castumanna Vegan Kır Pidesi ( Adet ),168.00
Veganarsist,Istanbul,cafe,https://www.veganarsist.com,woo,"Özel Lezzetler, Paket Ürünleri",Asia&#8217;s Rain Vegan Kadınbudu Köfte ( Adet ) ( 75 Gr. ),87.00
Veganarsist,Istanbul,cafe,https://www.veganarsist.com,woo,"Çorbalar, Paket Ürünleri",Sevim&#8217;in Vegan Tarhana Çorbası ( 345 Ml. ) ( Acılı ),117.00
Veganarsist,Istanbul,cafe,https://www.veganarsist.com,woo,"Çorbalar, Paket Ürünleri",Oriza Vegan Yoğurt Çorbası ( 345 Ml. ) ( Glutensiz ),150.00
Veganarsist,Istanbul,cafe,https://www.veganarsist.com,woo,"Çorbalar, Paket Ürünleri",Limos Vegan Köz Biberli Köz Patlıcan Çorbası ( 345 Ml. ) ( Glutensiz ),150.00
Veganarsist,Istanbul,cafe,https://www.veganarsist.com,woo,"Çorbalar, Paket Ürünleri",Fethiye&#8217;nin Vegan Karalahana Çorbası ( 345 Ml.) ( Glutensiz ) ( Acılı ),168.00
Veganarsist,Istanbul,cafe,https://www.veganarsist.com,woo,"Çorbalar, Paket Ürünleri",Bulgurlu Vegan Mercimek Çorbası ( 345 Ml. ),117.00
Veganarsist,Istanbul,cafe,https://www.veganarsist.com,woo,"Çorbalar, Paket Ürünleri",Athena Vegan Brokoli Çorbası ( 345 Ml.) ( Glutensiz ),150.00
Veganarsist,Istanbul,cafe,https://www.veganarsist.com,woo,"Çorbalar, Paket Ürünleri",Apollon Vegan Balkabağı Çorbası ( 345 Ml. ) ( Acılı ) ( Glutensiz ),150.00
Veganarsist,Istanbul,cafe,https://www.veganarsist.com,woo,"Paket Ürünleri, Soslar ve Harçlar",Vegan Menemen ( 345 gr ),156.00
Veganarsist,Istanbul,cafe,https://www.veganarsist.com,woo,"Özel Lezzetler, Paket Ürünleri",Eros Vegan Gözleme ( Adet ),66.00
Veganarsist,Istanbul,cafe,https://www.veganarsist.com,woo,"Paket Ürünleri, Soslar ve Harçlar",Acı Biber Reçeli ( Vegan ) ( 345 Gr. ),334.00
Veganarsist,Istanbul,cafe,https://www.veganarsist.com,woo,"Paket Ürünleri, Soslar ve Harçlar",Persephone Vegan Acıka ( Glutensiz ) ( 345 Gr. ),399.00
Veganarsist,Istanbul,cafe,https://www.veganarsist.com,woo,"Paket Ürünleri, Soslar ve Harçlar",Vegan Islak Hamburger Sosu ( Glutensiz ) ( 345 Ml. ),158.00
Veganarsist,Istanbul,cafe,https://www.veganarsist.com,woo,"Paket Ürünleri, Soslar ve Harçlar",Sarımsaklı Fermente Vegan Kaju Yoğurdu Sosu ( Glutensiz ) ( 345 Ml. ),327.00
Veganarsist,Istanbul,cafe,https://www.veganarsist.com,woo,"Özel Lezzetler, Paket Ürünleri",Demeter Vegan Börek ( 50 Gr. &#8211; Adet ),35.00
Veganarsist,Istanbul,cafe,https://www.veganarsist.com,woo,"Özel Lezzetler, Paket Ürünleri",Medusa Vegan Sucuk ( Glutensiz ) ( 200 Gr. ),190.00
Veganarsist,Istanbul,cafe,https://www.veganarsist.com,woo,"Özel Lezzetler, Paket Ürünleri",Thetis Vegan İçli Köfte ( Adet ),88.00
Veganarsist,Istanbul,cafe,https://www.veganarsist.com,woo,"Özel Lezzetler, Paket Ürünleri",Hestia Vegan Mantı Sosu ( Glutensiz ) ( 345 Ml. ),158.00
Veganarsist,Istanbul,cafe,https://www.veganarsist.com,woo,"Özel Lezzetler, Paket Ürünleri",Hestia Vegan Mantı ( 500 Gr. ),402.00
Veganarsist,Istanbul,cafe,https://www.veganarsist.com,woo,"Köfteler, Paket Ürünleri",Sezar Vegan Urfa ( Acısız ) Dürüm Köftesi ( Glutensiz )( 100 Gr. ),126.00
Veganarsist,Istanbul,cafe,https://www.veganarsist.com,woo,"Köfteler, Paket Ürünleri",Nev&#8217;in Vegan Anne Köftesi ( Glutensiz ) ( 500 Gr. ),582.00
Veganarsist,Istanbul,cafe,https://www.veganarsist.com,woo,"Köfteler, Paket Ürünleri",Brutus Vegan Adana ( Acılı ) Dürüm Köftesi ( Glutensiz ) ( 100 Gr. ),126.00
Veganarsist,Istanbul,cafe,https://www.veganarsist.com,woo,"Köfteler, Paket Ürünleri",Narsist Vegan Burger Köftesi ( Glutensiz ) ( Adet ),69.00
Veganarsist,Istanbul,cafe,https://www.veganarsist.com,woo,"Özel Lezzetler, Paket Ürünleri",Gandalf Vegan Tantuni ( Glutensiz ) ( 500 Gr. ),469.50
Veganarsist,Istanbul,cafe,https://www.veganarsist.com,woo,"Özel Lezzetler, Paket Ürünleri",Balina Mehmet&#8217;s Vegan Lahmacun ( Adet ),126.00
Veganarsist,Istanbul,cafe,https://www.veganarsist.com,woo,"İçecekler, Paket Ürünleri",Kajran ( Kajudan Vegan Ayran ) ( Kuru Naneli ) ( 25 cl ) ( Cam Şişe ),145.00
Veganarsist,Istanbul,cafe,https://www.veganarsist.com,woo,"Köfteler, Paket Ürünleri",Nev&#8217;in Vegan Anne Burger Köftesi ( Glutensiz ) ( Adet ),69.00
Veganarsist,Istanbul,cafe,https://www.veganarsist.com,woo,"Köfteler, Paket Ürünleri",Thor&#8217;s Vegan Top Köfte ( Glutensiz ) ( 500 Gr. ),474.00
Veganarsist,Istanbul,cafe,https://www.veganarsist.com,woo,"Kuru Gıda, Paket Ürünleri",Soya Kıyması ( Karamel ) ( Vegan ) ( Glutensiz )( 250 Gr. ),84.50
Veganarsist,Istanbul,cafe,https://www.veganarsist.com,woo,"Kuru Gıda, Paket Ürünleri",Soya Küpü ( Karamel ) ( Vegan ) ( Glutensiz ) ( 250 Gr. ),100.00
Veganarsist,Istanbul,cafe,https://www.veganarsist.com,woo,"Kuru Gıda, Paket Ürünleri",Vegan Ev Tarhanası ( 250 Gr ),112.50
Veganarsist,Istanbul,cafe,https://www.veganarsist.com,woo,"5. Levent Şube, Bahçelievler Şube",Tuzlu Vegan Kurabiye (2 Adet),27.00
Veganarsist,Istanbul,cafe,https://www.veganarsist.com,woo,"5. Levent Şube, Bahçelievler Şube",Limos Vegan Köz Biberli Köz Patlıcan Çorbası ( Glutensiz ),88.00
Veganarsist Bostancı,Istanbul,cafe,https://veganarsist.com,woo,"İçecekler, Paket Ürünleri",Kajran ( Kajudan Vegan Ayran ) ( Kuru Naneli ) ( 50 cl ) ( Cam Şişe ),284.00
Veganarsist Bostancı,Istanbul,cafe,https://veganarsist.com,woo,,Kuru Buz,150.00
Veganarsist Bostancı,Istanbul,cafe,https://veganarsist.com,woo,,Strafor Kutu,150.00
Veganarsist Bostancı,Istanbul,cafe,https://veganarsist.com,woo,"Anne Yemekleri, Paket Ürünleri",Dionysos Vegan Patlıcan Musakka ( 345 Gr. ) ( Glutensiz ),273.00
Veganarsist Bostancı,Istanbul,cafe,https://veganarsist.com,woo,"Anne Yemekleri, Paket Ürünleri",Helios Vegan Karnıyarık ( 2 Adet ) ( Glutensiz ),324.00
Veganarsist Bostancı,Istanbul,cafe,https://veganarsist.com,woo,"Özel Lezzetler, Paket Ürünleri",Cosmos Vegan Balcan ( Patlıcan ) Kebabı ( Porsiyon ) ( Glutensiz ),213.00
Veganarsist Bostancı,Istanbul,cafe,https://veganarsist.com,woo,"Paket Ürünleri, Soslar ve Harçlar",Soya Soslu Vegan Balık Sosu ( 345 Ml. ) ( Glutensiz ),187.50
Veganarsist Bostancı,Istanbul,cafe,https://veganarsist.com,woo,"Paket Ürünleri, Soslar ve Harçlar",Vegan Bolonez Sos ( 345 Gr. ) ( Glutensiz ),209.00
Veganarsist Bostancı,Istanbul,cafe,https://veganarsist.com,woo,"Paket Ürünleri, Soslar ve Harçlar",Vegan Et Döner Sosu ( 345 Ml. ) ( Glutensiz ),100.00
Veganarsist Bostancı,Istanbul,cafe,https://veganarsist.com,woo,"Paket Ürünleri, Soslar ve Harçlar",Vegan İskender Sosu ( 345 Ml. ) ( Glutensiz ),87.00
Veganarsist Bostancı,Istanbul,cafe,https://veganarsist.com,woo,"Paket Ürünleri, Soslar ve Harçlar",Doris Vegan Mayonezli Balık Sosu ( 345 gr ) ( Glutensiz ),143.00
Veganarsist Bostancı,Istanbul,cafe,https://veganarsist.com,woo,"Anne Yemekleri, Paket Ürünleri",Fethiye&#8217;nin Vegan Karalahana Dolması ( 10 Adet ) ( Glutensiz ),219.00
Veganarsist Bostancı,Istanbul,cafe,https://veganarsist.com,woo,"Özel Lezzetler, Paket Ürünleri",Freyja Vegan İzmir Köfte ( Porsiyon ) ( Glutensiz ),324.00
Veganarsist Bostancı,Istanbul,cafe,https://veganarsist.com,woo,"Özel Lezzetler, Paket Ürünleri",Troy&#8217;s Vegan İslim Kebabı ( Porsiyon ) ( Glutensiz ),324.00
Veganarsist Bostancı,Istanbul,cafe,https://veganarsist.com,woo,"Paket Ürünleri, Soslar ve Harçlar",Dereotlu GMZ Sos (345 Ml. ) ( Glutensiz ),291.50
Veganarsist Bostancı,Istanbul,cafe,https://veganarsist.com,woo,"Paket Ürünleri, Soslar ve Harçlar",July Karışık Sebzeli Harç ( 345 Gr. ),142.00
Veganarsist Bostancı,Istanbul,cafe,https://veganarsist.com,woo,"Anne Yemekleri, Paket Ürünleri",Feronia Vegan Biber Dolması ( 3 Adet ) ( Glutensiz ),219.00
Veganarsist Bostancı,Istanbul,cafe,https://veganarsist.com,woo,"Anne Yemekleri, Paket Ürünleri",Poros Vegan Beyaz Lahana Dolması ( 10 Adet ) ( Glutensiz ),219.00
Veganarsist Bostancı,Istanbul,cafe,https://veganarsist.com,woo,"Paket Ürünleri, Soslar ve Harçlar",Vegan Cheddar Sos ( 345 Ml. ) ( Glutensiz ),261.00
Veganarsist Bostancı,Istanbul,cafe,https://veganarsist.com,woo,"Paket Ürünleri, Soslar ve Harçlar",Sarımsaklı Vegan Mayonez ( 345 Ml. ) ( Glutensiz ),127.50
Veganarsist Bostancı,Istanbul,cafe,https://veganarsist.com,woo,"Özel Lezzetler, Paket Ürünleri",Tempeh ( 250 Gr. ) ( Glutensiz ),163.50
Veganarsist Bostancı,Istanbul,cafe,https://veganarsist.com,woo,"Anne Yemekleri, Paket Ürünleri",Vegan Sebzeli Bulgur Pilavı ( 345 Gr. ),81.00
Veganarsist Bostancı,Istanbul,cafe,https://veganarsist.com,woo,"Anne Yemekleri, Paket Ürünleri",Vegan Pirinç Pilavı ( 345 Gr. ) ( Glutensiz ),81.00
Veganarsist Bostancı,Istanbul,cafe,https://veganarsist.com,woo,"Anne Yemekleri, Paket Ürünleri",Vegan Nohut Yemeği ( 345 Gr. ) ( Glutensiz ),135.00
Veganarsist Bostancı,Istanbul,cafe,https://veganarsist.com,woo,"Anne Yemekleri, Paket Ürünleri",Vegan Kuru Fasulye Yemeği ( 345 Gr. ) ( Glutensiz ),135.00
Veganarsist Bostancı,Istanbul,cafe,https://veganarsist.com,woo,"Özel Lezzetler, Paket Ürünleri",Castumanna Vegan Kır Pidesi ( Adet ),168.00
Veganarsist Bostancı,Istanbul,cafe,https://veganarsist.com,woo,"Özel Lezzetler, Paket Ürünleri",Asia&#8217;s Rain Vegan Kadınbudu Köfte ( Adet ) ( 75 Gr. ),87.00
Veganarsist Bostancı,Istanbul,cafe,https://veganarsist.com,woo,"Çorbalar, Paket Ürünleri",Sevim&#8217;in Vegan Tarhana Çorbası ( 345 Ml. ) ( Acılı ),117.00
Veganarsist Bostancı,Istanbul,cafe,https://veganarsist.com,woo,"Çorbalar, Paket Ürünleri",Oriza Vegan Yoğurt Çorbası ( 345 Ml. ) ( Glutensiz ),150.00
Veganarsist Bostancı,Istanbul,cafe,https://veganarsist.com,woo,"Çorbalar, Paket Ürünleri",Limos Vegan Köz Biberli Köz Patlıcan Çorbası ( 345 Ml. ) ( Glutensiz ),150.00
Veganarsist Bostancı,Istanbul,cafe,https://veganarsist.com,woo,"Çorbalar, Paket Ürünleri",Fethiye&#8217;nin Vegan Karalahana Çorbası ( 345 Ml.) ( Glutensiz ) ( Acılı ),168.00
Veganarsist Bostancı,Istanbul,cafe,https://veganarsist.com,woo,"Çorbalar, Paket Ürünleri",Bulgurlu Vegan Mercimek Çorbası ( 345 Ml. ),117.00
Veganarsist Bostancı,Istanbul,cafe,https://veganarsist.com,woo,"Çorbalar, Paket Ürünleri",Athena Vegan Brokoli Çorbası ( 345 Ml.) ( Glutensiz ),150.00
Veganarsist Bostancı,Istanbul,cafe,https://veganarsist.com,woo,"Çorbalar, Paket Ürünleri",Apollon Vegan Balkabağı Çorbası ( 345 Ml. ) ( Acılı ) ( Glutensiz ),150.00
Veganarsist Bostancı,Istanbul,cafe,https://veganarsist.com,woo,"Paket Ürünleri, Soslar ve Harçlar",Vegan Menemen ( 345 gr ),156.00
Veganarsist Bostancı,Istanbul,cafe,https://veganarsist.com,woo,"Özel Lezzetler, Paket Ürünleri",Eros Vegan Gözleme ( Adet ),66.00
Veganarsist Bostancı,Istanbul,cafe,https://veganarsist.com,woo,"Paket Ürünleri, Soslar ve Harçlar",Acı Biber Reçeli ( Vegan ) ( 345 Gr. ),334.00
Veganarsist Bostancı,Istanbul,cafe,https://veganarsist.com,woo,"Paket Ürünleri, Soslar ve Harçlar",Persephone Vegan Acıka ( Glutensiz ) ( 345 Gr. ),399.00
Veganarsist Bostancı,Istanbul,cafe,https://veganarsist.com,woo,"Paket Ürünleri, Soslar ve Harçlar",Vegan Islak Hamburger Sosu ( Glutensiz ) ( 345 Ml. ),158.00
Veganarsist Bostancı,Istanbul,cafe,https://veganarsist.com,woo,"Paket Ürünleri, Soslar ve Harçlar",Sarımsaklı Fermente Vegan Kaju Yoğurdu Sosu ( Glutensiz ) ( 345 Ml. ),327.00
Veganarsist Bostancı,Istanbul,cafe,https://veganarsist.com,woo,"Özel Lezzetler, Paket Ürünleri",Demeter Vegan Börek ( 50 Gr. &#8211; Adet ),35.00
Veganarsist Bostancı,Istanbul,cafe,https://veganarsist.com,woo,"Özel Lezzetler, Paket Ürünleri",Medusa Vegan Sucuk ( Glutensiz ) ( 200 Gr. ),190.00
Veganarsist Bostancı,Istanbul,cafe,https://veganarsist.com,woo,"Özel Lezzetler, Paket Ürünleri",Thetis Vegan İçli Köfte ( Adet ),88.00
Veganarsist Bostancı,Istanbul,cafe,https://veganarsist.com,woo,"Özel Lezzetler, Paket Ürünleri",Hestia Vegan Mantı Sosu ( Glutensiz ) ( 345 Ml. ),158.00
Veganarsist Bostancı,Istanbul,cafe,https://veganarsist.com,woo,"Özel Lezzetler, Paket Ürünleri",Hestia Vegan Mantı ( 500 Gr. ),402.00
Veganarsist Bostancı,Istanbul,cafe,https://veganarsist.com,woo,"Köfteler, Paket Ürünleri",Sezar Vegan Urfa ( Acısız ) Dürüm Köftesi ( Glutensiz )( 100 Gr. ),126.00
Veganarsist Bostancı,Istanbul,cafe,https://veganarsist.com,woo,"Köfteler, Paket Ürünleri",Nev&#8217;in Vegan Anne Köftesi ( Glutensiz ) ( 500 Gr. ),582.00
Veganarsist Bostancı,Istanbul,cafe,https://veganarsist.com,woo,"Köfteler, Paket Ürünleri",Brutus Vegan Adana ( Acılı ) Dürüm Köftesi ( Glutensiz ) ( 100 Gr. ),126.00
Veganarsist Bostancı,Istanbul,cafe,https://veganarsist.com,woo,"Köfteler, Paket Ürünleri",Narsist Vegan Burger Köftesi ( Glutensiz ) ( Adet ),69.00
Veganarsist Bostancı,Istanbul,cafe,https://veganarsist.com,woo,"Özel Lezzetler, Paket Ürünleri",Gandalf Vegan Tantuni ( Glutensiz ) ( 500 Gr. ),469.50
Veganarsist Bostancı,Istanbul,cafe,https://veganarsist.com,woo,"Özel Lezzetler, Paket Ürünleri",Balina Mehmet&#8217;s Vegan Lahmacun ( Adet ),126.00
Veganarsist Bostancı,Istanbul,cafe,https://veganarsist.com,woo,"İçecekler, Paket Ürünleri",Kajran ( Kajudan Vegan Ayran ) ( Kuru Naneli ) ( 25 cl ) ( Cam Şişe ),145.00
Veganarsist Bostancı,Istanbul,cafe,https://veganarsist.com,woo,"Köfteler, Paket Ürünleri",Nev&#8217;in Vegan Anne Burger Köftesi ( Glutensiz ) ( Adet ),69.00
Veganarsist Bostancı,Istanbul,cafe,https://veganarsist.com,woo,"Köfteler, Paket Ürünleri",Thor&#8217;s Vegan Top Köfte ( Glutensiz ) ( 500 Gr. ),474.00
Veganarsist Bostancı,Istanbul,cafe,https://veganarsist.com,woo,"Kuru Gıda, Paket Ürünleri",Soya Kıyması ( Karamel ) ( Vegan ) ( Glutensiz )( 250 Gr. ),84.50
Veganarsist Bostancı,Istanbul,cafe,https://veganarsist.com,woo,"Kuru Gıda, Paket Ürünleri",Soya Küpü ( Karamel ) ( Vegan ) ( Glutensiz ) ( 250 Gr. ),100.00
Veganarsist Bostancı,Istanbul,cafe,https://veganarsist.com,woo,"Kuru Gıda, Paket Ürünleri",Vegan Ev Tarhanası ( 250 Gr ),112.50
Veganarsist Bostancı,Istanbul,cafe,https://veganarsist.com,woo,"5. Levent Şube, Bahçelievler Şube",Tuzlu Vegan Kurabiye (2 Adet),27.00
Veganarsist Bostancı,Istanbul,cafe,https://veganarsist.com,woo,"5. Levent Şube, Bahçelievler Şube",Limos Vegan Köz Biberli Köz Patlıcan Çorbası ( Glutensiz ),88.00
Villa Restaurant Silivri,Istanbul,restaurant,https://www.villarestaurantsilivri.com,woo,Kahvaltı,V165 Kahvaltı Tabağı (2 Kişilik),1900.00
Villa Restaurant Silivri,Istanbul,restaurant,https://www.villarestaurantsilivri.com,woo,Tatlılar,V092 Künefe (Tek Kişilik),360.00
Villa Restaurant Silivri,Istanbul,restaurant,https://www.villarestaurantsilivri.com,woo,Kahvaltı,V139 Sucuklu Yumurta,360.00
Villa Restaurant Silivri,Istanbul,restaurant,https://www.villarestaurantsilivri.com,woo,Kahvaltı,V138 Kavurmalı Yumurta,500.00
Villa Restaurant Silivri,Istanbul,restaurant,https://www.villarestaurantsilivri.com,woo,Ara Sıcaklar,V099 Avcı Böreği,450.00
Villa Restaurant Silivri,Istanbul,restaurant,https://www.villarestaurantsilivri.com,woo,Tatlılar,V134 Katmer,450.00
Villa Restaurant Silivri,Istanbul,restaurant,https://www.villarestaurantsilivri.com,woo,İçecekler,V079 Coca-Cola (33 cl.),105.00
Villa Restaurant Silivri,Istanbul,restaurant,https://www.villarestaurantsilivri.com,woo,İçecekler,V078 Coca-Cola Zero Sugar (33 cl.),105.00
Villa Restaurant Silivri,Istanbul,restaurant,https://www.villarestaurantsilivri.com,woo,İçecekler,V077 Meyveli Soda (20 cl.),100.00
Villa Restaurant Silivri,Istanbul,restaurant,https://www.villarestaurantsilivri.com,woo,İçecekler,V076 Cappy (33 cl.),105.00
Villa Restaurant Silivri,Istanbul,restaurant,https://www.villarestaurantsilivri.com,woo,İçecekler,V075 Lipton Ice Tea (33cl.),105.00
Villa Restaurant Silivri,Istanbul,restaurant,https://www.villarestaurantsilivri.com,woo,İçecekler,V074 Şalgam Suyu (33 cl.),110.00
Villa Restaurant Silivri,Istanbul,restaurant,https://www.villarestaurantsilivri.com,woo,İçecekler,V073 Sprite (33 cl.),105.00
Villa Restaurant Silivri,Istanbul,restaurant,https://www.villarestaurantsilivri.com,woo,İçecekler,V072 Fanta (33 cl.),105.00
Villa Restaurant Silivri,Istanbul,restaurant,https://www.villarestaurantsilivri.com,woo,Tatlılar,V067 Cheesecake Limonlu,300.00
Villa Restaurant Silivri,Istanbul,restaurant,https://www.villarestaurantsilivri.com,woo,Tatlılar,V064 Tiramisu,300.00
Villa Restaurant Silivri,Istanbul,restaurant,https://www.villarestaurantsilivri.com,woo,Tatlılar,V063 Fırın Sütlaç,300.00
Villa Restaurant Silivri,Istanbul,restaurant,https://www.villarestaurantsilivri.com,woo,Tatlılar,V062 Havuç Dilim Baklava (Dondurmalı),300.00
Villa Restaurant Silivri,Istanbul,restaurant,https://www.villarestaurantsilivri.com,woo,Tatlılar,V061 Künefe ( 4 Kişilik ),1000.00
Villa Restaurant Silivri,Istanbul,restaurant,https://www.villarestaurantsilivri.com,woo,Salatalar,V060 Çoban Salata,385.00
Villa Restaurant Silivri,Istanbul,restaurant,https://www.villarestaurantsilivri.com,woo,Salatalar,V059 Akdeniz Salata,350.00
Villa Restaurant Silivri,Istanbul,restaurant,https://www.villarestaurantsilivri.com,woo,Salatalar,V058 Tulum Peynirli Roka Salatası,360.00
Villa Restaurant Silivri,Istanbul,restaurant,https://www.villarestaurantsilivri.com,woo,Salatalar,V057 Gavurdağı Salata,360.00
Villa Restaurant Silivri,Istanbul,restaurant,https://www.villarestaurantsilivri.com,woo,Mezeler,V056 Peynir Dolgulu Biber,290.00
Villa Restaurant Silivri,Istanbul,restaurant,https://www.villarestaurantsilivri.com,woo,Mezeler,V055 Kuru Domates (Yoğurtlu),290.00
Villa Restaurant Silivri,Istanbul,restaurant,https://www.villarestaurantsilivri.com,woo,Mezeler,V054 Villa Meze,290.00
Villa Restaurant Silivri,Istanbul,restaurant,https://www.villarestaurantsilivri.com,woo,Mezeler,V053 Villa Special Semizotu,300.00
Villa Restaurant Silivri,Istanbul,restaurant,https://www.villarestaurantsilivri.com,woo,Mezeler,V052 Patlıcan Salatası,290.00
Villa Restaurant Silivri,Istanbul,restaurant,https://www.villarestaurantsilivri.com,woo,Mezeler,V051 Şakşuka,290.00
Villa Restaurant Silivri,Istanbul,restaurant,https://www.villarestaurantsilivri.com,woo,Mezeler,V050 Kopeoğlu,290.00
Villa Restaurant Silivri,Istanbul,restaurant,https://www.villarestaurantsilivri.com,woo,Mezeler,V049 Haydari,290.00
Villa Restaurant Silivri,Istanbul,restaurant,https://www.villarestaurantsilivri.com,woo,Mezeler,V048 Avokadolu Humus,315.00
Villa Restaurant Silivri,Istanbul,restaurant,https://www.villarestaurantsilivri.com,woo,Mezeler,V047 Humus,290.00
Villa Restaurant Silivri,Istanbul,restaurant,https://www.villarestaurantsilivri.com,woo,Mezeler,V046 Acılı Ezme,290.00
Villa Restaurant Silivri,Istanbul,restaurant,https://www.villarestaurantsilivri.com,woo,Mezeler,V045 İstiridye Mantarlı Humus,315.00
Villa Restaurant Silivri,Istanbul,restaurant,https://www.villarestaurantsilivri.com,woo,Mezeler,V044 Atom,310.00
Villa Restaurant Silivri,Istanbul,restaurant,https://www.villarestaurantsilivri.com,woo,Mezeler,V043 Cevizli Patlıcan,290.00
Villa Restaurant Silivri,Istanbul,restaurant,https://www.villarestaurantsilivri.com,woo,Mezeler,V042 Manda Yoğurt,290.00
Villa Restaurant Silivri,Istanbul,restaurant,https://www.villarestaurantsilivri.com,woo,Mezeler,V041 Çiğ Köfte (8 Adet),290.00
Villa Restaurant Silivri,Istanbul,restaurant,https://www.villarestaurantsilivri.com,woo,Mezeler,V040 Humus(Karamelize Soğanlı),300.00
Villa Restaurant Silivri,Istanbul,restaurant,https://www.villarestaurantsilivri.com,woo,Mezeler,V039 Kuru Cacık,300.00
Villa Restaurant Silivri,Istanbul,restaurant,https://www.villarestaurantsilivri.com,woo,Ara Sıcaklar,V038 Patates Kızartması,300.00
Villa Restaurant Silivri,Istanbul,restaurant,https://www.villarestaurantsilivri.com,woo,Ara Sıcaklar,V037 Tereyağlı Yaprak Ciğer,800.00
Villa Restaurant Silivri,Istanbul,restaurant,https://www.villarestaurantsilivri.com,woo,Ara Sıcaklar,V036 Elma Dilim Patates Kızartması,300.00
Villa Restaurant Silivri,Istanbul,restaurant,https://www.villarestaurantsilivri.com,woo,Ara Sıcaklar,V035 Paçanga Böreği (1 Adet),290.00
Villa Restaurant Silivri,Istanbul,restaurant,https://www.villarestaurantsilivri.com,woo,Ara Sıcaklar,V034 Kızartma İçli Köfte (1 Adet),290.00
Villa Restaurant Silivri,Istanbul,restaurant,https://www.villarestaurantsilivri.com,woo,Pizzalar,V033 VİLLA PİZZA,690.00
Villa Restaurant Silivri,Istanbul,restaurant,https://www.villarestaurantsilivri.com,woo,Tavuklar,V031 Izgara Kanat,800.00
Villa Restaurant Silivri,Istanbul,restaurant,https://www.villarestaurantsilivri.com,woo,Tavuklar,V030 Şinitzel(Viyana Usulü),650.00
Villa Restaurant Silivri,Istanbul,restaurant,https://www.villarestaurantsilivri.com,woo,Tavuklar,V029 Köri Soslu Tavuk,630.00
Villa Restaurant Silivri,Istanbul,restaurant,https://www.villarestaurantsilivri.com,woo,Tavuklar,V028 Barbekü Soslu Tavuk,630.00
Villa Restaurant Silivri,Istanbul,restaurant,https://www.villarestaurantsilivri.com,woo,Tavuklar,V027 Izgara Tavuk But,600.00
Villa Restaurant Silivri,Istanbul,restaurant,https://www.villarestaurantsilivri.com,woo,Kebaplar,V026 Patlıcan Kebap,1000.00
Villa Restaurant Silivri,Istanbul,restaurant,https://www.villarestaurantsilivri.com,woo,Kebaplar,V025 Fıstıklı Kaşarlı Kebap,900.00
Villa Restaurant Silivri,Istanbul,restaurant,https://www.villarestaurantsilivri.com,woo,Kebaplar,V024 Saray Beyti Kebap,900.00
Villa Restaurant Silivri,Istanbul,restaurant,https://www.villarestaurantsilivri.com,woo,Kebaplar,V023 Urfa Kebap,800.00
Villa Restaurant Silivri,Istanbul,restaurant,https://www.villarestaurantsilivri.com,woo,Kebaplar,V022 Villa Special Kebap,900.00
Villa Restaurant Silivri,Istanbul,restaurant,https://www.villarestaurantsilivri.com,woo,Köfteler,V021 Sucuk Kasap,660.00
Villa Restaurant Silivri,Istanbul,restaurant,https://www.villarestaurantsilivri.com,woo,Kebaplar,V020 Adana Kebap,800.00
Villa Restaurant Silivri,Istanbul,restaurant,https://www.villarestaurantsilivri.com,woo,Köfteler,V019 Kaşarlı Bohça Köfte,680.00
Villa Restaurant Silivri,Istanbul,restaurant,https://www.villarestaurantsilivri.com,woo,Köfteler,V018 Kasap Köfte,650.00
Villa Restaurant Silivri,Istanbul,restaurant,https://www.villarestaurantsilivri.com,woo,Köfteler,V017 Villa Köfte,660.00
Villa Restaurant Silivri,Istanbul,restaurant,https://www.villarestaurantsilivri.com,woo,Izgaralar Dana,V016 Antrikot,1250.00
Villa Restaurant Silivri,Istanbul,restaurant,https://www.villarestaurantsilivri.com,woo,Izgaralar Dana,V015 Lokum,1300.00
Villa Restaurant Silivri,Istanbul,restaurant,https://www.villarestaurantsilivri.com,woo,Izgaralar Dana,V014 Dana Şaşlık,1100.00
Villa Restaurant Silivri,Istanbul,restaurant,https://www.villarestaurantsilivri.com,woo,Izgaralar Dana,V013 Dana Bonfile,1250.00
Villa Restaurant Silivri,Istanbul,restaurant,https://www.villarestaurantsilivri.com,woo,Izgaralar Kuzu,V012 Kuzu Pirzola,1050.00
Villa Restaurant Silivri,Istanbul,restaurant,https://www.villarestaurantsilivri.com,woo,Izgaralar Kuzu,V011 Kuzu Newyork,1000.00
Villa Restaurant Silivri,Istanbul,restaurant,https://www.villarestaurantsilivri.com,woo,Izgaralar Kuzu,V010 Kuzu Küşleme,1250.00
Villa Restaurant Silivri,Istanbul,restaurant,https://www.villarestaurantsilivri.com,woo,Izgaralar Kuzu,V009 Kuzu Külbastı,875.00
Villa Restaurant Silivri,Istanbul,restaurant,https://www.villarestaurantsilivri.com,woo,Izgaralar Kuzu,V008 Kuzu Çöp Şiş,875.00
Villa Restaurant Silivri,Istanbul,restaurant,https://www.villarestaurantsilivri.com,woo,Burgerler,V007 Villa Hamburger,675.00
Villa Restaurant Silivri,Istanbul,restaurant,https://www.villarestaurantsilivri.com,woo,Burgerler,V006 Lokum Burger,750.00
Villa Restaurant Silivri,Istanbul,restaurant,https://www.villarestaurantsilivri.com,woo,Burgerler,V005 İstridye Hamburger,700.00
Villa Restaurant Silivri,Istanbul,restaurant,https://www.villarestaurantsilivri.com,woo,Burgerler,V004 Tavuk Burger,700.00
Villa Restaurant Silivri,Istanbul,restaurant,https://www.villarestaurantsilivri.com,woo,Burgerler,V003 Mozeralla Burger,700.00
Villa Restaurant Silivri,Istanbul,restaurant,https://www.villarestaurantsilivri.com,woo,Çorbalar,V002 İlik Çorbası,350.00
Villa Restaurant Silivri,Istanbul,restaurant,https://www.villarestaurantsilivri.com,woo,Çorbalar,V001 Günün Çorbası,200.00
Yemen Kahvesi,Istanbul,cafe,https://www.yemenkahvesi.com.tr,html,,1 KG SICAK ÇİKOLATA,640.00
Yemen Kahvesi,Istanbul,cafe,https://www.yemenkahvesi.com.tr,html,,1KG SALEP,480.00
Yemen Kahvesi,Istanbul,cafe,https://www.yemenkahvesi.com.tr,html,,TOFFEE NUT AROMALI ŞURUP,400.00
Yemen Kahvesi,Istanbul,cafe,https://www.yemenkahvesi.com.tr,html,,VANİLYA AROMALI ŞURUP,400.00
Yemen Kahvesi,Istanbul,cafe,https://www.yemenkahvesi.com.tr,html,,PORTAKAL ÇİÇEĞİ AROMALI ŞURUP,400.00
Yemen Kahvesi,Istanbul,cafe,https://www.yemenkahvesi.com.tr,html,,MUZ AROMALI ŞURUP,400.00
Yemen Kahvesi,Istanbul,cafe,https://www.yemenkahvesi.com.tr,html,,LIME AROMALI ŞURUP,400.00
Yemen Kahvesi,Istanbul,cafe,https://www.yemenkahvesi.com.tr,html,,KARAMEL AROMALI ŞURUP,400.00
Yemen Kahvesi,Istanbul,cafe,https://www.yemenkahvesi.com.tr,html,,HİBİSCUS AROMALI BAZ,400.00
Yemen Kahvesi,Istanbul,cafe,https://www.yemenkahvesi.com.tr,html,,ÇİLEK AROMALI ŞURUP,400.00
Yemen Kahvesi,Istanbul,cafe,https://www.yemenkahvesi.com.tr,html,,ÇİKOLATA AROMALI ŞURUP,375.00
Yemen Kahvesi,Istanbul,cafe,https://www.yemenkahvesi.com.tr,html,,1000 TL,940.00
Yemen Kahvesi,Istanbul,cafe,https://www.yemenkahvesi.com.tr,html,,2 Adet 250g Türk Kahvesi,800.00
Yemen Kahvesi,Istanbul,cafe,https://www.yemenkahvesi.com.tr,html,,3 Adet 100g Yemen Special Türk Kahvesi,480.00
Yemen Kahvesi,Istanbul,cafe,https://www.yemenkahvesi.com.tr,html,,3 Adet 100g Türk Kahvesi,480.00
Yemen Kahvesi,Istanbul,cafe,https://www.yemenkahvesi.com.tr,html,,DAMLA SAKIZLI TÜRK KAHVESİ 100 GR 3'LÜ PAKET,460.00
Yemen Kahvesi,Istanbul,cafe,https://www.yemenkahvesi.com.tr,html,,2 Adet 100g Damla Sakızlı Türk Kahvesi,330.00
Yemen Kahvesi,Istanbul,cafe,https://www.yemenkahvesi.com.tr,html,,500 gr Filtre Kahve,830.00
Yemen Kahvesi,Istanbul,cafe,https://www.yemenkahvesi.com.tr,html,,250g Filtre Kahve,440.00
Yemen Kahvesi,Istanbul,cafe,https://www.yemenkahvesi.com.tr,html,,250GR ESSPRESO,400.00
Yemen Kahvesi,Istanbul,cafe,https://www.yemenkahvesi.com.tr,html,,500g Espresso Çekirdek Kahve,840.00
Yemen Kahvesi,Istanbul,cafe,https://www.yemenkahvesi.com.tr,html,,100g Gold Öğütülmüş Çözünebilir Kahve,180.00
Yemen Kahvesi,Istanbul,cafe,https://www.yemenkahvesi.com.tr,html,,YEŞİL ELMA AROMALI ŞURUP,400.00
Yemen Kahvesi,Istanbul,cafe,https://www.yemenkahvesi.com.tr,html,,500gr SALEP,360.00
Yemen Kahvesi,Istanbul,cafe,https://www.yemenkahvesi.com.tr,html,,500g Sıcak Çikolata,400.00
Yemen Kahvesi,Istanbul,cafe,https://www.yemenkahvesi.com.tr,html,,250g Gold Öğütülmüş Çözünebilir Kahve,390.00
Yemen Kahvesi,Istanbul,cafe,https://www.yemenkahvesi.com.tr,html,,1KG BEYAZ SICAK ÇİKOLATA,480.00
Yerinde Pide,Istanbul,restaurant,https://yerindepide.com,woo,Yerinde Pideler,Tadım Menüsü &#8211; Tek Kişilik,655.00
Yerinde Pide,Istanbul,restaurant,https://yerindepide.com,woo,İçecekler,Sıkma Portakal Suyu,120.00
Yerinde Pide,Istanbul,restaurant,https://yerindepide.com,woo,İçecekler,Ev yapımı Limonata/ Vişne,110.00
Yerinde Pide,Istanbul,restaurant,https://yerindepide.com,woo,İçecekler,Şalgam,95.00
Yerinde Pide,Istanbul,restaurant,https://yerindepide.com,woo,İçecekler,Çay,45.00
Yerinde Pide,Istanbul,restaurant,https://yerindepide.com,woo,İçecekler,Soda,50.00
Yerinde Pide,Istanbul,restaurant,https://yerindepide.com,woo,İçecekler,Su,40.00
Yerinde Pide,Istanbul,restaurant,https://yerindepide.com,woo,İçecekler,Meşrubat,95.00
Yerinde Pide,Istanbul,restaurant,https://yerindepide.com,woo,İçecekler,Şişe Ayran,80.00
Yerinde Pide,Istanbul,restaurant,https://yerindepide.com,woo,İçecekler,Açık Ayran,70.00
Yerinde Pide,Istanbul,restaurant,https://yerindepide.com,woo,Çocuklar İçin,Mini Pide,345.00
Yerinde Pide,Istanbul,restaurant,https://yerindepide.com,woo,Çocuklar İçin,Köfte Patates,455.00
Yerinde Pide,Istanbul,restaurant,https://yerindepide.com,woo,"Çocuklar İçin, Tatlılar",Çikolatalı Pide,235.00
Yerinde Pide,Istanbul,restaurant,https://yerindepide.com,woo,Tatlılar,Fındıklı Burma,235.00
Yerinde Pide,Istanbul,restaurant,https://yerindepide.com,woo,Tatlılar,Fırın Sütlaç,195.00
Yerinde Pide,Istanbul,restaurant,https://yerindepide.com,woo,Çorbalar,Etli Düğün Çorbası,335.00
Yerinde Pide,Istanbul,restaurant,https://yerindepide.com,woo,Çorbalar,Tavuk Etli Çorba,275.00
Yerinde Pide,Istanbul,restaurant,https://yerindepide.com,woo,Çorbalar,Günün Çorbası,155.00
Yerinde Pide,Istanbul,restaurant,https://yerindepide.com,woo,Kahvaltılar,Pideli Kahvaltı,945.00
Yerinde Pide,Istanbul,restaurant,https://yerindepide.com,woo,Kahvaltılar,Kahvaltı Tabağı,495.00
Yerinde Pide,Istanbul,restaurant,https://yerindepide.com,woo,Kahvaltılar,Mini Kahvaltı Tabağı,315.00
Yerinde Pide,Istanbul,restaurant,https://yerindepide.com,woo,Porsiyon Ürünler,Siyah Zeytin,155.00
Yerinde Pide,Istanbul,restaurant,https://yerindepide.com,woo,Porsiyon Ürünler,Tullumi Peynir,165.00
Yerinde Pide,Istanbul,restaurant,https://yerindepide.com,woo,Porsiyon Ürünler,Telli Peynir,165.00
Yerinde Pide,Istanbul,restaurant,https://yerindepide.com,woo,Porsiyon Ürünler,Kolot Peynir,165.00
Yerinde Pide,Istanbul,restaurant,https://yerindepide.com,woo,Porsiyon Ürünler,Beyaz Peynir,165.00
Yerinde Pide,Istanbul,restaurant,https://yerindepide.com,woo,Bize Özel,Turşu Kavurma,195.00
Yerinde Pide,Istanbul,restaurant,https://yerindepide.com,woo,Bize Özel,Patates Kavurma,195.00
Yerinde Pide,Istanbul,restaurant,https://yerindepide.com,woo,Bize Özel,Bal Kaymak,245.00
Yerinde Pide,Istanbul,restaurant,https://yerindepide.com,woo,Bize Özel,Peynirli Söğüş,295.00
Yerinde Pide,Istanbul,restaurant,https://yerindepide.com,woo,Bize Özel,Zeytinli Söğüş,245.00
Yerinde Pide,Istanbul,restaurant,https://yerindepide.com,woo,Bize Özel,Sucuk Tava,355.00
Yerinde Pide,Istanbul,restaurant,https://yerindepide.com,woo,Bize Özel,Yerinde Sahanda,385.00
Yerinde Pide,Istanbul,restaurant,https://yerindepide.com,woo,Bize Özel,Çakallı Menemen,295.00
Yerinde Pide,Istanbul,restaurant,https://yerindepide.com,woo,Bize Özel,Kuymak,345.00
Yerinde Pide,Istanbul,restaurant,https://yerindepide.com,woo,Sahanda,Sahanda Kavurmalı Yumurta,395.00
Yerinde Pide,Istanbul,restaurant,https://yerindepide.com,woo,Sahanda,Sahanda Pastırmalı Yumurta,395.00
Yerinde Pide,Istanbul,restaurant,https://yerindepide.com,woo,Sahanda,Sahanda Sucuklu Yumurta,325.00
Yerinde Pide,Istanbul,restaurant,https://yerindepide.com,woo,Sahanda,Sahanda Kıymalı Yumurta,325.00
Yerinde Pide,Istanbul,restaurant,https://yerindepide.com,woo,Sahanda,Sahanda Peynirli Yumurta,325.00
Yerinde Pide,Istanbul,restaurant,https://yerindepide.com,woo,Sahanda,Sade Yumurta,145.00
Yerinde Pide,Istanbul,restaurant,https://yerindepide.com,woo,Salatalar,Turşu Kavurma,195.00
Yerinde Pide,Istanbul,restaurant,https://yerindepide.com,woo,Salatalar,Mevsim Salata,195.00
Yerinde Pide,Istanbul,restaurant,https://yerindepide.com,woo,Lahmacunlar,Ispanak Harman Peynirli Lahmacun,375.00
Yerinde Pide,Istanbul,restaurant,https://yerindepide.com,woo,Lahmacunlar,Patlıycan Lahmacun,455.00
Yerinde Pide,Istanbul,restaurant,https://yerindepide.com,woo,Lahmacunlar,Tullumi Lahmacun,355.00
Yerinde Pide,Istanbul,restaurant,https://yerindepide.com,woo,Lahmacunlar,Klasik Lahmacun,195.00
Yerinde Pide,Istanbul,restaurant,https://yerindepide.com,woo,Ana Yemekler,Güveçte Sebzeli Yerinde Köfte,525.00
Yerinde Pide,Istanbul,restaurant,https://yerindepide.com,woo,Ana Yemekler,Güveçte Et Sote,545.00
Yerinde Pide,Istanbul,restaurant,https://yerindepide.com,woo,Ana Yemekler,Tavuk Bud Haşlama,455.00
Yerinde Pide,Istanbul,restaurant,https://yerindepide.com,woo,Ana Yemekler,Fırında Kuzu Eti,675.00
Yerinde Pide,Istanbul,restaurant,https://yerindepide.com,woo,Yerinde Pideler,Kuzuumm Pide,655.00
Yerinde Pide,Istanbul,restaurant,https://yerindepide.com,woo,Yerinde Pideler,Tavukluuu Pide,495.00
Yerinde Pide,Istanbul,restaurant,https://yerindepide.com,woo,Yerinde Pideler,Türk İşi Pide (Yuvarlak),595.00
Yerinde Pide,Istanbul,restaurant,https://yerindepide.com,woo,Yerinde Pideler,Şefin Pidesi,595.00
Yerinde Pide,Istanbul,restaurant,https://yerindepide.com,woo,Yerinde Pideler,Pide Paçanga,595.00
Yerinde Pide,Istanbul,restaurant,https://yerindepide.com,woo,Yerinde Pideler,Tullumi Pide,495.00
Yerinde Pide,Istanbul,restaurant,https://yerindepide.com,woo,Yerinde Pideler,Bizim Köyün Pidesi,545.00
Yerinde Pide,Istanbul,restaurant,https://yerindepide.com,woo,Yerinde Pideler,Patlıycan Pide,595.00
Yerinde Pide,Istanbul,restaurant,https://yerindepide.com,woo,Yerinde Pideler,Kolbastı Pide,595.00
Yerinde Pide,Istanbul,restaurant,https://yerindepide.com,woo,Yerinde Pideler,Yerinde Pide,595.00
Yerinde Pide,Istanbul,restaurant,https://yerindepide.com,woo,Sebzeli Pideler,Bahçeden Pide,465.00
Yerinde Pide,Istanbul,restaurant,https://yerindepide.com,woo,Sebzeli Pideler,Diyet Pide,465.00
Yerinde Pide,Istanbul,restaurant,https://yerindepide.com,woo,Sebzeli Pideler,Köz Köz Pide,465.00
Yerinde Pide,Istanbul,restaurant,https://yerindepide.com,woo,Sebzeli Pideler,Peynir ve Mantarlı Pide,465.00
Yerinde Pide,Istanbul,restaurant,https://yerindepide.com,woo,Sebzeli Pideler,Ispanak Harman Peynirli Pide,465.00
Yerinde Pide,Istanbul,restaurant,https://yerindepide.com,woo,Geleneksel Pideler,Kuşbaşılı Pide,575.00
Yerinde Pide,Istanbul,restaurant,https://yerindepide.com,woo,Geleneksel Pideler,Karışık Pide (Yuvarlak),595.00
Yerinde Pide,Istanbul,restaurant,https://yerindepide.com,woo,Geleneksel Pideler,Kavurmalı Pide,655.00
Yerinde Pide,Istanbul,restaurant,https://yerindepide.com,woo,Geleneksel Pideler,Sucuklu Pide ( Yuvarlak),595.00
Yerinde Pide,Istanbul,restaurant,https://yerindepide.com,woo,Geleneksel Pideler,Pastırmalı Pide,655.00
Yerinde Pide,Istanbul,restaurant,https://yerindepide.com,woo,Geleneksel Pideler,Harman Peynirli Pide,485.00
Yerinde Pide,Istanbul,restaurant,https://yerindepide.com,woo,Geleneksel Pideler,Peynirli Pide ( Yuvarlak),485.00
Yerinde Pide,Istanbul,restaurant,https://yerindepide.com,woo,Geleneksel Pideler,Kıymalı Pide,485.00
Yerinde Pide,Istanbul,restaurant,https://yerindepide.com,woo,Geleneksel Pideler,Yağlı Pide ( Yuvarlak),295.00
Domino's,Izmir,fast_food,https://www.dominos.com.tr,html,,1 Alana 1 Bedava - Orta Boy Cazip Pizzalar,440.00
Domino's,Izmir,fast_food,https://www.dominos.com.tr,html,,1 Alana 1 Bedava - Orta Boy Sevilen Pizzalar,480.00
Domino's,Izmir,fast_food,https://www.dominos.com.tr,html,,1 Alana 1 Bedava - Orta Boy Gurme Pizzalar,570.00
Domino's,Izmir,fast_food,https://www.dominos.com.tr,html,,1 Alana 1 Bedava Bol Peynirli Ekmek,250.00
Domino's,Izmir,fast_food,https://www.dominos.com.tr,html,,1 Alana 1 Bedava Çikolatalı Sufle,150.00
Domino's,Izmir,fast_food,https://www.dominos.com.tr,html,,1 Alana 1 Bedava 4'lü Cinnamon Roll,115.00
Domino's,Izmir,fast_food,https://www.dominos.com.tr,html,,1 Alana 1 Bedava 10'lu Çıtır Tavuk Topları,80.00
Domino's,Izmir,fast_food,https://www.dominos.com.tr,html,,1 Alana 1 Bedava İçecek,120.00
Domino's,Izmir,fast_food,https://www.dominos.com.tr,html,,2 Büyük Boy Cazip Pizza,780.00
Domino's,Izmir,fast_food,https://www.dominos.com.tr,html,,Sevilen 2 Büyük Boy Pizza,890.00
Domino's,Izmir,fast_food,https://www.dominos.com.tr,html,,1 Alana 1 Bedava Orta Boy Cazip Pizzalar + 1L İçecek,540.00
Domino's,Izmir,fast_food,https://www.dominos.com.tr,html,,1 Alana 1 Bedava Orta Boy Sevilen Pizzalar + 1L İçecek,580.00
Domino's,Izmir,fast_food,https://www.dominos.com.tr,html,,Büyük Boy Pizza Alana Coca-Cola Pet 1 L Bedava,480.00
Domino's,Izmir,fast_food,https://www.dominos.com.tr,html,,3 Orta Boy Pizza,850.00
Domino's,Izmir,fast_food,https://www.dominos.com.tr,html,,Pizza X-Large (12 Dilim),520.00
Domino's,Izmir,fast_food,https://www.dominos.com.tr,html,,Büyük Boy Pizzalar,480.00
Domino's,Izmir,fast_food,https://www.dominos.com.tr,html,,2 Orta Boy Pizza + 2 Çikolatalı Sufle + 2 Algida Maraş Cup,750.00
Domino's,Izmir,fast_food,https://www.dominos.com.tr,html,,Orta Boy Gurme Pizzalar,450.00
Domino's,Izmir,fast_food,https://www.dominos.com.tr,html,,2 Orta Boy Pan Pizza + 4’lü Cinnamon Roll,650.00
Domino's,Izmir,fast_food,https://www.dominos.com.tr,html,,Çikolatalı Sufle + Algida Maraş Cup,170.00
Domino's,Izmir,fast_food,https://www.dominos.com.tr,html,,Pizza X-Large (12 Dilim) Alana Coca-Cola 1 L Bedava,520.00
Domino's,Izmir,fast_food,https://www.dominos.com.tr,html,,2 Orta Boy Pizza + 4’lü Cinnamon Roll,610.00
Domino's,Izmir,fast_food,https://www.dominos.com.tr,html,,10'lu Domino's Roll + Coca-Cola Pet 330 ml,270.00
Domino's,Izmir,fast_food,https://www.dominos.com.tr,html,,Mixlarge Pizzalar,570.00
Domino's,Izmir,fast_food,https://www.dominos.com.tr,html,,3 Orta Boy Pizza + Tavuk + Patates + Coca-Cola 1 L,960.00
Domino's,Izmir,fast_food,https://www.dominos.com.tr,html,,3 Orta Boy Bol Malzemos,950.00
Domino's,Izmir,fast_food,https://www.dominos.com.tr,html,,Orta Boy Bol Malzemos + 330 ML İçecek + Seçili Lezzetler,480.00
Domino's,Izmir,fast_food,https://www.dominos.com.tr,html,,Pizza X-Large (12 Dilim) + Coca-Cola 1 L + Seçili Lezzetler,610.00
Domino's,Izmir,fast_food,https://www.dominos.com.tr,html,,2 Orta Boy Pan Pizza + Coca-Cola 1 L,630.00
Domino's,Izmir,fast_food,https://www.dominos.com.tr,html,,Büyük Boy Pizza + Coca-Cola 1 L + Seçili Lezzetler,620.00
Domino's,Izmir,fast_food,https://www.dominos.com.tr,html,,2 Çikolatalı Sufle + 2 Algida Maraş Cup,320.00
Domino's,Izmir,fast_food,https://www.dominos.com.tr,html,,4 Çikolatalı Sufle + 4 Algida Maraş Cup,620.00
Domino's,Izmir,fast_food,https://www.dominos.com.tr,html,,Büyük Boy Pizza + Çikolatalı Sufle + Algida Maraş Cup,590.00
Domino's,Izmir,fast_food,https://www.dominos.com.tr,html,,Büyük Boy Pizza + Tatlı + Coca-Cola 1 L,620.00
Domino's,Izmir,fast_food,https://www.dominos.com.tr,html,,Pizza X-Large + 8'li Cinnamon Roll,620.00
Domino's,Izmir,fast_food,https://www.dominos.com.tr,html,,Bol Peynirli Ekmek + 4'lü Cinnamon Roll + Algida Dondurma,320.00
Domino's,Izmir,fast_food,https://www.dominos.com.tr,html,,2 Büyük Boy Pizza + Coca-Cola 1 L,900.00
Domino's,Izmir,fast_food,https://www.dominos.com.tr,html,,Orta Boy Pan Pizza + Bol Malzemos,550.00
Domino's,Izmir,fast_food,https://www.dominos.com.tr,html,,4 Adet Pizzetta,600.00
Domino's,Izmir,fast_food,https://www.dominos.com.tr,html,,2 Orta Boy Bol Pan Pizza,560.00
Domino's,Izmir,fast_food,https://www.dominos.com.tr,html,,2 Orta Boy Pan Cazip Pizzalar,540.00
Domino's,Izmir,fast_food,https://www.dominos.com.tr,html,,Orta Boy Pizzalar,440.00
Domino's,Izmir,fast_food,https://www.dominos.com.tr,html,,Büyük Boy Pizza + 4'lü Cinnamon Roll,570.00
Domino's,Izmir,fast_food,https://www.dominos.com.tr,html,,Orta Boy Pizza + 4'lü Cinnamon Roll,470.00
Domino's,Izmir,fast_food,https://www.dominos.com.tr,html,,Orta Boy Pizza + Sufle + Algida,430.00
Domino's,Izmir,fast_food,https://www.dominos.com.tr,html,,Dürümos + Patates + Tavuk,210.00
Domino's,Izmir,fast_food,https://www.dominos.com.tr,html,,Tek Kişilik Pizzalar,310.00
Domino's,Izmir,fast_food,https://www.dominos.com.tr,html,,Orta Boy Pan Pizza,400.00
Domino's,Izmir,fast_food,https://www.dominos.com.tr,html,,Orta Boy Pan Pizza + Sos + Coca-Cola 330 ML,460.00
Domino's,Izmir,fast_food,https://www.dominos.com.tr,html,,Pizzetta + Patates + Tavuk + Coca-Cola 330 ML,340.00
Domino's,Izmir,fast_food,https://www.dominos.com.tr,html,,Dürümos + Coca-Cola 330 ML,200.00
Domino's,Izmir,fast_food,https://www.dominos.com.tr,html,,Tavuk Fırsatı,75.00
Domino's,Izmir,fast_food,https://www.dominos.com.tr,html,,Çıtır Karışık Kova Fırsatı,260.00
Domino's,Izmir,fast_food,https://www.dominos.com.tr,html,,2 Adet Dürümos,270.00
Domino's,Izmir,fast_food,https://www.dominos.com.tr,html,,Pizzetta + Bol Peynirli Ekmek,310.00
Domino's,Izmir,fast_food,https://www.dominos.com.tr,html,,2 Adet Pizzetta + Tavuk + Patates,370.00
Domino's,Izmir,fast_food,https://www.dominos.com.tr,html,,Combo Pizza X-Large,540.00
Domino's,Izmir,fast_food,https://www.dominos.com.tr,html,,Orta Boy Combo Pizza,390.00
Domino's,Izmir,fast_food,https://www.dominos.com.tr,html,,Büyük Boy Combo Pizza,510.00
Domino's,Izmir,fast_food,https://www.dominos.com.tr,html,,Tavuk Kova Fırsatı,155.00
Domino's,Izmir,fast_food,https://www.dominos.com.tr,html,,Dürümos + Sarımsaklı Ekmek + 10'lu Çıtır Tavuk Topları,220.00
Domino's,Izmir,fast_food,https://www.dominos.com.tr,html,,2 Adet Pizzetta,320.00
Domino's,Izmir,fast_food,https://www.dominos.com.tr,html,,2 Adet Pizzetta + Coca-Cola 1 L,410.00
Domino's,Izmir,fast_food,https://www.dominos.com.tr,html,,Pizzetta + Tavuk + Patates + Ayran + Boyama Defteri,270.00
Domino's,Izmir,fast_food,https://www.dominos.com.tr,html,,Patates Fırsatı,60.00
Domino's,Izmir,fast_food,https://www.dominos.com.tr,html,,Çıtır Tavuk Finger,85.00
Domino's,Izmir,fast_food,https://www.dominos.com.tr,html,,Çıtır Tavuk Topları,80.00
Domino's,Izmir,fast_food,https://www.dominos.com.tr,html,,Tavuk Parçaları,80.00
Domino's,Izmir,fast_food,https://www.dominos.com.tr,html,,Mantarsever,400.00
Domino's,Izmir,fast_food,https://www.dominos.com.tr,html,,"Sucuk , Mozarella Peyniri , Pizza Sos",400.00
Domino's,Izmir,fast_food,https://www.dominos.com.tr,html,,"Sucuk , Mısır , Mozarella Peyniri , Pizza Sos , Siyah Zeytin",400.00
Domino's,Izmir,fast_food,https://www.dominos.com.tr,html,,"Mozarella Peyniri , Pizza Sos",400.00
Domino's,Izmir,fast_food,https://www.dominos.com.tr,html,,"Mozzarella Peyniri , Pizza Sos, Sucuk, Mantar",480.00
Domino's,Izmir,fast_food,https://www.dominos.com.tr,html,,Bol Pan Pizza,480.00
Domino's,Izmir,fast_food,https://www.dominos.com.tr,html,,Süper Pan Pizza,480.00
Domino's,Izmir,fast_food,https://www.dominos.com.tr,html,,Bol Malzemos,445.00
Domino's,Izmir,fast_food,https://www.dominos.com.tr,html,,Karışık,445.00
Domino's,Izmir,fast_food,https://www.dominos.com.tr,html,,Bol Etli,445.00
Domino's,Izmir,fast_food,https://www.dominos.com.tr,html,,Vegi,445.00
Domino's,Izmir,fast_food,https://www.dominos.com.tr,html,,Italiano,445.00
Domino's,Izmir,fast_food,https://www.dominos.com.tr,html,,"Sucuk , Mozarella Peyniri , Pizza Sos , Sarımsak Sos",430.00
Domino's,Izmir,fast_food,https://www.dominos.com.tr,html,,"Sosis , Mısır , Mozarella Peyniri , Pizza Sos",430.00
Domino's,Izmir,fast_food,https://www.dominos.com.tr,html,,Süperos,430.00
Domino's,Izmir,fast_food,https://www.dominos.com.tr,html,,Sosyal,430.00
Domino's,Izmir,fast_food,https://www.dominos.com.tr,html,,Mixlarge Bol Etli,645.00
Domino's,Izmir,fast_food,https://www.dominos.com.tr,html,,Mixlarge Bol Malzeme,645.00
Domino's,Izmir,fast_food,https://www.dominos.com.tr,html,,Barbekü Soslu Tavuklu,460.00
Domino's,Izmir,fast_food,https://www.dominos.com.tr,html,,Tavuklu,460.00
Domino's,Izmir,fast_food,https://www.dominos.com.tr,html,,Extravaganzza,460.00
Domino's,Izmir,fast_food,https://www.dominos.com.tr,html,,Domino's Soslu Bol Malzemos,460.00
Domino's,Izmir,fast_food,https://www.dominos.com.tr,html,,Ballı Hardallı Tavuklu,460.00
Domino's,Izmir,fast_food,https://www.dominos.com.tr,html,,Üç Peynirli,485.00
Domino's,Izmir,fast_food,https://www.dominos.com.tr,html,,Konyalım,485.00
Domino's,Izmir,fast_food,https://www.dominos.com.tr,html,,Mangal Sucuklu,485.00
Domino's,Izmir,fast_food,https://www.dominos.com.tr,html,,Callypso,505.00
Domino's,Izmir,fast_food,https://www.dominos.com.tr,html,,Pastırma & Sucuk,505.00
Domino's,Izmir,fast_food,https://www.dominos.com.tr,html,,Ocakbaşı,505.00
Domino's,Izmir,fast_food,https://www.dominos.com.tr,html,,Cinnamon Roll,115.00
Domino's,Izmir,fast_food,https://www.dominos.com.tr,html,,"Pan hamur, sarımsak sos, cheddar, jalepeno",260.00
Domino's,Izmir,fast_food,https://www.dominos.com.tr,html,,"Pan hamur, sarımsak sos, cheddar, sucuk",260.00
Domino's,Izmir,fast_food,https://www.dominos.com.tr,html,,Tavuk & Patates Mix,185.00
Domino's,Izmir,fast_food,https://www.dominos.com.tr,html,,Algida Maraş Usulü Sade Dondurma 100 ml,60.00
Domino's,Izmir,fast_food,https://www.dominos.com.tr,html,,Algida Max Classics Vanilya,60.00
Domino's,Izmir,fast_food,https://www.dominos.com.tr,html,,42 gr,75.00
Domino's,Izmir,fast_food,https://www.dominos.com.tr,html,,Çikolatalı Sufle,150.00
Domino's,Izmir,fast_food,https://www.dominos.com.tr,html,,Algida Magnum Mini Badem,75.00
Domino's,Izmir,fast_food,https://www.dominos.com.tr,html,,Algida Max Classics Kakao,60.00
Domino's,Izmir,fast_food,https://www.dominos.com.tr,html,,Algida Cornetto Karadut,110.00
Domino's,Izmir,fast_food,https://www.dominos.com.tr,html,,Algida Magnum Sandwich,105.00
Domino's,Izmir,fast_food,https://www.dominos.com.tr,html,,Karışık Pizzetta,175.00
Domino's,Izmir,fast_food,https://www.dominos.com.tr,html,,"Mozzarella Peyniri, Pizza Sosu, Sucuk, Mantar, Yeşil Biber",175.00
Domino's,Izmir,fast_food,https://www.dominos.com.tr,html,,"Mozzarella Peyniri , Pizza Sos",175.00
Domino's,Izmir,fast_food,https://www.dominos.com.tr,html,,Sarımsaklı Ekmek 6 Dilim,70.00
Domino's,Izmir,fast_food,https://www.dominos.com.tr,html,,Sucuklu Bol Peynirli Ekmek 6 Dilim,255.00
Domino's,Izmir,fast_food,https://www.dominos.com.tr,html,,Bol Peynirli Ekmek 6 Dilim,250.00
Domino's,Izmir,fast_food,https://www.dominos.com.tr,html,,Coca-Cola 330 ML,130.00
Domino's,Izmir,fast_food,https://www.dominos.com.tr,html,,Coca-Cola 450 ML,130.00
Domino's,Izmir,fast_food,https://www.dominos.com.tr,html,,Coca-Cola 1 L,165.00
Domino's,Izmir,fast_food,https://www.dominos.com.tr,html,,Şekersiz 330 ML,130.00
Domino's,Izmir,fast_food,https://www.dominos.com.tr,html,,Şekersiz 450 ML,130.00
Domino's,Izmir,fast_food,https://www.dominos.com.tr,html,,Şekersiz 1 L,165.00
Domino's,Izmir,fast_food,https://www.dominos.com.tr,html,,FuseTea Şeftali 330 ML,130.00
Domino's,Izmir,fast_food,https://www.dominos.com.tr,html,,FuseTea Şeftali 1 L,165.00
Domino's,Izmir,fast_food,https://www.dominos.com.tr,html,,Sütaş Ayran 300 ML,60.00
Domino's,Izmir,fast_food,https://www.dominos.com.tr,html,,Sütaş Ayran 200 ML,55.00
Domino's,Izmir,fast_food,https://www.dominos.com.tr,html,,Sütaş Ayran 1 L,165.00
Domino's,Izmir,fast_food,https://www.dominos.com.tr,html,,"0,5 Lt Damla Su",35.00
Domino's,Izmir,fast_food,https://www.dominos.com.tr,html,,FuseTea Limon 330 ML,130.00
Domino's,Izmir,fast_food,https://www.dominos.com.tr,html,,FuseTea Limon 1 L,165.00
Domino's,Izmir,fast_food,https://www.dominos.com.tr,html,,Fanta 330 ML,130.00
Domino's,Izmir,fast_food,https://www.dominos.com.tr,html,,Fanta 1 L,165.00
Domino's,Izmir,fast_food,https://www.dominos.com.tr,html,,Sprite 330 ML,130.00
Domino's,Izmir,fast_food,https://www.dominos.com.tr,html,,Sprite 1 L,165.00
Domino's,Izmir,fast_food,https://www.dominos.com.tr,html,,Coca-Cola Light 330 ML,130.00
Domino's,Izmir,fast_food,https://www.dominos.com.tr,html,,Coca-Cola Light 1 L,165.00
Domino's,Izmir,fast_food,https://www.dominos.com.tr,html,,Cappy Şeftali,130.00
Domino's,Izmir,fast_food,https://www.dominos.com.tr,html,,Cappy Karışık,130.00
Domino's,Izmir,fast_food,https://www.dominos.com.tr,html,,Yoğurtlu Sos,40.00
Domino's,Izmir,fast_food,https://www.dominos.com.tr,html,,Meksika Sos,40.00
Domino's,Izmir,fast_food,https://www.dominos.com.tr,html,,Acı Sos,40.00
Domino's,Izmir,fast_food,https://www.dominos.com.tr,html,,Mayonez,5.00
Domino's,Izmir,fast_food,https://www.dominos.com.tr,html,,Ketçap,5.00
Domino's,Izmir,fast_food,https://www.dominos.com.tr,html,,80 gr.,85.00
Domino's,Izmir,fast_food,https://www.dominos.com.tr,html,,Kolombiya’ya özgü kahve çekirdeklerinden.,60.00
Domino's,Izmir,fast_food,https://www.dominos.com.tr,html,,1 Alana 1 Bedava - Orta Boy Cazip Pizzalar,440.00
Domino's,Izmir,fast_food,https://www.dominos.com.tr,html,,1 Alana 1 Bedava - Orta Boy Sevilen Pizzalar,480.00
Domino's,Izmir,fast_food,https://www.dominos.com.tr,html,,1 Alana 1 Bedava - Orta Boy Gurme Pizzalar,570.00
Domino's,Izmir,fast_food,https://www.dominos.com.tr,html,,1 Alana 1 Bedava Bol Peynirli Ekmek,250.00
Domino's,Izmir,fast_food,https://www.dominos.com.tr,html,,1 Alana 1 Bedava Çikolatalı Sufle,150.00
Domino's,Izmir,fast_food,https://www.dominos.com.tr,html,,1 Alana 1 Bedava 4'lü Cinnamon Roll,115.00
Domino's,Izmir,fast_food,https://www.dominos.com.tr,html,,1 Alana 1 Bedava 10'lu Çıtır Tavuk Topları,80.00
Domino's,Izmir,fast_food,https://www.dominos.com.tr,html,,1 Alana 1 Bedava İçecek,120.00
Domino's,Izmir,fast_food,https://www.dominos.com.tr,html,,2 Büyük Boy Cazip Pizza,780.00
Domino's,Izmir,fast_food,https://www.dominos.com.tr,html,,Sevilen 2 Büyük Boy Pizza,890.00
Domino's,Izmir,fast_food,https://www.dominos.com.tr,html,,1 Alana 1 Bedava Orta Boy Cazip Pizzalar + 1L İçecek,540.00
Domino's,Izmir,fast_food,https://www.dominos.com.tr,html,,1 Alana 1 Bedava Orta Boy Sevilen Pizzalar + 1L İçecek,580.00
Domino's,Izmir,fast_food,https://www.dominos.com.tr,html,,Büyük Boy Pizza Alana Coca-Cola Pet 1 L Bedava,480.00
Domino's,Izmir,fast_food,https://www.dominos.com.tr,html,,3 Orta Boy Pizza,850.00
Domino's,Izmir,fast_food,https://www.dominos.com.tr,html,,Pizza X-Large (12 Dilim),520.00
Domino's,Izmir,fast_food,https://www.dominos.com.tr,html,,Büyük Boy Pizzalar,480.00
Domino's,Izmir,fast_food,https://www.dominos.com.tr,html,,2 Orta Boy Pizza + 2 Çikolatalı Sufle + 2 Algida Maraş Cup,750.00
Domino's,Izmir,fast_food,https://www.dominos.com.tr,html,,Orta Boy Gurme Pizzalar,450.00
Domino's,Izmir,fast_food,https://www.dominos.com.tr,html,,2 Orta Boy Pan Pizza + 4’lü Cinnamon Roll,650.00
Domino's,Izmir,fast_food,https://www.dominos.com.tr,html,,Çikolatalı Sufle + Algida Maraş Cup,170.00
Domino's,Izmir,fast_food,https://www.dominos.com.tr,html,,Pizza X-Large (12 Dilim) Alana Coca-Cola 1 L Bedava,520.00
Domino's,Izmir,fast_food,https://www.dominos.com.tr,html,,2 Orta Boy Pizza + 4’lü Cinnamon Roll,610.00
Domino's,Izmir,fast_food,https://www.dominos.com.tr,html,,10'lu Domino's Roll + Coca-Cola Pet 330 ml,270.00
Domino's,Izmir,fast_food,https://www.dominos.com.tr,html,,Mixlarge Pizzalar,570.00
Domino's,Izmir,fast_food,https://www.dominos.com.tr,html,,3 Orta Boy Pizza + Tavuk + Patates + Coca-Cola 1 L,960.00
Domino's,Izmir,fast_food,https://www.dominos.com.tr,html,,3 Orta Boy Bol Malzemos,950.00
Domino's,Izmir,fast_food,https://www.dominos.com.tr,html,,Orta Boy Bol Malzemos + 330 ML İçecek + Seçili Lezzetler,480.00
Domino's,Izmir,fast_food,https://www.dominos.com.tr,html,,Pizza X-Large (12 Dilim) + Coca-Cola 1 L + Seçili Lezzetler,610.00
Domino's,Izmir,fast_food,https://www.dominos.com.tr,html,,2 Orta Boy Pan Pizza + Coca-Cola 1 L,630.00
Domino's,Izmir,fast_food,https://www.dominos.com.tr,html,,Büyük Boy Pizza + Coca-Cola 1 L + Seçili Lezzetler,620.00
Domino's,Izmir,fast_food,https://www.dominos.com.tr,html,,2 Çikolatalı Sufle + 2 Algida Maraş Cup,320.00
Domino's,Izmir,fast_food,https://www.dominos.com.tr,html,,4 Çikolatalı Sufle + 4 Algida Maraş Cup,620.00
Domino's,Izmir,fast_food,https://www.dominos.com.tr,html,,Büyük Boy Pizza + Çikolatalı Sufle + Algida Maraş Cup,590.00
Domino's,Izmir,fast_food,https://www.dominos.com.tr,html,,Büyük Boy Pizza + Tatlı + Coca-Cola 1 L,620.00
Domino's,Izmir,fast_food,https://www.dominos.com.tr,html,,Pizza X-Large + 8'li Cinnamon Roll,620.00
Domino's,Izmir,fast_food,https://www.dominos.com.tr,html,,Bol Peynirli Ekmek + 4'lü Cinnamon Roll + Algida Dondurma,320.00
Domino's,Izmir,fast_food,https://www.dominos.com.tr,html,,2 Büyük Boy Pizza + Coca-Cola 1 L,900.00
Domino's,Izmir,fast_food,https://www.dominos.com.tr,html,,Orta Boy Pan Pizza + Bol Malzemos,550.00
Domino's,Izmir,fast_food,https://www.dominos.com.tr,html,,4 Adet Pizzetta,600.00
Domino's,Izmir,fast_food,https://www.dominos.com.tr,html,,2 Orta Boy Bol Pan Pizza,560.00
Domino's,Izmir,fast_food,https://www.dominos.com.tr,html,,2 Orta Boy Pan Cazip Pizzalar,540.00
Domino's,Izmir,fast_food,https://www.dominos.com.tr,html,,Orta Boy Pizzalar,440.00
Domino's,Izmir,fast_food,https://www.dominos.com.tr,html,,Büyük Boy Pizza + 4'lü Cinnamon Roll,570.00
Domino's,Izmir,fast_food,https://www.dominos.com.tr,html,,Orta Boy Pizza + 4'lü Cinnamon Roll,470.00
Domino's,Izmir,fast_food,https://www.dominos.com.tr,html,,Orta Boy Pizza + Sufle + Algida,430.00
Domino's,Izmir,fast_food,https://www.dominos.com.tr,html,,Dürümos + Patates + Tavuk,210.00
Domino's,Izmir,fast_food,https://www.dominos.com.tr,html,,Tek Kişilik Pizzalar,310.00
Domino's,Izmir,fast_food,https://www.dominos.com.tr,html,,Orta Boy Pan Pizza,400.00
Domino's,Izmir,fast_food,https://www.dominos.com.tr,html,,Orta Boy Pan Pizza + Sos + Coca-Cola 330 ML,460.00
Domino's,Izmir,fast_food,https://www.dominos.com.tr,html,,Pizzetta + Patates + Tavuk + Coca-Cola 330 ML,340.00
Domino's,Izmir,fast_food,https://www.dominos.com.tr,html,,Dürümos + Coca-Cola 330 ML,200.00
Domino's,Izmir,fast_food,https://www.dominos.com.tr,html,,Tavuk Fırsatı,75.00
Domino's,Izmir,fast_food,https://www.dominos.com.tr,html,,Çıtır Karışık Kova Fırsatı,260.00
Domino's,Izmir,fast_food,https://www.dominos.com.tr,html,,2 Adet Dürümos,270.00
Domino's,Izmir,fast_food,https://www.dominos.com.tr,html,,Pizzetta + Bol Peynirli Ekmek,310.00
Domino's,Izmir,fast_food,https://www.dominos.com.tr,html,,2 Adet Pizzetta + Tavuk + Patates,370.00
Domino's,Izmir,fast_food,https://www.dominos.com.tr,html,,Combo Pizza X-Large,540.00
Domino's,Izmir,fast_food,https://www.dominos.com.tr,html,,Orta Boy Combo Pizza,390.00
Domino's,Izmir,fast_food,https://www.dominos.com.tr,html,,Büyük Boy Combo Pizza,510.00
Domino's,Izmir,fast_food,https://www.dominos.com.tr,html,,Tavuk Kova Fırsatı,155.00
Domino's,Izmir,fast_food,https://www.dominos.com.tr,html,,Dürümos + Sarımsaklı Ekmek + 10'lu Çıtır Tavuk Topları,220.00
Domino's,Izmir,fast_food,https://www.dominos.com.tr,html,,2 Adet Pizzetta,320.00
Domino's,Izmir,fast_food,https://www.dominos.com.tr,html,,2 Adet Pizzetta + Coca-Cola 1 L,410.00
Domino's,Izmir,fast_food,https://www.dominos.com.tr,html,,Pizzetta + Tavuk + Patates + Ayran + Boyama Defteri,270.00
Domino's,Izmir,fast_food,https://www.dominos.com.tr,html,,Patates Fırsatı,60.00
Domino's,Izmir,fast_food,https://www.dominos.com.tr,html,,Çıtır Tavuk Finger,85.00
Domino's,Izmir,fast_food,https://www.dominos.com.tr,html,,Çıtır Tavuk Topları,80.00
Domino's,Izmir,fast_food,https://www.dominos.com.tr,html,,Tavuk Parçaları,80.00
Domino's,Izmir,fast_food,https://www.dominos.com.tr,html,,Mantarsever,400.00
Domino's,Izmir,fast_food,https://www.dominos.com.tr,html,,"Sucuk , Mozarella Peyniri , Pizza Sos",400.00
Domino's,Izmir,fast_food,https://www.dominos.com.tr,html,,"Sucuk , Mısır , Mozarella Peyniri , Pizza Sos , Siyah Zeytin",400.00
Domino's,Izmir,fast_food,https://www.dominos.com.tr,html,,"Mozarella Peyniri , Pizza Sos",400.00
Domino's,Izmir,fast_food,https://www.dominos.com.tr,html,,"Mozzarella Peyniri , Pizza Sos, Sucuk, Mantar",480.00
Domino's,Izmir,fast_food,https://www.dominos.com.tr,html,,Bol Pan Pizza,480.00
Domino's,Izmir,fast_food,https://www.dominos.com.tr,html,,Süper Pan Pizza,480.00
Domino's,Izmir,fast_food,https://www.dominos.com.tr,html,,Bol Malzemos,445.00
Domino's,Izmir,fast_food,https://www.dominos.com.tr,html,,Karışık,445.00
Domino's,Izmir,fast_food,https://www.dominos.com.tr,html,,Bol Etli,445.00
Domino's,Izmir,fast_food,https://www.dominos.com.tr,html,,Vegi,445.00
Domino's,Izmir,fast_food,https://www.dominos.com.tr,html,,Italiano,445.00
Domino's,Izmir,fast_food,https://www.dominos.com.tr,html,,"Sucuk , Mozarella Peyniri , Pizza Sos , Sarımsak Sos",430.00
Domino's,Izmir,fast_food,https://www.dominos.com.tr,html,,"Sosis , Mısır , Mozarella Peyniri , Pizza Sos",430.00
Domino's,Izmir,fast_food,https://www.dominos.com.tr,html,,Süperos,430.00
Domino's,Izmir,fast_food,https://www.dominos.com.tr,html,,Sosyal,430.00
Domino's,Izmir,fast_food,https://www.dominos.com.tr,html,,Mixlarge Bol Etli,645.00
Domino's,Izmir,fast_food,https://www.dominos.com.tr,html,,Mixlarge Bol Malzeme,645.00
Domino's,Izmir,fast_food,https://www.dominos.com.tr,html,,Barbekü Soslu Tavuklu,460.00
Domino's,Izmir,fast_food,https://www.dominos.com.tr,html,,Tavuklu,460.00
Domino's,Izmir,fast_food,https://www.dominos.com.tr,html,,Extravaganzza,460.00
Domino's,Izmir,fast_food,https://www.dominos.com.tr,html,,Domino's Soslu Bol Malzemos,460.00
Domino's,Izmir,fast_food,https://www.dominos.com.tr,html,,Ballı Hardallı Tavuklu,460.00
Domino's,Izmir,fast_food,https://www.dominos.com.tr,html,,Üç Peynirli,485.00
Domino's,Izmir,fast_food,https://www.dominos.com.tr,html,,Konyalım,485.00
Domino's,Izmir,fast_food,https://www.dominos.com.tr,html,,Mangal Sucuklu,485.00
Domino's,Izmir,fast_food,https://www.dominos.com.tr,html,,Callypso,505.00
Domino's,Izmir,fast_food,https://www.dominos.com.tr,html,,Pastırma & Sucuk,505.00
Domino's,Izmir,fast_food,https://www.dominos.com.tr,html,,Ocakbaşı,505.00
Domino's,Izmir,fast_food,https://www.dominos.com.tr,html,,Cinnamon Roll,115.00
Domino's,Izmir,fast_food,https://www.dominos.com.tr,html,,"Pan hamur, sarımsak sos, cheddar, jalepeno",260.00
Domino's,Izmir,fast_food,https://www.dominos.com.tr,html,,"Pan hamur, sarımsak sos, cheddar, sucuk",260.00
Domino's,Izmir,fast_food,https://www.dominos.com.tr,html,,Tavuk & Patates Mix,185.00
Domino's,Izmir,fast_food,https://www.dominos.com.tr,html,,Algida Maraş Usulü Sade Dondurma 100 ml,60.00
Domino's,Izmir,fast_food,https://www.dominos.com.tr,html,,Algida Max Classics Vanilya,60.00
Domino's,Izmir,fast_food,https://www.dominos.com.tr,html,,42 gr,75.00
Domino's,Izmir,fast_food,https://www.dominos.com.tr,html,,Çikolatalı Sufle,150.00
Domino's,Izmir,fast_food,https://www.dominos.com.tr,html,,Algida Magnum Mini Badem,75.00
Domino's,Izmir,fast_food,https://www.dominos.com.tr,html,,Algida Max Classics Kakao,60.00
Domino's,Izmir,fast_food,https://www.dominos.com.tr,html,,Algida Cornetto Karadut,110.00
Domino's,Izmir,fast_food,https://www.dominos.com.tr,html,,Algida Magnum Sandwich,105.00
Domino's,Izmir,fast_food,https://www.dominos.com.tr,html,,Karışık Pizzetta,175.00
Domino's,Izmir,fast_food,https://www.dominos.com.tr,html,,"Mozzarella Peyniri, Pizza Sosu, Sucuk, Mantar, Yeşil Biber",175.00
Domino's,Izmir,fast_food,https://www.dominos.com.tr,html,,"Mozzarella Peyniri , Pizza Sos",175.00
Domino's,Izmir,fast_food,https://www.dominos.com.tr,html,,Sarımsaklı Ekmek 6 Dilim,70.00
Domino's,Izmir,fast_food,https://www.dominos.com.tr,html,,Sucuklu Bol Peynirli Ekmek 6 Dilim,255.00
Domino's,Izmir,fast_food,https://www.dominos.com.tr,html,,Bol Peynirli Ekmek 6 Dilim,250.00
Domino's,Izmir,fast_food,https://www.dominos.com.tr,html,,Coca-Cola 330 ML,130.00
Domino's,Izmir,fast_food,https://www.dominos.com.tr,html,,Coca-Cola 450 ML,130.00
Domino's,Izmir,fast_food,https://www.dominos.com.tr,html,,Coca-Cola 1 L,165.00
Domino's,Izmir,fast_food,https://www.dominos.com.tr,html,,Şekersiz 330 ML,130.00
Domino's,Izmir,fast_food,https://www.dominos.com.tr,html,,Şekersiz 450 ML,130.00
Domino's,Izmir,fast_food,https://www.dominos.com.tr,html,,Şekersiz 1 L,165.00
Domino's,Izmir,fast_food,https://www.dominos.com.tr,html,,FuseTea Şeftali 330 ML,130.00
Domino's,Izmir,fast_food,https://www.dominos.com.tr,html,,FuseTea Şeftali 1 L,165.00
Domino's,Izmir,fast_food,https://www.dominos.com.tr,html,,Sütaş Ayran 300 ML,60.00
Domino's,Izmir,fast_food,https://www.dominos.com.tr,html,,Sütaş Ayran 200 ML,55.00
Domino's,Izmir,fast_food,https://www.dominos.com.tr,html,,Sütaş Ayran 1 L,165.00
Domino's,Izmir,fast_food,https://www.dominos.com.tr,html,,"0,5 Lt Damla Su",35.00
Domino's,Izmir,fast_food,https://www.dominos.com.tr,html,,FuseTea Limon 330 ML,130.00
Domino's,Izmir,fast_food,https://www.dominos.com.tr,html,,FuseTea Limon 1 L,165.00
Domino's,Izmir,fast_food,https://www.dominos.com.tr,html,,Fanta 330 ML,130.00
Domino's,Izmir,fast_food,https://www.dominos.com.tr,html,,Fanta 1 L,165.00
Domino's,Izmir,fast_food,https://www.dominos.com.tr,html,,Sprite 330 ML,130.00
Domino's,Izmir,fast_food,https://www.dominos.com.tr,html,,Sprite 1 L,165.00
Domino's,Izmir,fast_food,https://www.dominos.com.tr,html,,Coca-Cola Light 330 ML,130.00
Domino's,Izmir,fast_food,https://www.dominos.com.tr,html,,Coca-Cola Light 1 L,165.00
Domino's,Izmir,fast_food,https://www.dominos.com.tr,html,,Cappy Şeftali,130.00
Domino's,Izmir,fast_food,https://www.dominos.com.tr,html,,Cappy Karışık,130.00
Domino's,Izmir,fast_food,https://www.dominos.com.tr,html,,Yoğurtlu Sos,40.00
Domino's,Izmir,fast_food,https://www.dominos.com.tr,html,,Meksika Sos,40.00
Domino's,Izmir,fast_food,https://www.dominos.com.tr,html,,Acı Sos,40.00
Domino's,Izmir,fast_food,https://www.dominos.com.tr,html,,Mayonez,5.00
Domino's,Izmir,fast_food,https://www.dominos.com.tr,html,,Ketçap,5.00
Domino's,Izmir,fast_food,https://www.dominos.com.tr,html,,80 gr.,85.00
Domino's,Izmir,fast_food,https://www.dominos.com.tr,html,,Kolombiya’ya özgü kahve çekirdeklerinden.,60.00
Domino's,Izmir,fast_food,https://www.dominos.com.tr,html,,1 Alana 1 Bedava - Orta Boy Cazip Pizzalar,440.00
Domino's,Izmir,fast_food,https://www.dominos.com.tr,html,,1 Alana 1 Bedava - Orta Boy Sevilen Pizzalar,480.00
Domino's,Izmir,fast_food,https://www.dominos.com.tr,html,,1 Alana 1 Bedava - Orta Boy Gurme Pizzalar,570.00
Domino's,Izmir,fast_food,https://www.dominos.com.tr,html,,1 Alana 1 Bedava Bol Peynirli Ekmek,250.00
Domino's,Izmir,fast_food,https://www.dominos.com.tr,html,,1 Alana 1 Bedava Çikolatalı Sufle,150.00
Domino's,Izmir,fast_food,https://www.dominos.com.tr,html,,1 Alana 1 Bedava 4'lü Cinnamon Roll,115.00
Domino's,Izmir,fast_food,https://www.dominos.com.tr,html,,1 Alana 1 Bedava 10'lu Çıtır Tavuk Topları,80.00
Domino's,Izmir,fast_food,https://www.dominos.com.tr,html,,1 Alana 1 Bedava İçecek,120.00
Domino's,Izmir,fast_food,https://www.dominos.com.tr,html,,2 Büyük Boy Cazip Pizza,780.00
Domino's,Izmir,fast_food,https://www.dominos.com.tr,html,,Sevilen 2 Büyük Boy Pizza,890.00
Domino's,Izmir,fast_food,https://www.dominos.com.tr,html,,1 Alana 1 Bedava Orta Boy Cazip Pizzalar + 1L İçecek,540.00
Domino's,Izmir,fast_food,https://www.dominos.com.tr,html,,1 Alana 1 Bedava Orta Boy Sevilen Pizzalar + 1L İçecek,580.00
Domino's,Izmir,fast_food,https://www.dominos.com.tr,html,,Büyük Boy Pizza Alana Coca-Cola Pet 1 L Bedava,480.00
Domino's,Izmir,fast_food,https://www.dominos.com.tr,html,,3 Orta Boy Pizza,850.00
Domino's,Izmir,fast_food,https://www.dominos.com.tr,html,,Pizza X-Large (12 Dilim),520.00
Domino's,Izmir,fast_food,https://www.dominos.com.tr,html,,Büyük Boy Pizzalar,480.00
Domino's,Izmir,fast_food,https://www.dominos.com.tr,html,,2 Orta Boy Pizza + 2 Çikolatalı Sufle + 2 Algida Maraş Cup,750.00
Domino's,Izmir,fast_food,https://www.dominos.com.tr,html,,Orta Boy Gurme Pizzalar,450.00
Domino's,Izmir,fast_food,https://www.dominos.com.tr,html,,2 Orta Boy Pan Pizza + 4’lü Cinnamon Roll,650.00
Domino's,Izmir,fast_food,https://www.dominos.com.tr,html,,Çikolatalı Sufle + Algida Maraş Cup,170.00
Domino's,Izmir,fast_food,https://www.dominos.com.tr,html,,Pizza X-Large (12 Dilim) Alana Coca-Cola 1 L Bedava,520.00
Domino's,Izmir,fast_food,https://www.dominos.com.tr,html,,2 Orta Boy Pizza + 4’lü Cinnamon Roll,610.00
Domino's,Izmir,fast_food,https://www.dominos.com.tr,html,,10'lu Domino's Roll + Coca-Cola Pet 330 ml,270.00
Domino's,Izmir,fast_food,https://www.dominos.com.tr,html,,Mixlarge Pizzalar,570.00
Domino's,Izmir,fast_food,https://www.dominos.com.tr,html,,3 Orta Boy Pizza + Tavuk + Patates + Coca-Cola 1 L,960.00
Domino's,Izmir,fast_food,https://www.dominos.com.tr,html,,3 Orta Boy Bol Malzemos,950.00
Domino's,Izmir,fast_food,https://www.dominos.com.tr,html,,Orta Boy Bol Malzemos + 330 ML İçecek + Seçili Lezzetler,480.00
Domino's,Izmir,fast_food,https://www.dominos.com.tr,html,,Pizza X-Large (12 Dilim) + Coca-Cola 1 L + Seçili Lezzetler,610.00
Domino's,Izmir,fast_food,https://www.dominos.com.tr,html,,2 Orta Boy Pan Pizza + Coca-Cola 1 L,630.00
Domino's,Izmir,fast_food,https://www.dominos.com.tr,html,,Büyük Boy Pizza + Coca-Cola 1 L + Seçili Lezzetler,620.00
Domino's,Izmir,fast_food,https://www.dominos.com.tr,html,,2 Çikolatalı Sufle + 2 Algida Maraş Cup,320.00
Domino's,Izmir,fast_food,https://www.dominos.com.tr,html,,4 Çikolatalı Sufle + 4 Algida Maraş Cup,620.00
Domino's,Izmir,fast_food,https://www.dominos.com.tr,html,,Büyük Boy Pizza + Çikolatalı Sufle + Algida Maraş Cup,590.00
Domino's,Izmir,fast_food,https://www.dominos.com.tr,html,,Büyük Boy Pizza + Tatlı + Coca-Cola 1 L,620.00
Domino's,Izmir,fast_food,https://www.dominos.com.tr,html,,Pizza X-Large + 8'li Cinnamon Roll,620.00
Domino's,Izmir,fast_food,https://www.dominos.com.tr,html,,Bol Peynirli Ekmek + 4'lü Cinnamon Roll + Algida Dondurma,320.00
Domino's,Izmir,fast_food,https://www.dominos.com.tr,html,,2 Büyük Boy Pizza + Coca-Cola 1 L,900.00
Domino's,Izmir,fast_food,https://www.dominos.com.tr,html,,Orta Boy Pan Pizza + Bol Malzemos,550.00
Domino's,Izmir,fast_food,https://www.dominos.com.tr,html,,4 Adet Pizzetta,600.00
Domino's,Izmir,fast_food,https://www.dominos.com.tr,html,,2 Orta Boy Bol Pan Pizza,560.00
Domino's,Izmir,fast_food,https://www.dominos.com.tr,html,,2 Orta Boy Pan Cazip Pizzalar,540.00
Domino's,Izmir,fast_food,https://www.dominos.com.tr,html,,Orta Boy Pizzalar,440.00
Domino's,Izmir,fast_food,https://www.dominos.com.tr,html,,Büyük Boy Pizza + 4'lü Cinnamon Roll,570.00
Domino's,Izmir,fast_food,https://www.dominos.com.tr,html,,Orta Boy Pizza + 4'lü Cinnamon Roll,470.00
Domino's,Izmir,fast_food,https://www.dominos.com.tr,html,,Orta Boy Pizza + Sufle + Algida,430.00
Domino's,Izmir,fast_food,https://www.dominos.com.tr,html,,Dürümos + Patates + Tavuk,210.00
Domino's,Izmir,fast_food,https://www.dominos.com.tr,html,,Tek Kişilik Pizzalar,310.00
Domino's,Izmir,fast_food,https://www.dominos.com.tr,html,,Orta Boy Pan Pizza,400.00
Domino's,Izmir,fast_food,https://www.dominos.com.tr,html,,Orta Boy Pan Pizza + Sos + Coca-Cola 330 ML,460.00
Domino's,Izmir,fast_food,https://www.dominos.com.tr,html,,Pizzetta + Patates + Tavuk + Coca-Cola 330 ML,340.00
Domino's,Izmir,fast_food,https://www.dominos.com.tr,html,,Dürümos + Coca-Cola 330 ML,200.00
Domino's,Izmir,fast_food,https://www.dominos.com.tr,html,,Tavuk Fırsatı,75.00
Domino's,Izmir,fast_food,https://www.dominos.com.tr,html,,Çıtır Karışık Kova Fırsatı,260.00
Domino's,Izmir,fast_food,https://www.dominos.com.tr,html,,2 Adet Dürümos,270.00
Domino's,Izmir,fast_food,https://www.dominos.com.tr,html,,Pizzetta + Bol Peynirli Ekmek,310.00
Domino's,Izmir,fast_food,https://www.dominos.com.tr,html,,2 Adet Pizzetta + Tavuk + Patates,370.00
Domino's,Izmir,fast_food,https://www.dominos.com.tr,html,,Combo Pizza X-Large,540.00
Domino's,Izmir,fast_food,https://www.dominos.com.tr,html,,Orta Boy Combo Pizza,390.00
Domino's,Izmir,fast_food,https://www.dominos.com.tr,html,,Büyük Boy Combo Pizza,510.00
Domino's,Izmir,fast_food,https://www.dominos.com.tr,html,,Tavuk Kova Fırsatı,155.00
Domino's,Izmir,fast_food,https://www.dominos.com.tr,html,,Dürümos + Sarımsaklı Ekmek + 10'lu Çıtır Tavuk Topları,220.00
Domino's,Izmir,fast_food,https://www.dominos.com.tr,html,,2 Adet Pizzetta,320.00
Domino's,Izmir,fast_food,https://www.dominos.com.tr,html,,2 Adet Pizzetta + Coca-Cola 1 L,410.00
Domino's,Izmir,fast_food,https://www.dominos.com.tr,html,,Pizzetta + Tavuk + Patates + Ayran + Boyama Defteri,270.00
Domino's,Izmir,fast_food,https://www.dominos.com.tr,html,,Patates Fırsatı,60.00
Domino's,Izmir,fast_food,https://www.dominos.com.tr,html,,Çıtır Tavuk Finger,85.00
Domino's,Izmir,fast_food,https://www.dominos.com.tr,html,,Çıtır Tavuk Topları,80.00
Domino's,Izmir,fast_food,https://www.dominos.com.tr,html,,Tavuk Parçaları,80.00
Domino's,Izmir,fast_food,https://www.dominos.com.tr,html,,Mantarsever,400.00
Domino's,Izmir,fast_food,https://www.dominos.com.tr,html,,"Sucuk , Mozarella Peyniri , Pizza Sos",400.00
Domino's,Izmir,fast_food,https://www.dominos.com.tr,html,,"Sucuk , Mısır , Mozarella Peyniri , Pizza Sos , Siyah Zeytin",400.00
Domino's,Izmir,fast_food,https://www.dominos.com.tr,html,,"Mozarella Peyniri , Pizza Sos",400.00
Domino's,Izmir,fast_food,https://www.dominos.com.tr,html,,"Mozzarella Peyniri , Pizza Sos, Sucuk, Mantar",480.00
Domino's,Izmir,fast_food,https://www.dominos.com.tr,html,,Bol Pan Pizza,480.00
Domino's,Izmir,fast_food,https://www.dominos.com.tr,html,,Süper Pan Pizza,480.00
Domino's,Izmir,fast_food,https://www.dominos.com.tr,html,,Bol Malzemos,445.00
Domino's,Izmir,fast_food,https://www.dominos.com.tr,html,,Karışık,445.00
Domino's,Izmir,fast_food,https://www.dominos.com.tr,html,,Bol Etli,445.00
Domino's,Izmir,fast_food,https://www.dominos.com.tr,html,,Vegi,445.00
Domino's,Izmir,fast_food,https://www.dominos.com.tr,html,,Italiano,445.00
Domino's,Izmir,fast_food,https://www.dominos.com.tr,html,,"Sucuk , Mozarella Peyniri , Pizza Sos , Sarımsak Sos",430.00
Domino's,Izmir,fast_food,https://www.dominos.com.tr,html,,"Sosis , Mısır , Mozarella Peyniri , Pizza Sos",430.00
Domino's,Izmir,fast_food,https://www.dominos.com.tr,html,,Süperos,430.00
Domino's,Izmir,fast_food,https://www.dominos.com.tr,html,,Sosyal,430.00
Domino's,Izmir,fast_food,https://www.dominos.com.tr,html,,Mixlarge Bol Etli,645.00
Domino's,Izmir,fast_food,https://www.dominos.com.tr,html,,Mixlarge Bol Malzeme,645.00
Domino's,Izmir,fast_food,https://www.dominos.com.tr,html,,Barbekü Soslu Tavuklu,460.00
Domino's,Izmir,fast_food,https://www.dominos.com.tr,html,,Tavuklu,460.00
Domino's,Izmir,fast_food,https://www.dominos.com.tr,html,,Extravaganzza,460.00
Domino's,Izmir,fast_food,https://www.dominos.com.tr,html,,Domino's Soslu Bol Malzemos,460.00
Domino's,Izmir,fast_food,https://www.dominos.com.tr,html,,Ballı Hardallı Tavuklu,460.00
Domino's,Izmir,fast_food,https://www.dominos.com.tr,html,,Üç Peynirli,485.00
Domino's,Izmir,fast_food,https://www.dominos.com.tr,html,,Konyalım,485.00
Domino's,Izmir,fast_food,https://www.dominos.com.tr,html,,Mangal Sucuklu,485.00
Domino's,Izmir,fast_food,https://www.dominos.com.tr,html,,Callypso,505.00
Domino's,Izmir,fast_food,https://www.dominos.com.tr,html,,Pastırma & Sucuk,505.00
Domino's,Izmir,fast_food,https://www.dominos.com.tr,html,,Ocakbaşı,505.00
Domino's,Izmir,fast_food,https://www.dominos.com.tr,html,,Cinnamon Roll,115.00
Domino's,Izmir,fast_food,https://www.dominos.com.tr,html,,"Pan hamur, sarımsak sos, cheddar, jalepeno",260.00
Domino's,Izmir,fast_food,https://www.dominos.com.tr,html,,"Pan hamur, sarımsak sos, cheddar, sucuk",260.00
Domino's,Izmir,fast_food,https://www.dominos.com.tr,html,,Tavuk & Patates Mix,185.00
Domino's,Izmir,fast_food,https://www.dominos.com.tr,html,,Algida Maraş Usulü Sade Dondurma 100 ml,60.00
Domino's,Izmir,fast_food,https://www.dominos.com.tr,html,,Algida Max Classics Vanilya,60.00
Domino's,Izmir,fast_food,https://www.dominos.com.tr,html,,42 gr,75.00
Domino's,Izmir,fast_food,https://www.dominos.com.tr,html,,Çikolatalı Sufle,150.00
Domino's,Izmir,fast_food,https://www.dominos.com.tr,html,,Algida Magnum Mini Badem,75.00
Domino's,Izmir,fast_food,https://www.dominos.com.tr,html,,Algida Max Classics Kakao,60.00
Domino's,Izmir,fast_food,https://www.dominos.com.tr,html,,Algida Cornetto Karadut,110.00
Domino's,Izmir,fast_food,https://www.dominos.com.tr,html,,Algida Magnum Sandwich,105.00
Domino's,Izmir,fast_food,https://www.dominos.com.tr,html,,Karışık Pizzetta,175.00
Domino's,Izmir,fast_food,https://www.dominos.com.tr,html,,"Mozzarella Peyniri, Pizza Sosu, Sucuk, Mantar, Yeşil Biber",175.00
Domino's,Izmir,fast_food,https://www.dominos.com.tr,html,,"Mozzarella Peyniri , Pizza Sos",175.00
Domino's,Izmir,fast_food,https://www.dominos.com.tr,html,,Sarımsaklı Ekmek 6 Dilim,70.00
Domino's,Izmir,fast_food,https://www.dominos.com.tr,html,,Sucuklu Bol Peynirli Ekmek 6 Dilim,255.00
Domino's,Izmir,fast_food,https://www.dominos.com.tr,html,,Bol Peynirli Ekmek 6 Dilim,250.00
Domino's,Izmir,fast_food,https://www.dominos.com.tr,html,,Coca-Cola 330 ML,130.00
Domino's,Izmir,fast_food,https://www.dominos.com.tr,html,,Coca-Cola 450 ML,130.00
Domino's,Izmir,fast_food,https://www.dominos.com.tr,html,,Coca-Cola 1 L,165.00
Domino's,Izmir,fast_food,https://www.dominos.com.tr,html,,Şekersiz 330 ML,130.00
Domino's,Izmir,fast_food,https://www.dominos.com.tr,html,,Şekersiz 450 ML,130.00
Domino's,Izmir,fast_food,https://www.dominos.com.tr,html,,Şekersiz 1 L,165.00
Domino's,Izmir,fast_food,https://www.dominos.com.tr,html,,FuseTea Şeftali 330 ML,130.00
Domino's,Izmir,fast_food,https://www.dominos.com.tr,html,,FuseTea Şeftali 1 L,165.00
Domino's,Izmir,fast_food,https://www.dominos.com.tr,html,,Sütaş Ayran 300 ML,60.00
Domino's,Izmir,fast_food,https://www.dominos.com.tr,html,,Sütaş Ayran 200 ML,55.00
Domino's,Izmir,fast_food,https://www.dominos.com.tr,html,,Sütaş Ayran 1 L,165.00
Domino's,Izmir,fast_food,https://www.dominos.com.tr,html,,"0,5 Lt Damla Su",35.00
Domino's,Izmir,fast_food,https://www.dominos.com.tr,html,,FuseTea Limon 330 ML,130.00
Domino's,Izmir,fast_food,https://www.dominos.com.tr,html,,FuseTea Limon 1 L,165.00
Domino's,Izmir,fast_food,https://www.dominos.com.tr,html,,Fanta 330 ML,130.00
Domino's,Izmir,fast_food,https://www.dominos.com.tr,html,,Fanta 1 L,165.00
Domino's,Izmir,fast_food,https://www.dominos.com.tr,html,,Sprite 330 ML,130.00
Domino's,Izmir,fast_food,https://www.dominos.com.tr,html,,Sprite 1 L,165.00
Domino's,Izmir,fast_food,https://www.dominos.com.tr,html,,Coca-Cola Light 330 ML,130.00
Domino's,Izmir,fast_food,https://www.dominos.com.tr,html,,Coca-Cola Light 1 L,165.00
Domino's,Izmir,fast_food,https://www.dominos.com.tr,html,,Cappy Şeftali,130.00
Domino's,Izmir,fast_food,https://www.dominos.com.tr,html,,Cappy Karışık,130.00
Domino's,Izmir,fast_food,https://www.dominos.com.tr,html,,Yoğurtlu Sos,40.00
Domino's,Izmir,fast_food,https://www.dominos.com.tr,html,,Meksika Sos,40.00
Domino's,Izmir,fast_food,https://www.dominos.com.tr,html,,Acı Sos,40.00
Domino's,Izmir,fast_food,https://www.dominos.com.tr,html,,Mayonez,5.00
Domino's,Izmir,fast_food,https://www.dominos.com.tr,html,,Ketçap,5.00
Domino's,Izmir,fast_food,https://www.dominos.com.tr,html,,80 gr.,85.00
Domino's,Izmir,fast_food,https://www.dominos.com.tr,html,,Kolombiya’ya özgü kahve çekirdeklerinden.,60.00
Marache Coffee,Izmir,cafe,https://marachecoffee.com.tr,woo,Coffee beans,Breakfast blend,69.00
Marache Coffee,Izmir,cafe,https://marachecoffee.com.tr,woo,Coffee drinks,Brazil cerrado,89.00
Marache Coffee,Izmir,cafe,https://marachecoffee.com.tr,woo,Coffee beans,Ethiopian yirgacheffe,49.00
Marache Coffee,Izmir,cafe,https://marachecoffee.com.tr,woo,Coffee drinks,Colombian supremo,39.00
Marache Coffee,Izmir,cafe,https://marachecoffee.com.tr,woo,Coffee beans,Kenya AA,59.00
Marache Coffee,Izmir,cafe,https://marachecoffee.com.tr,woo,Coffee drinks,Cold brew coarse,49.00
Marache Coffee,Izmir,cafe,https://marachecoffee.com.tr,woo,Coffee drinks,Costa Rica la cascada,89.00
Marache Coffee,Izmir,cafe,https://marachecoffee.com.tr,woo,Coffee drinks,Organic origin blend,69.00
Marache Coffee,Izmir,cafe,https://marachecoffee.com.tr,woo,Sweets,Dark chocolate,19.00
Marache Coffee,Izmir,cafe,https://marachecoffee.com.tr,woo,Sweets,Hazel nut chocolate,29.00
Marache Coffee,Izmir,cafe,https://marachecoffee.com.tr,woo,Sweets,Milk chocolate,19.00
Marache Coffee,Izmir,cafe,https://marachecoffee.com.tr,woo,Sweets,Spicy chocolate,39.00
Marache Coffee,Izmir,cafe,https://marachecoffee.com.tr,woo,Sweets,Berry chocolate,29.00
Marache Coffee,Izmir,cafe,https://marachecoffee.com.tr,woo,Tea,Herbal infusion,29.00
Marache Coffee,Izmir,cafe,https://marachecoffee.com.tr,woo,Tea,Green tea,19.00
Marache Coffee,Izmir,cafe,https://marachecoffee.com.tr,woo,Tea,Fruit infusion,39.00
Marache Coffee,Izmir,cafe,https://marachecoffee.com.tr,woo,Tea,Chai,19.00
Marache Coffee,Izmir,cafe,https://marachecoffee.com.tr,woo,Bistro,Chinese beef,59.00
Marache Coffee,Izmir,cafe,https://marachecoffee.com.tr,woo,Bistro,Fresh hummus,49.00
Marache Coffee,Izmir,cafe,https://marachecoffee.com.tr,woo,Bistro,Farfalle pasta,39.00
Marache Coffee,Izmir,cafe,https://marachecoffee.com.tr,woo,Bistro,Mozarella pizza,19.00
Marache Coffee,Izmir,cafe,https://marachecoffee.com.tr,woo,Bistro,Chicken salad,29.00
Marache Coffee,Izmir,cafe,https://marachecoffee.com.tr,woo,Bistro,Greek salad with pasta,19.00
Milos Balık,Izmir,restaurant,https://milos.com.tr,html,,Groza,690.00
Milos Balık,Izmir,restaurant,https://milos.com.tr,html,,Spice On Fire,650.00
Milos Balık,Izmir,restaurant,https://milos.com.tr,html,,Aegean Brezee,650.00
Milos Balık,Izmir,restaurant,https://milos.com.tr,html,,Pistachio Sour,600.00
Milos Balık,Izmir,restaurant,https://milos.com.tr,html,,Euphoria,730.00
Milos Balık,Izmir,restaurant,https://milos.com.tr,html,,Burgundy Sour,650.00
Milos Balık,Izmir,restaurant,https://milos.com.tr,html,,Mystic Green,650.00
Milos Balık,Izmir,restaurant,https://milos.com.tr,html,,Long Island Iced Tea,600.00
Milos Balık,Izmir,restaurant,https://milos.com.tr,html,,Margarita,600.00
Milos Balık,Izmir,restaurant,https://milos.com.tr,html,,Aperol Spritz,600.00
Milos Balık,Izmir,restaurant,https://milos.com.tr,html,,Espresso Martini,600.00
Milos Balık,Izmir,restaurant,https://milos.com.tr,html,,Anatolian Martini,600.00
Milos Balık,Izmir,restaurant,https://milos.com.tr,html,,Porn Star,600.00
Milos Balık,Izmir,restaurant,https://milos.com.tr,html,,Cosmopolitan,600.00
Milos Balık,Izmir,restaurant,https://milos.com.tr,html,,Negroni,600.00
Milos Balık,Izmir,restaurant,https://milos.com.tr,html,,Cin Basil,600.00
Milos Balık,Izmir,restaurant,https://milos.com.tr,html,,Whisky Sour,600.00
Milos Balık,Izmir,restaurant,https://milos.com.tr,html,,Vinkara Minoj Kalecik Karası Roze,350.00
Milos Balık,Izmir,restaurant,https://milos.com.tr,html,,Vinkara Atelier Hasandede,380.00
Milos Balık,Izmir,restaurant,https://milos.com.tr,html,,Vinkara Grand Reserve Albrello Kalecik Karası,490.00
Milos Balık,Izmir,restaurant,https://milos.com.tr,html,,"Urla&Vourla, 2021",400.00
Milos Balık,Izmir,restaurant,https://milos.com.tr,html,,Efes Pilsen 50cl,250.00
Milos Balık,Izmir,restaurant,https://milos.com.tr,html,,Efes Malt 50cl,250.00
Milos Balık,Izmir,restaurant,https://milos.com.tr,html,,Efes Green Özel Seri 50cl,250.00
Milos Balık,Izmir,restaurant,https://milos.com.tr,html,,Efes Glutensiz 50cl,300.00
Milos Balık,Izmir,restaurant,https://milos.com.tr,html,,Bomonti 50cl,250.00
Milos Balık,Izmir,restaurant,https://milos.com.tr,html,,Stella 44cl,300.00
Milos Balık,Izmir,restaurant,https://milos.com.tr,html,,Miller 50cl,280.00
Milos Balık,Izmir,restaurant,https://milos.com.tr,html,,Corona 33cl,330.00
Milos Balık,Izmir,restaurant,https://milos.com.tr,html,,Bud 50cl,280.00
Milos Balık,Izmir,restaurant,https://milos.com.tr,html,,Becks 50cl,270.00
Milos Balık,Izmir,restaurant,https://milos.com.tr,html,,Belfast 50cl,280.00
Milos Balık,Izmir,restaurant,https://milos.com.tr,html,,Türk Kahvesi,140.00
Milos Balık,Izmir,restaurant,https://milos.com.tr,html,,Double Türk Kahvesi,180.00
Milos Balık,Izmir,restaurant,https://milos.com.tr,html,,Damla Sakızlı Türk Kahvesi,160.00
Milos Balık,Izmir,restaurant,https://milos.com.tr,html,,Double Damla Sakızlı Türk Kahvesi,200.00
Milos Balık,Izmir,restaurant,https://milos.com.tr,html,,Espresso,140.00
Milos Balık,Izmir,restaurant,https://milos.com.tr,html,,Double Espresso,180.00
Milos Balık,Izmir,restaurant,https://milos.com.tr,html,,Filtre,170.00
Milos Balık,Izmir,restaurant,https://milos.com.tr,html,,Americano,170.00
Milos Balık,Izmir,restaurant,https://milos.com.tr,html,,Latte,200.00
Milos Balık,Izmir,restaurant,https://milos.com.tr,html,,Cappucino,200.00
Milos Balık,Izmir,restaurant,https://milos.com.tr,html,,Flat White,200.00
Milos Balık,Izmir,restaurant,https://milos.com.tr,html,,İce Americano,220.00
Milos Balık,Izmir,restaurant,https://milos.com.tr,html,,İce Latte,250.00
Milos Balık,Izmir,restaurant,https://milos.com.tr,html,,İce Cappucino,250.00
Milos Balık,Izmir,restaurant,https://milos.com.tr,html,,Affagato,290.00
Milos Balık,Izmir,restaurant,https://milos.com.tr,html,,Soft İçecekler,50.00
Milos Balık,Izmir,restaurant,https://milos.com.tr,html,,Soda,70.00
Milos Balık,Izmir,restaurant,https://milos.com.tr,html,,Çay,60.00
Milos Balık,Izmir,restaurant,https://milos.com.tr,html,,Fincan Çay,80.00
Milos Balık,Izmir,restaurant,https://milos.com.tr,html,,Ayran,100.00
Milos Balık,Izmir,restaurant,https://milos.com.tr,html,,Naneli/ Fesleğenli Ayran,150.00
Milos Balık,Izmir,restaurant,https://milos.com.tr,html,,Churchill,150.00
Milos Balık,Izmir,restaurant,https://milos.com.tr,html,,⭐ Favori,300.00
Milos Balık,Izmir,restaurant,https://milos.com.tr,html,,Cold Berry,300.00
Milos Balık,Izmir,restaurant,https://milos.com.tr,html,,Cool Passion,300.00
Milos Balık,Izmir,restaurant,https://milos.com.tr,html,,Virgin Mojito,300.00
Milos Balık,Izmir,restaurant,https://milos.com.tr,html,,Vanilya Milkshake,300.00
Milos Balık,Izmir,restaurant,https://milos.com.tr,html,,Çikolata Milkshake,300.00
Milos Balık,Izmir,restaurant,https://milos.com.tr,html,,A. Fıstık Milkshake,330.00
Milos Balık,Izmir,restaurant,https://milos.com.tr,html,,Oreo Milkshake,330.00
Milos Balık,Izmir,restaurant,https://milos.com.tr,html,,Coca Cola,100.00
Milos Balık,Izmir,restaurant,https://milos.com.tr,html,,Cola Zero,100.00
Milos Balık,Izmir,restaurant,https://milos.com.tr,html,,Fanta,100.00
Milos Balık,Izmir,restaurant,https://milos.com.tr,html,,Sprite,100.00
Milos Balık,Izmir,restaurant,https://milos.com.tr,html,,Fusetea Şeftali,100.00
Milos Balık,Izmir,restaurant,https://milos.com.tr,html,,Redbull,150.00
Milos Balık,Izmir,restaurant,https://milos.com.tr,html,,Sriracha 🌶️,25.00
Milos Balık,Izmir,restaurant,https://milos.com.tr,html,,Acı Bal 🌶️,25.00
Milos Balık,Izmir,restaurant,https://milos.com.tr,html,,Ballı Hardal,25.00
Milos Balık,Izmir,restaurant,https://milos.com.tr,html,,Burger Sos,25.00
Milos Balık,Izmir,restaurant,https://milos.com.tr,html,,Cheddar Sos,25.00
Milos Balık,Izmir,restaurant,https://milos.com.tr,html,,Naneli Yoğurt Sos,25.00
Milos Balık,Izmir,restaurant,https://milos.com.tr,html,,Acı Mayonez 🌶️,25.00
Milos Balık,Izmir,restaurant,https://milos.com.tr,html,,Sarımsaklı Mayonez,25.00
Milos Balık,Izmir,restaurant,https://milos.com.tr,html,,Trüflü Mayonez,25.00
Milos Balık,Izmir,restaurant,https://milos.com.tr,html,,(60gr.),170.00
Milos Balık,Izmir,restaurant,https://milos.com.tr,html,,Üçlü Çerez Tabağı,400.00
Milos Balık,Izmir,restaurant,https://milos.com.tr,html,,Sade,200.00
Milos Balık,Izmir,restaurant,https://milos.com.tr,html,,Cheddar Soslu,250.00
Milos Balık,Izmir,restaurant,https://milos.com.tr,html,,Trüflü & Parmesanlı,350.00
Milos Balık,Izmir,restaurant,https://milos.com.tr,html,,(130gr),390.00
Milos Balık,Izmir,restaurant,https://milos.com.tr,html,,(125gr),690.00
Milos Balık,Izmir,restaurant,https://milos.com.tr,html,,Taco,450.00
Milos Balık,Izmir,restaurant,https://milos.com.tr,html,,Milo's Nachos,400.00
Milos Balık,Izmir,restaurant,https://milos.com.tr,html,,(110gr),470.00
Milos Balık,Izmir,restaurant,https://milos.com.tr,html,,(115gr),710.00
Milos Balık,Izmir,restaurant,https://milos.com.tr,html,,Formaggi,650.00
Milos Balık,Izmir,restaurant,https://milos.com.tr,html,,🔥 Popüler,710.00
Milos Balık,Izmir,restaurant,https://milos.com.tr,html,,Tiftik,890.00
Milos Balık,Izmir,restaurant,https://milos.com.tr,html,,Crispy Chicken,590.00
Milos Balık,Izmir,restaurant,https://milos.com.tr,html,,👨‍🍳 Şefin Tavsiyesi,810.00
Milos Balık,Izmir,restaurant,https://milos.com.tr,html,,Milos Karışık,590.00
Milos Balık,Izmir,restaurant,https://milos.com.tr,html,,Fettuccine Alfredo,450.00
Milos Balık,Izmir,restaurant,https://milos.com.tr,html,,Penne Arabiata 🌶️,400.00
Milos Balık,Izmir,restaurant,https://milos.com.tr,html,,Pesto Soslu Penne,400.00
Milos Balık,Izmir,restaurant,https://milos.com.tr,html,,Kinoa Salata,350.00
Milos Balık,Izmir,restaurant,https://milos.com.tr,html,,Izgara Hellim Salata,350.00
Milos Balık,Izmir,restaurant,https://milos.com.tr,html,,(100 gr.),120.00
Milos Balık,Izmir,restaurant,https://milos.com.tr,html,,Meyve Tabağı (Mevsimine Göre),500.00
Milos Balık,Izmir,restaurant,https://milos.com.tr,html,,Tiramisu,420.00
moodurla.,Izmir,cafe,https://www.moodurla.com,html,,Sadece,28800.00
moodurla.,Izmir,cafe,https://www.moodurla.com,html,,Vergiler Hariç,24000.00
Oz ızmir Lokma,Izmir,restaurant,https://www.ozlokma.com,html,,300 Kişilik İzmir lokma fiyatı,300.00
Oz ızmir Lokma,Izmir,restaurant,https://www.ozlokma.com,html,,400 Kişilik İzmir lokma fiyatı,350.00
Oz ızmir Lokma,Izmir,restaurant,https://www.ozlokma.com,html,,500 Kişilik İzmir lokma fiyatı,400.00
Pablo Artisan Coffee,Izmir,cafe,https://pabloartisancoffee.com,html,,Colombia Nitelikli Çekirdek Kahve,576.00
Pablo Artisan Coffee,Izmir,cafe,https://pabloartisancoffee.com,html,,Normal fiyat,640.00
Pablo Artisan Coffee,Izmir,cafe,https://pabloartisancoffee.com,html,,El Salvador Nitelikli Çekirdek Kahve,576.00
Pablo Artisan Coffee,Izmir,cafe,https://pabloartisancoffee.com,html,,Energy Extra Shot,999.00
Pablo Artisan Coffee,Izmir,cafe,https://pabloartisancoffee.com,html,,Ethiopia Nitelikli Çekirdek Kahve,576.00
Pablo Artisan Coffee,Izmir,cafe,https://pabloartisancoffee.com,html,,Mood Extra Shot,999.00
Pablo Artisan Coffee,Izmir,cafe,https://pabloartisancoffee.com,html,,Morning Nitelikli Çekirdek Kahve,576.00
Pablo Artisan Coffee,Izmir,cafe,https://pabloartisancoffee.com,html,,Nicaragua Nitelikli Çekirdek Kahve,576.00
Pablo Artisan Coffee,Izmir,cafe,https://pabloartisancoffee.com,html,,Pablo Kapsül Kahveler,250.00
Pablo Artisan Coffee,Izmir,cafe,https://pabloartisancoffee.com,html,,Pablo Lip Balm - Dudak Nemlendirici ve Koruyucu,170.00
Pizza Tomato,Izmir,restaurant,https://www.pizzatomato.com.tr,html,,Küçük Boy Cazip veya Klasik Pizza + Patates + Pepsi,275.00
Pizza Tomato,Izmir,restaurant,https://www.pizzatomato.com.tr,html,,2 Adet Küçük Boy Cazip veya Klasik Pizza,410.00
Pizza Tomato,Izmir,restaurant,https://www.pizzatomato.com.tr,html,,Orta Boy Cazip veya Klasik Pizza + Patates + Kutu Pepsi,345.00
Pizza Tomato,Izmir,restaurant,https://www.pizzatomato.com.tr,html,,2 Adet Orta Boy Cazip veya Klasik Pizza,545.00
Pizza Tomato,Izmir,restaurant,https://www.pizzatomato.com.tr,html,,"Dilediğin 3 Adet Orta Boy, Cazip veya Klasik Pizza",795.00
Pizza Tomato,Izmir,restaurant,https://www.pizzatomato.com.tr,html,,Büyük Boy Cazip veya Klasik Pizza + Patates + 1Lt. Pepsi,610.00
Pizza Tomato,Izmir,restaurant,https://www.pizzatomato.com.tr,html,,2 Adet Büyük Boy Cazip veya Klasik Pizza,610.00
Pizza Tomato,Izmir,restaurant,https://www.pizzatomato.com.tr,html,,Aile Menü,780.00
Pizza Tomato,Izmir,restaurant,https://www.pizzatomato.com.tr,html,,En Büyük Boy Cazip veya Klasik Pizza + Patates + 1Lt. Pepsi,685.00
Simge Balık Restoran,Izmir,restaurant,https://simgerestoran.qrdata.com.tr,html,,D. Börülce,495.00
Simge Balık Restoran,Izmir,restaurant,https://simgerestoran.qrdata.com.tr,html,,Gelincik Mezesi,445.00
Simge Balık Restoran,Izmir,restaurant,https://simgerestoran.qrdata.com.tr,html,,Izgara Peynir,245.00
Simge Balık Restoran,Izmir,restaurant,https://simgerestoran.qrdata.com.tr,html,,Peynir-Akdu Ezine,245.00
Simge Balık Restoran,Izmir,restaurant,https://simgerestoran.qrdata.com.tr,html,,Fava Tekmil,395.00
Simge Balık Restoran,Izmir,restaurant,https://simgerestoran.qrdata.com.tr,html,,Simge Meze,445.00
Simge Balık Restoran,Izmir,restaurant,https://simgerestoran.qrdata.com.tr,html,,Girit Atomu,445.00
Simge Balık Restoran,Izmir,restaurant,https://simgerestoran.qrdata.com.tr,html,,Patlıcan ezme,395.00
Simge Balık Restoran,Izmir,restaurant,https://simgerestoran.qrdata.com.tr,html,,Patlıcan söğürme,445.00
Simge Balık Restoran,Izmir,restaurant,https://simgerestoran.qrdata.com.tr,html,,Patlıcan Tarator,395.00
Simge Balık Restoran,Izmir,restaurant,https://simgerestoran.qrdata.com.tr,html,,Köpeoğlu,395.00
Simge Balık Restoran,Izmir,restaurant,https://simgerestoran.qrdata.com.tr,html,,Şakşuka,395.00
Simge Balık Restoran,Izmir,restaurant,https://simgerestoran.qrdata.com.tr,html,,Fava Sade,395.00
Simge Balık Restoran,Izmir,restaurant,https://simgerestoran.qrdata.com.tr,html,,Girit Ezme,445.00
Simge Balık Restoran,Izmir,restaurant,https://simgerestoran.qrdata.com.tr,html,,Girit Haydari,445.00
Simge Balık Restoran,Izmir,restaurant,https://simgerestoran.qrdata.com.tr,html,,Girit Peyniri,445.00
Simge Balık Restoran,Izmir,restaurant,https://simgerestoran.qrdata.com.tr,html,,Kavun-Peynir,395.00
Simge Balık Restoran,Izmir,restaurant,https://simgerestoran.qrdata.com.tr,html,,Midye Dolma,445.00
Simge Balık Restoran,Izmir,restaurant,https://simgerestoran.qrdata.com.tr,html,,Semiz Otu,395.00
Simge Balık Restoran,Izmir,restaurant,https://simgerestoran.qrdata.com.tr,html,,Şinanay,395.00
Simge Balık Restoran,Izmir,restaurant,https://simgerestoran.qrdata.com.tr,html,,Karışık Ot Tabağı,695.00
Simge Balık Restoran,Izmir,restaurant,https://simgerestoran.qrdata.com.tr,html,,Komple Söğuş,395.00
Simge Balık Restoran,Izmir,restaurant,https://simgerestoran.qrdata.com.tr,html,,Kuru Cacık,395.00
Simge Balık Restoran,Izmir,restaurant,https://simgerestoran.qrdata.com.tr,html,,Levrek Marin,895.00
Simge Balık Restoran,Izmir,restaurant,https://simgerestoran.qrdata.com.tr,html,,Çiroz,695.00
Simge Balık Restoran,Izmir,restaurant,https://simgerestoran.qrdata.com.tr,html,,Kaya Koruğu Otu,445.00
Simge Balık Restoran,Izmir,restaurant,https://simgerestoran.qrdata.com.tr,html,,Kuru Bölürce,395.00
Simge Balık Restoran,Izmir,restaurant,https://simgerestoran.qrdata.com.tr,html,,Lakerda,795.00
Simge Balık Restoran,Izmir,restaurant,https://simgerestoran.qrdata.com.tr,html,,Ordövr Tabağı,895.00
Simge Balık Restoran,Izmir,restaurant,https://simgerestoran.qrdata.com.tr,html,,Pancar,395.00
Simge Balık Restoran,Izmir,restaurant,https://simgerestoran.qrdata.com.tr,html,,abagannuş,395.00
Simge Balık Restoran,Izmir,restaurant,https://simgerestoran.qrdata.com.tr,html,,akya PASTIRMASI,645.00
Simge Balık Restoran,Izmir,restaurant,https://simgerestoran.qrdata.com.tr,html,,anne turşu,395.00
Simge Balık Restoran,Izmir,restaurant,https://simgerestoran.qrdata.com.tr,html,,"Atatürk ,ün Mezesi",445.00
Simge Balık Restoran,Izmir,restaurant,https://simgerestoran.qrdata.com.tr,html,,avakado ezme,495.00
Simge Balık Restoran,Izmir,restaurant,https://simgerestoran.qrdata.com.tr,html,,avakadolu karides,995.00
Simge Balık Restoran,Izmir,restaurant,https://simgerestoran.qrdata.com.tr,html,,Brokoli,395.00
Simge Balık Restoran,Izmir,restaurant,https://simgerestoran.qrdata.com.tr,html,,Cibes,395.00
Simge Balık Restoran,Izmir,restaurant,https://simgerestoran.qrdata.com.tr,html,,cunda ezme,445.00
Simge Balık Restoran,Izmir,restaurant,https://simgerestoran.qrdata.com.tr,html,,Deniz Fasülyesi,395.00
Simge Balık Restoran,Izmir,restaurant,https://simgerestoran.qrdata.com.tr,html,,enginar ızgara,595.00
Simge Balık Restoran,Izmir,restaurant,https://simgerestoran.qrdata.com.tr,html,,Fava karamelize soğanlı,445.00
Simge Balık Restoran,Izmir,restaurant,https://simgerestoran.qrdata.com.tr,html,,Fesleğenli Levrek Marin,895.00
Simge Balık Restoran,Izmir,restaurant,https://simgerestoran.qrdata.com.tr,html,,Fırın Enginar,295.00
Simge Balık Restoran,Izmir,restaurant,https://simgerestoran.qrdata.com.tr,html,,Isırgan Salatası,445.00
Simge Balık Restoran,Izmir,restaurant,https://simgerestoran.qrdata.com.tr,html,,isli hamsi,645.00
Simge Balık Restoran,Izmir,restaurant,https://simgerestoran.qrdata.com.tr,html,,islimidye,795.00
Simge Balık Restoran,Izmir,restaurant,https://simgerestoran.qrdata.com.tr,html,,kabak çiçeği,445.00
Simge Balık Restoran,Izmir,restaurant,https://simgerestoran.qrdata.com.tr,html,,PANCAR SALATASI,395.00
Simge Balık Restoran,Izmir,restaurant,https://simgerestoran.qrdata.com.tr,html,,Past.Humus Güvç,695.00
Simge Balık Restoran,Izmir,restaurant,https://simgerestoran.qrdata.com.tr,html,,PATLICAN Sogürme,445.00
Simge Balık Restoran,Izmir,restaurant,https://simgerestoran.qrdata.com.tr,html,,Peynir Tabağı,895.00
Simge Balık Restoran,Izmir,restaurant,https://simgerestoran.qrdata.com.tr,html,,sade Hamsi marin,645.00
Simge Balık Restoran,Izmir,restaurant,https://simgerestoran.qrdata.com.tr,html,,şevketi bostan zeytinyağlı,645.00
Simge Balık Restoran,Izmir,restaurant,https://simgerestoran.qrdata.com.tr,html,,Simge Ezme,445.00
Simge Balık Restoran,Izmir,restaurant,https://simgerestoran.qrdata.com.tr,html,,Soslu Hamsi Marin,645.00
Simge Balık Restoran,Izmir,restaurant,https://simgerestoran.qrdata.com.tr,html,,Tarla Bölürce,395.00
Simge Balık Restoran,Izmir,restaurant,https://simgerestoran.qrdata.com.tr,html,,Tulum Peynir,245.00
Simge Balık Restoran,Izmir,restaurant,https://simgerestoran.qrdata.com.tr,html,,turpotu,395.00
Simge Balık Restoran,Izmir,restaurant,https://simgerestoran.qrdata.com.tr,html,,Zeytin Hurma,395.00
Simge Balık Restoran,Izmir,restaurant,https://simgerestoran.qrdata.com.tr,html,,Zeytinyağlı Bakla,445.00
Simge Balık Restoran,Izmir,restaurant,https://simgerestoran.qrdata.com.tr,html,,Zeytinyağlı Enginar,595.00
Simge Balık Restoran,Izmir,restaurant,https://simgerestoran.qrdata.com.tr,html,,Çoban Salatası,495.00
Simge Balık Restoran,Izmir,restaurant,https://simgerestoran.qrdata.com.tr,html,,Gavurdağ Salatası,595.00
Simge Balık Restoran,Izmir,restaurant,https://simgerestoran.qrdata.com.tr,html,,KARIŞIK Salata,495.00
Simge Balık Restoran,Izmir,restaurant,https://simgerestoran.qrdata.com.tr,html,,Kaşık SalATA,495.00
Simge Balık Restoran,Izmir,restaurant,https://simgerestoran.qrdata.com.tr,html,,Roka Salatası,495.00
Simge Balık Restoran,Izmir,restaurant,https://simgerestoran.qrdata.com.tr,html,,Yeşil Salata,495.00
Simge Balık Restoran,Izmir,restaurant,https://simgerestoran.qrdata.com.tr,html,,Mevsim Salatası,495.00
Simge Balık Restoran,Izmir,restaurant,https://simgerestoran.qrdata.com.tr,html,,Peynirli Mevsim Salata,695.00
Simge Balık Restoran,Izmir,restaurant,https://simgerestoran.qrdata.com.tr,html,,Peynirli Çoban Salata,695.00
Simge Balık Restoran,Izmir,restaurant,https://simgerestoran.qrdata.com.tr,html,,Peynirli Kaşık Salata,695.00
Simge Balık Restoran,Izmir,restaurant,https://simgerestoran.qrdata.com.tr,html,,Peynirli Roka Salata,695.00
Simge Balık Restoran,Izmir,restaurant,https://simgerestoran.qrdata.com.tr,html,,Peynirli Yeşil Salata,695.00
Simge Balık Restoran,Izmir,restaurant,https://simgerestoran.qrdata.com.tr,html,,peynirli roka salatası domts,695.00
Simge Balık Restoran,Izmir,restaurant,https://simgerestoran.qrdata.com.tr,html,,DUBLE Çoban Salatası,895.00
Simge Balık Restoran,Izmir,restaurant,https://simgerestoran.qrdata.com.tr,html,,DUBLE Karışık Salata,895.00
Simge Balık Restoran,Izmir,restaurant,https://simgerestoran.qrdata.com.tr,html,,DUBLE Kaşık Salata,895.00
Simge Balık Restoran,Izmir,restaurant,https://simgerestoran.qrdata.com.tr,html,,DUBLE Mevsim Salatası,895.00
Simge Balık Restoran,Izmir,restaurant,https://simgerestoran.qrdata.com.tr,html,,DUBLE Roka Salatası,895.00
Simge Balık Restoran,Izmir,restaurant,https://simgerestoran.qrdata.com.tr,html,,DUBLE Yeşil Salata,895.00
Simge Balık Restoran,Izmir,restaurant,https://simgerestoran.qrdata.com.tr,html,,İstanbul Salata,495.00
Simge Balık Restoran,Izmir,restaurant,https://simgerestoran.qrdata.com.tr,html,,Peynirli Gavurdağ Salatası,795.00
Simge Balık Restoran,Izmir,restaurant,https://simgerestoran.qrdata.com.tr,html,,Peynirli İstanbul Salata,695.00
Simge Balık Restoran,Izmir,restaurant,https://simgerestoran.qrdata.com.tr,html,,Atom,595.00
Simge Balık Restoran,Izmir,restaurant,https://simgerestoran.qrdata.com.tr,html,,Atom-Patlıcan Ezme Üzerine,695.00
Simge Balık Restoran,Izmir,restaurant,https://simgerestoran.qrdata.com.tr,html,,Hellim kekikli,295.00
Simge Balık Restoran,Izmir,restaurant,https://simgerestoran.qrdata.com.tr,html,,Levrek Simit,495.00
Simge Balık Restoran,Izmir,restaurant,https://simgerestoran.qrdata.com.tr,html,,Mantar Izgara,195.00
Simge Balık Restoran,Izmir,restaurant,https://simgerestoran.qrdata.com.tr,html,,Çıtır Karides,445.00
Simge Balık Restoran,Izmir,restaurant,https://simgerestoran.qrdata.com.tr,html,,Gemici Böreği,495.00
Simge Balık Restoran,Izmir,restaurant,https://simgerestoran.qrdata.com.tr,html,,Köfte EV yapımı,895.00
Simge Balık Restoran,Izmir,restaurant,https://simgerestoran.qrdata.com.tr,html,,Okyanus Lokumu,195.00
Simge Balık Restoran,Izmir,restaurant,https://simgerestoran.qrdata.com.tr,html,,Paçanga Böreği,295.00
Simge Balık Restoran,Izmir,restaurant,https://simgerestoran.qrdata.com.tr,html,,Sıcak Ot,595.00
Simge Balık Restoran,Izmir,restaurant,https://simgerestoran.qrdata.com.tr,html,,Kuru Domates cevizli güvec,595.00
Simge Balık Restoran,Izmir,restaurant,https://simgerestoran.qrdata.com.tr,html,,Biber Tarator sıcak,595.00
Simge Balık Restoran,Izmir,restaurant,https://simgerestoran.qrdata.com.tr,html,,Şevketi Bos.Yoğurtlu,795.00
Simge Balık Restoran,Izmir,restaurant,https://simgerestoran.qrdata.com.tr,html,,Şevketi Bost.Kremalı,795.00
Simge Balık Restoran,Izmir,restaurant,https://simgerestoran.qrdata.com.tr,html,,Humus KURU dometesli,695.00
Simge Balık Restoran,Izmir,restaurant,https://simgerestoran.qrdata.com.tr,html,,Aquades (Şarap Soslu),945.00
Simge Balık Restoran,Izmir,restaurant,https://simgerestoran.qrdata.com.tr,html,,Atom YOĞURTSUZ,145.00
Simge Balık Restoran,Izmir,restaurant,https://simgerestoran.qrdata.com.tr,html,,BABY kalamar ızgara,495.00
Simge Balık Restoran,Izmir,restaurant,https://simgerestoran.qrdata.com.tr,html,,baby dolma,395.00
Simge Balık Restoran,Izmir,restaurant,https://simgerestoran.qrdata.com.tr,html,,Balık çorba,745.00
Simge Balık Restoran,Izmir,restaurant,https://simgerestoran.qrdata.com.tr,html,,Balık Köfte,495.00
Simge Balık Restoran,Izmir,restaurant,https://simgerestoran.qrdata.com.tr,html,,balık kokereç,995.00
Simge Balık Restoran,Izmir,restaurant,https://simgerestoran.qrdata.com.tr,html,,Biber Tarator-Atom Biberli,595.00
Simge Balık Restoran,Izmir,restaurant,https://simgerestoran.qrdata.com.tr,html,,çıtır saganaki,495.00
Simge Balık Restoran,Izmir,restaurant,https://simgerestoran.qrdata.com.tr,html,,Deniz Tarağı adet,445.00
Simge Balık Restoran,Izmir,restaurant,https://simgerestoran.qrdata.com.tr,html,,ev yapımı ızgara köfte,895.00
Simge Balık Restoran,Izmir,restaurant,https://simgerestoran.qrdata.com.tr,html,,Havyar Izgara,995.00
Simge Balık Restoran,Izmir,restaurant,https://simgerestoran.qrdata.com.tr,html,,Havyar Tereyağlı,995.00
Simge Balık Restoran,Izmir,restaurant,https://simgerestoran.qrdata.com.tr,html,,istirdye mantarı,595.00
Simge Balık Restoran,Izmir,restaurant,https://simgerestoran.qrdata.com.tr,html,,Karışık Kızartma,645.00
Simge Balık Restoran,Izmir,restaurant,https://simgerestoran.qrdata.com.tr,html,,kremalı sıcak ot,695.00
Simge Balık Restoran,Izmir,restaurant,https://simgerestoran.qrdata.com.tr,html,,Midye Tava,895.00
Simge Balık Restoran,Izmir,restaurant,https://simgerestoran.qrdata.com.tr,html,,PABUCAKİ,545.00
Simge Balık Restoran,Izmir,restaurant,https://simgerestoran.qrdata.com.tr,html,,Patates ev üsül,445.00
Simge Balık Restoran,Izmir,restaurant,https://simgerestoran.qrdata.com.tr,html,,Pazı Sarma,795.00
Simge Balık Restoran,Izmir,restaurant,https://simgerestoran.qrdata.com.tr,html,,Saganaki,595.00
Simge Balık Restoran,Izmir,restaurant,https://simgerestoran.qrdata.com.tr,html,,Şarap Soslu Kidonya,945.00
Simge Balık Restoran,Izmir,restaurant,https://simgerestoran.qrdata.com.tr,html,,Şarap Soslu Midye,945.00
Simge Balık Restoran,Izmir,restaurant,https://simgerestoran.qrdata.com.tr,html,,Sıcak Ot-Atom Biberli,695.00
Simge Balık Restoran,Izmir,restaurant,https://simgerestoran.qrdata.com.tr,html,,Sübye Paça,995.00
Simge Balık Restoran,Izmir,restaurant,https://simgerestoran.qrdata.com.tr,html,,Soda Limon,195.00
Simge Balık Restoran,Izmir,restaurant,https://simgerestoran.qrdata.com.tr,html,,Kola,195.00
Simge Balık Restoran,Izmir,restaurant,https://simgerestoran.qrdata.com.tr,html,,Kola Zero,195.00
Simge Balık Restoran,Izmir,restaurant,https://simgerestoran.qrdata.com.tr,html,,Şalgam KADEH ACILI,175.00
Simge Balık Restoran,Izmir,restaurant,https://simgerestoran.qrdata.com.tr,html,,ŞalgamACILI BÜYÜK,375.00
Simge Balık Restoran,Izmir,restaurant,https://simgerestoran.qrdata.com.tr,html,,Fanta,195.00
Simge Balık Restoran,Izmir,restaurant,https://simgerestoran.qrdata.com.tr,html,,Ice Tea Limon,195.00
Simge Balık Restoran,Izmir,restaurant,https://simgerestoran.qrdata.com.tr,html,,Ice Tea Şeftali,195.00
Simge Balık Restoran,Izmir,restaurant,https://simgerestoran.qrdata.com.tr,html,,Sprite,195.00
Simge Balık Restoran,Izmir,restaurant,https://simgerestoran.qrdata.com.tr,html,,Ayran,175.00
Simge Balık Restoran,Izmir,restaurant,https://simgerestoran.qrdata.com.tr,html,,Kayısı Suyu,195.00
Simge Balık Restoran,Izmir,restaurant,https://simgerestoran.qrdata.com.tr,html,,Redbull,225.00
Simge Balık Restoran,Izmir,restaurant,https://simgerestoran.qrdata.com.tr,html,,Şalgam Büyük ACISIZ,375.00
Simge Balık Restoran,Izmir,restaurant,https://simgerestoran.qrdata.com.tr,html,,Şalgam Kadeh Sade,175.00
Simge Balık Restoran,Izmir,restaurant,https://simgerestoran.qrdata.com.tr,html,,Şeftali Suyu,195.00
Simge Balık Restoran,Izmir,restaurant,https://simgerestoran.qrdata.com.tr,html,,soda Premum,125.00
Simge Balık Restoran,Izmir,restaurant,https://simgerestoran.qrdata.com.tr,html,,Tonik Litre,215.00
Simge Balık Restoran,Izmir,restaurant,https://simgerestoran.qrdata.com.tr,html,,Vişne Soda,275.00
Simge Balık Restoran,Izmir,restaurant,https://simgerestoran.qrdata.com.tr,html,,Vişne Suyu,195.00
Simge Balık Restoran,Izmir,restaurant,https://simgerestoran.qrdata.com.tr,html,,Bomonti 50 CL,495.00
Simge Balık Restoran,Izmir,restaurant,https://simgerestoran.qrdata.com.tr,html,,Duble Rakı,525.00
Simge Balık Restoran,Izmir,restaurant,https://simgerestoran.qrdata.com.tr,html,,Efes Özel SERİ 50 cl,495.00
Simge Balık Restoran,Izmir,restaurant,https://simgerestoran.qrdata.com.tr,html,,Mıller Bira 50cl,495.00
Simge Balık Restoran,Izmir,restaurant,https://simgerestoran.qrdata.com.tr,html,,Tek Rakı,325.00
Simge Balık Restoran,Izmir,restaurant,https://simgerestoran.qrdata.com.tr,html,,Tek Beylerbeyi,375.00
Simge Balık Restoran,Izmir,restaurant,https://simgerestoran.qrdata.com.tr,html,,arası beylerbeyi,445.00
Simge Balık Restoran,Izmir,restaurant,https://simgerestoran.qrdata.com.tr,html,,Arası RAKI,425.00
Simge Balık Restoran,Izmir,restaurant,https://simgerestoran.qrdata.com.tr,html,,ARASI RAKI ÖZEL,435.00
Simge Balık Restoran,Izmir,restaurant,https://simgerestoran.qrdata.com.tr,html,,Cİn duble TONİK,645.00
Simge Balık Restoran,Izmir,restaurant,https://simgerestoran.qrdata.com.tr,html,,Duble Altınseri,545.00
Simge Balık Restoran,Izmir,restaurant,https://simgerestoran.qrdata.com.tr,html,,Duble Beylerbeyi,475.00
Simge Balık Restoran,Izmir,restaurant,https://simgerestoran.qrdata.com.tr,html,,duble efe gold,475.00
Simge Balık Restoran,Izmir,restaurant,https://simgerestoran.qrdata.com.tr,html,,Duble Vodka,645.00
Simge Balık Restoran,Izmir,restaurant,https://simgerestoran.qrdata.com.tr,html,,Tek Altınseri,375.00
Simge Balık Restoran,Izmir,restaurant,https://simgerestoran.qrdata.com.tr,html,,tek efe gold,375.00
Simge Balık Restoran,Izmir,restaurant,https://simgerestoran.qrdata.com.tr,html,,tekila shot,395.00
Simge Balık Restoran,Izmir,restaurant,https://simgerestoran.qrdata.com.tr,html,,Viski Duble,895.00
Simge Balık Restoran,Izmir,restaurant,https://simgerestoran.qrdata.com.tr,html,,Viski Tek,545.00
Simge Balık Restoran,Izmir,restaurant,https://simgerestoran.qrdata.com.tr,html,,votka kadeh,445.00
Simge Balık Restoran,Izmir,restaurant,https://simgerestoran.qrdata.com.tr,html,,Kadeh isabey sav beyaz,645.00
Simge Balık Restoran,Izmir,restaurant,https://simgerestoran.qrdata.com.tr,html,,kadeh isabey sav kırmızı,645.00
Simge Balık Restoran,Izmir,restaurant,https://simgerestoran.qrdata.com.tr,html,,Kadeh Rose isabey,645.00
Simge Balık Restoran,Izmir,restaurant,https://simgerestoran.qrdata.com.tr,html,,kadeh Urla Chardonay,895.00
Simge Balık Restoran,Izmir,restaurant,https://simgerestoran.qrdata.com.tr,html,,kadeh Urla Sauvignon Blanc,895.00
Simge Balık Restoran,Izmir,restaurant,https://simgerestoran.qrdata.com.tr,html,,Kadeh Urla Vourla,895.00
Simge Balık Restoran,Izmir,restaurant,https://simgerestoran.qrdata.com.tr,html,,rose serendias kadeh,745.00
Simge Balık Restoran,Izmir,restaurant,https://simgerestoran.qrdata.com.tr,html,,Kavun,195.00
Simge Balık Restoran,Izmir,restaurant,https://simgerestoran.qrdata.com.tr,html,,Mevsim Meyvesi,445.00
Simge Balık Restoran,Izmir,restaurant,https://simgerestoran.qrdata.com.tr,html,,Bal Badem,495.00
Simge Balık Restoran,Izmir,restaurant,https://simgerestoran.qrdata.com.tr,html,,Dond. İrmik,395.00
Simge Balık Restoran,Izmir,restaurant,https://simgerestoran.qrdata.com.tr,html,,Dondurma,395.00
Simge Balık Restoran,Izmir,restaurant,https://simgerestoran.qrdata.com.tr,html,,Dondurmalı Katmer Tatlısı,495.00
Simge Balık Restoran,Izmir,restaurant,https://simgerestoran.qrdata.com.tr,html,,Kabak Tatlısı,495.00
Simge Balık Restoran,Izmir,restaurant,https://simgerestoran.qrdata.com.tr,html,,Sufle,495.00
Simge Balık Restoran,Izmir,restaurant,https://simgerestoran.qrdata.com.tr,html,,Dond. Sakızlı Muh.,495.00
Simge Balık Restoran,Izmir,restaurant,https://simgerestoran.qrdata.com.tr,html,,Fırın Helva dondurmalı,495.00
Simge Balık Restoran,Izmir,restaurant,https://simgerestoran.qrdata.com.tr,html,,HAŞHAŞLII REVANİ KAYMAKLI,495.00
Simge Balık Restoran,Izmir,restaurant,https://simgerestoran.qrdata.com.tr,html,,İncir Tatlısı,495.00
Simge Balık Restoran,Izmir,restaurant,https://simgerestoran.qrdata.com.tr,html,,Karışık Tatlı Tabağı,795.00
Simge Balık Restoran,Izmir,restaurant,https://simgerestoran.qrdata.com.tr,html,,karpuz,195.00
Simge Balık Restoran,Izmir,restaurant,https://simgerestoran.qrdata.com.tr,html,,Kaymaklı Ayva Tatlısı,495.00
Simge Balık Restoran,Izmir,restaurant,https://simgerestoran.qrdata.com.tr,html,,Kiraz Tabağı,245.00
Simge Balık Restoran,Izmir,restaurant,https://simgerestoran.qrdata.com.tr,html,,Serpme Meyve,995.00
Simge Balık Restoran,Izmir,restaurant,https://simgerestoran.qrdata.com.tr,html,,Az Ahtapot Tandır,995.00
Simge Balık Restoran,Izmir,restaurant,https://simgerestoran.qrdata.com.tr,html,,Az Balık çorba,545.00
Simge Balık Restoran,Izmir,restaurant,https://simgerestoran.qrdata.com.tr,html,,Az Dil Yoğurtlu,795.00
Simge Balık Restoran,Izmir,restaurant,https://simgerestoran.qrdata.com.tr,html,,Az Dondurma,295.00
Simge Balık Restoran,Izmir,restaurant,https://simgerestoran.qrdata.com.tr,html,,Az Karides MAntı,745.00
Simge Balık Restoran,Izmir,restaurant,https://simgerestoran.qrdata.com.tr,html,,AZ Köfte EV yapımı,695.00
Simge Balık Restoran,Izmir,restaurant,https://simgerestoran.qrdata.com.tr,html,,Az Peynirli Gavurdağ Salatası,595.00
Simge Balık Restoran,Izmir,restaurant,https://simgerestoran.qrdata.com.tr,html,,Az yeşil salata peynirli,495.00
Yasemin Kafe,Izmir,cafe,http://www.grandplaza.com.tr,html,,Başkan Tugay sözünü tuttu ekmek,5.00
Baskonus Yaylasi  Kahvalti ve Et Restorani,Kahramanmaras,restaurant,https://www.baskonusyaylasi.com,html,,Başkonuş Forest Hotel de,10000.00
Baskonus Yaylasi  Kahvalti ve Et Restorani,Kahramanmaras,restaurant,https://www.baskonusyaylasi.com,html,,Başkonuş Forest Hotel de,10000.00
Domino's,Kayseri,fast_food,https://www.dominos.com.tr,html,,1 Alana 1 Bedava - Orta Boy Cazip Pizzalar,440.00
Domino's,Kayseri,fast_food,https://www.dominos.com.tr,html,,1 Alana 1 Bedava - Orta Boy Sevilen Pizzalar,480.00
Domino's,Kayseri,fast_food,https://www.dominos.com.tr,html,,1 Alana 1 Bedava - Orta Boy Gurme Pizzalar,570.00
Domino's,Kayseri,fast_food,https://www.dominos.com.tr,html,,1 Alana 1 Bedava Bol Peynirli Ekmek,250.00
Domino's,Kayseri,fast_food,https://www.dominos.com.tr,html,,1 Alana 1 Bedava Çikolatalı Sufle,150.00
Domino's,Kayseri,fast_food,https://www.dominos.com.tr,html,,1 Alana 1 Bedava 4'lü Cinnamon Roll,115.00
Domino's,Kayseri,fast_food,https://www.dominos.com.tr,html,,1 Alana 1 Bedava 10'lu Çıtır Tavuk Topları,80.00
Domino's,Kayseri,fast_food,https://www.dominos.com.tr,html,,1 Alana 1 Bedava İçecek,120.00
Domino's,Kayseri,fast_food,https://www.dominos.com.tr,html,,2 Büyük Boy Cazip Pizza,780.00
Domino's,Kayseri,fast_food,https://www.dominos.com.tr,html,,Sevilen 2 Büyük Boy Pizza,890.00
Domino's,Kayseri,fast_food,https://www.dominos.com.tr,html,,1 Alana 1 Bedava Orta Boy Cazip Pizzalar + 1L İçecek,540.00
Domino's,Kayseri,fast_food,https://www.dominos.com.tr,html,,1 Alana 1 Bedava Orta Boy Sevilen Pizzalar + 1L İçecek,580.00
Domino's,Kayseri,fast_food,https://www.dominos.com.tr,html,,Büyük Boy Pizza Alana Coca-Cola Pet 1 L Bedava,480.00
Domino's,Kayseri,fast_food,https://www.dominos.com.tr,html,,3 Orta Boy Pizza,850.00
Domino's,Kayseri,fast_food,https://www.dominos.com.tr,html,,Pizza X-Large (12 Dilim),520.00
Domino's,Kayseri,fast_food,https://www.dominos.com.tr,html,,Büyük Boy Pizzalar,480.00
Domino's,Kayseri,fast_food,https://www.dominos.com.tr,html,,2 Orta Boy Pizza + 2 Çikolatalı Sufle + 2 Algida Maraş Cup,750.00
Domino's,Kayseri,fast_food,https://www.dominos.com.tr,html,,Orta Boy Gurme Pizzalar,450.00
Domino's,Kayseri,fast_food,https://www.dominos.com.tr,html,,2 Orta Boy Pan Pizza + 4’lü Cinnamon Roll,650.00
Domino's,Kayseri,fast_food,https://www.dominos.com.tr,html,,Çikolatalı Sufle + Algida Maraş Cup,170.00
Domino's,Kayseri,fast_food,https://www.dominos.com.tr,html,,Pizza X-Large (12 Dilim) Alana Coca-Cola 1 L Bedava,520.00
Domino's,Kayseri,fast_food,https://www.dominos.com.tr,html,,2 Orta Boy Pizza + 4’lü Cinnamon Roll,610.00
Domino's,Kayseri,fast_food,https://www.dominos.com.tr,html,,10'lu Domino's Roll + Coca-Cola Pet 330 ml,270.00
Domino's,Kayseri,fast_food,https://www.dominos.com.tr,html,,Mixlarge Pizzalar,570.00
Domino's,Kayseri,fast_food,https://www.dominos.com.tr,html,,3 Orta Boy Pizza + Tavuk + Patates + Coca-Cola 1 L,960.00
Domino's,Kayseri,fast_food,https://www.dominos.com.tr,html,,3 Orta Boy Bol Malzemos,950.00
Domino's,Kayseri,fast_food,https://www.dominos.com.tr,html,,Orta Boy Bol Malzemos + 330 ML İçecek + Seçili Lezzetler,480.00
Domino's,Kayseri,fast_food,https://www.dominos.com.tr,html,,Pizza X-Large (12 Dilim) + Coca-Cola 1 L + Seçili Lezzetler,610.00
Domino's,Kayseri,fast_food,https://www.dominos.com.tr,html,,2 Orta Boy Pan Pizza + Coca-Cola 1 L,630.00
Domino's,Kayseri,fast_food,https://www.dominos.com.tr,html,,Büyük Boy Pizza + Coca-Cola 1 L + Seçili Lezzetler,620.00
Domino's,Kayseri,fast_food,https://www.dominos.com.tr,html,,2 Çikolatalı Sufle + 2 Algida Maraş Cup,320.00
Domino's,Kayseri,fast_food,https://www.dominos.com.tr,html,,4 Çikolatalı Sufle + 4 Algida Maraş Cup,620.00
Domino's,Kayseri,fast_food,https://www.dominos.com.tr,html,,Büyük Boy Pizza + Çikolatalı Sufle + Algida Maraş Cup,590.00
Domino's,Kayseri,fast_food,https://www.dominos.com.tr,html,,Büyük Boy Pizza + Tatlı + Coca-Cola 1 L,620.00
Domino's,Kayseri,fast_food,https://www.dominos.com.tr,html,,Pizza X-Large + 8'li Cinnamon Roll,620.00
Domino's,Kayseri,fast_food,https://www.dominos.com.tr,html,,Bol Peynirli Ekmek + 4'lü Cinnamon Roll + Algida Dondurma,320.00
Domino's,Kayseri,fast_food,https://www.dominos.com.tr,html,,2 Büyük Boy Pizza + Coca-Cola 1 L,900.00
Domino's,Kayseri,fast_food,https://www.dominos.com.tr,html,,Orta Boy Pan Pizza + Bol Malzemos,550.00
Domino's,Kayseri,fast_food,https://www.dominos.com.tr,html,,4 Adet Pizzetta,600.00
Domino's,Kayseri,fast_food,https://www.dominos.com.tr,html,,2 Orta Boy Bol Pan Pizza,560.00
Domino's,Kayseri,fast_food,https://www.dominos.com.tr,html,,2 Orta Boy Pan Cazip Pizzalar,540.00
Domino's,Kayseri,fast_food,https://www.dominos.com.tr,html,,Orta Boy Pizzalar,440.00
Domino's,Kayseri,fast_food,https://www.dominos.com.tr,html,,Büyük Boy Pizza + 4'lü Cinnamon Roll,570.00
Domino's,Kayseri,fast_food,https://www.dominos.com.tr,html,,Orta Boy Pizza + 4'lü Cinnamon Roll,470.00
Domino's,Kayseri,fast_food,https://www.dominos.com.tr,html,,Orta Boy Pizza + Sufle + Algida,430.00
Domino's,Kayseri,fast_food,https://www.dominos.com.tr,html,,Dürümos + Patates + Tavuk,210.00
Domino's,Kayseri,fast_food,https://www.dominos.com.tr,html,,Tek Kişilik Pizzalar,310.00
Domino's,Kayseri,fast_food,https://www.dominos.com.tr,html,,Orta Boy Pan Pizza,400.00
Domino's,Kayseri,fast_food,https://www.dominos.com.tr,html,,Orta Boy Pan Pizza + Sos + Coca-Cola 330 ML,460.00
Domino's,Kayseri,fast_food,https://www.dominos.com.tr,html,,Pizzetta + Patates + Tavuk + Coca-Cola 330 ML,340.00
Domino's,Kayseri,fast_food,https://www.dominos.com.tr,html,,Dürümos + Coca-Cola 330 ML,200.00
Domino's,Kayseri,fast_food,https://www.dominos.com.tr,html,,Tavuk Fırsatı,75.00
Domino's,Kayseri,fast_food,https://www.dominos.com.tr,html,,Çıtır Karışık Kova Fırsatı,260.00
Domino's,Kayseri,fast_food,https://www.dominos.com.tr,html,,2 Adet Dürümos,270.00
Domino's,Kayseri,fast_food,https://www.dominos.com.tr,html,,Pizzetta + Bol Peynirli Ekmek,310.00
Domino's,Kayseri,fast_food,https://www.dominos.com.tr,html,,2 Adet Pizzetta + Tavuk + Patates,370.00
Domino's,Kayseri,fast_food,https://www.dominos.com.tr,html,,Combo Pizza X-Large,540.00
Domino's,Kayseri,fast_food,https://www.dominos.com.tr,html,,Orta Boy Combo Pizza,390.00
Domino's,Kayseri,fast_food,https://www.dominos.com.tr,html,,Büyük Boy Combo Pizza,510.00
Domino's,Kayseri,fast_food,https://www.dominos.com.tr,html,,Tavuk Kova Fırsatı,155.00
Domino's,Kayseri,fast_food,https://www.dominos.com.tr,html,,Dürümos + Sarımsaklı Ekmek + 10'lu Çıtır Tavuk Topları,220.00
Domino's,Kayseri,fast_food,https://www.dominos.com.tr,html,,2 Adet Pizzetta,320.00
Domino's,Kayseri,fast_food,https://www.dominos.com.tr,html,,2 Adet Pizzetta + Coca-Cola 1 L,410.00
Domino's,Kayseri,fast_food,https://www.dominos.com.tr,html,,Pizzetta + Tavuk + Patates + Ayran + Boyama Defteri,270.00
Domino's,Kayseri,fast_food,https://www.dominos.com.tr,html,,Patates Fırsatı,60.00
Domino's,Kayseri,fast_food,https://www.dominos.com.tr,html,,Çıtır Tavuk Finger,85.00
Domino's,Kayseri,fast_food,https://www.dominos.com.tr,html,,Çıtır Tavuk Topları,80.00
Domino's,Kayseri,fast_food,https://www.dominos.com.tr,html,,Tavuk Parçaları,80.00
Domino's,Kayseri,fast_food,https://www.dominos.com.tr,html,,Mantarsever,400.00
Domino's,Kayseri,fast_food,https://www.dominos.com.tr,html,,"Sucuk , Mozarella Peyniri , Pizza Sos",400.00
Domino's,Kayseri,fast_food,https://www.dominos.com.tr,html,,"Sucuk , Mısır , Mozarella Peyniri , Pizza Sos , Siyah Zeytin",400.00
Domino's,Kayseri,fast_food,https://www.dominos.com.tr,html,,"Mozarella Peyniri , Pizza Sos",400.00
Domino's,Kayseri,fast_food,https://www.dominos.com.tr,html,,"Mozzarella Peyniri , Pizza Sos, Sucuk, Mantar",480.00
Domino's,Kayseri,fast_food,https://www.dominos.com.tr,html,,Bol Pan Pizza,480.00
Domino's,Kayseri,fast_food,https://www.dominos.com.tr,html,,Süper Pan Pizza,480.00
Domino's,Kayseri,fast_food,https://www.dominos.com.tr,html,,Bol Malzemos,445.00
Domino's,Kayseri,fast_food,https://www.dominos.com.tr,html,,Karışık,445.00
Domino's,Kayseri,fast_food,https://www.dominos.com.tr,html,,Bol Etli,445.00
Domino's,Kayseri,fast_food,https://www.dominos.com.tr,html,,Vegi,445.00
Domino's,Kayseri,fast_food,https://www.dominos.com.tr,html,,Italiano,445.00
Domino's,Kayseri,fast_food,https://www.dominos.com.tr,html,,"Sucuk , Mozarella Peyniri , Pizza Sos , Sarımsak Sos",430.00
Domino's,Kayseri,fast_food,https://www.dominos.com.tr,html,,"Sosis , Mısır , Mozarella Peyniri , Pizza Sos",430.00
Domino's,Kayseri,fast_food,https://www.dominos.com.tr,html,,Süperos,430.00
Domino's,Kayseri,fast_food,https://www.dominos.com.tr,html,,Sosyal,430.00
Domino's,Kayseri,fast_food,https://www.dominos.com.tr,html,,Mixlarge Bol Etli,645.00
Domino's,Kayseri,fast_food,https://www.dominos.com.tr,html,,Mixlarge Bol Malzeme,645.00
Domino's,Kayseri,fast_food,https://www.dominos.com.tr,html,,Barbekü Soslu Tavuklu,460.00
Domino's,Kayseri,fast_food,https://www.dominos.com.tr,html,,Tavuklu,460.00
Domino's,Kayseri,fast_food,https://www.dominos.com.tr,html,,Extravaganzza,460.00
Domino's,Kayseri,fast_food,https://www.dominos.com.tr,html,,Domino's Soslu Bol Malzemos,460.00
Domino's,Kayseri,fast_food,https://www.dominos.com.tr,html,,Ballı Hardallı Tavuklu,460.00
Domino's,Kayseri,fast_food,https://www.dominos.com.tr,html,,Üç Peynirli,485.00
Domino's,Kayseri,fast_food,https://www.dominos.com.tr,html,,Konyalım,485.00
Domino's,Kayseri,fast_food,https://www.dominos.com.tr,html,,Mangal Sucuklu,485.00
Domino's,Kayseri,fast_food,https://www.dominos.com.tr,html,,Callypso,505.00
Domino's,Kayseri,fast_food,https://www.dominos.com.tr,html,,Pastırma & Sucuk,505.00
Domino's,Kayseri,fast_food,https://www.dominos.com.tr,html,,Ocakbaşı,505.00
Domino's,Kayseri,fast_food,https://www.dominos.com.tr,html,,Cinnamon Roll,115.00
Domino's,Kayseri,fast_food,https://www.dominos.com.tr,html,,"Pan hamur, sarımsak sos, cheddar, jalepeno",260.00
Domino's,Kayseri,fast_food,https://www.dominos.com.tr,html,,"Pan hamur, sarımsak sos, cheddar, sucuk",260.00
Domino's,Kayseri,fast_food,https://www.dominos.com.tr,html,,Tavuk & Patates Mix,185.00
Domino's,Kayseri,fast_food,https://www.dominos.com.tr,html,,Algida Maraş Usulü Sade Dondurma 100 ml,60.00
Domino's,Kayseri,fast_food,https://www.dominos.com.tr,html,,Algida Max Classics Vanilya,60.00
Domino's,Kayseri,fast_food,https://www.dominos.com.tr,html,,42 gr,75.00
Domino's,Kayseri,fast_food,https://www.dominos.com.tr,html,,Çikolatalı Sufle,150.00
Domino's,Kayseri,fast_food,https://www.dominos.com.tr,html,,Algida Magnum Mini Badem,75.00
Domino's,Kayseri,fast_food,https://www.dominos.com.tr,html,,Algida Max Classics Kakao,60.00
Domino's,Kayseri,fast_food,https://www.dominos.com.tr,html,,Algida Cornetto Karadut,110.00
Domino's,Kayseri,fast_food,https://www.dominos.com.tr,html,,Algida Magnum Sandwich,105.00
Domino's,Kayseri,fast_food,https://www.dominos.com.tr,html,,Karışık Pizzetta,175.00
Domino's,Kayseri,fast_food,https://www.dominos.com.tr,html,,"Mozzarella Peyniri, Pizza Sosu, Sucuk, Mantar, Yeşil Biber",175.00
Domino's,Kayseri,fast_food,https://www.dominos.com.tr,html,,"Mozzarella Peyniri , Pizza Sos",175.00
Domino's,Kayseri,fast_food,https://www.dominos.com.tr,html,,Sarımsaklı Ekmek 6 Dilim,70.00
Domino's,Kayseri,fast_food,https://www.dominos.com.tr,html,,Sucuklu Bol Peynirli Ekmek 6 Dilim,255.00
Domino's,Kayseri,fast_food,https://www.dominos.com.tr,html,,Bol Peynirli Ekmek 6 Dilim,250.00
Domino's,Kayseri,fast_food,https://www.dominos.com.tr,html,,Coca-Cola 330 ML,130.00
Domino's,Kayseri,fast_food,https://www.dominos.com.tr,html,,Coca-Cola 450 ML,130.00
Domino's,Kayseri,fast_food,https://www.dominos.com.tr,html,,Coca-Cola 1 L,165.00
Domino's,Kayseri,fast_food,https://www.dominos.com.tr,html,,Şekersiz 330 ML,130.00
Domino's,Kayseri,fast_food,https://www.dominos.com.tr,html,,Şekersiz 450 ML,130.00
Domino's,Kayseri,fast_food,https://www.dominos.com.tr,html,,Şekersiz 1 L,165.00
Domino's,Kayseri,fast_food,https://www.dominos.com.tr,html,,FuseTea Şeftali 330 ML,130.00
Domino's,Kayseri,fast_food,https://www.dominos.com.tr,html,,FuseTea Şeftali 1 L,165.00
Domino's,Kayseri,fast_food,https://www.dominos.com.tr,html,,Sütaş Ayran 300 ML,60.00
Domino's,Kayseri,fast_food,https://www.dominos.com.tr,html,,Sütaş Ayran 200 ML,55.00
Domino's,Kayseri,fast_food,https://www.dominos.com.tr,html,,Sütaş Ayran 1 L,165.00
Domino's,Kayseri,fast_food,https://www.dominos.com.tr,html,,"0,5 Lt Damla Su",35.00
Domino's,Kayseri,fast_food,https://www.dominos.com.tr,html,,FuseTea Limon 330 ML,130.00
Domino's,Kayseri,fast_food,https://www.dominos.com.tr,html,,FuseTea Limon 1 L,165.00
Domino's,Kayseri,fast_food,https://www.dominos.com.tr,html,,Fanta 330 ML,130.00
Domino's,Kayseri,fast_food,https://www.dominos.com.tr,html,,Fanta 1 L,165.00
Domino's,Kayseri,fast_food,https://www.dominos.com.tr,html,,Sprite 330 ML,130.00
Domino's,Kayseri,fast_food,https://www.dominos.com.tr,html,,Sprite 1 L,165.00
Domino's,Kayseri,fast_food,https://www.dominos.com.tr,html,,Coca-Cola Light 330 ML,130.00
Domino's,Kayseri,fast_food,https://www.dominos.com.tr,html,,Coca-Cola Light 1 L,165.00
Domino's,Kayseri,fast_food,https://www.dominos.com.tr,html,,Cappy Şeftali,130.00
Domino's,Kayseri,fast_food,https://www.dominos.com.tr,html,,Cappy Karışık,130.00
Domino's,Kayseri,fast_food,https://www.dominos.com.tr,html,,Yoğurtlu Sos,40.00
Domino's,Kayseri,fast_food,https://www.dominos.com.tr,html,,Meksika Sos,40.00
Domino's,Kayseri,fast_food,https://www.dominos.com.tr,html,,Acı Sos,40.00
Domino's,Kayseri,fast_food,https://www.dominos.com.tr,html,,Mayonez,5.00
Domino's,Kayseri,fast_food,https://www.dominos.com.tr,html,,Ketçap,5.00
Domino's,Kayseri,fast_food,https://www.dominos.com.tr,html,,80 gr.,85.00
Domino's,Kayseri,fast_food,https://www.dominos.com.tr,html,,Kolombiya’ya özgü kahve çekirdeklerinden.,60.00
koçak pırlanta,Kirsehir,cafe,https://www.kocak.com.tr,html,,14 Ayar Kalp Figürlü İpli Altın Bileklik,1850.00
koçak pırlanta,Kirsehir,cafe,https://www.kocak.com.tr,html,,Lotus Taşlı Tektaş Altın Yüzük,11490.00
koçak pırlanta,Kirsehir,cafe,https://www.kocak.com.tr,html,,Sarı Altın Baget Kolye,10690.00
koçak pırlanta,Kirsehir,cafe,https://www.kocak.com.tr,html,,Kushon Kesim Yan Taşlı Tektaş Altın Yüzük,14390.00
koçak pırlanta,Kirsehir,cafe,https://www.kocak.com.tr,html,,Prenses Kesim Tektaş Altın Kolye,10690.00
koçak pırlanta,Kirsehir,cafe,https://www.kocak.com.tr,html,,Oval Taşlı Vintage Altın Küpe,17990.00
koçak pırlanta,Kirsehir,cafe,https://www.kocak.com.tr,html,,1.51 Karat Vintage Tasarım Beyaz Topaz Pırlanta Yüzük,49490.00
koçak pırlanta,Kirsehir,cafe,https://www.kocak.com.tr,html,,1.53 Karat Tasarım Citrine Pırlanta Yüzük,45320.00
koçak pırlanta,Kirsehir,cafe,https://www.kocak.com.tr,html,,14 Ayar Chi Tasarım İpli Altın Bileklik,2960.00
koçak pırlanta,Kirsehir,cafe,https://www.kocak.com.tr,html,,14 Ayar Üç Renkli Dorika Halka Altın Küpe,16660.00
koçak pırlanta,Kirsehir,cafe,https://www.kocak.com.tr,html,,14 Ayar Primavera Tasarım Altın Bileklik,12760.00
koçak pırlanta,Kirsehir,cafe,https://www.kocak.com.tr,html,,14 Ayar Frame Tasarım Altın Kolye,25760.00
koçak pırlanta,Kirsehir,cafe,https://www.kocak.com.tr,html,,0.54 Karat Renkli Taşlı Pırlanta Kolye,20120.00
koçak pırlanta,Kirsehir,cafe,https://www.kocak.com.tr,html,,14 Ayar Taşlı Tasarım Mare Altın Kolye,24460.00
koçak pırlanta,Kirsehir,cafe,https://www.kocak.com.tr,html,,14 Ayar Kelebek Figürlü Altın Kolye,11610.00
koçak pırlanta,Kirsehir,cafe,https://www.kocak.com.tr,html,,14 Ayar Minimalist Tasarım Ay Altın Küpe,10160.00
koçak pırlanta,Kirsehir,cafe,https://www.kocak.com.tr,html,,14 Ayar Piramit Tasarım Altın Küpe,9100.00
koçak pırlanta,Kirsehir,cafe,https://www.kocak.com.tr,html,,14 Ayar Dörtlü Lotus Tasarım Altın Kolye,30840.00
koçak pırlanta,Kirsehir,cafe,https://www.kocak.com.tr,html,,14 Ayar Flare Tasarım Halka Altın Küpe,24100.00
koçak pırlanta,Kirsehir,cafe,https://www.kocak.com.tr,html,,14 Ayar Çapa Dümen Figürlü Altın Kolye Ucu,11820.00
koçak pırlanta,Kirsehir,cafe,https://www.kocak.com.tr,html,,Web'e Özel,22800.00
koçak pırlanta,Kirsehir,cafe,https://www.kocak.com.tr,html,,14 Ayar Kıvrımlı Tasarım Altın Kolye,27540.00
koçak pırlanta,Kirsehir,cafe,https://www.kocak.com.tr,html,,14 Ayar Palmiye Ağacı Altın Halhal,28290.00
koçak pırlanta,Kirsehir,cafe,https://www.kocak.com.tr,html,,14 Ayar Yeşil Renkli Tasarım Altın Yüzük,20950.00
koçak pırlanta,Kirsehir,cafe,https://www.kocak.com.tr,html,,14 Ayar Taşlı Tasarım Petek Altın Yüzük,24990.00
koçak pırlanta,Kirsehir,cafe,https://www.kocak.com.tr,html,,14 Ayar Zincir Tasarım Altın Yüzük,24880.00
koçak pırlanta,Kirsehir,cafe,https://www.kocak.com.tr,html,,14 Ayar Tasarım Beyaz Altın Zincir,14760.00
koçak pırlanta,Kirsehir,cafe,https://www.kocak.com.tr,html,,14 Ayar Tasarım Altın Zincir,18570.00
koçak pırlanta,Kirsehir,cafe,https://www.kocak.com.tr,html,,14 Ayar Mineli Nazar Yıldız Altın Kolye Ucu,18210.00
koçak pırlanta,Kirsehir,cafe,https://www.kocak.com.tr,html,,14 Ayar Sonsuzluk Altın Kolye Ucu,5950.00
koçak pırlanta,Kirsehir,cafe,https://www.kocak.com.tr,html,,14 Ayar İnci Tasarım Dorika İpli Altın Bileklik,2270.00
koçak pırlanta,Kirsehir,cafe,https://www.kocak.com.tr,html,,14 Ayar Nazar Tasarım Yıldız Altın Kolye,23450.00
koçak pırlanta,Kirsehir,cafe,https://www.kocak.com.tr,html,,14 Ayar Baget Taşlı Halka Altın Kolye,26660.00
koçak pırlanta,Kirsehir,cafe,https://www.kocak.com.tr,html,,14 Ayar Nazar Detaylı Yıldız Altın Kolye,23920.00
koçak pırlanta,Kirsehir,cafe,https://www.kocak.com.tr,html,,14 Ayar Manolya Çiçeği Altın Kolye,27610.00
koçak pırlanta,Kirsehir,cafe,https://www.kocak.com.tr,html,,14 Ayar Nazar Boncuklu Tasarım Altın Kolye,34040.00
koçak pırlanta,Kirsehir,cafe,https://www.kocak.com.tr,html,,14 Ayar Nazar Tasarım Altın Kolye,28800.00
koçak pırlanta,Kirsehir,cafe,https://www.kocak.com.tr,html,,14 Ayar Taşlı Papatya Altın Kolye Ucu,15470.00
koçak pırlanta,Kirsehir,cafe,https://www.kocak.com.tr,html,,14 Ayar Çift Başlı Kartal Altın Kolye Ucu,18450.00
koçak pırlanta,Kirsehir,cafe,https://www.kocak.com.tr,html,,14 Ayar Mavi Taşlı Tasarım Altın Kolye Ucu,21660.00
koçak pırlanta,Kirsehir,cafe,https://www.kocak.com.tr,html,,14 Ayar Karma Tasarım Altın Kolye Ucu,19040.00
koçak pırlanta,Kirsehir,cafe,https://www.kocak.com.tr,html,,14 Ayar Taşlı Güneş Altın Kolye Ucu,16430.00
Burgerschön,Kocaeli,fast_food,https://burgerschon.com,html,,2x Soğan Halkası,240.00
Burgerschön,Kocaeli,fast_food,https://burgerschon.com,html,,3x Soğan Halkası,500.00
Bülent Börekçi,Kocaeli,restaurant,http://bulentborekcilik.com,woo,Kıymalı Kol Böreği,3 KG KIYMALI BÜLENT KOL BÖREĞİ,2688.00
Bülent Börekçi,Kocaeli,restaurant,http://bulentborekcilik.com,woo,Kıymalı Kol Böreği,2 KG KIYMALI BÜLENT KOL BÖREĞİ,1792.00
Bülent Börekçi,Kocaeli,restaurant,http://bulentborekcilik.com,woo,Kıymalı Kol Böreği,1 KG KIYMALI BÜLENT KOL BÖREĞİ,896.00
Bülent Börekçi,Kocaeli,restaurant,http://bulentborekcilik.com,woo,Ispanaklı Peynirli Börek,3 KG CEVİZLİ BÜLENT BAKLAVA,2688.00
Bülent Börekçi,Kocaeli,restaurant,http://bulentborekcilik.com,woo,Cevizli Baklava,2 KG CEVİZLİ BÜLENT BAKLAVA,1792.00
Bülent Börekçi,Kocaeli,restaurant,http://bulentborekcilik.com,woo,Cevizli Baklava,1 KG CEVİZLİ BÜLENT BAKLAVA,896.00
Bülent Börekçi,Kocaeli,restaurant,http://bulentborekcilik.com,woo,Ispanaklı Peynirli Börek,3 KG PEYNİRLİ ISPANAKLI BÜLENT BÖREK,2688.00
Bülent Börekçi,Kocaeli,restaurant,http://bulentborekcilik.com,woo,Ispanaklı Peynirli Börek,2 KG PEYNİRLİ ISPANAKLI BÜLENT BÖREK,1792.00
Bülent Börekçi,Kocaeli,restaurant,http://bulentborekcilik.com,woo,Ispanaklı Peynirli Börek,1 KG PEYNİRLİ ISPANAKLI BÜLENT BÖREK,896.00
Bülent Börekçi,Kocaeli,restaurant,http://bulentborekcilik.com,woo,,18 KG PEYNİRLİ BÜLENT BÖREK,16128.00
Bülent Börekçi,Kocaeli,restaurant,http://bulentborekcilik.com,woo,,9 KG PEYNİRLİ BÜLENT BÖREK,8064.00
Bülent Börekçi,Kocaeli,restaurant,http://bulentborekcilik.com,woo,,"4,5 KG PEYNİRLİ BÜLENT BÖREK",4032.00
Bülent Börekçi,Kocaeli,restaurant,http://bulentborekcilik.com,woo,,3 KG PEYNİRLİ BÜLENT BÖREK,2688.00
Bülent Börekçi,Kocaeli,restaurant,http://bulentborekcilik.com,woo,,2 KG PEYNİRLİ BÜLENT BÖREK,1792.00
Bülent Börekçi,Kocaeli,restaurant,http://bulentborekcilik.com,woo,,1 KG PEYNİRLİ BÜLENT BÖREK,896.00
Domino's,Kocaeli,fast_food,https://www.dominos.com.tr,html,,1 Alana 1 Bedava - Orta Boy Cazip Pizzalar,440.00
Domino's,Kocaeli,fast_food,https://www.dominos.com.tr,html,,1 Alana 1 Bedava - Orta Boy Sevilen Pizzalar,480.00
Domino's,Kocaeli,fast_food,https://www.dominos.com.tr,html,,1 Alana 1 Bedava - Orta Boy Gurme Pizzalar,570.00
Domino's,Kocaeli,fast_food,https://www.dominos.com.tr,html,,1 Alana 1 Bedava Bol Peynirli Ekmek,250.00
Domino's,Kocaeli,fast_food,https://www.dominos.com.tr,html,,1 Alana 1 Bedava Çikolatalı Sufle,150.00
Domino's,Kocaeli,fast_food,https://www.dominos.com.tr,html,,1 Alana 1 Bedava 4'lü Cinnamon Roll,115.00
Domino's,Kocaeli,fast_food,https://www.dominos.com.tr,html,,1 Alana 1 Bedava 10'lu Çıtır Tavuk Topları,80.00
Domino's,Kocaeli,fast_food,https://www.dominos.com.tr,html,,1 Alana 1 Bedava İçecek,120.00
Domino's,Kocaeli,fast_food,https://www.dominos.com.tr,html,,2 Büyük Boy Cazip Pizza,780.00
Domino's,Kocaeli,fast_food,https://www.dominos.com.tr,html,,Sevilen 2 Büyük Boy Pizza,890.00
Domino's,Kocaeli,fast_food,https://www.dominos.com.tr,html,,1 Alana 1 Bedava Orta Boy Cazip Pizzalar + 1L İçecek,540.00
Domino's,Kocaeli,fast_food,https://www.dominos.com.tr,html,,1 Alana 1 Bedava Orta Boy Sevilen Pizzalar + 1L İçecek,580.00
Domino's,Kocaeli,fast_food,https://www.dominos.com.tr,html,,Büyük Boy Pizza Alana Coca-Cola Pet 1 L Bedava,480.00
Domino's,Kocaeli,fast_food,https://www.dominos.com.tr,html,,3 Orta Boy Pizza,850.00
Domino's,Kocaeli,fast_food,https://www.dominos.com.tr,html,,Pizza X-Large (12 Dilim),520.00
Domino's,Kocaeli,fast_food,https://www.dominos.com.tr,html,,Büyük Boy Pizzalar,480.00
Domino's,Kocaeli,fast_food,https://www.dominos.com.tr,html,,2 Orta Boy Pizza + 2 Çikolatalı Sufle + 2 Algida Maraş Cup,750.00
Domino's,Kocaeli,fast_food,https://www.dominos.com.tr,html,,Orta Boy Gurme Pizzalar,450.00
Domino's,Kocaeli,fast_food,https://www.dominos.com.tr,html,,2 Orta Boy Pan Pizza + 4’lü Cinnamon Roll,650.00
Domino's,Kocaeli,fast_food,https://www.dominos.com.tr,html,,Çikolatalı Sufle + Algida Maraş Cup,170.00
Domino's,Kocaeli,fast_food,https://www.dominos.com.tr,html,,Pizza X-Large (12 Dilim) Alana Coca-Cola 1 L Bedava,520.00
Domino's,Kocaeli,fast_food,https://www.dominos.com.tr,html,,2 Orta Boy Pizza + 4’lü Cinnamon Roll,610.00
Domino's,Kocaeli,fast_food,https://www.dominos.com.tr,html,,10'lu Domino's Roll + Coca-Cola Pet 330 ml,270.00
Domino's,Kocaeli,fast_food,https://www.dominos.com.tr,html,,Mixlarge Pizzalar,570.00
Domino's,Kocaeli,fast_food,https://www.dominos.com.tr,html,,3 Orta Boy Pizza + Tavuk + Patates + Coca-Cola 1 L,960.00
Domino's,Kocaeli,fast_food,https://www.dominos.com.tr,html,,3 Orta Boy Bol Malzemos,950.00
Domino's,Kocaeli,fast_food,https://www.dominos.com.tr,html,,Orta Boy Bol Malzemos + 330 ML İçecek + Seçili Lezzetler,480.00
Domino's,Kocaeli,fast_food,https://www.dominos.com.tr,html,,Pizza X-Large (12 Dilim) + Coca-Cola 1 L + Seçili Lezzetler,610.00
Domino's,Kocaeli,fast_food,https://www.dominos.com.tr,html,,2 Orta Boy Pan Pizza + Coca-Cola 1 L,630.00
Domino's,Kocaeli,fast_food,https://www.dominos.com.tr,html,,Büyük Boy Pizza + Coca-Cola 1 L + Seçili Lezzetler,620.00
Domino's,Kocaeli,fast_food,https://www.dominos.com.tr,html,,2 Çikolatalı Sufle + 2 Algida Maraş Cup,320.00
Domino's,Kocaeli,fast_food,https://www.dominos.com.tr,html,,4 Çikolatalı Sufle + 4 Algida Maraş Cup,620.00
Domino's,Kocaeli,fast_food,https://www.dominos.com.tr,html,,Büyük Boy Pizza + Çikolatalı Sufle + Algida Maraş Cup,590.00
Domino's,Kocaeli,fast_food,https://www.dominos.com.tr,html,,Büyük Boy Pizza + Tatlı + Coca-Cola 1 L,620.00
Domino's,Kocaeli,fast_food,https://www.dominos.com.tr,html,,Pizza X-Large + 8'li Cinnamon Roll,620.00
Domino's,Kocaeli,fast_food,https://www.dominos.com.tr,html,,Bol Peynirli Ekmek + 4'lü Cinnamon Roll + Algida Dondurma,320.00
Domino's,Kocaeli,fast_food,https://www.dominos.com.tr,html,,2 Büyük Boy Pizza + Coca-Cola 1 L,900.00
Domino's,Kocaeli,fast_food,https://www.dominos.com.tr,html,,Orta Boy Pan Pizza + Bol Malzemos,550.00
Domino's,Kocaeli,fast_food,https://www.dominos.com.tr,html,,4 Adet Pizzetta,600.00
Domino's,Kocaeli,fast_food,https://www.dominos.com.tr,html,,2 Orta Boy Bol Pan Pizza,560.00
Domino's,Kocaeli,fast_food,https://www.dominos.com.tr,html,,2 Orta Boy Pan Cazip Pizzalar,540.00
Domino's,Kocaeli,fast_food,https://www.dominos.com.tr,html,,Orta Boy Pizzalar,440.00
Domino's,Kocaeli,fast_food,https://www.dominos.com.tr,html,,Büyük Boy Pizza + 4'lü Cinnamon Roll,570.00
Domino's,Kocaeli,fast_food,https://www.dominos.com.tr,html,,Orta Boy Pizza + 4'lü Cinnamon Roll,470.00
Domino's,Kocaeli,fast_food,https://www.dominos.com.tr,html,,Orta Boy Pizza + Sufle + Algida,430.00
Domino's,Kocaeli,fast_food,https://www.dominos.com.tr,html,,Dürümos + Patates + Tavuk,210.00
Domino's,Kocaeli,fast_food,https://www.dominos.com.tr,html,,Tek Kişilik Pizzalar,310.00
Domino's,Kocaeli,fast_food,https://www.dominos.com.tr,html,,Orta Boy Pan Pizza,400.00
Domino's,Kocaeli,fast_food,https://www.dominos.com.tr,html,,Orta Boy Pan Pizza + Sos + Coca-Cola 330 ML,460.00
Domino's,Kocaeli,fast_food,https://www.dominos.com.tr,html,,Pizzetta + Patates + Tavuk + Coca-Cola 330 ML,340.00
Domino's,Kocaeli,fast_food,https://www.dominos.com.tr,html,,Dürümos + Coca-Cola 330 ML,200.00
Domino's,Kocaeli,fast_food,https://www.dominos.com.tr,html,,Tavuk Fırsatı,75.00
Domino's,Kocaeli,fast_food,https://www.dominos.com.tr,html,,Çıtır Karışık Kova Fırsatı,260.00
Domino's,Kocaeli,fast_food,https://www.dominos.com.tr,html,,2 Adet Dürümos,270.00
Domino's,Kocaeli,fast_food,https://www.dominos.com.tr,html,,Pizzetta + Bol Peynirli Ekmek,310.00
Domino's,Kocaeli,fast_food,https://www.dominos.com.tr,html,,2 Adet Pizzetta + Tavuk + Patates,370.00
Domino's,Kocaeli,fast_food,https://www.dominos.com.tr,html,,Combo Pizza X-Large,540.00
Domino's,Kocaeli,fast_food,https://www.dominos.com.tr,html,,Orta Boy Combo Pizza,390.00
Domino's,Kocaeli,fast_food,https://www.dominos.com.tr,html,,Büyük Boy Combo Pizza,510.00
Domino's,Kocaeli,fast_food,https://www.dominos.com.tr,html,,Tavuk Kova Fırsatı,155.00
Domino's,Kocaeli,fast_food,https://www.dominos.com.tr,html,,Dürümos + Sarımsaklı Ekmek + 10'lu Çıtır Tavuk Topları,220.00
Domino's,Kocaeli,fast_food,https://www.dominos.com.tr,html,,2 Adet Pizzetta,320.00
Domino's,Kocaeli,fast_food,https://www.dominos.com.tr,html,,2 Adet Pizzetta + Coca-Cola 1 L,410.00
Domino's,Kocaeli,fast_food,https://www.dominos.com.tr,html,,Pizzetta + Tavuk + Patates + Ayran + Boyama Defteri,270.00
Domino's,Kocaeli,fast_food,https://www.dominos.com.tr,html,,Patates Fırsatı,60.00
Domino's,Kocaeli,fast_food,https://www.dominos.com.tr,html,,Çıtır Tavuk Finger,85.00
Domino's,Kocaeli,fast_food,https://www.dominos.com.tr,html,,Çıtır Tavuk Topları,80.00
Domino's,Kocaeli,fast_food,https://www.dominos.com.tr,html,,Tavuk Parçaları,80.00
Domino's,Kocaeli,fast_food,https://www.dominos.com.tr,html,,Mantarsever,400.00
Domino's,Kocaeli,fast_food,https://www.dominos.com.tr,html,,"Sucuk , Mozarella Peyniri , Pizza Sos",400.00
Domino's,Kocaeli,fast_food,https://www.dominos.com.tr,html,,"Sucuk , Mısır , Mozarella Peyniri , Pizza Sos , Siyah Zeytin",400.00
Domino's,Kocaeli,fast_food,https://www.dominos.com.tr,html,,"Mozarella Peyniri , Pizza Sos",400.00
Domino's,Kocaeli,fast_food,https://www.dominos.com.tr,html,,"Mozzarella Peyniri , Pizza Sos, Sucuk, Mantar",480.00
Domino's,Kocaeli,fast_food,https://www.dominos.com.tr,html,,Bol Pan Pizza,480.00
Domino's,Kocaeli,fast_food,https://www.dominos.com.tr,html,,Süper Pan Pizza,480.00
Domino's,Kocaeli,fast_food,https://www.dominos.com.tr,html,,Bol Malzemos,445.00
Domino's,Kocaeli,fast_food,https://www.dominos.com.tr,html,,Karışık,445.00
Domino's,Kocaeli,fast_food,https://www.dominos.com.tr,html,,Bol Etli,445.00
Domino's,Kocaeli,fast_food,https://www.dominos.com.tr,html,,Vegi,445.00
Domino's,Kocaeli,fast_food,https://www.dominos.com.tr,html,,Italiano,445.00
Domino's,Kocaeli,fast_food,https://www.dominos.com.tr,html,,"Sucuk , Mozarella Peyniri , Pizza Sos , Sarımsak Sos",430.00
Domino's,Kocaeli,fast_food,https://www.dominos.com.tr,html,,"Sosis , Mısır , Mozarella Peyniri , Pizza Sos",430.00
Domino's,Kocaeli,fast_food,https://www.dominos.com.tr,html,,Süperos,430.00
Domino's,Kocaeli,fast_food,https://www.dominos.com.tr,html,,Sosyal,430.00
Domino's,Kocaeli,fast_food,https://www.dominos.com.tr,html,,Mixlarge Bol Etli,645.00
Domino's,Kocaeli,fast_food,https://www.dominos.com.tr,html,,Mixlarge Bol Malzeme,645.00
Domino's,Kocaeli,fast_food,https://www.dominos.com.tr,html,,Barbekü Soslu Tavuklu,460.00
Domino's,Kocaeli,fast_food,https://www.dominos.com.tr,html,,Tavuklu,460.00
Domino's,Kocaeli,fast_food,https://www.dominos.com.tr,html,,Extravaganzza,460.00
Domino's,Kocaeli,fast_food,https://www.dominos.com.tr,html,,Domino's Soslu Bol Malzemos,460.00
Domino's,Kocaeli,fast_food,https://www.dominos.com.tr,html,,Ballı Hardallı Tavuklu,460.00
Domino's,Kocaeli,fast_food,https://www.dominos.com.tr,html,,Üç Peynirli,485.00
Domino's,Kocaeli,fast_food,https://www.dominos.com.tr,html,,Konyalım,485.00
Domino's,Kocaeli,fast_food,https://www.dominos.com.tr,html,,Mangal Sucuklu,485.00
Domino's,Kocaeli,fast_food,https://www.dominos.com.tr,html,,Callypso,505.00
Domino's,Kocaeli,fast_food,https://www.dominos.com.tr,html,,Pastırma & Sucuk,505.00
Domino's,Kocaeli,fast_food,https://www.dominos.com.tr,html,,Ocakbaşı,505.00
Domino's,Kocaeli,fast_food,https://www.dominos.com.tr,html,,Cinnamon Roll,115.00
Domino's,Kocaeli,fast_food,https://www.dominos.com.tr,html,,"Pan hamur, sarımsak sos, cheddar, jalepeno",260.00
Domino's,Kocaeli,fast_food,https://www.dominos.com.tr,html,,"Pan hamur, sarımsak sos, cheddar, sucuk",260.00
Domino's,Kocaeli,fast_food,https://www.dominos.com.tr,html,,Tavuk & Patates Mix,185.00
Domino's,Kocaeli,fast_food,https://www.dominos.com.tr,html,,Algida Maraş Usulü Sade Dondurma 100 ml,60.00
Domino's,Kocaeli,fast_food,https://www.dominos.com.tr,html,,Algida Max Classics Vanilya,60.00
Domino's,Kocaeli,fast_food,https://www.dominos.com.tr,html,,42 gr,75.00
Domino's,Kocaeli,fast_food,https://www.dominos.com.tr,html,,Çikolatalı Sufle,150.00
Domino's,Kocaeli,fast_food,https://www.dominos.com.tr,html,,Algida Magnum Mini Badem,75.00
Domino's,Kocaeli,fast_food,https://www.dominos.com.tr,html,,Algida Max Classics Kakao,60.00
Domino's,Kocaeli,fast_food,https://www.dominos.com.tr,html,,Algida Cornetto Karadut,110.00
Domino's,Kocaeli,fast_food,https://www.dominos.com.tr,html,,Algida Magnum Sandwich,105.00
Domino's,Kocaeli,fast_food,https://www.dominos.com.tr,html,,Karışık Pizzetta,175.00
Domino's,Kocaeli,fast_food,https://www.dominos.com.tr,html,,"Mozzarella Peyniri, Pizza Sosu, Sucuk, Mantar, Yeşil Biber",175.00
Domino's,Kocaeli,fast_food,https://www.dominos.com.tr,html,,"Mozzarella Peyniri , Pizza Sos",175.00
Domino's,Kocaeli,fast_food,https://www.dominos.com.tr,html,,Sarımsaklı Ekmek 6 Dilim,70.00
Domino's,Kocaeli,fast_food,https://www.dominos.com.tr,html,,Sucuklu Bol Peynirli Ekmek 6 Dilim,255.00
Domino's,Kocaeli,fast_food,https://www.dominos.com.tr,html,,Bol Peynirli Ekmek 6 Dilim,250.00
Domino's,Kocaeli,fast_food,https://www.dominos.com.tr,html,,Coca-Cola 330 ML,130.00
Domino's,Kocaeli,fast_food,https://www.dominos.com.tr,html,,Coca-Cola 450 ML,130.00
Domino's,Kocaeli,fast_food,https://www.dominos.com.tr,html,,Coca-Cola 1 L,165.00
Domino's,Kocaeli,fast_food,https://www.dominos.com.tr,html,,Şekersiz 330 ML,130.00
Domino's,Kocaeli,fast_food,https://www.dominos.com.tr,html,,Şekersiz 450 ML,130.00
Domino's,Kocaeli,fast_food,https://www.dominos.com.tr,html,,Şekersiz 1 L,165.00
Domino's,Kocaeli,fast_food,https://www.dominos.com.tr,html,,FuseTea Şeftali 330 ML,130.00
Domino's,Kocaeli,fast_food,https://www.dominos.com.tr,html,,FuseTea Şeftali 1 L,165.00
Domino's,Kocaeli,fast_food,https://www.dominos.com.tr,html,,Sütaş Ayran 300 ML,60.00
Domino's,Kocaeli,fast_food,https://www.dominos.com.tr,html,,Sütaş Ayran 200 ML,55.00
Domino's,Kocaeli,fast_food,https://www.dominos.com.tr,html,,Sütaş Ayran 1 L,165.00
Domino's,Kocaeli,fast_food,https://www.dominos.com.tr,html,,"0,5 Lt Damla Su",35.00
Domino's,Kocaeli,fast_food,https://www.dominos.com.tr,html,,FuseTea Limon 330 ML,130.00
Domino's,Kocaeli,fast_food,https://www.dominos.com.tr,html,,FuseTea Limon 1 L,165.00
Domino's,Kocaeli,fast_food,https://www.dominos.com.tr,html,,Fanta 330 ML,130.00
Domino's,Kocaeli,fast_food,https://www.dominos.com.tr,html,,Fanta 1 L,165.00
Domino's,Kocaeli,fast_food,https://www.dominos.com.tr,html,,Sprite 330 ML,130.00
Domino's,Kocaeli,fast_food,https://www.dominos.com.tr,html,,Sprite 1 L,165.00
Domino's,Kocaeli,fast_food,https://www.dominos.com.tr,html,,Coca-Cola Light 330 ML,130.00
Domino's,Kocaeli,fast_food,https://www.dominos.com.tr,html,,Coca-Cola Light 1 L,165.00
Domino's,Kocaeli,fast_food,https://www.dominos.com.tr,html,,Cappy Şeftali,130.00
Domino's,Kocaeli,fast_food,https://www.dominos.com.tr,html,,Cappy Karışık,130.00
Domino's,Kocaeli,fast_food,https://www.dominos.com.tr,html,,Yoğurtlu Sos,40.00
Domino's,Kocaeli,fast_food,https://www.dominos.com.tr,html,,Meksika Sos,40.00
Domino's,Kocaeli,fast_food,https://www.dominos.com.tr,html,,Acı Sos,40.00
Domino's,Kocaeli,fast_food,https://www.dominos.com.tr,html,,Mayonez,5.00
Domino's,Kocaeli,fast_food,https://www.dominos.com.tr,html,,Ketçap,5.00
Domino's,Kocaeli,fast_food,https://www.dominos.com.tr,html,,80 gr.,85.00
Domino's,Kocaeli,fast_food,https://www.dominos.com.tr,html,,Kolombiya’ya özgü kahve çekirdeklerinden.,60.00
Domino's,Kocaeli,fast_food,https://www.dominos.com.tr,html,,1 Alana 1 Bedava - Orta Boy Cazip Pizzalar,440.00
Domino's,Kocaeli,fast_food,https://www.dominos.com.tr,html,,1 Alana 1 Bedava - Orta Boy Sevilen Pizzalar,480.00
Domino's,Kocaeli,fast_food,https://www.dominos.com.tr,html,,1 Alana 1 Bedava - Orta Boy Gurme Pizzalar,570.00
Domino's,Kocaeli,fast_food,https://www.dominos.com.tr,html,,1 Alana 1 Bedava Bol Peynirli Ekmek,250.00
Domino's,Kocaeli,fast_food,https://www.dominos.com.tr,html,,1 Alana 1 Bedava Çikolatalı Sufle,150.00
Domino's,Kocaeli,fast_food,https://www.dominos.com.tr,html,,1 Alana 1 Bedava 4'lü Cinnamon Roll,115.00
Domino's,Kocaeli,fast_food,https://www.dominos.com.tr,html,,1 Alana 1 Bedava 10'lu Çıtır Tavuk Topları,80.00
Domino's,Kocaeli,fast_food,https://www.dominos.com.tr,html,,1 Alana 1 Bedava İçecek,120.00
Domino's,Kocaeli,fast_food,https://www.dominos.com.tr,html,,2 Büyük Boy Cazip Pizza,780.00
Domino's,Kocaeli,fast_food,https://www.dominos.com.tr,html,,Sevilen 2 Büyük Boy Pizza,890.00
Domino's,Kocaeli,fast_food,https://www.dominos.com.tr,html,,1 Alana 1 Bedava Orta Boy Cazip Pizzalar + 1L İçecek,540.00
Domino's,Kocaeli,fast_food,https://www.dominos.com.tr,html,,1 Alana 1 Bedava Orta Boy Sevilen Pizzalar + 1L İçecek,580.00
Domino's,Kocaeli,fast_food,https://www.dominos.com.tr,html,,Büyük Boy Pizza Alana Coca-Cola Pet 1 L Bedava,480.00
Domino's,Kocaeli,fast_food,https://www.dominos.com.tr,html,,3 Orta Boy Pizza,850.00
Domino's,Kocaeli,fast_food,https://www.dominos.com.tr,html,,Pizza X-Large (12 Dilim),520.00
Domino's,Kocaeli,fast_food,https://www.dominos.com.tr,html,,Büyük Boy Pizzalar,480.00
Domino's,Kocaeli,fast_food,https://www.dominos.com.tr,html,,2 Orta Boy Pizza + 2 Çikolatalı Sufle + 2 Algida Maraş Cup,750.00
Domino's,Kocaeli,fast_food,https://www.dominos.com.tr,html,,Orta Boy Gurme Pizzalar,450.00
Domino's,Kocaeli,fast_food,https://www.dominos.com.tr,html,,2 Orta Boy Pan Pizza + 4’lü Cinnamon Roll,650.00
Domino's,Kocaeli,fast_food,https://www.dominos.com.tr,html,,Çikolatalı Sufle + Algida Maraş Cup,170.00
Domino's,Kocaeli,fast_food,https://www.dominos.com.tr,html,,Pizza X-Large (12 Dilim) Alana Coca-Cola 1 L Bedava,520.00
Domino's,Kocaeli,fast_food,https://www.dominos.com.tr,html,,2 Orta Boy Pizza + 4’lü Cinnamon Roll,610.00
Domino's,Kocaeli,fast_food,https://www.dominos.com.tr,html,,10'lu Domino's Roll + Coca-Cola Pet 330 ml,270.00
Domino's,Kocaeli,fast_food,https://www.dominos.com.tr,html,,Mixlarge Pizzalar,570.00
Domino's,Kocaeli,fast_food,https://www.dominos.com.tr,html,,3 Orta Boy Pizza + Tavuk + Patates + Coca-Cola 1 L,960.00
Domino's,Kocaeli,fast_food,https://www.dominos.com.tr,html,,3 Orta Boy Bol Malzemos,950.00
Domino's,Kocaeli,fast_food,https://www.dominos.com.tr,html,,Orta Boy Bol Malzemos + 330 ML İçecek + Seçili Lezzetler,480.00
Domino's,Kocaeli,fast_food,https://www.dominos.com.tr,html,,Pizza X-Large (12 Dilim) + Coca-Cola 1 L + Seçili Lezzetler,610.00
Domino's,Kocaeli,fast_food,https://www.dominos.com.tr,html,,2 Orta Boy Pan Pizza + Coca-Cola 1 L,630.00
Domino's,Kocaeli,fast_food,https://www.dominos.com.tr,html,,Büyük Boy Pizza + Coca-Cola 1 L + Seçili Lezzetler,620.00
Domino's,Kocaeli,fast_food,https://www.dominos.com.tr,html,,2 Çikolatalı Sufle + 2 Algida Maraş Cup,320.00
Domino's,Kocaeli,fast_food,https://www.dominos.com.tr,html,,4 Çikolatalı Sufle + 4 Algida Maraş Cup,620.00
Domino's,Kocaeli,fast_food,https://www.dominos.com.tr,html,,Büyük Boy Pizza + Çikolatalı Sufle + Algida Maraş Cup,590.00
Domino's,Kocaeli,fast_food,https://www.dominos.com.tr,html,,Büyük Boy Pizza + Tatlı + Coca-Cola 1 L,620.00
Domino's,Kocaeli,fast_food,https://www.dominos.com.tr,html,,Pizza X-Large + 8'li Cinnamon Roll,620.00
Domino's,Kocaeli,fast_food,https://www.dominos.com.tr,html,,Bol Peynirli Ekmek + 4'lü Cinnamon Roll + Algida Dondurma,320.00
Domino's,Kocaeli,fast_food,https://www.dominos.com.tr,html,,2 Büyük Boy Pizza + Coca-Cola 1 L,900.00
Domino's,Kocaeli,fast_food,https://www.dominos.com.tr,html,,Orta Boy Pan Pizza + Bol Malzemos,550.00
Domino's,Kocaeli,fast_food,https://www.dominos.com.tr,html,,4 Adet Pizzetta,600.00
Domino's,Kocaeli,fast_food,https://www.dominos.com.tr,html,,2 Orta Boy Bol Pan Pizza,560.00
Domino's,Kocaeli,fast_food,https://www.dominos.com.tr,html,,2 Orta Boy Pan Cazip Pizzalar,540.00
Domino's,Kocaeli,fast_food,https://www.dominos.com.tr,html,,Orta Boy Pizzalar,440.00
Domino's,Kocaeli,fast_food,https://www.dominos.com.tr,html,,Büyük Boy Pizza + 4'lü Cinnamon Roll,570.00
Domino's,Kocaeli,fast_food,https://www.dominos.com.tr,html,,Orta Boy Pizza + 4'lü Cinnamon Roll,470.00
Domino's,Kocaeli,fast_food,https://www.dominos.com.tr,html,,Orta Boy Pizza + Sufle + Algida,430.00
Domino's,Kocaeli,fast_food,https://www.dominos.com.tr,html,,Dürümos + Patates + Tavuk,210.00
Domino's,Kocaeli,fast_food,https://www.dominos.com.tr,html,,Tek Kişilik Pizzalar,310.00
Domino's,Kocaeli,fast_food,https://www.dominos.com.tr,html,,Orta Boy Pan Pizza,400.00
Domino's,Kocaeli,fast_food,https://www.dominos.com.tr,html,,Orta Boy Pan Pizza + Sos + Coca-Cola 330 ML,460.00
Domino's,Kocaeli,fast_food,https://www.dominos.com.tr,html,,Pizzetta + Patates + Tavuk + Coca-Cola 330 ML,340.00
Domino's,Kocaeli,fast_food,https://www.dominos.com.tr,html,,Dürümos + Coca-Cola 330 ML,200.00
Domino's,Kocaeli,fast_food,https://www.dominos.com.tr,html,,Tavuk Fırsatı,75.00
Domino's,Kocaeli,fast_food,https://www.dominos.com.tr,html,,Çıtır Karışık Kova Fırsatı,260.00
Domino's,Kocaeli,fast_food,https://www.dominos.com.tr,html,,2 Adet Dürümos,270.00
Domino's,Kocaeli,fast_food,https://www.dominos.com.tr,html,,Pizzetta + Bol Peynirli Ekmek,310.00
Domino's,Kocaeli,fast_food,https://www.dominos.com.tr,html,,2 Adet Pizzetta + Tavuk + Patates,370.00
Domino's,Kocaeli,fast_food,https://www.dominos.com.tr,html,,Combo Pizza X-Large,540.00
Domino's,Kocaeli,fast_food,https://www.dominos.com.tr,html,,Orta Boy Combo Pizza,390.00
Domino's,Kocaeli,fast_food,https://www.dominos.com.tr,html,,Büyük Boy Combo Pizza,510.00
Domino's,Kocaeli,fast_food,https://www.dominos.com.tr,html,,Tavuk Kova Fırsatı,155.00
Domino's,Kocaeli,fast_food,https://www.dominos.com.tr,html,,Dürümos + Sarımsaklı Ekmek + 10'lu Çıtır Tavuk Topları,220.00
Domino's,Kocaeli,fast_food,https://www.dominos.com.tr,html,,2 Adet Pizzetta,320.00
Domino's,Kocaeli,fast_food,https://www.dominos.com.tr,html,,2 Adet Pizzetta + Coca-Cola 1 L,410.00
Domino's,Kocaeli,fast_food,https://www.dominos.com.tr,html,,Pizzetta + Tavuk + Patates + Ayran + Boyama Defteri,270.00
Domino's,Kocaeli,fast_food,https://www.dominos.com.tr,html,,Patates Fırsatı,60.00
Domino's,Kocaeli,fast_food,https://www.dominos.com.tr,html,,Çıtır Tavuk Finger,85.00
Domino's,Kocaeli,fast_food,https://www.dominos.com.tr,html,,Çıtır Tavuk Topları,80.00
Domino's,Kocaeli,fast_food,https://www.dominos.com.tr,html,,Tavuk Parçaları,80.00
Domino's,Kocaeli,fast_food,https://www.dominos.com.tr,html,,Mantarsever,400.00
Domino's,Kocaeli,fast_food,https://www.dominos.com.tr,html,,"Sucuk , Mozarella Peyniri , Pizza Sos",400.00
Domino's,Kocaeli,fast_food,https://www.dominos.com.tr,html,,"Sucuk , Mısır , Mozarella Peyniri , Pizza Sos , Siyah Zeytin",400.00
Domino's,Kocaeli,fast_food,https://www.dominos.com.tr,html,,"Mozarella Peyniri , Pizza Sos",400.00
Domino's,Kocaeli,fast_food,https://www.dominos.com.tr,html,,"Mozzarella Peyniri , Pizza Sos, Sucuk, Mantar",480.00
Domino's,Kocaeli,fast_food,https://www.dominos.com.tr,html,,Bol Pan Pizza,480.00
Domino's,Kocaeli,fast_food,https://www.dominos.com.tr,html,,Süper Pan Pizza,480.00
Domino's,Kocaeli,fast_food,https://www.dominos.com.tr,html,,Bol Malzemos,445.00
Domino's,Kocaeli,fast_food,https://www.dominos.com.tr,html,,Karışık,445.00
Domino's,Kocaeli,fast_food,https://www.dominos.com.tr,html,,Bol Etli,445.00
Domino's,Kocaeli,fast_food,https://www.dominos.com.tr,html,,Vegi,445.00
Domino's,Kocaeli,fast_food,https://www.dominos.com.tr,html,,Italiano,445.00
Domino's,Kocaeli,fast_food,https://www.dominos.com.tr,html,,"Sucuk , Mozarella Peyniri , Pizza Sos , Sarımsak Sos",430.00
Domino's,Kocaeli,fast_food,https://www.dominos.com.tr,html,,"Sosis , Mısır , Mozarella Peyniri , Pizza Sos",430.00
Domino's,Kocaeli,fast_food,https://www.dominos.com.tr,html,,Süperos,430.00
Domino's,Kocaeli,fast_food,https://www.dominos.com.tr,html,,Sosyal,430.00
Domino's,Kocaeli,fast_food,https://www.dominos.com.tr,html,,Mixlarge Bol Etli,645.00
Domino's,Kocaeli,fast_food,https://www.dominos.com.tr,html,,Mixlarge Bol Malzeme,645.00
Domino's,Kocaeli,fast_food,https://www.dominos.com.tr,html,,Barbekü Soslu Tavuklu,460.00
Domino's,Kocaeli,fast_food,https://www.dominos.com.tr,html,,Tavuklu,460.00
Domino's,Kocaeli,fast_food,https://www.dominos.com.tr,html,,Extravaganzza,460.00
Domino's,Kocaeli,fast_food,https://www.dominos.com.tr,html,,Domino's Soslu Bol Malzemos,460.00
Domino's,Kocaeli,fast_food,https://www.dominos.com.tr,html,,Ballı Hardallı Tavuklu,460.00
Domino's,Kocaeli,fast_food,https://www.dominos.com.tr,html,,Üç Peynirli,485.00
Domino's,Kocaeli,fast_food,https://www.dominos.com.tr,html,,Konyalım,485.00
Domino's,Kocaeli,fast_food,https://www.dominos.com.tr,html,,Mangal Sucuklu,485.00
Domino's,Kocaeli,fast_food,https://www.dominos.com.tr,html,,Callypso,505.00
Domino's,Kocaeli,fast_food,https://www.dominos.com.tr,html,,Pastırma & Sucuk,505.00
Domino's,Kocaeli,fast_food,https://www.dominos.com.tr,html,,Ocakbaşı,505.00
Domino's,Kocaeli,fast_food,https://www.dominos.com.tr,html,,Cinnamon Roll,115.00
Domino's,Kocaeli,fast_food,https://www.dominos.com.tr,html,,"Pan hamur, sarımsak sos, cheddar, jalepeno",260.00
Domino's,Kocaeli,fast_food,https://www.dominos.com.tr,html,,"Pan hamur, sarımsak sos, cheddar, sucuk",260.00
Domino's,Kocaeli,fast_food,https://www.dominos.com.tr,html,,Tavuk & Patates Mix,185.00
Domino's,Kocaeli,fast_food,https://www.dominos.com.tr,html,,Algida Maraş Usulü Sade Dondurma 100 ml,60.00
Domino's,Kocaeli,fast_food,https://www.dominos.com.tr,html,,Algida Max Classics Vanilya,60.00
Domino's,Kocaeli,fast_food,https://www.dominos.com.tr,html,,42 gr,75.00
Domino's,Kocaeli,fast_food,https://www.dominos.com.tr,html,,Çikolatalı Sufle,150.00
Domino's,Kocaeli,fast_food,https://www.dominos.com.tr,html,,Algida Magnum Mini Badem,75.00
Domino's,Kocaeli,fast_food,https://www.dominos.com.tr,html,,Algida Max Classics Kakao,60.00
Domino's,Kocaeli,fast_food,https://www.dominos.com.tr,html,,Algida Cornetto Karadut,110.00
Domino's,Kocaeli,fast_food,https://www.dominos.com.tr,html,,Algida Magnum Sandwich,105.00
Domino's,Kocaeli,fast_food,https://www.dominos.com.tr,html,,Karışık Pizzetta,175.00
Domino's,Kocaeli,fast_food,https://www.dominos.com.tr,html,,"Mozzarella Peyniri, Pizza Sosu, Sucuk, Mantar, Yeşil Biber",175.00
Domino's,Kocaeli,fast_food,https://www.dominos.com.tr,html,,"Mozzarella Peyniri , Pizza Sos",175.00
Domino's,Kocaeli,fast_food,https://www.dominos.com.tr,html,,Sarımsaklı Ekmek 6 Dilim,70.00
Domino's,Kocaeli,fast_food,https://www.dominos.com.tr,html,,Sucuklu Bol Peynirli Ekmek 6 Dilim,255.00
Domino's,Kocaeli,fast_food,https://www.dominos.com.tr,html,,Bol Peynirli Ekmek 6 Dilim,250.00
Domino's,Kocaeli,fast_food,https://www.dominos.com.tr,html,,Coca-Cola 330 ML,130.00
Domino's,Kocaeli,fast_food,https://www.dominos.com.tr,html,,Coca-Cola 450 ML,130.00
Domino's,Kocaeli,fast_food,https://www.dominos.com.tr,html,,Coca-Cola 1 L,165.00
Domino's,Kocaeli,fast_food,https://www.dominos.com.tr,html,,Şekersiz 330 ML,130.00
Domino's,Kocaeli,fast_food,https://www.dominos.com.tr,html,,Şekersiz 450 ML,130.00
Domino's,Kocaeli,fast_food,https://www.dominos.com.tr,html,,Şekersiz 1 L,165.00
Domino's,Kocaeli,fast_food,https://www.dominos.com.tr,html,,FuseTea Şeftali 330 ML,130.00
Domino's,Kocaeli,fast_food,https://www.dominos.com.tr,html,,FuseTea Şeftali 1 L,165.00
Domino's,Kocaeli,fast_food,https://www.dominos.com.tr,html,,Sütaş Ayran 300 ML,60.00
Domino's,Kocaeli,fast_food,https://www.dominos.com.tr,html,,Sütaş Ayran 200 ML,55.00
Domino's,Kocaeli,fast_food,https://www.dominos.com.tr,html,,Sütaş Ayran 1 L,165.00
Domino's,Kocaeli,fast_food,https://www.dominos.com.tr,html,,"0,5 Lt Damla Su",35.00
Domino's,Kocaeli,fast_food,https://www.dominos.com.tr,html,,FuseTea Limon 330 ML,130.00
Domino's,Kocaeli,fast_food,https://www.dominos.com.tr,html,,FuseTea Limon 1 L,165.00
Domino's,Kocaeli,fast_food,https://www.dominos.com.tr,html,,Fanta 330 ML,130.00
Domino's,Kocaeli,fast_food,https://www.dominos.com.tr,html,,Fanta 1 L,165.00
Domino's,Kocaeli,fast_food,https://www.dominos.com.tr,html,,Sprite 330 ML,130.00
Domino's,Kocaeli,fast_food,https://www.dominos.com.tr,html,,Sprite 1 L,165.00
Domino's,Kocaeli,fast_food,https://www.dominos.com.tr,html,,Coca-Cola Light 330 ML,130.00
Domino's,Kocaeli,fast_food,https://www.dominos.com.tr,html,,Coca-Cola Light 1 L,165.00
Domino's,Kocaeli,fast_food,https://www.dominos.com.tr,html,,Cappy Şeftali,130.00
Domino's,Kocaeli,fast_food,https://www.dominos.com.tr,html,,Cappy Karışık,130.00
Domino's,Kocaeli,fast_food,https://www.dominos.com.tr,html,,Yoğurtlu Sos,40.00
Domino's,Kocaeli,fast_food,https://www.dominos.com.tr,html,,Meksika Sos,40.00
Domino's,Kocaeli,fast_food,https://www.dominos.com.tr,html,,Acı Sos,40.00
Domino's,Kocaeli,fast_food,https://www.dominos.com.tr,html,,Mayonez,5.00
Domino's,Kocaeli,fast_food,https://www.dominos.com.tr,html,,Ketçap,5.00
Domino's,Kocaeli,fast_food,https://www.dominos.com.tr,html,,80 gr.,85.00
Domino's,Kocaeli,fast_food,https://www.dominos.com.tr,html,,Kolombiya’ya özgü kahve çekirdeklerinden.,60.00
Kahve Dünyası,Kocaeli,cafe,https://www.kahvedunyasi.com,html,,Reform Alışveriş Çantası,870.00
Kahve Dünyası,Kocaeli,cafe,https://www.kahvedunyasi.com,html,,Kahve Dünyası Algötür Metal Termos 460 ml,1250.00
Kahve Dünyası,Kocaeli,cafe,https://www.kahvedunyasi.com,html,,Tablet Çikolata Brownie Dolgulu,350.00
Kahve Dünyası,Kocaeli,cafe,https://www.kahvedunyasi.com,html,,Tablet Çikolata Bademli Krokanlı ve Karamelli,350.00
Kahve Dünyası,Kocaeli,cafe,https://www.kahvedunyasi.com,html,,Özel Seri Soğuk Fındık Aromalı Caffe Latte 10'lu,185.00
Kahve Dünyası,Kocaeli,cafe,https://www.kahvedunyasi.com,html,,Guatemala Filtre Kahve Kilitli 250g,350.00
Kahve Dünyası,Kocaeli,cafe,https://www.kahvedunyasi.com,html,,Lavi Karışık Dolgulu Çikolata Silindir Kutu 400g,400.00
Kahve Dünyası,Kocaeli,cafe,https://www.kahvedunyasi.com,html,,Özel Seri Soğuk Vanilyalı Aromalı Caffe Latte 10'lu,185.00
Kahve Dünyası,Kocaeli,cafe,https://www.kahvedunyasi.com,html,,Geçmiş Olsun Hediye Kutusu,94.90
Kahve Dünyası,Kocaeli,cafe,https://www.kahvedunyasi.com,html,,Başarılarının Devamını Dilerim Hediye Kutusu,94.90
Kahve Dünyası,Kocaeli,cafe,https://www.kahvedunyasi.com,html,,Yeni Yaşın Mutlu Olsun Hediye Kutusu,94.90
Kahve Dünyası,Kocaeli,cafe,https://www.kahvedunyasi.com,html,,Hayat Seninle Güzel Hediye Kutusu,94.90
Kartepe Manzara Restaurant,Kocaeli,restaurant,https://www.kartepemanzara.com,html,,Serpme Köy Kahvaltısı (Kişi Başı),850.00
Kartepe Manzara Restaurant,Kocaeli,restaurant,https://www.kartepemanzara.com,html,,Kişi başı,850.00
Kartepe Manzara Restaurant,Kocaeli,restaurant,https://www.kartepemanzara.com,html,,KAHVALTI KAVURMASI,500.00
Kartepe Manzara Restaurant,Kocaeli,restaurant,https://www.kartepemanzara.com,html,,Kahvaltı Sucuğu,500.00
Kartepe Manzara Restaurant,Kocaeli,restaurant,https://www.kartepemanzara.com,html,,Sucuklu Yumurta,350.00
Kartepe Manzara Restaurant,Kocaeli,restaurant,https://www.kartepemanzara.com,html,,Mıhlama / Kuymak,425.00
Kartepe Manzara Restaurant,Kocaeli,restaurant,https://www.kartepemanzara.com,html,,Menemen,350.00
Kartepe Manzara Restaurant,Kocaeli,restaurant,https://www.kartepemanzara.com,html,,Güveçte Köy Peyniri,370.00
Kartepe Manzara Restaurant,Kocaeli,restaurant,https://www.kartepemanzara.com,html,,Güveçte Mantar,350.00
Kartepe Manzara Restaurant,Kocaeli,restaurant,https://www.kartepemanzara.com,html,,Patates Tava,275.00
Kartepe Manzara Restaurant,Kocaeli,restaurant,https://www.kartepemanzara.com,html,,Kalem Böreği,300.00
Kartepe Manzara Restaurant,Kocaeli,restaurant,https://www.kartepemanzara.com,html,,Turşu Kavurma,320.00
Kartepe Manzara Restaurant,Kocaeli,restaurant,https://www.kartepemanzara.com,html,,Mıhlama,425.00
Kartepe Manzara Restaurant,Kocaeli,restaurant,https://www.kartepemanzara.com,html,,Karışık Izgara 1,100.00
Kartepe Manzara Restaurant,Kocaeli,restaurant,https://www.kartepemanzara.com,html,,Kuzu Pirzola 1,350.00
Kartepe Manzara Restaurant,Kocaeli,restaurant,https://www.kartepemanzara.com,html,,Kanat Şiş,640.00
Kartepe Manzara Restaurant,Kocaeli,restaurant,https://www.kartepemanzara.com,html,,Tavuk Şiş,600.00
Kartepe Manzara Restaurant,Kocaeli,restaurant,https://www.kartepemanzara.com,html,,Köfte Izgara,650.00
Kartepe Manzara Restaurant,Kocaeli,restaurant,https://www.kartepemanzara.com,html,,Sucuk Izgara,700.00
Kartepe Manzara Restaurant,Kocaeli,restaurant,https://www.kartepemanzara.com,html,,Kuzu Tandır 1,200.00
Kartepe Manzara Restaurant,Kocaeli,restaurant,https://www.kartepemanzara.com,html,,Sac Kavurma,950.00
Kartepe Manzara Restaurant,Kocaeli,restaurant,https://www.kartepemanzara.com,html,,Sucuk,700.00
Kartepe Manzara Restaurant,Kocaeli,restaurant,https://www.kartepemanzara.com,html,,Kavurma,850.00
Kartepe Manzara Restaurant,Kocaeli,restaurant,https://www.kartepemanzara.com,html,,Alabalık,550.00
Kartepe Manzara Restaurant,Kocaeli,restaurant,https://www.kartepemanzara.com,html,,Tabak Kahvaltı,700.00
Kartepe Manzara Restaurant,Kocaeli,restaurant,https://www.kartepemanzara.com,html,,Pilav Tabağı,100.00
Kartepe Manzara Restaurant,Kocaeli,restaurant,https://www.kartepemanzara.com,html,,Lavaş,150.00
Kartepe Manzara Restaurant,Kocaeli,restaurant,https://www.kartepemanzara.com,html,,Sucuk Ekmek,360.00
Kartepe Manzara Restaurant,Kocaeli,restaurant,https://www.kartepemanzara.com,html,,Köfte Ekmek,320.00
Kartepe Manzara Restaurant,Kocaeli,restaurant,https://www.kartepemanzara.com,html,,Kuver Kahvaltı,400.00
Kartepe Manzara Restaurant,Kocaeli,restaurant,https://www.kartepemanzara.com,html,,Kişi Başı 950-1000-1,700.00
Espressopark,Konya,cafe,https://espressopark.com,woo,coffee,Colombia Dark Roast,19.00
Espressopark,Konya,cafe,https://espressopark.com,woo,decaf,Swiss Water Decaf,19.00
Espressopark,Konya,cafe,https://espressopark.com,woo,coffee,French Roast,19.00
Espressopark,Konya,cafe,https://espressopark.com,woo,coffee,Breakfast Blend,19.00
Espressopark,Konya,cafe,https://espressopark.com,woo,coffee,House Blend,19.00
Espressopark,Konya,cafe,https://espressopark.com,woo,coffee,Holiday Blend,19.00
Espressopark,Konya,cafe,https://espressopark.com,woo,decaf,Decaffeinato,17.00
Espressopark,Konya,cafe,https://espressopark.com,woo,coffee,Double Espresso,19.00
Espressopark,Konya,cafe,https://espressopark.com,woo,merchandise,AMAYA T-Shirt White,35.00
Espressopark,Konya,cafe,https://espressopark.com,woo,merchandise,AMAYA Sweatshirt,75.00
Espressopark,Konya,cafe,https://espressopark.com,woo,cold brew,Cold Brew,3.50
Espressopark,Konya,cafe,https://espressopark.com,woo,merchandise,Coffee Mug,25.00
Kahve Dünyası,Kutahya,cafe,https://www.kahvedunyasi.com,html,,Reform Alışveriş Çantası,870.00
Kahve Dünyası,Kutahya,cafe,https://www.kahvedunyasi.com,html,,Kahve Dünyası Algötür Metal Termos 460 ml,1250.00
Kahve Dünyası,Kutahya,cafe,https://www.kahvedunyasi.com,html,,Tablet Çikolata Brownie Dolgulu,350.00
Kahve Dünyası,Kutahya,cafe,https://www.kahvedunyasi.com,html,,Tablet Çikolata Bademli Krokanlı ve Karamelli,350.00
Kahve Dünyası,Kutahya,cafe,https://www.kahvedunyasi.com,html,,Özel Seri Soğuk Fındık Aromalı Caffe Latte 10'lu,185.00
Kahve Dünyası,Kutahya,cafe,https://www.kahvedunyasi.com,html,,Guatemala Filtre Kahve Kilitli 250g,350.00
Kahve Dünyası,Kutahya,cafe,https://www.kahvedunyasi.com,html,,Lavi Karışık Dolgulu Çikolata Silindir Kutu 400g,400.00
Kahve Dünyası,Kutahya,cafe,https://www.kahvedunyasi.com,html,,Özel Seri Soğuk Vanilyalı Aromalı Caffe Latte 10'lu,185.00
Kahve Dünyası,Kutahya,cafe,https://www.kahvedunyasi.com,html,,Geçmiş Olsun Hediye Kutusu,94.90
Kahve Dünyası,Kutahya,cafe,https://www.kahvedunyasi.com,html,,Başarılarının Devamını Dilerim Hediye Kutusu,94.90
Kahve Dünyası,Kutahya,cafe,https://www.kahvedunyasi.com,html,,Yeni Yaşın Mutlu Olsun Hediye Kutusu,94.90
Kahve Dünyası,Kutahya,cafe,https://www.kahvedunyasi.com,html,,Hayat Seninle Güzel Hediye Kutusu,94.90
BlendBlack Coffee Factory,Manisa,cafe,https://www.blendblack.com.tr,woo,Türk Kahveleri,Barista Türk Kahvesi 500gr (2x250gr),450.00
BlendBlack Coffee Factory,Manisa,cafe,https://www.blendblack.com.tr,woo,Özel Kahveler,Menengiç Kahvesi 250Gr,280.00
BlendBlack Coffee Factory,Manisa,cafe,https://www.blendblack.com.tr,woo,Aromalı Filtre Kahveler,Çilek Aromalı Filtre Kahve 250 G,395.00
BlendBlack Coffee Factory,Manisa,cafe,https://www.blendblack.com.tr,woo,Aromalı Filtre Kahveler,Filtre Kahve Çikolata Aromalı 250gr Teneke Kutu,395.00
BlendBlack Coffee Factory,Manisa,cafe,https://www.blendblack.com.tr,woo,Smoothie ve Milkshake,Smoothie / Milkshake Caramel Flavored 500 G,395.00
BlendBlack Coffee Factory,Manisa,cafe,https://www.blendblack.com.tr,woo,Filtre Kahveler,Guatemala Las Manzanas Filtre Kahve 250gr Öğütülmüş,440.00
BlendBlack Coffee Factory,Manisa,cafe,https://www.blendblack.com.tr,woo,Filtre Kahveler,Costa Rica Tarrazu Filtre Kahve 250Gr Öğütülmüş,460.00
BlendBlack Coffee Factory,Manisa,cafe,https://www.blendblack.com.tr,woo,Filtre Kahve,Etihopia Yirgacheffe Gr2 Filtre Kahve 250 Gr Öğütülmüş,460.00
BlendBlack Coffee Factory,Manisa,cafe,https://www.blendblack.com.tr,woo,Filtre Kahveler,Sumatra Mandheling Filtre Kahve 250gr Öğütülmüş,365.00
BlendBlack Coffee Factory,Manisa,cafe,https://www.blendblack.com.tr,woo,Filtre Kahveler,Colombia Supremo Filtre Kahve 250 Gr Öğütülmüş,440.00
BlendBlack Coffee Factory,Manisa,cafe,https://www.blendblack.com.tr,woo,Smoothie ve Milkshake,Smoothie Milkshake Peach Flavored 500 gr Teneke Kutu,395.00
BlendBlack Coffee Factory,Manisa,cafe,https://www.blendblack.com.tr,woo,"Türk Kahveleri, Türk Kahvesi",Barista Türk Kahvesi 1000gr (4&#215;250 Gr),900.00
BlendBlack Coffee Factory,Manisa,cafe,https://www.blendblack.com.tr,woo,"Filtre Kahve, Filtre Kahveler",Barista Filtre Kahve 1000gr (4x250Gr Öğütülmüş),900.00
BlendBlack Coffee Factory,Manisa,cafe,https://www.blendblack.com.tr,woo,Espresso,Barista Espresso Çekirdek 1000gr,865.00
BlendBlack Coffee Factory,Manisa,cafe,https://www.blendblack.com.tr,woo,Aromalı Filtre Kahveler,Filtre Kahve Raspbery Chocolate Flavored 250gr Teneke Kutu,395.00
BlendBlack Coffee Factory,Manisa,cafe,https://www.blendblack.com.tr,woo,Bitki Çayları,Detoks Çayı Dökme 150gr,145.00
BlendBlack Coffee Factory,Manisa,cafe,https://www.blendblack.com.tr,woo,Bitki Çayları,Terapi Çayı Dökme 150gr,165.00
BlendBlack Coffee Factory,Manisa,cafe,https://www.blendblack.com.tr,woo,Bitki Çayları,Kış Çayı Dökme 250gr,345.00
BlendBlack Coffee Factory,Manisa,cafe,https://www.blendblack.com.tr,woo,Bitki Çayları,Meditasyon Çayı Dökme 100gr,205.00
BlendBlack Coffee Factory,Manisa,cafe,https://www.blendblack.com.tr,woo,Bitki Çayları,Form Çayı Dökme 150gr,180.00
BlendBlack Coffee Factory,Manisa,cafe,https://www.blendblack.com.tr,woo,Smoothie ve Milkshake,Smoothie/milkshake Strawberry Flavored 500gr Teneke Kutu,395.00
BlendBlack Coffee Factory,Manisa,cafe,https://www.blendblack.com.tr,woo,Smoothie ve Milkshake,Smoothie/milkshake Banana Flavored 500gr Teneke Kutu,395.00
BlendBlack Coffee Factory,Manisa,cafe,https://www.blendblack.com.tr,woo,Smoothie ve Milkshake,Smoothie/milkshake Mango Flavored 500gr Teneke Kutu,395.00
BlendBlack Coffee Factory,Manisa,cafe,https://www.blendblack.com.tr,woo,Smoothie ve Milkshake,Smoothie/milkshake Kiwi Flavored 500gr Teneke Kutu,395.00
BlendBlack Coffee Factory,Manisa,cafe,https://www.blendblack.com.tr,woo,Smoothie ve Milkshake,Smoothie/milkshake Melon Flavored 500gr Teneke Kutu,395.00
BlendBlack Coffee Factory,Manisa,cafe,https://www.blendblack.com.tr,woo,Smoothie ve Milkshake,Smoothie/milkshake Chocalate Flavored 500gr Teneke Kutu,470.00
BlendBlack Coffee Factory,Manisa,cafe,https://www.blendblack.com.tr,woo,Tatlı İçecekler,Beyaz Sıcak Çikolata 500gr Teneke Kutu,435.00
BlendBlack Coffee Factory,Manisa,cafe,https://www.blendblack.com.tr,woo,Tatlı İçecekler,Bitter Sıcak Çikolata 500gr Teneke Kutu,595.00
BlendBlack Coffee Factory,Manisa,cafe,https://www.blendblack.com.tr,woo,Frappe Tozları,Frappe Caramel Flavored 500gr Teneke Kutu,405.00
BlendBlack Coffee Factory,Manisa,cafe,https://www.blendblack.com.tr,woo,Frappe Tozları,Frappe Vanilla Flavored Aromalı 500gr Teneke Kutu,405.00
BlendBlack Coffee Factory,Manisa,cafe,https://www.blendblack.com.tr,woo,Frappe Tozları,Frappe Irish Cream Flavored 500gr Teneke Kutu,405.00
BlendBlack Coffee Factory,Manisa,cafe,https://www.blendblack.com.tr,woo,Frappe Tozları,Frappe Chocolate Flavored 500gr Teneke Kutu,405.00
BlendBlack Coffee Factory,Manisa,cafe,https://www.blendblack.com.tr,woo,Diğer Lezzetler,Kahve Kreması 350gr Teneke Kutu,225.00
BlendBlack Coffee Factory,Manisa,cafe,https://www.blendblack.com.tr,woo,Diğer Lezzetler,Gold Hazır Kahve Teneke 150 G,290.00
BlendBlack Coffee Factory,Manisa,cafe,https://www.blendblack.com.tr,woo,Tatlı İçecekler,Salep Tarçınlı 500gr Teneke Kutu,390.00
BlendBlack Coffee Factory,Manisa,cafe,https://www.blendblack.com.tr,woo,Tatlı İçecekler,Salep Damla Sakızlı 500gr Teneke Kutu,395.00
BlendBlack Coffee Factory,Manisa,cafe,https://www.blendblack.com.tr,woo,Tatlı İçecekler,Cevizli Salep 500 gr Teneke Kutu,400.00
BlendBlack Coffee Factory,Manisa,cafe,https://www.blendblack.com.tr,woo,Tatlı İçecekler,Salep Antep Fıstıklı 500gr Teneke Kutu,405.00
BlendBlack Coffee Factory,Manisa,cafe,https://www.blendblack.com.tr,woo,Espresso,Espresso Premium Black Çekirdek 1000gr (%100 Arabica),1300.00
BlendBlack Coffee Factory,Manisa,cafe,https://www.blendblack.com.tr,woo,Çekirdek Kahveler,Sumatra Mandheling Çekirdek Kahve 250gr (Single Origin),360.00
BlendBlack Coffee Factory,Manisa,cafe,https://www.blendblack.com.tr,woo,Çekirdek Kahveler,Kenya AA Çekirdek Kahve 250gr (Single Origin),460.00
BlendBlack Coffee Factory,Manisa,cafe,https://www.blendblack.com.tr,woo,Çekirdek Kahveler,Guatemala Las Manzanas Çekirdek Kahve 250gr (Single Origin),440.00
BlendBlack Coffee Factory,Manisa,cafe,https://www.blendblack.com.tr,woo,Çekirdek Kahveler,Ethiopia Yirgacheffe Gr2 Çekirdek Kahve 250gr (Single Origin),460.00
BlendBlack Coffee Factory,Manisa,cafe,https://www.blendblack.com.tr,woo,Çekirdek Kahveler,Costarica Tarrazu Çekirdek Kahve 250 gr (Single Origin),460.00
BlendBlack Coffee Factory,Manisa,cafe,https://www.blendblack.com.tr,woo,Çekirdek Kahveler,Colombia Supremo Çekirdek Kahve 250gr (Single Origin),440.00
BlendBlack Coffee Factory,Manisa,cafe,https://www.blendblack.com.tr,woo,Çekirdek Kahveler,Santos Fine Cup Çekirdek Kahve 250gr (Single Origin),405.00
BlendBlack Coffee Factory,Manisa,cafe,https://www.blendblack.com.tr,woo,"Türk Kahveleri, Türk Kahvesi",Türk Kahvesi Orta Kavrulmuş 250 Gr,345.00
BlendBlack Coffee Factory,Manisa,cafe,https://www.blendblack.com.tr,woo,Türk Kahveleri,Dibek Kahvesi 250gr,280.00
BlendBlack Coffee Factory,Manisa,cafe,https://www.blendblack.com.tr,woo,"Aromalı Türk Kahveleri, Türk Kahvesi",Çikolata Aromalı Türk Kahvesi Teneke Kutu 250 gr,380.00
BlendBlack Coffee Factory,Manisa,cafe,https://www.blendblack.com.tr,woo,"Aromalı Türk Kahveleri, Türk Kahvesi",Kakule Aromalı Türk Kahvesi Teneke Kutu 250 gr,380.00
BlendBlack Coffee Factory,Manisa,cafe,https://www.blendblack.com.tr,woo,"Aromalı Türk Kahveleri, Türk Kahvesi",Türk Kahvesi Dağ Çileği Aromalı 250gr Teneke Kutu,380.00
BlendBlack Coffee Factory,Manisa,cafe,https://www.blendblack.com.tr,woo,"Aromalı Türk Kahveleri, Türk Kahvesi",Güllü Lokum Aromalı Türk Kahvesi Teneke Kutu 250 gr,380.00
BlendBlack Coffee Factory,Manisa,cafe,https://www.blendblack.com.tr,woo,"Aromalı Türk Kahveleri, Türk Kahvesi",Keçiboynuzu Aromalı Türk Kahvesi Teneke Kutu 250 gr,380.00
BlendBlack Coffee Factory,Manisa,cafe,https://www.blendblack.com.tr,woo,"Türk Kahveleri, Türk Kahvesi",Türk Kahvesi Çifte Kavrulmuş 250gr,405.00
BlendBlack Coffee Factory,Manisa,cafe,https://www.blendblack.com.tr,woo,"Türk Kahveleri, Türk Kahvesi",Türk Kahvesi Kafeinsiz 250gr,435.00
BlendBlack Coffee Factory,Manisa,cafe,https://www.blendblack.com.tr,woo,"Aromalı Türk Kahveleri, Türk Kahvesi",Türk Kahvesi Damla Sakız Aromalı 250gr,450.00
BlendBlack Coffee Factory,Manisa,cafe,https://www.blendblack.com.tr,woo,"Filtre Kahve, Filtre Kahveler",Santos Fine Cup Filtre Kahve 250gr Öğütülmüş,405.00
BlendBlack Coffee Factory,Manisa,cafe,https://www.blendblack.com.tr,woo,"Filtre Kahve, Filtre Kahveler",Kenya AA Filtre Kahve 250 gr Öğütülmüş,460.00
BlendBlack Coffee Factory,Manisa,cafe,https://www.blendblack.com.tr,woo,"Aromalı Filtre Kahveler, Filtre Kahve",Filtre Kahve Fındık Aromalı 250gr Teneke Kutu,395.00
BlendBlack Coffee Factory,Manisa,cafe,https://www.blendblack.com.tr,woo,"Aromalı Filtre Kahveler, Filtre Kahve",Nane Aromalı Filtre Kahve 250 G,395.00
BlendBlack Coffee Factory,Manisa,cafe,https://www.blendblack.com.tr,woo,"Aromalı Filtre Kahveler, Filtre Kahve",Yasemin Aromalı Filtre Kahve Teneke Kutu 250 gr,395.00
BlendBlack Coffee Factory,Manisa,cafe,https://www.blendblack.com.tr,woo,"Aromalı Filtre Kahveler, Filtre Kahve",Filtre Kahve Irlanda Krema Aromalı 250gr Teneke Kutu,395.00
BlendBlack Coffee Factory,Manisa,cafe,https://www.blendblack.com.tr,woo,"Aromalı Filtre Kahveler, Filtre Kahve",Filtre Kahve Karamel Aromalı 250gr Teneke Kutu,395.00
BlendBlack Coffee Factory,Manisa,cafe,https://www.blendblack.com.tr,woo,"Aromalı Filtre Kahveler, Filtre Kahve",Portakal Aromalı Filtre Kahve 250 G,395.00
BlendBlack Coffee Factory,Manisa,cafe,https://www.blendblack.com.tr,woo,"Aromalı Filtre Kahveler, Filtre Kahve",Filtre Kahve Vanilya Aromalı 250gr Teneke Kutu,395.00
BlendBlack Coffee Factory,Manisa,cafe,https://www.blendblack.com.tr,woo,"Aromalı Filtre Kahveler, Filtre Kahve",Yeşil Çay Aromalı Filtre Kahve Teneke Kutu 250 gr,395.00
BlendBlack Coffee Factory,Manisa,cafe,https://www.blendblack.com.tr,woo,"Aromalı Filtre Kahveler, Filtre Kahve",Bergamot Aromalı Filtre Kahve 250 G,395.00
BlendBlack Coffee Factory,Manisa,cafe,https://www.blendblack.com.tr,woo,"Aromalı Filtre Kahveler, Filtre Kahve",Filtre Kahve Isviçre Çikolata Aromalı 250gr Teneke Kutu,395.00
BlendBlack Coffee Factory,Manisa,cafe,https://www.blendblack.com.tr,woo,"Filtre Kahve, Filtre Kahveler",Kafeinsiz Filtre Kahve 250gr Öğütülmüş,435.00
BlendBlack Coffee Factory,Manisa,cafe,https://www.blendblack.com.tr,woo,"Aromalı Filtre Kahveler, Filtre Kahve",Acıbadem Aromalı Filtre Kahve 250 G,395.00
BlendBlack Coffee Factory,Manisa,cafe,https://www.blendblack.com.tr,woo,Tatlı İçecekler,Salep 500gr Teneke Kutu,360.00
BlendBlack Coffee Factory,Manisa,cafe,https://www.blendblack.com.tr,woo,Tatlı İçecekler,Sıcak Çikolata 500gr Teneke Kutu,470.00
Pizza Tomato Kırkağaç,Manisa,restaurant,https://www.pizzatomato.com.tr,html,,Küçük Boy Cazip veya Klasik Pizza + Patates + Pepsi,275.00
Pizza Tomato Kırkağaç,Manisa,restaurant,https://www.pizzatomato.com.tr,html,,2 Adet Küçük Boy Cazip veya Klasik Pizza,410.00
Pizza Tomato Kırkağaç,Manisa,restaurant,https://www.pizzatomato.com.tr,html,,Orta Boy Cazip veya Klasik Pizza + Patates + Kutu Pepsi,345.00
Pizza Tomato Kırkağaç,Manisa,restaurant,https://www.pizzatomato.com.tr,html,,2 Adet Orta Boy Cazip veya Klasik Pizza,545.00
Pizza Tomato Kırkağaç,Manisa,restaurant,https://www.pizzatomato.com.tr,html,,"Dilediğin 3 Adet Orta Boy, Cazip veya Klasik Pizza",795.00
Pizza Tomato Kırkağaç,Manisa,restaurant,https://www.pizzatomato.com.tr,html,,Büyük Boy Cazip veya Klasik Pizza + Patates + 1Lt. Pepsi,610.00
Pizza Tomato Kırkağaç,Manisa,restaurant,https://www.pizzatomato.com.tr,html,,2 Adet Büyük Boy Cazip veya Klasik Pizza,610.00
Pizza Tomato Kırkağaç,Manisa,restaurant,https://www.pizzatomato.com.tr,html,,Aile Menü,780.00
Pizza Tomato Kırkağaç,Manisa,restaurant,https://www.pizzatomato.com.tr,html,,En Büyük Boy Cazip veya Klasik Pizza + Patates + 1Lt. Pepsi,685.00
donutime.bodrum,Mugla,cafe,https://donutime.com.tr,woo,"Menümüz, Donut Koleksiyonu",Glamm Pink,36.00
donutime.bodrum,Mugla,cafe,https://donutime.com.tr,woo,"Menümüz, Special Koleksiyonu",Lotus Çikolata,41.00
donutime.bodrum,Mugla,cafe,https://donutime.com.tr,woo,"Donut Koleksiyonu, Menümüz",Karaorman Donut,36.00
donutime.bodrum,Mugla,cafe,https://donutime.com.tr,woo,Donut Koleksiyonu,Klasik Enfes Çikolata,36.00
donutime.bodrum,Mugla,cafe,https://donutime.com.tr,woo,Donut Koleksiyonu,Salty Caramel,36.00
donutime.bodrum,Mugla,cafe,https://donutime.com.tr,woo,Donut Koleksiyonu,Tiramisu,41.00
donutime.bodrum,Mugla,cafe,https://donutime.com.tr,woo,Donut Koleksiyonu,Karamel Rüyası,36.00
donutime.bodrum,Mugla,cafe,https://donutime.com.tr,woo,"Anasayfa, Donut Koleksiyonu",Karamelim,36.00
donutime.bodrum,Mugla,cafe,https://donutime.com.tr,woo,Donut Koleksiyonu,Boston Cream,36.00
donutime.bodrum,Mugla,cafe,https://donutime.com.tr,woo,Donut Koleksiyonu,Çok Çok Çikolata,36.00
donutime.bodrum,Mugla,cafe,https://donutime.com.tr,woo,"Donut Koleksiyonu, Menümüz",Vanilla Starlet,36.00
donutime.bodrum,Mugla,cafe,https://donutime.com.tr,woo,"Special Koleksiyonu, Menümüz",Mermaid,41.00
donutime.bodrum,Mugla,cafe,https://donutime.com.tr,woo,Donut Koleksiyonu,Limon Sever,36.00
donutime.bodrum,Mugla,cafe,https://donutime.com.tr,woo,Donut Koleksiyonu,Klasik Enfes Vanilya,36.00
donutime.bodrum,Mugla,cafe,https://donutime.com.tr,woo,"Anasayfa, Special Koleksiyonu",KitKat,41.00
donutime.bodrum,Mugla,cafe,https://donutime.com.tr,woo,"Donut Koleksiyonu, Menümüz",Marshmallow,36.00
donutime.bodrum,Mugla,cafe,https://donutime.com.tr,woo,"Menümüz, Special Koleksiyonu",Rainbow,41.00
donutime.bodrum,Mugla,cafe,https://donutime.com.tr,woo,"Anasayfa, Donut Koleksiyonu",Glamm White,36.00
donutime.bodrum,Mugla,cafe,https://donutime.com.tr,woo,"Anasayfa, Donut Koleksiyonu",Çilek Sever,36.00
donutime.bodrum,Mugla,cafe,https://donutime.com.tr,woo,"Donut Koleksiyonu, Menümüz",OOOOPS!,36.00
donutime.bodrum,Mugla,cafe,https://donutime.com.tr,woo,"Donut Koleksiyonu, Menümüz",Vişneli Gıybet,36.00
donutime.bodrum,Mugla,cafe,https://donutime.com.tr,woo,"Menümüz, Special Koleksiyonu",Kurabiye Canavarı,41.00
donutime.bodrum,Mugla,cafe,https://donutime.com.tr,woo,"Menümüz, Special Koleksiyonu",Lotus Berliner,41.00
donutime.bodrum,Mugla,cafe,https://donutime.com.tr,woo,"Donut Koleksiyonu, Menümüz",Mangoo,36.00
donutime.bodrum,Mugla,cafe,https://donutime.com.tr,woo,"Donut Koleksiyonu, Menümüz",Big Babol,36.00
donutime.bodrum,Mugla,cafe,https://donutime.com.tr,woo,"Menümüz, Special Koleksiyonu",Donutella,41.00
donutime.bodrum,Mugla,cafe,https://donutime.com.tr,woo,"Menümüz, Special Koleksiyonu",Lotus Karamel,41.00
donutime.bodrum,Mugla,cafe,https://donutime.com.tr,woo,"Menümüz, Special Koleksiyonu",Unicorn,41.00
donutime.bodrum,Mugla,cafe,https://donutime.com.tr,woo,Donut Koleksiyonu,Orange,36.00
Fifi bistro,Mugla,restaurant,https://www.fifibodrum.com,html,,Tavuk Çökertme,895.00
Fifi bistro,Mugla,restaurant,https://www.fifibodrum.com,html,,Şinitzel,765.00
Fifi bistro,Mugla,restaurant,https://www.fifibodrum.com,html,,Rokalı & Parmesanlı,795.00
Fifi bistro,Mugla,restaurant,https://www.fifibodrum.com,html,,Acılı,795.00
Fifi bistro,Mugla,restaurant,https://www.fifibodrum.com,html,,Karamelize Soğanlı,795.00
Fifi bistro,Mugla,restaurant,https://www.fifibodrum.com,html,,Mantarlı & Parmesanlı,850.00
Fifi bistro,Mugla,restaurant,https://www.fifibodrum.com,html,,Mantarlı & Parmesanlı 850 ₺,765.00
Fifi bistro,Mugla,restaurant,https://www.fifibodrum.com,html,,Kremalı Tencere Midye,985.00
Fifi bistro,Mugla,restaurant,https://www.fifibodrum.com,html,,Levrek Izgara,990.00
Flow Datça Surf & Beach Hotel Restaurant,Mugla,restaurant,https://www.flowdatca.com,woo,,Ezgi Alaş &#8211; 10 Temmuz,700.00
Flow Datça Surf & Beach Hotel Restaurant,Mugla,restaurant,https://www.flowdatca.com,woo,,Fred Lenix &#8211; 2 Temmuz,1000.00
Flow Datça Surf & Beach Hotel Restaurant,Mugla,restaurant,https://www.flowdatca.com,woo,,Flow Summer Weekend — Kombine Bilet,2500.00
Flow Datça Surf & Beach Hotel Restaurant,Mugla,restaurant,https://www.flowdatca.com,woo,,Philou &#8211; 3 Temmuz,1000.00
Flow Datça Surf & Beach Hotel Restaurant,Mugla,restaurant,https://www.flowdatca.com,woo,,Roman Kyn &#8211; 04 Temmuz,1000.00
Flow Datça Surf & Beach Hotel Restaurant,Mugla,restaurant,https://www.flowdatca.com,woo,,Roman Kyn &#8211; 27 Eylül,1000.00
Flow Datça Surf & Beach Hotel Restaurant,Mugla,restaurant,https://www.flowdatca.com,woo,,Ezgi Alaş &#8211; 4 Eylül,700.00
Flow Datça Surf & Beach Hotel Restaurant,Mugla,restaurant,https://www.flowdatca.com,woo,,DJ SilverFox &#8211; 30 Ağustos,700.00
Flow Datça Surf & Beach Hotel Restaurant,Mugla,restaurant,https://www.flowdatca.com,woo,,J. Pool &#8211; 15 Ağustos,500.00
Flow Datça Surf & Beach Hotel Restaurant,Mugla,restaurant,https://www.flowdatca.com,woo,,Fka Mash &#8211; 13 Ağustos,1500.00
Flow Datça Surf & Beach Hotel Restaurant,Mugla,restaurant,https://www.flowdatca.com,woo,FlowSummerStage,Ezgi Alaş &#8211; 25 Haziran,700.00
Flow Datça Surf & Beach Hotel Restaurant,Mugla,restaurant,https://www.flowdatca.com,woo,FlowSummerStage,Deniz Sipahi &#8211; 22 Haziran,700.00
Flow Datça Surf & Beach Hotel Restaurant,Mugla,restaurant,https://www.flowdatca.com,woo,FlowSummerStage,Su İdil- 14 Haziran,700.00
Flow Datça Surf & Beach Hotel Restaurant,Mugla,restaurant,https://www.flowdatca.com,woo,FlowSummerStage,Ibis Maria &#8211; 2 Temmuz,750.00
Flow Datça Surf & Beach Hotel Restaurant,Mugla,restaurant,https://www.flowdatca.com,woo,FlowSummerStage,Jehan Barbur &#8211; 27 Haziran,1750.00
Flow Datça Surf & Beach Hotel Restaurant,Mugla,restaurant,https://www.flowdatca.com,woo,FlowSummerStage,Ezgi Alaş &#8211; 21 Mayıs,750.00
Flow Datça Surf & Beach Hotel Restaurant,Mugla,restaurant,https://www.flowdatca.com,woo,FlowSummerStage,Yemanjo &#038; Irene &#8211; 28 Haziran,700.00
Flow Datça Surf & Beach Hotel Restaurant,Mugla,restaurant,https://www.flowdatca.com,woo,FlowSummerStage,Santi &#038; Tuğçe &#8211; 4 Temmuz,1500.00
Gitta - Sea Food | Gastro | Meyhane,Mugla,restaurant,https://gitta.tr,html,,KÖMÜRDE LEVREK,750.00
Gitta - Sea Food | Gastro | Meyhane,Mugla,restaurant,https://gitta.tr,html,,AHTAPOT KÖZLEME,850.00
Gitta - Sea Food | Gastro | Meyhane,Mugla,restaurant,https://gitta.tr,html,,İMZA MEY TABAĞI,450.00
Gitta - Sea Food | Gastro | Meyhane,Mugla,restaurant,https://gitta.tr,html,,URLA KARASAKIZ,680.00
Kervansaray Marmaris,Mugla,restaurant,https://www.marmariskervansaray.com,woo,,Retrobüs,600.00
Keyfi Kebap Ciğercim,Mugla,cafe,https://keyfikebapcigercim.net,woo,,Çoban Salata,200.00
Keyfi Kebap Ciğercim,Mugla,cafe,https://keyfikebapcigercim.net,woo,,Çoban Salata,200.00
Keyfi Kebap Ciğercim,Mugla,cafe,https://keyfikebapcigercim.net,woo,,Karışık Sakatat,750.00
Keyfi Kebap Ciğercim,Mugla,cafe,https://keyfikebapcigercim.net,woo,,Karışık Kebap,750.00
Keyfi Kebap Ciğercim,Mugla,cafe,https://keyfikebapcigercim.net,woo,,Tavuklu Salata,270.00
Keyfi Kebap Ciğercim,Mugla,cafe,https://keyfikebapcigercim.net,woo,,Haydari 150gr.,200.00
Keyfi Kebap Ciğercim,Mugla,cafe,https://keyfikebapcigercim.net,woo,,Ezme 150gr.,200.00
Keyfi Kebap Ciğercim,Mugla,cafe,https://keyfikebapcigercim.net,woo,,Kaşık Salata,200.00
Keyfi Kebap Ciğercim,Mugla,cafe,https://keyfikebapcigercim.net,woo,,Köfteli Salata,260.00
Keyfi Kebap Ciğercim,Mugla,cafe,https://keyfikebapcigercim.net,woo,,Adana Kebap,380.00
Keyfi Kebap Ciğercim,Mugla,cafe,https://keyfikebapcigercim.net,woo,,Kuzu Dalak,350.00
Keyfi Kebap Ciğercim,Mugla,cafe,https://keyfikebapcigercim.net,woo,,Çöp Şiş,650.00
Keyfi Kebap Ciğercim,Mugla,cafe,https://keyfikebapcigercim.net,woo,,Karışık Kebap (2 kişilik),1600.00
Keyfi Kebap Ciğercim,Mugla,cafe,https://keyfikebapcigercim.net,woo,,Karışık Izgara (3 kişilik),2250.00
Keyfi Kebap Ciğercim,Mugla,cafe,https://keyfikebapcigercim.net,woo,,Urfa Kebap,350.00
Keyfi Kebap Ciğercim,Mugla,cafe,https://keyfikebapcigercim.net,woo,,Tavuk Şiş,340.00
Keyfi Kebap Ciğercim,Mugla,cafe,https://keyfikebapcigercim.net,woo,,Tavuk Kanat,350.00
Keyfi Kebap Ciğercim,Mugla,cafe,https://keyfikebapcigercim.net,woo,,Yürek Şiş,350.00
Keyfi Kebap Ciğercim,Mugla,cafe,https://keyfikebapcigercim.net,woo,,Izgara Tavuk Göğüs,340.00
Keyfi Kebap Ciğercim,Mugla,cafe,https://keyfikebapcigercim.net,woo,,Izgara Köfte,350.00
Keyfi Kebap Ciğercim,Mugla,cafe,https://keyfikebapcigercim.net,woo,,Kuzu Şiş,650.00
Keyfi Kebap Ciğercim,Mugla,cafe,https://keyfikebapcigercim.net,woo,,Kuzu Ciğer Şiş,480.00
Keyfi Kebap Ciğercim,Mugla,cafe,https://keyfikebapcigercim.net,woo,,Adana Dürüm,240.00
Keyfi Kebap Ciğercim,Mugla,cafe,https://keyfikebapcigercim.net,woo,,Urfa Dürüm,260.00
Keyfi Kebap Ciğercim,Mugla,cafe,https://keyfikebapcigercim.net,woo,,Çöp Şiş Dürüm,360.00
Keyfi Kebap Ciğercim,Mugla,cafe,https://keyfikebapcigercim.net,woo,,Tavuk Dürüm,230.00
Keyfi Kebap Ciğercim,Mugla,cafe,https://keyfikebapcigercim.net,woo,,Ciğer Dürüm,260.00
Keyfi Kebap Ciğercim,Mugla,cafe,https://keyfikebapcigercim.net,woo,,Kuzu Şiş Dürüm,360.00
Keyfi Kebap Ciğercim,Mugla,cafe,https://keyfikebapcigercim.net,woo,,Ekmek Arası Köfte,260.00
Keyfi Kebap Ciğercim,Mugla,cafe,https://keyfikebapcigercim.net,woo,,Ekmek Arası Ciğer,260.00
Keyfi Kebap Ciğercim,Mugla,cafe,https://keyfikebapcigercim.net,woo,,Yayık Ayran,60.00
Keyfi Kebap Ciğercim,Mugla,cafe,https://keyfikebapcigercim.net,woo,,Kola,80.00
Keyfi Kebap Ciğercim,Mugla,cafe,https://keyfikebapcigercim.net,woo,,Fanta,80.00
Keyfi Kebap Ciğercim,Mugla,cafe,https://keyfikebapcigercim.net,woo,,Sprite,80.00
Keyfi Kebap Ciğercim,Mugla,cafe,https://keyfikebapcigercim.net,woo,,İcetea,80.00
Keyfi Kebap Ciğercim,Mugla,cafe,https://keyfikebapcigercim.net,woo,,Şalgam,70.00
Keyfi Kebap Ciğercim,Mugla,cafe,https://keyfikebapcigercim.net,woo,,Soda,40.00
Keyfi Kebap Ciğercim,Mugla,cafe,https://keyfikebapcigercim.net,woo,,Su,30.00
Keyfi Kebap Ciğercim,Mugla,cafe,https://keyfikebapcigercim.net,woo,,Mercimek Çorbası,190.00
Keyfi Kebap Ciğercim,Mugla,cafe,https://keyfikebapcigercim.net,woo,,Ezogelin Çorbası,190.00
Keyfi Kebap Ciğercim,Mugla,cafe,https://keyfikebapcigercim.net,woo,,Kabak Tatlısı,300.00
Keyfi Kebap Ciğercim,Mugla,cafe,https://keyfikebapcigercim.net,woo,,sütlaç,250.00
Mahperi Bitez,Mugla,restaurant,https://mahperibitez.com,woo,Mezeler,Şakşuka,320.00
Mahperi Bitez,Mugla,restaurant,https://mahperibitez.com,woo,Ana Yemekler,Kasap Sucuğu,750.00
Mahperi Bitez,Mugla,restaurant,https://mahperibitez.com,woo,Ana Yemekler,Antrikot,1350.00
Mahperi Bitez,Mugla,restaurant,https://mahperibitez.com,woo,Ana Yemekler,Pirzola (3 Adet),1650.00
Mahperi Bitez,Mugla,restaurant,https://mahperibitez.com,woo,Ana Yemekler,Arnavut Ciğeri,750.00
Mahperi Bitez,Mugla,restaurant,https://mahperibitez.com,woo,Mezeler,Yunan Mezesi,310.00
Mahperi Bitez,Mugla,restaurant,https://mahperibitez.com,woo,Mezeler,Yunan Giriti,360.00
Mahperi Bitez,Mugla,restaurant,https://mahperibitez.com,woo,Mezeler,Biber Tarama,360.00
Mahperi Bitez,Mugla,restaurant,https://mahperibitez.com,woo,Mezeler,Sarhoş Mantarı,360.00
Mahperi Bitez,Mugla,restaurant,https://mahperibitez.com,woo,Mezeler,Ermeni Mezesi (Armenian Meze),360.00
Mahperi Bitez,Mugla,restaurant,https://mahperibitez.com,woo,Mezeler,İsli Midye,380.00
Mahperi Bitez,Mugla,restaurant,https://mahperibitez.com,woo,Mezeler,İsli Çiroz,520.00
Mahperi Bitez,Mugla,restaurant,https://mahperibitez.com,woo,Kraft Rakılar,Beylerbeyi Tera Gold 70 CL,3400.00
Mahperi Bitez,Mugla,restaurant,https://mahperibitez.com,woo,Kraft Rakılar,Beylerbeyi Tera Gold 50 CL,2600.00
Mahperi Bitez,Mugla,restaurant,https://mahperibitez.com,woo,Kraft Rakılar,Beylerbeyi Tera Gold 35 CL,2100.00
Mahperi Bitez,Mugla,restaurant,https://mahperibitez.com,woo,Kraft Rakılar,Beylerbeyi Göbek 70 CL,4000.00
Mahperi Bitez,Mugla,restaurant,https://mahperibitez.com,woo,Kraft Rakılar,Beylerbeyi Göbek 50 CL,3200.00
Mahperi Bitez,Mugla,restaurant,https://mahperibitez.com,woo,Kraft Rakılar,Beylerbeyi Göbek 35 CL,2600.00
Mahperi Bitez,Mugla,restaurant,https://mahperibitez.com,woo,Kraft Rakılar,PUS 50 CL,4000.00
Mahperi Bitez,Mugla,restaurant,https://mahperibitez.com,woo,Kraft Rakılar,Giz 50 CL,4500.00
Mahperi Bitez,Mugla,restaurant,https://mahperibitez.com,woo,Klasik Rakılar,Tekirdağ NO 10 70 CL,2600.00
Mahperi Bitez,Mugla,restaurant,https://mahperibitez.com,woo,Klasik Rakılar,Tekirdağ NO 10 35 CL,1600.00
Mahperi Bitez,Mugla,restaurant,https://mahperibitez.com,woo,Klasik Rakılar,Kulüp 70 CL,3300.00
Mahperi Bitez,Mugla,restaurant,https://mahperibitez.com,woo,Klasik Rakılar,Kulüp 35 CL,1700.00
Mahperi Bitez,Mugla,restaurant,https://mahperibitez.com,woo,Klasik Rakılar,Tekirdağ Altın Seri 70 CL,3100.00
Mahperi Bitez,Mugla,restaurant,https://mahperibitez.com,woo,Klasik Rakılar,Tekirdağ Altın Seri 50 CL,2200.00
Mahperi Bitez,Mugla,restaurant,https://mahperibitez.com,woo,Klasik Rakılar,Tekirdağ Altın Seri 35 CL,1950.00
Mahperi Bitez,Mugla,restaurant,https://mahperibitez.com,woo,Klasik Rakılar,Tekirdağ Altın Seri 20 CL,1600.00
Mahperi Bitez,Mugla,restaurant,https://mahperibitez.com,woo,Klasik Rakılar,Tekirdağ Rakısı 70 CL,2200.00
Mahperi Bitez,Mugla,restaurant,https://mahperibitez.com,woo,Klasik Rakılar,Tekirdağ Rakısı 35 CL,1300.00
Mahperi Bitez,Mugla,restaurant,https://mahperibitez.com,woo,Klasik Rakılar,ÂLÂ 70 CL,2500.00
Mahperi Bitez,Mugla,restaurant,https://mahperibitez.com,woo,Klasik Rakılar,ÂLÂ 35 CL,1300.00
Mahperi Bitez,Mugla,restaurant,https://mahperibitez.com,woo,Klasik Rakılar,ÂLÂ 20 CL,1100.00
Mahperi Bitez,Mugla,restaurant,https://mahperibitez.com,woo,Klasik Rakılar,Yeni Seri 70 CL,3000.00
Mahperi Bitez,Mugla,restaurant,https://mahperibitez.com,woo,Klasik Rakılar,Yeni Seri 50 CL,1700.00
Mahperi Bitez,Mugla,restaurant,https://mahperibitez.com,woo,Klasik Rakılar,Yeni Seri 35 CL,1800.00
Mahperi Bitez,Mugla,restaurant,https://mahperibitez.com,woo,Klasik Rakılar,Yeni Seri 20 CL,1350.00
Mahperi Bitez,Mugla,restaurant,https://mahperibitez.com,woo,Klasik Rakılar,Yeni Rakı 1937 50 CL,1750.00
Mahperi Bitez,Mugla,restaurant,https://mahperibitez.com,woo,Klasik Rakılar,Yeni Rakı 1937 35 CL,1700.00
Mahperi Bitez,Mugla,restaurant,https://mahperibitez.com,woo,Klasik Rakılar,Rakı Duble,550.00
Mahperi Bitez,Mugla,restaurant,https://mahperibitez.com,woo,Klasik Rakılar,Rakı Tek,300.00
Mahperi Bitez,Mugla,restaurant,https://mahperibitez.com,woo,Rose &amp; Blush,Vintage Rose 75 cl,2400.00
Mahperi Bitez,Mugla,restaurant,https://mahperibitez.com,woo,Rose &amp; Blush,Allure Kalecik Karası Rose,1650.00
Mahperi Bitez,Mugla,restaurant,https://mahperibitez.com,woo,Rose &amp; Blush,Cielo Pinot Grigio Blush 75 cl,1600.00
Mahperi Bitez,Mugla,restaurant,https://mahperibitez.com,woo,Rose &amp; Blush,Terra Rose,1200.00
Mahperi Bitez,Mugla,restaurant,https://mahperibitez.com,woo,Rose &amp; Blush,Leona Blush 75 cl,1250.00
Mahperi Bitez,Mugla,restaurant,https://mahperibitez.com,woo,Kırmızı Şarap (şişe),Versus Cabernet Franc 75 cl,2800.00
Mahperi Bitez,Mugla,restaurant,https://mahperibitez.com,woo,Kırmızı Şarap (şişe),Buzbağ Reserve 75 cl,1100.00
Mahperi Bitez,Mugla,restaurant,https://mahperibitez.com,woo,Kırmızı Şarap (şişe),Leona Merlot Kalecik Karası 75 cl,1250.00
Mahperi Bitez,Mugla,restaurant,https://mahperibitez.com,woo,Kırmızı Şarap (şişe),Terra Kalecik Karası 75 cl,1200.00
Mahperi Bitez,Mugla,restaurant,https://mahperibitez.com,woo,Beyaz Şarap (Şişe),Vintage Sau. Blanc White 75 cl,2400.00
Mahperi Bitez,Mugla,restaurant,https://mahperibitez.com,woo,Beyaz Şarap (Şişe),Vintage Char. White 75 cl,2400.00
Mahperi Bitez,Mugla,restaurant,https://mahperibitez.com,woo,Beyaz Şarap (Şişe),Allure Sav. Blanc White 75 cl,1650.00
Mahperi Bitez,Mugla,restaurant,https://mahperibitez.com,woo,Beyaz Şarap (Şişe),Ciello White 75 cl,1600.00
Mahperi Bitez,Mugla,restaurant,https://mahperibitez.com,woo,Beyaz Şarap (Şişe),Leona Narince Char. White 75 cl,1250.00
Mahperi Bitez,Mugla,restaurant,https://mahperibitez.com,woo,Beyaz Şarap (Şişe),Terra Narince 75 cl,1200.00
Mahperi Bitez,Mugla,restaurant,https://mahperibitez.com,woo,Kadeh Şaraplar,Buzbağ,300.00
Mahperi Bitez,Mugla,restaurant,https://mahperibitez.com,woo,Biralar,Miller 33 CL,300.00
Mahperi Bitez,Mugla,restaurant,https://mahperibitez.com,woo,Biralar,Corona,300.00
Mahperi Bitez,Mugla,restaurant,https://mahperibitez.com,woo,Biralar,Efes Özel Seri,280.00
Mahperi Bitez,Mugla,restaurant,https://mahperibitez.com,woo,Biralar,Bomonti Filtresiz,280.00
Mahperi Bitez,Mugla,restaurant,https://mahperibitez.com,woo,Biralar,Efes 30 CL,180.00
Mahperi Bitez,Mugla,restaurant,https://mahperibitez.com,woo,Biralar,Efes Malt Şişe,250.00
Mahperi Bitez,Mugla,restaurant,https://mahperibitez.com,woo,Biralar,Efes Şişe,250.00
Mahperi Bitez,Mugla,restaurant,https://mahperibitez.com,woo,Soft İçecekler,Küçük Su,40.00
Mahperi Bitez,Mugla,restaurant,https://mahperibitez.com,woo,Soft İçecekler,Büyük Su,90.00
Mahperi Bitez,Mugla,restaurant,https://mahperibitez.com,woo,Soft İçecekler,Churchill,130.00
Mahperi Bitez,Mugla,restaurant,https://mahperibitez.com,woo,Soft İçecekler,Gazoz,120.00
Mahperi Bitez,Mugla,restaurant,https://mahperibitez.com,woo,Soft İçecekler,Portakal Suyu,150.00
Mahperi Bitez,Mugla,restaurant,https://mahperibitez.com,woo,Soft İçecekler,Fuse Tea,120.00
Mahperi Bitez,Mugla,restaurant,https://mahperibitez.com,woo,Soft İçecekler,Ice Tea,120.00
Mahperi Bitez,Mugla,restaurant,https://mahperibitez.com,woo,Soft İçecekler,Sprite,120.00
Mahperi Bitez,Mugla,restaurant,https://mahperibitez.com,woo,Soft İçecekler,Fanta,120.00
Mahperi Bitez,Mugla,restaurant,https://mahperibitez.com,woo,Soft İçecekler,Cola,120.00
Mahperi Bitez,Mugla,restaurant,https://mahperibitez.com,woo,Tatlılar,Meyve Tabağı,400.00
Mahperi Bitez,Mugla,restaurant,https://mahperibitez.com,woo,Tatlılar,Kabak Tatlısı,280.00
Mahperi Bitez,Mugla,restaurant,https://mahperibitez.com,woo,Tatlılar,Kabak Tatlısı,280.00
Mahperi Bitez,Mugla,restaurant,https://mahperibitez.com,woo,Tatlılar,Cevizli Kaymaklı Ayva Tatlısı,280.00
Mahperi Bitez,Mugla,restaurant,https://mahperibitez.com,woo,Ana Yemekler,Kuzu Şiş,1350.00
Mahperi Bitez,Mugla,restaurant,https://mahperibitez.com,woo,Ana Yemekler,Bonfile Lokum,1650.00
Mahperi Bitez,Mugla,restaurant,https://mahperibitez.com,woo,Ana Yemekler,Çökertme Kebabı,1350.00
Mahperi Bitez,Mugla,restaurant,https://mahperibitez.com,woo,Ana Yemekler,Izgara Köfte,800.00
Mahperi Bitez,Mugla,restaurant,https://mahperibitez.com,woo,Ana Yemekler,Yaprak Ciğer,700.00
Mahperi Bitez,Mugla,restaurant,https://mahperibitez.com,woo,Ana Yemekler,Balık Şiş,800.00
Mahperi Bitez,Mugla,restaurant,https://mahperibitez.com,woo,Ana Yemekler,Çipura,1000.00
Mahperi Bitez,Mugla,restaurant,https://mahperibitez.com,woo,Ana Yemekler,Levrek,1000.00
Mahperi Bitez,Mugla,restaurant,https://mahperibitez.com,woo,Ana Yemekler,Hamsi,600.00
Mahperi Bitez,Mugla,restaurant,https://mahperibitez.com,woo,Ana Yemekler,Kraça,600.00
Mahperi Bitez,Mugla,restaurant,https://mahperibitez.com,woo,Ana Yemekler,Tekir,750.00
Mahperi Bitez,Mugla,restaurant,https://mahperibitez.com,woo,Ana Yemekler,Tereyağlı Karides,950.00
Mahperi Bitez,Mugla,restaurant,https://mahperibitez.com,woo,Ana Yemekler,Karamelize Soğanlı Baby Kalamar,850.00
Mahperi Bitez,Mugla,restaurant,https://mahperibitez.com,woo,Ana Yemekler,Izgara Baby Kalamar,850.00
Mahperi Bitez,Mugla,restaurant,https://mahperibitez.com,woo,Ana Yemekler,Kalamar Tava,950.00
Mahperi Bitez,Mugla,restaurant,https://mahperibitez.com,woo,Ana Yemekler,Acılı Ahtapot Yahni,1100.00
Mahperi Bitez,Mugla,restaurant,https://mahperibitez.com,woo,Ana Yemekler,Ahtapot Izgara,1100.00
Mahperi Bitez,Mugla,restaurant,https://mahperibitez.com,woo,Ana Yemekler,İstiridye Mantarı,700.00
Mahperi Bitez,Mugla,restaurant,https://mahperibitez.com,woo,"Ana Yemekler, Atıştırmalıklar",Sigara Böreği,400.00
Mahperi Bitez,Mugla,restaurant,https://mahperibitez.com,woo,"Ana Yemekler, Atıştırmalıklar",Paçanga,400.00
Mahperi Bitez,Mugla,restaurant,https://mahperibitez.com,woo,Ana Yemekler,Deniz Mahsüllü Börek,900.00
Mahperi Bitez,Mugla,restaurant,https://mahperibitez.com,woo,Ana Yemekler,Anne Patatesi,500.00
Yuvarlakçay Yeşil Vadi Restaurant,Mugla,restaurant,https://yuvarlakcayyesilvadi.com,html,,FIRINDA TANDIR,850.00
Yuvarlakçay Yeşil Vadi Restaurant,Mugla,restaurant,https://yuvarlakcayyesilvadi.com,html,,KİREMİTTE ALABALIK,550.00
Yuvarlakçay Yeşil Vadi Restaurant,Mugla,restaurant,https://yuvarlakcayyesilvadi.com,html,,KİREMİTTE ÇİPURA,620.00
Yuvarlakçay Yeşil Vadi Restaurant,Mugla,restaurant,https://yuvarlakcayyesilvadi.com,html,,KİREMİTTE KÖFTE,620.00
Yuvarlakçay Yeşil Vadi Restaurant,Mugla,restaurant,https://yuvarlakcayyesilvadi.com,html,,KİREMİTTE LEVREK,680.00
Yuvarlakçay Yeşil Vadi Restaurant,Mugla,restaurant,https://yuvarlakcayyesilvadi.com,html,,KİREMİTTE PİRZOLA,950.00
Yuvarlakçay Yeşil Vadi Restaurant,Mugla,restaurant,https://yuvarlakcayyesilvadi.com,html,,KİREMİTTE TAVUK İNCİK,520.00
Yuvarlakçay Yeşil Vadi Restaurant,Mugla,restaurant,https://yuvarlakcayyesilvadi.com,html,,KİREMİTTE TAVUK KANAT,520.00
Yuvarlakçay Yeşil Vadi Restaurant,Mugla,restaurant,https://yuvarlakcayyesilvadi.com,html,,SAÇ KAVURMA,800.00
Yuvarlakçay Yeşil Vadi Restaurant,Mugla,restaurant,https://yuvarlakcayyesilvadi.com,html,,KAŞARLI MANTAR,520.00
Yuvarlakçay Yeşil Vadi Restaurant,Mugla,restaurant,https://yuvarlakcayyesilvadi.com,html,,PATATES KIZARTMA,350.00
Yuvarlakçay Yeşil Vadi Restaurant,Mugla,restaurant,https://yuvarlakcayyesilvadi.com,html,,YOĞURTLAMA,520.00
Yuvarlakçay Yeşil Vadi Restaurant,Mugla,restaurant,https://yuvarlakcayyesilvadi.com,html,,ÇOBAN SALATA,300.00
Yuvarlakçay Yeşil Vadi Restaurant,Mugla,restaurant,https://yuvarlakcayyesilvadi.com,html,,MEZE TABAĞI,490.00
Yuvarlakçay Yeşil Vadi Restaurant,Mugla,restaurant,https://yuvarlakcayyesilvadi.com,html,,KAHVALTI TABAĞI,690.00
Yuvarlakçay Yeşil Vadi Restaurant,Mugla,restaurant,https://yuvarlakcayyesilvadi.com,html,,KASAP SUCUK,450.00
Yuvarlakçay Yeşil Vadi Restaurant,Mugla,restaurant,https://yuvarlakcayyesilvadi.com,html,,KAVURMALI YUMURTA,750.00
Yuvarlakçay Yeşil Vadi Restaurant,Mugla,restaurant,https://yuvarlakcayyesilvadi.com,html,,MENEMEN,350.00
Yuvarlakçay Yeşil Vadi Restaurant,Mugla,restaurant,https://yuvarlakcayyesilvadi.com,html,,PATATES KIZARTMASI (DUBLE),350.00
Yuvarlakçay Yeşil Vadi Restaurant,Mugla,restaurant,https://yuvarlakcayyesilvadi.com,html,,SERPME KAHVALTI,690.00
Yuvarlakçay Yeşil Vadi Restaurant,Mugla,restaurant,https://yuvarlakcayyesilvadi.com,html,,SUCUKLU YUMURTA,450.00
Yuvarlakçay Yeşil Vadi Restaurant,Mugla,restaurant,https://yuvarlakcayyesilvadi.com,html,,YOĞURTLAMA (NORMAL),450.00
Yuvarlakçay Yeşil Vadi Restaurant,Mugla,restaurant,https://yuvarlakcayyesilvadi.com,html,,AÇIK AYRAN,140.00
Yuvarlakçay Yeşil Vadi Restaurant,Mugla,restaurant,https://yuvarlakcayyesilvadi.com,html,,COCA COLA,140.00
Yuvarlakçay Yeşil Vadi Restaurant,Mugla,restaurant,https://yuvarlakcayyesilvadi.com,html,,DAMLA 0.5 LT SU,30.00
Yuvarlakçay Yeşil Vadi Restaurant,Mugla,restaurant,https://yuvarlakcayyesilvadi.com,html,,DAMLA 1 LT SU,50.00
Yuvarlakçay Yeşil Vadi Restaurant,Mugla,restaurant,https://yuvarlakcayyesilvadi.com,html,,FANTA,140.00
Yuvarlakçay Yeşil Vadi Restaurant,Mugla,restaurant,https://yuvarlakcayyesilvadi.com,html,,FUCE TEA ÇEŞİTLERİ,140.00
Yuvarlakçay Yeşil Vadi Restaurant,Mugla,restaurant,https://yuvarlakcayyesilvadi.com,html,,KARIŞIK MEYVE SUYU,140.00
Yuvarlakçay Yeşil Vadi Restaurant,Mugla,restaurant,https://yuvarlakcayyesilvadi.com,html,,REDBULL ENERJİ İÇECEĞİ,200.00
Yuvarlakçay Yeşil Vadi Restaurant,Mugla,restaurant,https://yuvarlakcayyesilvadi.com,html,,ŞALGAM SUYU,140.00
Yuvarlakçay Yeşil Vadi Restaurant,Mugla,restaurant,https://yuvarlakcayyesilvadi.com,html,,ŞEFTALİ SUYU,140.00
Yuvarlakçay Yeşil Vadi Restaurant,Mugla,restaurant,https://yuvarlakcayyesilvadi.com,html,,SODA,50.00
Yuvarlakçay Yeşil Vadi Restaurant,Mugla,restaurant,https://yuvarlakcayyesilvadi.com,html,,SODA LİMON,140.00
Yuvarlakçay Yeşil Vadi Restaurant,Mugla,restaurant,https://yuvarlakcayyesilvadi.com,html,,SPRİTE,140.00
Yuvarlakçay Yeşil Vadi Restaurant,Mugla,restaurant,https://yuvarlakcayyesilvadi.com,html,,TAZE PORTAKAL SUYU,200.00
Yuvarlakçay Yeşil Vadi Restaurant,Mugla,restaurant,https://yuvarlakcayyesilvadi.com,html,,VİŞNE SUYU,140.00
Yuvarlakçay Yeşil Vadi Restaurant,Mugla,restaurant,https://yuvarlakcayyesilvadi.com,html,,Çay,50.00
Yuvarlakçay Yeşil Vadi Restaurant,Mugla,restaurant,https://yuvarlakcayyesilvadi.com,html,,ÇAY DEMLİK,450.00
Yuvarlakçay Yeşil Vadi Restaurant,Mugla,restaurant,https://yuvarlakcayyesilvadi.com,html,,Necafe,160.00
Yuvarlakçay Yeşil Vadi Restaurant,Mugla,restaurant,https://yuvarlakcayyesilvadi.com,html,,Türk Kahvesi,140.00
Yuvarlakçay Yeşil Vadi Restaurant,Mugla,restaurant,https://yuvarlakcayyesilvadi.com,html,,BİRA ÇEŞİTLERİ,240.00
Yuvarlakçay Yeşil Vadi Restaurant,Mugla,restaurant,https://yuvarlakcayyesilvadi.com,html,,CİN DUBLE,400.00
Yuvarlakçay Yeşil Vadi Restaurant,Mugla,restaurant,https://yuvarlakcayyesilvadi.com,html,,RAKI DUBLE,400.00
Yuvarlakçay Yeşil Vadi Restaurant,Mugla,restaurant,https://yuvarlakcayyesilvadi.com,html,,"ŞARAP 37,5 CL",900.00
Yuvarlakçay Yeşil Vadi Restaurant,Mugla,restaurant,https://yuvarlakcayyesilvadi.com,html,,ŞARAP 75 CL,1400.00
Yuvarlakçay Yeşil Vadi Restaurant,Mugla,restaurant,https://yuvarlakcayyesilvadi.com,html,,ŞARAP KADEH,350.00
Yuvarlakçay Yeşil Vadi Restaurant,Mugla,restaurant,https://yuvarlakcayyesilvadi.com,html,,VİSKİ DUBLE,650.00
Yuvarlakçay Yeşil Vadi Restaurant,Mugla,restaurant,https://yuvarlakcayyesilvadi.com,html,,VOTKA DUBLE,400.00
Yuvarlakçay Yeşil Vadi Restaurant,Mugla,restaurant,https://yuvarlakcayyesilvadi.com,html,,YENİ RAKI 20 CL,1100.00
Yuvarlakçay Yeşil Vadi Restaurant,Mugla,restaurant,https://yuvarlakcayyesilvadi.com,html,,YENİ RAKI 35 CL,1350.00
Yuvarlakçay Yeşil Vadi Restaurant,Mugla,restaurant,https://yuvarlakcayyesilvadi.com,html,,YENİ RAKI 50 CL,1950.00
Yuvarlakçay Yeşil Vadi Restaurant,Mugla,restaurant,https://yuvarlakcayyesilvadi.com,html,,YENİ RAKI 70 CL,2400.00
Yuvarlakçay Yeşil Vadi Restaurant,Mugla,restaurant,https://yuvarlakcayyesilvadi.com,html,,ALGİDA DONDURMA ÇEŞİTLERİ,150.00
Yuvarlakçay Yeşil Vadi Restaurant,Mugla,restaurant,https://yuvarlakcayyesilvadi.com,html,,KADAYIF BURMA,300.00
Yuvarlakçay Yeşil Vadi Restaurant,Mugla,restaurant,https://yuvarlakcayyesilvadi.com,html,,MEVSİM MEYVELERİ,450.00
Yuvarlakçay Yeşil Vadi Restaurant,Mugla,restaurant,https://yuvarlakcayyesilvadi.com,html,,SÜTLAÇ,250.00
Gorgoli Lounge & Eatery,Nevsehir,restaurant,https://gorgoli.com,woo,"craft beer, wheat beer",Classic Craft Beer,15.99
Gorgoli Lounge & Eatery,Nevsehir,restaurant,https://gorgoli.com,woo,"craft beer, wheat beer",Golden Craft Beer,17.00
Gorgoli Lounge & Eatery,Nevsehir,restaurant,https://gorgoli.com,woo,"ales, new beers",Extra Craft Ale,18.99
Gorgoli Lounge & Eatery,Nevsehir,restaurant,https://gorgoli.com,woo,"ales, craft beer",Chocolate Craft Beer,15.99
Gorgoli Lounge & Eatery,Nevsehir,restaurant,https://gorgoli.com,woo,"craft beer, dark beer",Extra Craft Beer,18.99
Gorgoli Lounge & Eatery,Nevsehir,restaurant,https://gorgoli.com,woo,"ales, craft beer",Chocolate Craft Beer,17.99
Gorgoli Lounge & Eatery,Nevsehir,restaurant,https://gorgoli.com,woo,craft beer,Classic Craft Beer,15.99
Domino's,Sakarya,fast_food,https://www.dominos.com.tr,html,,1 Alana 1 Bedava - Orta Boy Cazip Pizzalar,440.00
Domino's,Sakarya,fast_food,https://www.dominos.com.tr,html,,1 Alana 1 Bedava - Orta Boy Sevilen Pizzalar,480.00
Domino's,Sakarya,fast_food,https://www.dominos.com.tr,html,,1 Alana 1 Bedava - Orta Boy Gurme Pizzalar,570.00
Domino's,Sakarya,fast_food,https://www.dominos.com.tr,html,,1 Alana 1 Bedava Bol Peynirli Ekmek,250.00
Domino's,Sakarya,fast_food,https://www.dominos.com.tr,html,,1 Alana 1 Bedava Çikolatalı Sufle,150.00
Domino's,Sakarya,fast_food,https://www.dominos.com.tr,html,,1 Alana 1 Bedava 4'lü Cinnamon Roll,115.00
Domino's,Sakarya,fast_food,https://www.dominos.com.tr,html,,1 Alana 1 Bedava 10'lu Çıtır Tavuk Topları,80.00
Domino's,Sakarya,fast_food,https://www.dominos.com.tr,html,,1 Alana 1 Bedava İçecek,120.00
Domino's,Sakarya,fast_food,https://www.dominos.com.tr,html,,2 Büyük Boy Cazip Pizza,780.00
Domino's,Sakarya,fast_food,https://www.dominos.com.tr,html,,Sevilen 2 Büyük Boy Pizza,890.00
Domino's,Sakarya,fast_food,https://www.dominos.com.tr,html,,1 Alana 1 Bedava Orta Boy Cazip Pizzalar + 1L İçecek,540.00
Domino's,Sakarya,fast_food,https://www.dominos.com.tr,html,,1 Alana 1 Bedava Orta Boy Sevilen Pizzalar + 1L İçecek,580.00
Domino's,Sakarya,fast_food,https://www.dominos.com.tr,html,,Büyük Boy Pizza Alana Coca-Cola Pet 1 L Bedava,480.00
Domino's,Sakarya,fast_food,https://www.dominos.com.tr,html,,3 Orta Boy Pizza,850.00
Domino's,Sakarya,fast_food,https://www.dominos.com.tr,html,,Pizza X-Large (12 Dilim),520.00
Domino's,Sakarya,fast_food,https://www.dominos.com.tr,html,,Büyük Boy Pizzalar,480.00
Domino's,Sakarya,fast_food,https://www.dominos.com.tr,html,,2 Orta Boy Pizza + 2 Çikolatalı Sufle + 2 Algida Maraş Cup,750.00
Domino's,Sakarya,fast_food,https://www.dominos.com.tr,html,,Orta Boy Gurme Pizzalar,450.00
Domino's,Sakarya,fast_food,https://www.dominos.com.tr,html,,2 Orta Boy Pan Pizza + 4’lü Cinnamon Roll,650.00
Domino's,Sakarya,fast_food,https://www.dominos.com.tr,html,,Çikolatalı Sufle + Algida Maraş Cup,170.00
Domino's,Sakarya,fast_food,https://www.dominos.com.tr,html,,Pizza X-Large (12 Dilim) Alana Coca-Cola 1 L Bedava,520.00
Domino's,Sakarya,fast_food,https://www.dominos.com.tr,html,,2 Orta Boy Pizza + 4’lü Cinnamon Roll,610.00
Domino's,Sakarya,fast_food,https://www.dominos.com.tr,html,,10'lu Domino's Roll + Coca-Cola Pet 330 ml,270.00
Domino's,Sakarya,fast_food,https://www.dominos.com.tr,html,,Mixlarge Pizzalar,570.00
Domino's,Sakarya,fast_food,https://www.dominos.com.tr,html,,3 Orta Boy Pizza + Tavuk + Patates + Coca-Cola 1 L,960.00
Domino's,Sakarya,fast_food,https://www.dominos.com.tr,html,,3 Orta Boy Bol Malzemos,950.00
Domino's,Sakarya,fast_food,https://www.dominos.com.tr,html,,Orta Boy Bol Malzemos + 330 ML İçecek + Seçili Lezzetler,480.00
Domino's,Sakarya,fast_food,https://www.dominos.com.tr,html,,Pizza X-Large (12 Dilim) + Coca-Cola 1 L + Seçili Lezzetler,610.00
Domino's,Sakarya,fast_food,https://www.dominos.com.tr,html,,2 Orta Boy Pan Pizza + Coca-Cola 1 L,630.00
Domino's,Sakarya,fast_food,https://www.dominos.com.tr,html,,Büyük Boy Pizza + Coca-Cola 1 L + Seçili Lezzetler,620.00
Domino's,Sakarya,fast_food,https://www.dominos.com.tr,html,,2 Çikolatalı Sufle + 2 Algida Maraş Cup,320.00
Domino's,Sakarya,fast_food,https://www.dominos.com.tr,html,,4 Çikolatalı Sufle + 4 Algida Maraş Cup,620.00
Domino's,Sakarya,fast_food,https://www.dominos.com.tr,html,,Büyük Boy Pizza + Çikolatalı Sufle + Algida Maraş Cup,590.00
Domino's,Sakarya,fast_food,https://www.dominos.com.tr,html,,Büyük Boy Pizza + Tatlı + Coca-Cola 1 L,620.00
Domino's,Sakarya,fast_food,https://www.dominos.com.tr,html,,Pizza X-Large + 8'li Cinnamon Roll,620.00
Domino's,Sakarya,fast_food,https://www.dominos.com.tr,html,,Bol Peynirli Ekmek + 4'lü Cinnamon Roll + Algida Dondurma,320.00
Domino's,Sakarya,fast_food,https://www.dominos.com.tr,html,,2 Büyük Boy Pizza + Coca-Cola 1 L,900.00
Domino's,Sakarya,fast_food,https://www.dominos.com.tr,html,,Orta Boy Pan Pizza + Bol Malzemos,550.00
Domino's,Sakarya,fast_food,https://www.dominos.com.tr,html,,4 Adet Pizzetta,600.00
Domino's,Sakarya,fast_food,https://www.dominos.com.tr,html,,2 Orta Boy Bol Pan Pizza,560.00
Domino's,Sakarya,fast_food,https://www.dominos.com.tr,html,,2 Orta Boy Pan Cazip Pizzalar,540.00
Domino's,Sakarya,fast_food,https://www.dominos.com.tr,html,,Orta Boy Pizzalar,440.00
Domino's,Sakarya,fast_food,https://www.dominos.com.tr,html,,Büyük Boy Pizza + 4'lü Cinnamon Roll,570.00
Domino's,Sakarya,fast_food,https://www.dominos.com.tr,html,,Orta Boy Pizza + 4'lü Cinnamon Roll,470.00
Domino's,Sakarya,fast_food,https://www.dominos.com.tr,html,,Orta Boy Pizza + Sufle + Algida,430.00
Domino's,Sakarya,fast_food,https://www.dominos.com.tr,html,,Dürümos + Patates + Tavuk,210.00
Domino's,Sakarya,fast_food,https://www.dominos.com.tr,html,,Tek Kişilik Pizzalar,310.00
Domino's,Sakarya,fast_food,https://www.dominos.com.tr,html,,Orta Boy Pan Pizza,400.00
Domino's,Sakarya,fast_food,https://www.dominos.com.tr,html,,Orta Boy Pan Pizza + Sos + Coca-Cola 330 ML,460.00
Domino's,Sakarya,fast_food,https://www.dominos.com.tr,html,,Pizzetta + Patates + Tavuk + Coca-Cola 330 ML,340.00
Domino's,Sakarya,fast_food,https://www.dominos.com.tr,html,,Dürümos + Coca-Cola 330 ML,200.00
Domino's,Sakarya,fast_food,https://www.dominos.com.tr,html,,Tavuk Fırsatı,75.00
Domino's,Sakarya,fast_food,https://www.dominos.com.tr,html,,Çıtır Karışık Kova Fırsatı,260.00
Domino's,Sakarya,fast_food,https://www.dominos.com.tr,html,,2 Adet Dürümos,270.00
Domino's,Sakarya,fast_food,https://www.dominos.com.tr,html,,Pizzetta + Bol Peynirli Ekmek,310.00
Domino's,Sakarya,fast_food,https://www.dominos.com.tr,html,,2 Adet Pizzetta + Tavuk + Patates,370.00
Domino's,Sakarya,fast_food,https://www.dominos.com.tr,html,,Combo Pizza X-Large,540.00
Domino's,Sakarya,fast_food,https://www.dominos.com.tr,html,,Orta Boy Combo Pizza,390.00
Domino's,Sakarya,fast_food,https://www.dominos.com.tr,html,,Büyük Boy Combo Pizza,510.00
Domino's,Sakarya,fast_food,https://www.dominos.com.tr,html,,Tavuk Kova Fırsatı,155.00
Domino's,Sakarya,fast_food,https://www.dominos.com.tr,html,,Dürümos + Sarımsaklı Ekmek + 10'lu Çıtır Tavuk Topları,220.00
Domino's,Sakarya,fast_food,https://www.dominos.com.tr,html,,2 Adet Pizzetta,320.00
Domino's,Sakarya,fast_food,https://www.dominos.com.tr,html,,2 Adet Pizzetta + Coca-Cola 1 L,410.00
Domino's,Sakarya,fast_food,https://www.dominos.com.tr,html,,Pizzetta + Tavuk + Patates + Ayran + Boyama Defteri,270.00
Domino's,Sakarya,fast_food,https://www.dominos.com.tr,html,,Patates Fırsatı,60.00
Domino's,Sakarya,fast_food,https://www.dominos.com.tr,html,,Çıtır Tavuk Finger,85.00
Domino's,Sakarya,fast_food,https://www.dominos.com.tr,html,,Çıtır Tavuk Topları,80.00
Domino's,Sakarya,fast_food,https://www.dominos.com.tr,html,,Tavuk Parçaları,80.00
Domino's,Sakarya,fast_food,https://www.dominos.com.tr,html,,Mantarsever,400.00
Domino's,Sakarya,fast_food,https://www.dominos.com.tr,html,,"Sucuk , Mozarella Peyniri , Pizza Sos",400.00
Domino's,Sakarya,fast_food,https://www.dominos.com.tr,html,,"Sucuk , Mısır , Mozarella Peyniri , Pizza Sos , Siyah Zeytin",400.00
Domino's,Sakarya,fast_food,https://www.dominos.com.tr,html,,"Mozarella Peyniri , Pizza Sos",400.00
Domino's,Sakarya,fast_food,https://www.dominos.com.tr,html,,"Mozzarella Peyniri , Pizza Sos, Sucuk, Mantar",480.00
Domino's,Sakarya,fast_food,https://www.dominos.com.tr,html,,Bol Pan Pizza,480.00
Domino's,Sakarya,fast_food,https://www.dominos.com.tr,html,,Süper Pan Pizza,480.00
Domino's,Sakarya,fast_food,https://www.dominos.com.tr,html,,Bol Malzemos,445.00
Domino's,Sakarya,fast_food,https://www.dominos.com.tr,html,,Karışık,445.00
Domino's,Sakarya,fast_food,https://www.dominos.com.tr,html,,Bol Etli,445.00
Domino's,Sakarya,fast_food,https://www.dominos.com.tr,html,,Vegi,445.00
Domino's,Sakarya,fast_food,https://www.dominos.com.tr,html,,Italiano,445.00
Domino's,Sakarya,fast_food,https://www.dominos.com.tr,html,,"Sucuk , Mozarella Peyniri , Pizza Sos , Sarımsak Sos",430.00
Domino's,Sakarya,fast_food,https://www.dominos.com.tr,html,,"Sosis , Mısır , Mozarella Peyniri , Pizza Sos",430.00
Domino's,Sakarya,fast_food,https://www.dominos.com.tr,html,,Süperos,430.00
Domino's,Sakarya,fast_food,https://www.dominos.com.tr,html,,Sosyal,430.00
Domino's,Sakarya,fast_food,https://www.dominos.com.tr,html,,Mixlarge Bol Etli,645.00
Domino's,Sakarya,fast_food,https://www.dominos.com.tr,html,,Mixlarge Bol Malzeme,645.00
Domino's,Sakarya,fast_food,https://www.dominos.com.tr,html,,Barbekü Soslu Tavuklu,460.00
Domino's,Sakarya,fast_food,https://www.dominos.com.tr,html,,Tavuklu,460.00
Domino's,Sakarya,fast_food,https://www.dominos.com.tr,html,,Extravaganzza,460.00
Domino's,Sakarya,fast_food,https://www.dominos.com.tr,html,,Domino's Soslu Bol Malzemos,460.00
Domino's,Sakarya,fast_food,https://www.dominos.com.tr,html,,Ballı Hardallı Tavuklu,460.00
Domino's,Sakarya,fast_food,https://www.dominos.com.tr,html,,Üç Peynirli,485.00
Domino's,Sakarya,fast_food,https://www.dominos.com.tr,html,,Konyalım,485.00
Domino's,Sakarya,fast_food,https://www.dominos.com.tr,html,,Mangal Sucuklu,485.00
Domino's,Sakarya,fast_food,https://www.dominos.com.tr,html,,Callypso,505.00
Domino's,Sakarya,fast_food,https://www.dominos.com.tr,html,,Pastırma & Sucuk,505.00
Domino's,Sakarya,fast_food,https://www.dominos.com.tr,html,,Ocakbaşı,505.00
Domino's,Sakarya,fast_food,https://www.dominos.com.tr,html,,Cinnamon Roll,115.00
Domino's,Sakarya,fast_food,https://www.dominos.com.tr,html,,"Pan hamur, sarımsak sos, cheddar, jalepeno",260.00
Domino's,Sakarya,fast_food,https://www.dominos.com.tr,html,,"Pan hamur, sarımsak sos, cheddar, sucuk",260.00
Domino's,Sakarya,fast_food,https://www.dominos.com.tr,html,,Tavuk & Patates Mix,185.00
Domino's,Sakarya,fast_food,https://www.dominos.com.tr,html,,Algida Maraş Usulü Sade Dondurma 100 ml,60.00
Domino's,Sakarya,fast_food,https://www.dominos.com.tr,html,,Algida Max Classics Vanilya,60.00
Domino's,Sakarya,fast_food,https://www.dominos.com.tr,html,,42 gr,75.00
Domino's,Sakarya,fast_food,https://www.dominos.com.tr,html,,Çikolatalı Sufle,150.00
Domino's,Sakarya,fast_food,https://www.dominos.com.tr,html,,Algida Magnum Mini Badem,75.00
Domino's,Sakarya,fast_food,https://www.dominos.com.tr,html,,Algida Max Classics Kakao,60.00
Domino's,Sakarya,fast_food,https://www.dominos.com.tr,html,,Algida Cornetto Karadut,110.00
Domino's,Sakarya,fast_food,https://www.dominos.com.tr,html,,Algida Magnum Sandwich,105.00
Domino's,Sakarya,fast_food,https://www.dominos.com.tr,html,,Karışık Pizzetta,175.00
Domino's,Sakarya,fast_food,https://www.dominos.com.tr,html,,"Mozzarella Peyniri, Pizza Sosu, Sucuk, Mantar, Yeşil Biber",175.00
Domino's,Sakarya,fast_food,https://www.dominos.com.tr,html,,"Mozzarella Peyniri , Pizza Sos",175.00
Domino's,Sakarya,fast_food,https://www.dominos.com.tr,html,,Sarımsaklı Ekmek 6 Dilim,70.00
Domino's,Sakarya,fast_food,https://www.dominos.com.tr,html,,Sucuklu Bol Peynirli Ekmek 6 Dilim,255.00
Domino's,Sakarya,fast_food,https://www.dominos.com.tr,html,,Bol Peynirli Ekmek 6 Dilim,250.00
Domino's,Sakarya,fast_food,https://www.dominos.com.tr,html,,Coca-Cola 330 ML,130.00
Domino's,Sakarya,fast_food,https://www.dominos.com.tr,html,,Coca-Cola 450 ML,130.00
Domino's,Sakarya,fast_food,https://www.dominos.com.tr,html,,Coca-Cola 1 L,165.00
Domino's,Sakarya,fast_food,https://www.dominos.com.tr,html,,Şekersiz 330 ML,130.00
Domino's,Sakarya,fast_food,https://www.dominos.com.tr,html,,Şekersiz 450 ML,130.00
Domino's,Sakarya,fast_food,https://www.dominos.com.tr,html,,Şekersiz 1 L,165.00
Domino's,Sakarya,fast_food,https://www.dominos.com.tr,html,,FuseTea Şeftali 330 ML,130.00
Domino's,Sakarya,fast_food,https://www.dominos.com.tr,html,,FuseTea Şeftali 1 L,165.00
Domino's,Sakarya,fast_food,https://www.dominos.com.tr,html,,Sütaş Ayran 300 ML,60.00
Domino's,Sakarya,fast_food,https://www.dominos.com.tr,html,,Sütaş Ayran 200 ML,55.00
Domino's,Sakarya,fast_food,https://www.dominos.com.tr,html,,Sütaş Ayran 1 L,165.00
Domino's,Sakarya,fast_food,https://www.dominos.com.tr,html,,"0,5 Lt Damla Su",35.00
Domino's,Sakarya,fast_food,https://www.dominos.com.tr,html,,FuseTea Limon 330 ML,130.00
Domino's,Sakarya,fast_food,https://www.dominos.com.tr,html,,FuseTea Limon 1 L,165.00
Domino's,Sakarya,fast_food,https://www.dominos.com.tr,html,,Fanta 330 ML,130.00
Domino's,Sakarya,fast_food,https://www.dominos.com.tr,html,,Fanta 1 L,165.00
Domino's,Sakarya,fast_food,https://www.dominos.com.tr,html,,Sprite 330 ML,130.00
Domino's,Sakarya,fast_food,https://www.dominos.com.tr,html,,Sprite 1 L,165.00
Domino's,Sakarya,fast_food,https://www.dominos.com.tr,html,,Coca-Cola Light 330 ML,130.00
Domino's,Sakarya,fast_food,https://www.dominos.com.tr,html,,Coca-Cola Light 1 L,165.00
Domino's,Sakarya,fast_food,https://www.dominos.com.tr,html,,Cappy Şeftali,130.00
Domino's,Sakarya,fast_food,https://www.dominos.com.tr,html,,Cappy Karışık,130.00
Domino's,Sakarya,fast_food,https://www.dominos.com.tr,html,,Yoğurtlu Sos,40.00
Domino's,Sakarya,fast_food,https://www.dominos.com.tr,html,,Meksika Sos,40.00
Domino's,Sakarya,fast_food,https://www.dominos.com.tr,html,,Acı Sos,40.00
Domino's,Sakarya,fast_food,https://www.dominos.com.tr,html,,Mayonez,5.00
Domino's,Sakarya,fast_food,https://www.dominos.com.tr,html,,Ketçap,5.00
Domino's,Sakarya,fast_food,https://www.dominos.com.tr,html,,80 gr.,85.00
Domino's,Sakarya,fast_food,https://www.dominos.com.tr,html,,Kolombiya’ya özgü kahve çekirdeklerinden.,60.00
Domino's,Sakarya,fast_food,https://www.dominos.com.tr,html,,1 Alana 1 Bedava - Orta Boy Cazip Pizzalar,440.00
Domino's,Sakarya,fast_food,https://www.dominos.com.tr,html,,1 Alana 1 Bedava - Orta Boy Sevilen Pizzalar,480.00
Domino's,Sakarya,fast_food,https://www.dominos.com.tr,html,,1 Alana 1 Bedava - Orta Boy Gurme Pizzalar,570.00
Domino's,Sakarya,fast_food,https://www.dominos.com.tr,html,,1 Alana 1 Bedava Bol Peynirli Ekmek,250.00
Domino's,Sakarya,fast_food,https://www.dominos.com.tr,html,,1 Alana 1 Bedava Çikolatalı Sufle,150.00
Domino's,Sakarya,fast_food,https://www.dominos.com.tr,html,,1 Alana 1 Bedava 4'lü Cinnamon Roll,115.00
Domino's,Sakarya,fast_food,https://www.dominos.com.tr,html,,1 Alana 1 Bedava 10'lu Çıtır Tavuk Topları,80.00
Domino's,Sakarya,fast_food,https://www.dominos.com.tr,html,,1 Alana 1 Bedava İçecek,120.00
Domino's,Sakarya,fast_food,https://www.dominos.com.tr,html,,2 Büyük Boy Cazip Pizza,780.00
Domino's,Sakarya,fast_food,https://www.dominos.com.tr,html,,Sevilen 2 Büyük Boy Pizza,890.00
Domino's,Sakarya,fast_food,https://www.dominos.com.tr,html,,1 Alana 1 Bedava Orta Boy Cazip Pizzalar + 1L İçecek,540.00
Domino's,Sakarya,fast_food,https://www.dominos.com.tr,html,,1 Alana 1 Bedava Orta Boy Sevilen Pizzalar + 1L İçecek,580.00
Domino's,Sakarya,fast_food,https://www.dominos.com.tr,html,,Büyük Boy Pizza Alana Coca-Cola Pet 1 L Bedava,480.00
Domino's,Sakarya,fast_food,https://www.dominos.com.tr,html,,3 Orta Boy Pizza,850.00
Domino's,Sakarya,fast_food,https://www.dominos.com.tr,html,,Pizza X-Large (12 Dilim),520.00
Domino's,Sakarya,fast_food,https://www.dominos.com.tr,html,,Büyük Boy Pizzalar,480.00
Domino's,Sakarya,fast_food,https://www.dominos.com.tr,html,,2 Orta Boy Pizza + 2 Çikolatalı Sufle + 2 Algida Maraş Cup,750.00
Domino's,Sakarya,fast_food,https://www.dominos.com.tr,html,,Orta Boy Gurme Pizzalar,450.00
Domino's,Sakarya,fast_food,https://www.dominos.com.tr,html,,2 Orta Boy Pan Pizza + 4’lü Cinnamon Roll,650.00
Domino's,Sakarya,fast_food,https://www.dominos.com.tr,html,,Çikolatalı Sufle + Algida Maraş Cup,170.00
Domino's,Sakarya,fast_food,https://www.dominos.com.tr,html,,Pizza X-Large (12 Dilim) Alana Coca-Cola 1 L Bedava,520.00
Domino's,Sakarya,fast_food,https://www.dominos.com.tr,html,,2 Orta Boy Pizza + 4’lü Cinnamon Roll,610.00
Domino's,Sakarya,fast_food,https://www.dominos.com.tr,html,,10'lu Domino's Roll + Coca-Cola Pet 330 ml,270.00
Domino's,Sakarya,fast_food,https://www.dominos.com.tr,html,,Mixlarge Pizzalar,570.00
Domino's,Sakarya,fast_food,https://www.dominos.com.tr,html,,3 Orta Boy Pizza + Tavuk + Patates + Coca-Cola 1 L,960.00
Domino's,Sakarya,fast_food,https://www.dominos.com.tr,html,,3 Orta Boy Bol Malzemos,950.00
Domino's,Sakarya,fast_food,https://www.dominos.com.tr,html,,Orta Boy Bol Malzemos + 330 ML İçecek + Seçili Lezzetler,480.00
Domino's,Sakarya,fast_food,https://www.dominos.com.tr,html,,Pizza X-Large (12 Dilim) + Coca-Cola 1 L + Seçili Lezzetler,610.00
Domino's,Sakarya,fast_food,https://www.dominos.com.tr,html,,2 Orta Boy Pan Pizza + Coca-Cola 1 L,630.00
Domino's,Sakarya,fast_food,https://www.dominos.com.tr,html,,Büyük Boy Pizza + Coca-Cola 1 L + Seçili Lezzetler,620.00
Domino's,Sakarya,fast_food,https://www.dominos.com.tr,html,,2 Çikolatalı Sufle + 2 Algida Maraş Cup,320.00
Domino's,Sakarya,fast_food,https://www.dominos.com.tr,html,,4 Çikolatalı Sufle + 4 Algida Maraş Cup,620.00
Domino's,Sakarya,fast_food,https://www.dominos.com.tr,html,,Büyük Boy Pizza + Çikolatalı Sufle + Algida Maraş Cup,590.00
Domino's,Sakarya,fast_food,https://www.dominos.com.tr,html,,Büyük Boy Pizza + Tatlı + Coca-Cola 1 L,620.00
Domino's,Sakarya,fast_food,https://www.dominos.com.tr,html,,Pizza X-Large + 8'li Cinnamon Roll,620.00
Domino's,Sakarya,fast_food,https://www.dominos.com.tr,html,,Bol Peynirli Ekmek + 4'lü Cinnamon Roll + Algida Dondurma,320.00
Domino's,Sakarya,fast_food,https://www.dominos.com.tr,html,,2 Büyük Boy Pizza + Coca-Cola 1 L,900.00
Domino's,Sakarya,fast_food,https://www.dominos.com.tr,html,,Orta Boy Pan Pizza + Bol Malzemos,550.00
Domino's,Sakarya,fast_food,https://www.dominos.com.tr,html,,4 Adet Pizzetta,600.00
Domino's,Sakarya,fast_food,https://www.dominos.com.tr,html,,2 Orta Boy Bol Pan Pizza,560.00
Domino's,Sakarya,fast_food,https://www.dominos.com.tr,html,,2 Orta Boy Pan Cazip Pizzalar,540.00
Domino's,Sakarya,fast_food,https://www.dominos.com.tr,html,,Orta Boy Pizzalar,440.00
Domino's,Sakarya,fast_food,https://www.dominos.com.tr,html,,Büyük Boy Pizza + 4'lü Cinnamon Roll,570.00
Domino's,Sakarya,fast_food,https://www.dominos.com.tr,html,,Orta Boy Pizza + 4'lü Cinnamon Roll,470.00
Domino's,Sakarya,fast_food,https://www.dominos.com.tr,html,,Orta Boy Pizza + Sufle + Algida,430.00
Domino's,Sakarya,fast_food,https://www.dominos.com.tr,html,,Dürümos + Patates + Tavuk,210.00
Domino's,Sakarya,fast_food,https://www.dominos.com.tr,html,,Tek Kişilik Pizzalar,310.00
Domino's,Sakarya,fast_food,https://www.dominos.com.tr,html,,Orta Boy Pan Pizza,400.00
Domino's,Sakarya,fast_food,https://www.dominos.com.tr,html,,Orta Boy Pan Pizza + Sos + Coca-Cola 330 ML,460.00
Domino's,Sakarya,fast_food,https://www.dominos.com.tr,html,,Pizzetta + Patates + Tavuk + Coca-Cola 330 ML,340.00
Domino's,Sakarya,fast_food,https://www.dominos.com.tr,html,,Dürümos + Coca-Cola 330 ML,200.00
Domino's,Sakarya,fast_food,https://www.dominos.com.tr,html,,Tavuk Fırsatı,75.00
Domino's,Sakarya,fast_food,https://www.dominos.com.tr,html,,Çıtır Karışık Kova Fırsatı,260.00
Domino's,Sakarya,fast_food,https://www.dominos.com.tr,html,,2 Adet Dürümos,270.00
Domino's,Sakarya,fast_food,https://www.dominos.com.tr,html,,Pizzetta + Bol Peynirli Ekmek,310.00
Domino's,Sakarya,fast_food,https://www.dominos.com.tr,html,,2 Adet Pizzetta + Tavuk + Patates,370.00
Domino's,Sakarya,fast_food,https://www.dominos.com.tr,html,,Combo Pizza X-Large,540.00
Domino's,Sakarya,fast_food,https://www.dominos.com.tr,html,,Orta Boy Combo Pizza,390.00
Domino's,Sakarya,fast_food,https://www.dominos.com.tr,html,,Büyük Boy Combo Pizza,510.00
Domino's,Sakarya,fast_food,https://www.dominos.com.tr,html,,Tavuk Kova Fırsatı,155.00
Domino's,Sakarya,fast_food,https://www.dominos.com.tr,html,,Dürümos + Sarımsaklı Ekmek + 10'lu Çıtır Tavuk Topları,220.00
Domino's,Sakarya,fast_food,https://www.dominos.com.tr,html,,2 Adet Pizzetta,320.00
Domino's,Sakarya,fast_food,https://www.dominos.com.tr,html,,2 Adet Pizzetta + Coca-Cola 1 L,410.00
Domino's,Sakarya,fast_food,https://www.dominos.com.tr,html,,Pizzetta + Tavuk + Patates + Ayran + Boyama Defteri,270.00
Domino's,Sakarya,fast_food,https://www.dominos.com.tr,html,,Patates Fırsatı,60.00
Domino's,Sakarya,fast_food,https://www.dominos.com.tr,html,,Çıtır Tavuk Finger,85.00
Domino's,Sakarya,fast_food,https://www.dominos.com.tr,html,,Çıtır Tavuk Topları,80.00
Domino's,Sakarya,fast_food,https://www.dominos.com.tr,html,,Tavuk Parçaları,80.00
Domino's,Sakarya,fast_food,https://www.dominos.com.tr,html,,Mantarsever,400.00
Domino's,Sakarya,fast_food,https://www.dominos.com.tr,html,,"Sucuk , Mozarella Peyniri , Pizza Sos",400.00
Domino's,Sakarya,fast_food,https://www.dominos.com.tr,html,,"Sucuk , Mısır , Mozarella Peyniri , Pizza Sos , Siyah Zeytin",400.00
Domino's,Sakarya,fast_food,https://www.dominos.com.tr,html,,"Mozarella Peyniri , Pizza Sos",400.00
Domino's,Sakarya,fast_food,https://www.dominos.com.tr,html,,"Mozzarella Peyniri , Pizza Sos, Sucuk, Mantar",480.00
Domino's,Sakarya,fast_food,https://www.dominos.com.tr,html,,Bol Pan Pizza,480.00
Domino's,Sakarya,fast_food,https://www.dominos.com.tr,html,,Süper Pan Pizza,480.00
Domino's,Sakarya,fast_food,https://www.dominos.com.tr,html,,Bol Malzemos,445.00
Domino's,Sakarya,fast_food,https://www.dominos.com.tr,html,,Karışık,445.00
Domino's,Sakarya,fast_food,https://www.dominos.com.tr,html,,Bol Etli,445.00
Domino's,Sakarya,fast_food,https://www.dominos.com.tr,html,,Vegi,445.00
Domino's,Sakarya,fast_food,https://www.dominos.com.tr,html,,Italiano,445.00
Domino's,Sakarya,fast_food,https://www.dominos.com.tr,html,,"Sucuk , Mozarella Peyniri , Pizza Sos , Sarımsak Sos",430.00
Domino's,Sakarya,fast_food,https://www.dominos.com.tr,html,,"Sosis , Mısır , Mozarella Peyniri , Pizza Sos",430.00
Domino's,Sakarya,fast_food,https://www.dominos.com.tr,html,,Süperos,430.00
Domino's,Sakarya,fast_food,https://www.dominos.com.tr,html,,Sosyal,430.00
Domino's,Sakarya,fast_food,https://www.dominos.com.tr,html,,Mixlarge Bol Etli,645.00
Domino's,Sakarya,fast_food,https://www.dominos.com.tr,html,,Mixlarge Bol Malzeme,645.00
Domino's,Sakarya,fast_food,https://www.dominos.com.tr,html,,Barbekü Soslu Tavuklu,460.00
Domino's,Sakarya,fast_food,https://www.dominos.com.tr,html,,Tavuklu,460.00
Domino's,Sakarya,fast_food,https://www.dominos.com.tr,html,,Extravaganzza,460.00
Domino's,Sakarya,fast_food,https://www.dominos.com.tr,html,,Domino's Soslu Bol Malzemos,460.00
Domino's,Sakarya,fast_food,https://www.dominos.com.tr,html,,Ballı Hardallı Tavuklu,460.00
Domino's,Sakarya,fast_food,https://www.dominos.com.tr,html,,Üç Peynirli,485.00
Domino's,Sakarya,fast_food,https://www.dominos.com.tr,html,,Konyalım,485.00
Domino's,Sakarya,fast_food,https://www.dominos.com.tr,html,,Mangal Sucuklu,485.00
Domino's,Sakarya,fast_food,https://www.dominos.com.tr,html,,Callypso,505.00
Domino's,Sakarya,fast_food,https://www.dominos.com.tr,html,,Pastırma & Sucuk,505.00
Domino's,Sakarya,fast_food,https://www.dominos.com.tr,html,,Ocakbaşı,505.00
Domino's,Sakarya,fast_food,https://www.dominos.com.tr,html,,Cinnamon Roll,115.00
Domino's,Sakarya,fast_food,https://www.dominos.com.tr,html,,"Pan hamur, sarımsak sos, cheddar, jalepeno",260.00
Domino's,Sakarya,fast_food,https://www.dominos.com.tr,html,,"Pan hamur, sarımsak sos, cheddar, sucuk",260.00
Domino's,Sakarya,fast_food,https://www.dominos.com.tr,html,,Tavuk & Patates Mix,185.00
Domino's,Sakarya,fast_food,https://www.dominos.com.tr,html,,Algida Maraş Usulü Sade Dondurma 100 ml,60.00
Domino's,Sakarya,fast_food,https://www.dominos.com.tr,html,,Algida Max Classics Vanilya,60.00
Domino's,Sakarya,fast_food,https://www.dominos.com.tr,html,,42 gr,75.00
Domino's,Sakarya,fast_food,https://www.dominos.com.tr,html,,Çikolatalı Sufle,150.00
Domino's,Sakarya,fast_food,https://www.dominos.com.tr,html,,Algida Magnum Mini Badem,75.00
Domino's,Sakarya,fast_food,https://www.dominos.com.tr,html,,Algida Max Classics Kakao,60.00
Domino's,Sakarya,fast_food,https://www.dominos.com.tr,html,,Algida Cornetto Karadut,110.00
Domino's,Sakarya,fast_food,https://www.dominos.com.tr,html,,Algida Magnum Sandwich,105.00
Domino's,Sakarya,fast_food,https://www.dominos.com.tr,html,,Karışık Pizzetta,175.00
Domino's,Sakarya,fast_food,https://www.dominos.com.tr,html,,"Mozzarella Peyniri, Pizza Sosu, Sucuk, Mantar, Yeşil Biber",175.00
Domino's,Sakarya,fast_food,https://www.dominos.com.tr,html,,"Mozzarella Peyniri , Pizza Sos",175.00
Domino's,Sakarya,fast_food,https://www.dominos.com.tr,html,,Sarımsaklı Ekmek 6 Dilim,70.00
Domino's,Sakarya,fast_food,https://www.dominos.com.tr,html,,Sucuklu Bol Peynirli Ekmek 6 Dilim,255.00
Domino's,Sakarya,fast_food,https://www.dominos.com.tr,html,,Bol Peynirli Ekmek 6 Dilim,250.00
Domino's,Sakarya,fast_food,https://www.dominos.com.tr,html,,Coca-Cola 330 ML,130.00
Domino's,Sakarya,fast_food,https://www.dominos.com.tr,html,,Coca-Cola 450 ML,130.00
Domino's,Sakarya,fast_food,https://www.dominos.com.tr,html,,Coca-Cola 1 L,165.00
Domino's,Sakarya,fast_food,https://www.dominos.com.tr,html,,Şekersiz 330 ML,130.00
Domino's,Sakarya,fast_food,https://www.dominos.com.tr,html,,Şekersiz 450 ML,130.00
Domino's,Sakarya,fast_food,https://www.dominos.com.tr,html,,Şekersiz 1 L,165.00
Domino's,Sakarya,fast_food,https://www.dominos.com.tr,html,,FuseTea Şeftali 330 ML,130.00
Domino's,Sakarya,fast_food,https://www.dominos.com.tr,html,,FuseTea Şeftali 1 L,165.00
Domino's,Sakarya,fast_food,https://www.dominos.com.tr,html,,Sütaş Ayran 300 ML,60.00
Domino's,Sakarya,fast_food,https://www.dominos.com.tr,html,,Sütaş Ayran 200 ML,55.00
Domino's,Sakarya,fast_food,https://www.dominos.com.tr,html,,Sütaş Ayran 1 L,165.00
Domino's,Sakarya,fast_food,https://www.dominos.com.tr,html,,"0,5 Lt Damla Su",35.00
Domino's,Sakarya,fast_food,https://www.dominos.com.tr,html,,FuseTea Limon 330 ML,130.00
Domino's,Sakarya,fast_food,https://www.dominos.com.tr,html,,FuseTea Limon 1 L,165.00
Domino's,Sakarya,fast_food,https://www.dominos.com.tr,html,,Fanta 330 ML,130.00
Domino's,Sakarya,fast_food,https://www.dominos.com.tr,html,,Fanta 1 L,165.00
Domino's,Sakarya,fast_food,https://www.dominos.com.tr,html,,Sprite 330 ML,130.00
Domino's,Sakarya,fast_food,https://www.dominos.com.tr,html,,Sprite 1 L,165.00
Domino's,Sakarya,fast_food,https://www.dominos.com.tr,html,,Coca-Cola Light 330 ML,130.00
Domino's,Sakarya,fast_food,https://www.dominos.com.tr,html,,Coca-Cola Light 1 L,165.00
Domino's,Sakarya,fast_food,https://www.dominos.com.tr,html,,Cappy Şeftali,130.00
Domino's,Sakarya,fast_food,https://www.dominos.com.tr,html,,Cappy Karışık,130.00
Domino's,Sakarya,fast_food,https://www.dominos.com.tr,html,,Yoğurtlu Sos,40.00
Domino's,Sakarya,fast_food,https://www.dominos.com.tr,html,,Meksika Sos,40.00
Domino's,Sakarya,fast_food,https://www.dominos.com.tr,html,,Acı Sos,40.00
Domino's,Sakarya,fast_food,https://www.dominos.com.tr,html,,Mayonez,5.00
Domino's,Sakarya,fast_food,https://www.dominos.com.tr,html,,Ketçap,5.00
Domino's,Sakarya,fast_food,https://www.dominos.com.tr,html,,80 gr.,85.00
Domino's,Sakarya,fast_food,https://www.dominos.com.tr,html,,Kolombiya’ya özgü kahve çekirdeklerinden.,60.00
Gazibey,Sakarya,restaurant,https://www.gazibey.com.tr,html,,Fiyat: 1,500.00
Kahve Dünyası,Samsun,cafe,https://www.kahvedunyasi.com,html,,Reform Alışveriş Çantası,870.00
Kahve Dünyası,Samsun,cafe,https://www.kahvedunyasi.com,html,,Kahve Dünyası Algötür Metal Termos 460 ml,1250.00
Kahve Dünyası,Samsun,cafe,https://www.kahvedunyasi.com,html,,Tablet Çikolata Brownie Dolgulu,350.00
Kahve Dünyası,Samsun,cafe,https://www.kahvedunyasi.com,html,,Tablet Çikolata Bademli Krokanlı ve Karamelli,350.00
Kahve Dünyası,Samsun,cafe,https://www.kahvedunyasi.com,html,,Özel Seri Soğuk Fındık Aromalı Caffe Latte 10'lu,185.00
Kahve Dünyası,Samsun,cafe,https://www.kahvedunyasi.com,html,,Guatemala Filtre Kahve Kilitli 250g,350.00
Kahve Dünyası,Samsun,cafe,https://www.kahvedunyasi.com,html,,Lavi Karışık Dolgulu Çikolata Silindir Kutu 400g,400.00
Kahve Dünyası,Samsun,cafe,https://www.kahvedunyasi.com,html,,Özel Seri Soğuk Vanilyalı Aromalı Caffe Latte 10'lu,185.00
Kahve Dünyası,Samsun,cafe,https://www.kahvedunyasi.com,html,,Geçmiş Olsun Hediye Kutusu,94.90
Kahve Dünyası,Samsun,cafe,https://www.kahvedunyasi.com,html,,Başarılarının Devamını Dilerim Hediye Kutusu,94.90
Kahve Dünyası,Samsun,cafe,https://www.kahvedunyasi.com,html,,Yeni Yaşın Mutlu Olsun Hediye Kutusu,94.90
Kahve Dünyası,Samsun,cafe,https://www.kahvedunyasi.com,html,,Hayat Seninle Güzel Hediye Kutusu,94.90
My Friends Burger,Samsun,fast_food,https://myfriendsburger.com,woo,Patates Kovaları,Maç Kovası,350.00
My Friends Burger,Samsun,fast_food,https://myfriendsburger.com,woo,Patates Kovaları,Kova Kızarmış Sosisli Patates Kızartması,310.00
My Friends Burger,Samsun,fast_food,https://myfriendsburger.com,woo,Patates Kovaları,Kova Tavuk Parçalı Patates Kızartması,330.00
My Friends Burger,Samsun,fast_food,https://myfriendsburger.com,woo,Patates Kovaları,Kova Cheddarlı Patates Kızartması,270.00
My Friends Burger,Samsun,fast_food,https://myfriendsburger.com,woo,Patates Kovaları,Kova Patates Kızartması,250.00
My Friends Burger,Samsun,fast_food,https://myfriendsburger.com,woo,Sosisliler,Smoky Sosisli,215.00
My Friends Burger,Samsun,fast_food,https://myfriendsburger.com,woo,Sosisliler,Buffalo Sosisli,215.00
My Friends Burger,Samsun,fast_food,https://myfriendsburger.com,woo,Sosisliler,Trüf Mayonezli Sosisli,215.00
My Friends Burger,Samsun,fast_food,https://myfriendsburger.com,woo,Et Burger Menüler,Füme Burger Menü,495.00
My Friends Burger,Samsun,fast_food,https://myfriendsburger.com,woo,İçecekler,Kahve,50.00
My Friends Burger,Samsun,fast_food,https://myfriendsburger.com,woo,İçecekler,Çay,35.00
My Friends Burger,Samsun,fast_food,https://myfriendsburger.com,woo,Tatlı,Stick Waffle,125.00
My Friends Burger,Samsun,fast_food,https://myfriendsburger.com,woo,Salatalar,Kızarmış Tavuklu Salata,345.00
My Friends Burger,Samsun,fast_food,https://myfriendsburger.com,woo,Salatalar,Köfteli Salata,370.00
My Friends Burger,Samsun,fast_food,https://myfriendsburger.com,woo,Salatalar,Sade Salata,330.00
My Friends Burger,Samsun,fast_food,https://myfriendsburger.com,woo,Patatesler,Parça Köfteli Patates,350.00
My Friends Burger,Samsun,fast_food,https://myfriendsburger.com,woo,Patatesler,Kızarmış Tavuk Parçalı Patates,330.00
My Friends Burger,Samsun,fast_food,https://myfriendsburger.com,woo,Patatesler,Sosisli Patates,330.00
My Friends Burger,Samsun,fast_food,https://myfriendsburger.com,woo,Patatesler,Max Patates,310.00
My Friends Burger,Samsun,fast_food,https://myfriendsburger.com,woo,Çıtır Dürümler,Köfte Special Dürüm Menü,510.00
My Friends Burger,Samsun,fast_food,https://myfriendsburger.com,woo,Çıtır Dürümler,Çıtır Tavuk Special Dürüm Menü,475.00
My Friends Burger,Samsun,fast_food,https://myfriendsburger.com,woo,Et Burger Menüler,Cheese Mantare Burger Menü,490.00
My Friends Burger,Samsun,fast_food,https://myfriendsburger.com,woo,Gurme Burgerler,Gurme Munchies Burger Menü,545.00
My Friends Burger,Samsun,fast_food,https://myfriendsburger.com,woo,Gurme Burgerler,Gurme Füme Burger Menü,520.00
My Friends Burger,Samsun,fast_food,https://myfriendsburger.com,woo,Gurme Burgerler,Double Gurme Cheese Burger Menü,590.00
My Friends Burger,Samsun,fast_food,https://myfriendsburger.com,woo,Gurme Burgerler,Gurme Cheese Burger Menü,495.00
My Friends Burger,Samsun,fast_food,https://myfriendsburger.com,woo,Kızartmalar,Büyük Boy Patates Kızartması,120.00
My Friends Burger,Samsun,fast_food,https://myfriendsburger.com,woo,Kampanyalı Menüler,2&#8217;li Munchies Menü,1250.00
My Friends Burger,Samsun,fast_food,https://myfriendsburger.com,woo,Kids Burgerler,Friends Kids Tavuk Cheese Burger Menü,445.00
My Friends Burger,Samsun,fast_food,https://myfriendsburger.com,woo,Kids Burgerler,Friends Kids Tavuk Burger Menü,425.00
My Friends Burger,Samsun,fast_food,https://myfriendsburger.com,woo,Kampanyalı Menüler,2&#8217;li Buffalo Menü,1150.00
My Friends Burger,Samsun,fast_food,https://myfriendsburger.com,woo,Kampanyalı Menüler,2&#8217;li Smoky Menü,1150.00
My Friends Burger,Samsun,fast_food,https://myfriendsburger.com,woo,Kampanyalı Menüler,Bi Sana Bi Bana,1000.00
My Friends Burger,Samsun,fast_food,https://myfriendsburger.com,woo,Kızartmalar,Çıtır Jalapeno 100 Gr,80.00
My Friends Burger,Samsun,fast_food,https://myfriendsburger.com,woo,Kızartmalar,Soğan Halkası 12li,70.00
My Friends Burger,Samsun,fast_food,https://myfriendsburger.com,woo,Kızartmalar,Soğan Halkası 9lu,60.00
My Friends Burger,Samsun,fast_food,https://myfriendsburger.com,woo,Kızartmalar,Soğan Halkası 6lı,50.00
My Friends Burger,Samsun,fast_food,https://myfriendsburger.com,woo,Kızartmalar,Çıtır Şiş Mantar,100.00
My Friends Burger,Samsun,fast_food,https://myfriendsburger.com,woo,Kızartmalar,Orta Boy Patates Kızartması,80.00
My Friends Burger,Samsun,fast_food,https://myfriendsburger.com,woo,Kızartmalar,Kızartma Tabağı,280.00
My Friends Burger,Samsun,fast_food,https://myfriendsburger.com,woo,Çıtır Dürümler,Çıtır Acı Tavuk Dürüm Menü,445.00
My Friends Burger,Samsun,fast_food,https://myfriendsburger.com,woo,Çıtır Dürümler,Çıtır Cheese Tavuk Dürüm Menü,450.00
My Friends Burger,Samsun,fast_food,https://myfriendsburger.com,woo,Tavuk Burgerler,Tavuk Buffalo Burger Menü,450.00
My Friends Burger,Samsun,fast_food,https://myfriendsburger.com,woo,Tavuk Burgerler,Tavuk Madness Burger Menü,525.00
My Friends Burger,Samsun,fast_food,https://myfriendsburger.com,woo,Tavuk Burgerler,Tavuk Smoky Burger Menü,450.00
My Friends Burger,Samsun,fast_food,https://myfriendsburger.com,woo,Tavuk Burgerler,Tavuk Acı Burger Menü,445.00
My Friends Burger,Samsun,fast_food,https://myfriendsburger.com,woo,Tavuk Burgerler,Tavuk Cheese Burger Menü,450.00
My Friends Burger,Samsun,fast_food,https://myfriendsburger.com,woo,Tavuk Burgerler,Tavuk Burger Menü,430.00
My Friends Burger,Samsun,fast_food,https://myfriendsburger.com,woo,Kids Burgerler,Friends Kids Cheese Burger Menü,465.00
My Friends Burger,Samsun,fast_food,https://myfriendsburger.com,woo,Kids Burgerler,Friends Kids Burger Menü,445.00
My Friends Burger,Samsun,fast_food,https://myfriendsburger.com,woo,Et Burger Menüler,Şef Burger Menü,590.00
My Friends Burger,Samsun,fast_food,https://myfriendsburger.com,woo,Et Burger Menüler,Munchies Burger Menü,575.00
My Friends Burger,Samsun,fast_food,https://myfriendsburger.com,woo,Et Burger Menüler,Buffalo Burger Menü,490.00
My Friends Burger,Samsun,fast_food,https://myfriendsburger.com,woo,Et Burger Menüler,Madness Burger Menü,550.00
My Friends Burger,Samsun,fast_food,https://myfriendsburger.com,woo,Et Burger Menüler,Max Burger Menü,510.00
My Friends Burger,Samsun,fast_food,https://myfriendsburger.com,woo,Et Burger Menüler,Smoky Burger Menü,490.00
My Friends Burger,Samsun,fast_food,https://myfriendsburger.com,woo,Et Burger Menüler,Acı Burger Menü,475.00
My Friends Burger,Samsun,fast_food,https://myfriendsburger.com,woo,Et Burger Menüler,Cheese Burger Menü,490.00
My Friends Burger,Samsun,fast_food,https://myfriendsburger.com,woo,Et Burger Menüler,Friends Burger Menü,465.00
My Friends Burger,Samsun,fast_food,https://myfriendsburger.com,woo,İçecekler,Arslan Kara Maya Ayran,90.00
My Friends Burger,Samsun,fast_food,https://myfriendsburger.com,woo,İçecekler,Fruko (33 cl.),90.00
My Friends Burger,Samsun,fast_food,https://myfriendsburger.com,woo,İçecekler,Sade Soda (20 cl.),30.00
My Friends Burger,Samsun,fast_food,https://myfriendsburger.com,woo,İçecekler,Su (20 cl.),20.00
My Friends Burger,Samsun,fast_food,https://myfriendsburger.com,woo,İçecekler,Meyveli Soda (20 cl.),35.00
My Friends Burger,Samsun,fast_food,https://myfriendsburger.com,woo,İçecekler,Yedigün (33 cl.),90.00
My Friends Burger,Samsun,fast_food,https://myfriendsburger.com,woo,İçecekler,Lipton Ice Tea Şeftali (33 cl.),90.00
My Friends Burger,Samsun,fast_food,https://myfriendsburger.com,woo,İçecekler,Lipton Ice Tea Mango ve Egzotik Meyve (33 cl.),90.00
My Friends Burger,Samsun,fast_food,https://myfriendsburger.com,woo,İçecekler,Lipton Ice Tea Limon (33 cl.),90.00
My Friends Burger,Samsun,fast_food,https://myfriendsburger.com,woo,İçecekler,Tropicana Vişne (33 cl.),90.00
My Friends Burger,Samsun,fast_food,https://myfriendsburger.com,woo,İçecekler,Tropicana Şeftali (33 cl.),90.00
My Friends Burger,Samsun,fast_food,https://myfriendsburger.com,woo,İçecekler,Tropicana Karışık (33 cl.),90.00
My Friends Burger,Samsun,fast_food,https://myfriendsburger.com,woo,İçecekler,Pepsi Şekersiz (33 cl.),90.00
My Friends Burger,Samsun,fast_food,https://myfriendsburger.com,woo,İçecekler,Pepsi (33 cl.),90.00
Domino's,Yalova,fast_food,https://www.dominos.com.tr,html,,1 Alana 1 Bedava - Orta Boy Cazip Pizzalar,440.00
Domino's,Yalova,fast_food,https://www.dominos.com.tr,html,,1 Alana 1 Bedava - Orta Boy Sevilen Pizzalar,480.00
Domino's,Yalova,fast_food,https://www.dominos.com.tr,html,,1 Alana 1 Bedava - Orta Boy Gurme Pizzalar,570.00
Domino's,Yalova,fast_food,https://www.dominos.com.tr,html,,1 Alana 1 Bedava Bol Peynirli Ekmek,250.00
Domino's,Yalova,fast_food,https://www.dominos.com.tr,html,,1 Alana 1 Bedava Çikolatalı Sufle,150.00
Domino's,Yalova,fast_food,https://www.dominos.com.tr,html,,1 Alana 1 Bedava 4'lü Cinnamon Roll,115.00
Domino's,Yalova,fast_food,https://www.dominos.com.tr,html,,1 Alana 1 Bedava 10'lu Çıtır Tavuk Topları,80.00
Domino's,Yalova,fast_food,https://www.dominos.com.tr,html,,1 Alana 1 Bedava İçecek,120.00
Domino's,Yalova,fast_food,https://www.dominos.com.tr,html,,2 Büyük Boy Cazip Pizza,780.00
Domino's,Yalova,fast_food,https://www.dominos.com.tr,html,,Sevilen 2 Büyük Boy Pizza,890.00
Domino's,Yalova,fast_food,https://www.dominos.com.tr,html,,1 Alana 1 Bedava Orta Boy Cazip Pizzalar + 1L İçecek,540.00
Domino's,Yalova,fast_food,https://www.dominos.com.tr,html,,1 Alana 1 Bedava Orta Boy Sevilen Pizzalar + 1L İçecek,580.00
Domino's,Yalova,fast_food,https://www.dominos.com.tr,html,,Büyük Boy Pizza Alana Coca-Cola Pet 1 L Bedava,480.00
Domino's,Yalova,fast_food,https://www.dominos.com.tr,html,,3 Orta Boy Pizza,850.00
Domino's,Yalova,fast_food,https://www.dominos.com.tr,html,,Pizza X-Large (12 Dilim),520.00
Domino's,Yalova,fast_food,https://www.dominos.com.tr,html,,Büyük Boy Pizzalar,480.00
Domino's,Yalova,fast_food,https://www.dominos.com.tr,html,,2 Orta Boy Pizza + 2 Çikolatalı Sufle + 2 Algida Maraş Cup,750.00
Domino's,Yalova,fast_food,https://www.dominos.com.tr,html,,Orta Boy Gurme Pizzalar,450.00
Domino's,Yalova,fast_food,https://www.dominos.com.tr,html,,2 Orta Boy Pan Pizza + 4’lü Cinnamon Roll,650.00
Domino's,Yalova,fast_food,https://www.dominos.com.tr,html,,Çikolatalı Sufle + Algida Maraş Cup,170.00
Domino's,Yalova,fast_food,https://www.dominos.com.tr,html,,Pizza X-Large (12 Dilim) Alana Coca-Cola 1 L Bedava,520.00
Domino's,Yalova,fast_food,https://www.dominos.com.tr,html,,2 Orta Boy Pizza + 4’lü Cinnamon Roll,610.00
Domino's,Yalova,fast_food,https://www.dominos.com.tr,html,,10'lu Domino's Roll + Coca-Cola Pet 330 ml,270.00
Domino's,Yalova,fast_food,https://www.dominos.com.tr,html,,Mixlarge Pizzalar,570.00
Domino's,Yalova,fast_food,https://www.dominos.com.tr,html,,3 Orta Boy Pizza + Tavuk + Patates + Coca-Cola 1 L,960.00
Domino's,Yalova,fast_food,https://www.dominos.com.tr,html,,3 Orta Boy Bol Malzemos,950.00
Domino's,Yalova,fast_food,https://www.dominos.com.tr,html,,Orta Boy Bol Malzemos + 330 ML İçecek + Seçili Lezzetler,480.00
Domino's,Yalova,fast_food,https://www.dominos.com.tr,html,,Pizza X-Large (12 Dilim) + Coca-Cola 1 L + Seçili Lezzetler,610.00
Domino's,Yalova,fast_food,https://www.dominos.com.tr,html,,2 Orta Boy Pan Pizza + Coca-Cola 1 L,630.00
Domino's,Yalova,fast_food,https://www.dominos.com.tr,html,,Büyük Boy Pizza + Coca-Cola 1 L + Seçili Lezzetler,620.00
Domino's,Yalova,fast_food,https://www.dominos.com.tr,html,,2 Çikolatalı Sufle + 2 Algida Maraş Cup,320.00
Domino's,Yalova,fast_food,https://www.dominos.com.tr,html,,4 Çikolatalı Sufle + 4 Algida Maraş Cup,620.00
Domino's,Yalova,fast_food,https://www.dominos.com.tr,html,,Büyük Boy Pizza + Çikolatalı Sufle + Algida Maraş Cup,590.00
Domino's,Yalova,fast_food,https://www.dominos.com.tr,html,,Büyük Boy Pizza + Tatlı + Coca-Cola 1 L,620.00
Domino's,Yalova,fast_food,https://www.dominos.com.tr,html,,Pizza X-Large + 8'li Cinnamon Roll,620.00
Domino's,Yalova,fast_food,https://www.dominos.com.tr,html,,Bol Peynirli Ekmek + 4'lü Cinnamon Roll + Algida Dondurma,320.00
Domino's,Yalova,fast_food,https://www.dominos.com.tr,html,,2 Büyük Boy Pizza + Coca-Cola 1 L,900.00
Domino's,Yalova,fast_food,https://www.dominos.com.tr,html,,Orta Boy Pan Pizza + Bol Malzemos,550.00
Domino's,Yalova,fast_food,https://www.dominos.com.tr,html,,4 Adet Pizzetta,600.00
Domino's,Yalova,fast_food,https://www.dominos.com.tr,html,,2 Orta Boy Bol Pan Pizza,560.00
Domino's,Yalova,fast_food,https://www.dominos.com.tr,html,,2 Orta Boy Pan Cazip Pizzalar,540.00
Domino's,Yalova,fast_food,https://www.dominos.com.tr,html,,Orta Boy Pizzalar,440.00
Domino's,Yalova,fast_food,https://www.dominos.com.tr,html,,Büyük Boy Pizza + 4'lü Cinnamon Roll,570.00
Domino's,Yalova,fast_food,https://www.dominos.com.tr,html,,Orta Boy Pizza + 4'lü Cinnamon Roll,470.00
Domino's,Yalova,fast_food,https://www.dominos.com.tr,html,,Orta Boy Pizza + Sufle + Algida,430.00
Domino's,Yalova,fast_food,https://www.dominos.com.tr,html,,Dürümos + Patates + Tavuk,210.00
Domino's,Yalova,fast_food,https://www.dominos.com.tr,html,,Tek Kişilik Pizzalar,310.00
Domino's,Yalova,fast_food,https://www.dominos.com.tr,html,,Orta Boy Pan Pizza,400.00
Domino's,Yalova,fast_food,https://www.dominos.com.tr,html,,Orta Boy Pan Pizza + Sos + Coca-Cola 330 ML,460.00
Domino's,Yalova,fast_food,https://www.dominos.com.tr,html,,Pizzetta + Patates + Tavuk + Coca-Cola 330 ML,340.00
Domino's,Yalova,fast_food,https://www.dominos.com.tr,html,,Dürümos + Coca-Cola 330 ML,200.00
Domino's,Yalova,fast_food,https://www.dominos.com.tr,html,,Tavuk Fırsatı,75.00
Domino's,Yalova,fast_food,https://www.dominos.com.tr,html,,Çıtır Karışık Kova Fırsatı,260.00
Domino's,Yalova,fast_food,https://www.dominos.com.tr,html,,2 Adet Dürümos,270.00
Domino's,Yalova,fast_food,https://www.dominos.com.tr,html,,Pizzetta + Bol Peynirli Ekmek,310.00
Domino's,Yalova,fast_food,https://www.dominos.com.tr,html,,2 Adet Pizzetta + Tavuk + Patates,370.00
Domino's,Yalova,fast_food,https://www.dominos.com.tr,html,,Combo Pizza X-Large,540.00
Domino's,Yalova,fast_food,https://www.dominos.com.tr,html,,Orta Boy Combo Pizza,390.00
Domino's,Yalova,fast_food,https://www.dominos.com.tr,html,,Büyük Boy Combo Pizza,510.00
Domino's,Yalova,fast_food,https://www.dominos.com.tr,html,,Tavuk Kova Fırsatı,155.00
Domino's,Yalova,fast_food,https://www.dominos.com.tr,html,,Dürümos + Sarımsaklı Ekmek + 10'lu Çıtır Tavuk Topları,220.00
Domino's,Yalova,fast_food,https://www.dominos.com.tr,html,,2 Adet Pizzetta,320.00
Domino's,Yalova,fast_food,https://www.dominos.com.tr,html,,2 Adet Pizzetta + Coca-Cola 1 L,410.00
Domino's,Yalova,fast_food,https://www.dominos.com.tr,html,,Pizzetta + Tavuk + Patates + Ayran + Boyama Defteri,270.00
Domino's,Yalova,fast_food,https://www.dominos.com.tr,html,,Patates Fırsatı,60.00
Domino's,Yalova,fast_food,https://www.dominos.com.tr,html,,Çıtır Tavuk Finger,85.00
Domino's,Yalova,fast_food,https://www.dominos.com.tr,html,,Çıtır Tavuk Topları,80.00
Domino's,Yalova,fast_food,https://www.dominos.com.tr,html,,Tavuk Parçaları,80.00
Domino's,Yalova,fast_food,https://www.dominos.com.tr,html,,Mantarsever,400.00
Domino's,Yalova,fast_food,https://www.dominos.com.tr,html,,"Sucuk , Mozarella Peyniri , Pizza Sos",400.00
Domino's,Yalova,fast_food,https://www.dominos.com.tr,html,,"Sucuk , Mısır , Mozarella Peyniri , Pizza Sos , Siyah Zeytin",400.00
Domino's,Yalova,fast_food,https://www.dominos.com.tr,html,,"Mozarella Peyniri , Pizza Sos",400.00
Domino's,Yalova,fast_food,https://www.dominos.com.tr,html,,"Mozzarella Peyniri , Pizza Sos, Sucuk, Mantar",480.00
Domino's,Yalova,fast_food,https://www.dominos.com.tr,html,,Bol Pan Pizza,480.00
Domino's,Yalova,fast_food,https://www.dominos.com.tr,html,,Süper Pan Pizza,480.00
Domino's,Yalova,fast_food,https://www.dominos.com.tr,html,,Bol Malzemos,445.00
Domino's,Yalova,fast_food,https://www.dominos.com.tr,html,,Karışık,445.00
Domino's,Yalova,fast_food,https://www.dominos.com.tr,html,,Bol Etli,445.00
Domino's,Yalova,fast_food,https://www.dominos.com.tr,html,,Vegi,445.00
Domino's,Yalova,fast_food,https://www.dominos.com.tr,html,,Italiano,445.00
Domino's,Yalova,fast_food,https://www.dominos.com.tr,html,,"Sucuk , Mozarella Peyniri , Pizza Sos , Sarımsak Sos",430.00
Domino's,Yalova,fast_food,https://www.dominos.com.tr,html,,"Sosis , Mısır , Mozarella Peyniri , Pizza Sos",430.00
Domino's,Yalova,fast_food,https://www.dominos.com.tr,html,,Süperos,430.00
Domino's,Yalova,fast_food,https://www.dominos.com.tr,html,,Sosyal,430.00
Domino's,Yalova,fast_food,https://www.dominos.com.tr,html,,Mixlarge Bol Etli,645.00
Domino's,Yalova,fast_food,https://www.dominos.com.tr,html,,Mixlarge Bol Malzeme,645.00
Domino's,Yalova,fast_food,https://www.dominos.com.tr,html,,Barbekü Soslu Tavuklu,460.00
Domino's,Yalova,fast_food,https://www.dominos.com.tr,html,,Tavuklu,460.00
Domino's,Yalova,fast_food,https://www.dominos.com.tr,html,,Extravaganzza,460.00
Domino's,Yalova,fast_food,https://www.dominos.com.tr,html,,Domino's Soslu Bol Malzemos,460.00
Domino's,Yalova,fast_food,https://www.dominos.com.tr,html,,Ballı Hardallı Tavuklu,460.00
Domino's,Yalova,fast_food,https://www.dominos.com.tr,html,,Üç Peynirli,485.00
Domino's,Yalova,fast_food,https://www.dominos.com.tr,html,,Konyalım,485.00
Domino's,Yalova,fast_food,https://www.dominos.com.tr,html,,Mangal Sucuklu,485.00
Domino's,Yalova,fast_food,https://www.dominos.com.tr,html,,Callypso,505.00
Domino's,Yalova,fast_food,https://www.dominos.com.tr,html,,Pastırma & Sucuk,505.00
Domino's,Yalova,fast_food,https://www.dominos.com.tr,html,,Ocakbaşı,505.00
Domino's,Yalova,fast_food,https://www.dominos.com.tr,html,,Cinnamon Roll,115.00
Domino's,Yalova,fast_food,https://www.dominos.com.tr,html,,"Pan hamur, sarımsak sos, cheddar, jalepeno",260.00
Domino's,Yalova,fast_food,https://www.dominos.com.tr,html,,"Pan hamur, sarımsak sos, cheddar, sucuk",260.00
Domino's,Yalova,fast_food,https://www.dominos.com.tr,html,,Tavuk & Patates Mix,185.00
Domino's,Yalova,fast_food,https://www.dominos.com.tr,html,,Algida Maraş Usulü Sade Dondurma 100 ml,60.00
Domino's,Yalova,fast_food,https://www.dominos.com.tr,html,,Algida Max Classics Vanilya,60.00
Domino's,Yalova,fast_food,https://www.dominos.com.tr,html,,42 gr,75.00
Domino's,Yalova,fast_food,https://www.dominos.com.tr,html,,Çikolatalı Sufle,150.00
Domino's,Yalova,fast_food,https://www.dominos.com.tr,html,,Algida Magnum Mini Badem,75.00
Domino's,Yalova,fast_food,https://www.dominos.com.tr,html,,Algida Max Classics Kakao,60.00
Domino's,Yalova,fast_food,https://www.dominos.com.tr,html,,Algida Cornetto Karadut,110.00
Domino's,Yalova,fast_food,https://www.dominos.com.tr,html,,Algida Magnum Sandwich,105.00
Domino's,Yalova,fast_food,https://www.dominos.com.tr,html,,Karışık Pizzetta,175.00
Domino's,Yalova,fast_food,https://www.dominos.com.tr,html,,"Mozzarella Peyniri, Pizza Sosu, Sucuk, Mantar, Yeşil Biber",175.00
Domino's,Yalova,fast_food,https://www.dominos.com.tr,html,,"Mozzarella Peyniri , Pizza Sos",175.00
Domino's,Yalova,fast_food,https://www.dominos.com.tr,html,,Sarımsaklı Ekmek 6 Dilim,70.00
Domino's,Yalova,fast_food,https://www.dominos.com.tr,html,,Sucuklu Bol Peynirli Ekmek 6 Dilim,255.00
Domino's,Yalova,fast_food,https://www.dominos.com.tr,html,,Bol Peynirli Ekmek 6 Dilim,250.00
Domino's,Yalova,fast_food,https://www.dominos.com.tr,html,,Coca-Cola 330 ML,130.00
Domino's,Yalova,fast_food,https://www.dominos.com.tr,html,,Coca-Cola 450 ML,130.00
Domino's,Yalova,fast_food,https://www.dominos.com.tr,html,,Coca-Cola 1 L,165.00
Domino's,Yalova,fast_food,https://www.dominos.com.tr,html,,Şekersiz 330 ML,130.00
Domino's,Yalova,fast_food,https://www.dominos.com.tr,html,,Şekersiz 450 ML,130.00
Domino's,Yalova,fast_food,https://www.dominos.com.tr,html,,Şekersiz 1 L,165.00
Domino's,Yalova,fast_food,https://www.dominos.com.tr,html,,FuseTea Şeftali 330 ML,130.00
Domino's,Yalova,fast_food,https://www.dominos.com.tr,html,,FuseTea Şeftali 1 L,165.00
Domino's,Yalova,fast_food,https://www.dominos.com.tr,html,,Sütaş Ayran 300 ML,60.00
Domino's,Yalova,fast_food,https://www.dominos.com.tr,html,,Sütaş Ayran 200 ML,55.00
Domino's,Yalova,fast_food,https://www.dominos.com.tr,html,,Sütaş Ayran 1 L,165.00
Domino's,Yalova,fast_food,https://www.dominos.com.tr,html,,"0,5 Lt Damla Su",35.00
Domino's,Yalova,fast_food,https://www.dominos.com.tr,html,,FuseTea Limon 330 ML,130.00
Domino's,Yalova,fast_food,https://www.dominos.com.tr,html,,FuseTea Limon 1 L,165.00
Domino's,Yalova,fast_food,https://www.dominos.com.tr,html,,Fanta 330 ML,130.00
Domino's,Yalova,fast_food,https://www.dominos.com.tr,html,,Fanta 1 L,165.00
Domino's,Yalova,fast_food,https://www.dominos.com.tr,html,,Sprite 330 ML,130.00
Domino's,Yalova,fast_food,https://www.dominos.com.tr,html,,Sprite 1 L,165.00
Domino's,Yalova,fast_food,https://www.dominos.com.tr,html,,Coca-Cola Light 330 ML,130.00
Domino's,Yalova,fast_food,https://www.dominos.com.tr,html,,Coca-Cola Light 1 L,165.00
Domino's,Yalova,fast_food,https://www.dominos.com.tr,html,,Cappy Şeftali,130.00
Domino's,Yalova,fast_food,https://www.dominos.com.tr,html,,Cappy Karışık,130.00
Domino's,Yalova,fast_food,https://www.dominos.com.tr,html,,Yoğurtlu Sos,40.00
Domino's,Yalova,fast_food,https://www.dominos.com.tr,html,,Meksika Sos,40.00
Domino's,Yalova,fast_food,https://www.dominos.com.tr,html,,Acı Sos,40.00
Domino's,Yalova,fast_food,https://www.dominos.com.tr,html,,Mayonez,5.00
Domino's,Yalova,fast_food,https://www.dominos.com.tr,html,,Ketçap,5.00
Domino's,Yalova,fast_food,https://www.dominos.com.tr,html,,80 gr.,85.00
Domino's,Yalova,fast_food,https://www.dominos.com.tr,html,,Kolombiya’ya özgü kahve çekirdeklerinden.,60.00
Saklı Bahçe Esenköy,Yalova,cafe,https://www.saklibahceyalova.com.tr,html,,Çadır başına sabit,1500.00
Saklı Bahçe Esenköy,Yalova,cafe,https://www.saklibahceyalova.com.tr,html,,Çadır başına günlük sabit,1500.00
