mekan,tur,website,kaynak,kalem_sayisi,medyan_fiyat
Cihangir Kebap Kaburga,restaurant,https://www.cihangirkebap.com.tr,js,0,
Dafne Kebap Döner,restaurant,https://www.dafnedonerkebap.com,js,0,
Güney Yıldızı Kordon,cafe,https://yumurtalikguneyyildizi.com,js,0,
Hugo'ss Cafe Restaurant,restaurant,https://www.huggoss.com,js,0,
İstanbul Balıkçısı,restaurant,https://www.instagram.com,js,0,
Kahve Dünyası,cafe,https://www.kahvedunyasi.com,html,12,350.00
Lagos Balık Restaurant,restaurant,http://www.lagosbalik.com,js,0,
Mantımania,restaurant,https://www.instagram.com,js,0,
McDonald's,fast_food,https://www.mcdonalds.com.tr,js,0,
Pizza Pan,restaurant,https://www.instagram.com,js,0,
Pizza Taxi Cumhuriyet,restaurant,https://www.pizzataxi.com.tr,js,0,
Rovers Gastropub & Live Music,restaurant,https://www.rovers.com.tr,js,0,
Starbucks,cafe,https://www.starbucks.com.tr,js,0,
Starbucks,cafe,https://www.starbucks.co.uk,js,0,
Starbucks,cafe,https://www.starbucks.co.uk,js,0,
Starbucks,cafe,https://www.starbucks.co.uk,js,0,
Starbucks,cafe,https://www.starbucks.co.uk,js,0,
Starbucks,cafe,https://www.starbucks.co.uk,js,0,
Starbucks,cafe,https://www.starbucks.co.uk,js,0,
Starbucks,cafe,https://www.starbucks.co.uk,js,0,
Starbucks,cafe,https://www.starbucks.co.uk,js,0,
Starbucks,cafe,https://www.starbucks.co.uk,js,0,
Starbucks,cafe,https://www.starbucks.co.uk,js,0,
Starbucks,cafe,https://www.starbucks.co.uk,js,0,
Starbucks,cafe,https://www.starbucks.co.uk,js,0,
Starbucks,cafe,https://www.starbucks.co.uk,js,0,
Starbucks,cafe,https://www.starbucks.co.uk,js,0,
Altınşehir Burger King Popeyes Sbarro,fast_food,https://www.tiklagelsin.com,js,0,
Köfteci Yusuf,restaurant,https://kofteciyusuf.com,js,0,
Starbucks,cafe,https://www.starbucks.co.uk,js,0,
100 Burger,fast_food,https://100burger.com,js,0,
3 Cores Roastery Coffee Shop,cafe,https://www.3coresroastery.com,js,0,
A4 Kahve,cafe,https://a4kahve.com,js,0,
Ade Miel Coffee Shop,cafe,https://www.ademielcoffee.com,js,0,
Adıyaman Çiğ Köftecisi,restaurant,https://www.adiyamancigkoftecisi.com,js,0,
Anka E-Spor Merkezi Bayındır,cafe,https://ankaespormerkezi.com,js,0,
Arabica,cafe,https://arabicacoffee.com.tr,js,0,
Arabica,cafe,https://arabicacoffee.com.tr,js,0,
Arabica,cafe,https://arabicacoffee.com.tr,js,0,
Arabica,cafe,https://arabicacoffee.com.tr,js,0,
Arabica Coffee House,cafe,https://arabicacoffee.com.tr,js,0,
ATEŞHAN ET KEBAP DÖNER,restaurant,https://www.ateshan.com.tr,js,0,
Ayşe Hanım Ev Yemekleri,fast_food,https://aysehanim.com.tr,js,0,
Bake & Joy,cafe,https://www.instagram.com,js,0,
Balıkçı Halil Faros,restaurant,https://balikcihalil.com,js,0,
bi'sütlü bi'tatlı,cafe,https://bisutlubitatli.com.tr,js,0,
Big Chefs,restaurant,https://www.bigchefs.com.tr,js,0,
Bilge Şahin Pasta Dükkanı,cafe,https://bilgesahinpastadukkani.com,js,0,
Bogazici Lokantasi,restaurant,https://bogazicilokantasi.com.tr,js,0,
BOLFOOD,restaurant,https://bolfood.adisyonline.com,js,0,
Burger King,fast_food,https://www.burgerking.com.tr,js,0,
Burgerdinho,restaurant,https://www.burgerdinho.com,js,0,
Buta Bakü,cafe,https://butaankara.com,js,0,
Cafe Puzzle barbekü,fast_food,https://cafepuzzle.com,js,0,
Cajun Corner,fast_food,https://cajuncorner.com.tr,html,1,5000000.00
Catalyst Coffee and Hub,cafe,https://www.instagram.com,js,0,
Cennetkuşu Çukurambar,restaurant,https://cennetkusu.com,js,0,
Central,bar,https://www.instagram.com,js,0,
Cicala Ristorante,restaurant,https://cicala.com.tr,html,38,620.00
Ciğerci Bahattin,restaurant,https://www.cigercibahattin.net,js,0,
Coffee de Madrid Aydınlıkevler,cafe,https://,js,0,
Coffee de Madrid Kalaba,cafe,https://coffeedemadrid.com.tr,js,0,
Coffee de Madrid Mamak,cafe,https://coffeedemadrid.com.tr,js,0,
Coffee de Madrid Metromall,cafe,https://coffeedemadrid.com.tr,js,0,
Coffee de Madrid Yenikent,cafe,https://coffeedemadrid.com.tr,js,0,
Coffee Lab,cafe,https://www.coffeelab.com.tr,js,0,
Dayi Kürek Lahmacun (Emek),restaurant,https://lezzetdayiyaceker.com,js,0,
Dayı'nın Yeri,restaurant,https://dayininyeriankara.com,js,0,
Divan Brasserie Çengelhan,restaurant,https://www.divan.com.tr,js,0,
Domino's Pizza Beytepe,fast_food,https://www.dominos.com.tr,html,144,370.00
Düveroğlu,restaurant,https://www.duveroglu.com.tr,js,0,
Ekrem Usta,restaurant,https://www.ekremusta.com.tr,js,0,
Elizinn,cafe,https://www.elizinn.com.tr,woo,99,465.00
Emir Hatay Dürümcüsü,restaurant,https://www.simitcidunyasi.com.tr,js,0,
EskiYeni Bar,bar,http://eskiyenibar.com,js,0,
Eymir Bağevi,restaurant,https://eymirgolubagevi.com,js,0,
Fahri Bey,restaurant,http://www.fahribeyakcaabatkofte.com,js,0,
Fanus Komünite Kafe,cafe,https://www.instagram.com,js,0,
Fevzi Hoca Balık Lokantası,restaurant,https://www.fevzihoca.com.tr,js,0,
Fiero Cafe,cafe,https://restaurantguru.com,js,0,
Gazi Üniversitesi Mühendislik Yemekhanesi,fast_food,https://mediko.gazi.edu.tr,js,0,
Geyik Cafe Bistro,cafe,https://www.geyikcafebistro.com.tr,js,0,
Greenwich Coffee,cafe,https://greenwichcoffee.com,woo,100,280.00
GUA Coffee Company Vega Center,cafe,https://www.instagram.com,js,0,
Guşgana Kebap,restaurant,https://www.gusgana.com,js,0,
Gıyma Kebap,restaurant,http://instagram.com,js,0,
Hacegan Sofrası,restaurant,https://hacegansofrasi.net,js,0,
homies pub,bar,https://www.instagram.com,js,0,
Hype Coffee,cafe,https://www.instagram.com,js,0,
IF Sokak,pub,https://ifsokak.com,js,0,
IF Sokak Tunus,pub,https://ifsokak.com,js,0,
IF Sokak Çayyolu,pub,https://ifsokak.com,js,0,
Jolly Joker Ankara,bar,http://www.jjankara.com,js,0,
Kafeterya,cafe,https://kafeterya.metu.edu.tr,js,0,
Kalender Zebra,restaurant,https://kalenderzebra.com,js,0,
Kavakli Restaurant,restaurant,https://www.kavaklirestaurant.com,js,0,
Keyfimce,cafe,http://keyfimcecafe.com,js,0,
KITA MU Ankara,restaurant,https://www.instagram.com,js,0,
Klas Pastanesi,cafe,https://www.klaspastaneleri.com,js,0,
Klinik Kahve,cafe,https://cliniccoffee.com,js,0,
Komagene,fast_food,https://www.komagene.com.tr,js,0,
Komagene,fast_food,https://komagene.com.tr,js,0,
Komagene,fast_food,https://komagene.com.tr,js,0,
Komagene,fast_food,https://komagene.com.tr,js,0,
Konakbay Çibörek-Mantı,restaurant,http://www.konakbay.com.tr,js,0,
Kronotrop,cafe,https://kronotrop.com.tr,js,0,
Kronotrop Ankara Vega Center Bakery,cafe,https://www.kronotrop.com.tr,js,0,
Köfteci Yusuf,restaurant,https://www.kofteciyusuf.com,js,0,
Közname - Tepe Prime,restaurant,https://kozname.com,js,0,
Liman Kitap Kafe,cafe,https://www.limankitap.com,js,0,
Livane Restaurant - Artvin Evi,restaurant,https://livanerestaurant.com,js,0,
Mabel Engelesiz Cafe,cafe,https://www.mamak.bel.tr,js,0,
Mado,cafe,https://mado.com.tr,js,0,
Maharet Mantı Ankara & Kayseri Yağlaması,restaurant,https://www.maharetmanti.com,js,0,
Marmara Tabldot Restoran,restaurant,http://kafemud.bilkent.edu.tr,js,0,
Marrakesh Garden Etlik,cafe,https://www.marrakeshgardenetlik.com,js,0,
Melek Cafem,cafe,http://www.melekcafem.com,js,0,
Mezzaluna,restaurant,https://www.mezzaluna.com.tr,js,0,
Meşhur Özçelik Aspava,restaurant,https://ozcelikaspava.com,js,0,
Meşhur Ülgerler Aspava,restaurant,https://www.ulgerleraspavaetlik.com,js,0,
Midpoint,restaurant,https://www.midpoint.com.tr,js,0,
Miso Ramen Ankara,restaurant,https://misoramenankara.qr.menulux.com,js,0,
Mozaik Kebap,restaurant,http://www.mozaikkebap.com,js,0,
Mozart Cafe,cafe,http://www.mozartcafe.com.tr,js,0,
Mutlu Döner,restaurant,https://mutludoner.com.tr,js,0,
Mutlu Günler Fırını,restaurant,https://mutlugunlerfirini.com.tr,js,0,
Mutlu Günler Fırını,restaurant,https://mutlugunlerfirini.com.tr,js,0,
Mutlu Günler Fırını,restaurant,https://mutlugunlerfirini.com.tr,js,0,
N'JOY Lounge,cafe,https://www.instagram.com,js,0,
New Jersey Coffee House,cafe,https://www.newjerseycoffeehouse.com,js,0,
Niyokki Armada,restaurant,https://niyokki.com.tr,js,0,
Niyokki Tepe Prime,restaurant,https://niyokki.com.tr,js,0,
Niyokki Vista,restaurant,https://niyokki.com.tr,js,0,
Nusr-Et Steakhouse Ankara,restaurant,https://www.nusr-et.com.tr,js,0,
Ovalı Etliekmek,restaurant,https://www.ovalietliekmek.com,js,0,
Pan Çiğ Köfte,fast_food,https://www.pancigkofte.com,js,0,
Pizza Time,restaurant,https://pizzatime.com.tr,js,0,
Quick China,restaurant,https://www.quickchina.com.tr,js,0,
Quito Coffee,cafe,https://www.instagram.com,js,0,
Ring Music Studio & Living Room,cafe,https://ringstudio.city,js,0,
Runik Board Game Cafe,cafe,https://runik.com,js,0,
Sagaris Ege ve Akdeniz Mutfağı,restaurant,https://www.sagarisbalikcisi.com,js,0,
Starbucks,cafe,https://www.starbucks.co.uk,js,0,
Starbucks,cafe,https://www.starbucks.co.uk,js,0,
Starbucks,cafe,https://www.starbucks.co.uk,js,0,
Starbucks,cafe,https://www.starbucks.co.uk,js,0,
Starbucks,cafe,https://www.starbucks.co.uk,js,0,
Starbucks,cafe,https://www.starbucks.co.uk,js,0,
Starbucks,cafe,https://www.starbucks.co.uk,js,0,
Starbucks,cafe,https://www.starbucks.co.uk,js,0,
Starbucks,cafe,https://www.starbucks.co.uk,js,0,
Starbucks,cafe,https://www.starbucks.co.uk,js,0,
Starbucks,cafe,https://www.starbucks.co.uk,js,0,
Starbucks,cafe,https://www.starbucks.co.uk,js,0,
Starbucks,cafe,https://www.starbucks.co.uk,js,0,
Starbucks,cafe,https://www.starbucks.co.uk,js,0,
Starbucks,cafe,https://www.starbucks.co.uk,js,0,
Starbucks,cafe,https://www.starbucks.co.uk,js,0,
Starbucks,cafe,https://www.starbucks.co.uk,js,0,
Starbucks,cafe,https://www.starbucks.co.uk,js,0,
Sultan Restoran,restaurant,http://kafemud.bilkent.edu.tr,js,0,
Süha  Döner & Köfteci,restaurant,https://restaurantguru.com,js,0,
Tarabya Balık Çayyolu,restaurant,https://www.tarabyabalikcisi.com,js,0,
Tarihi İnegöl Köftecisi Nevzat Usta,restaurant,https://www.nevzatusta.com,js,0,
Tavacı Recep Usta Parkvadi,restaurant,https://www.recepustaparkvadi.com,js,0,
Tavacı Recep Usta Ümitköy Şubesi,restaurant,https://tavacirecepusta.com.tr,js,0,
Tetra N Roastery,cafe,https://tetranroastery.com,js,0,
The York Pub and Bar,pub,https://www.instagram.com,js,0,
This Town's Last Stop,restaurant,http://www.thistownslaststop.net,js,0,
Urumchi Uyghur Restaurant,restaurant,https://www.instagram.com,js,0,
Veganarsist Kızılay,cafe,https://veganarsist.com,woo,59,150.00
Vinni the Vegan Witch,cafe,https://www.instagram.com,js,0,
Wedding in Anka,restaurant,https://weddinginankara.com,js,0,
Yelken Balık,restaurant,https://yelkenbalik.com.tr,js,0,
Yöresel Türk Mutfağı,restaurant,https://yoreselturkmitfagi.com,js,0,
Çadır Kafe,cafe,https://cadirkafeankara.menudgtl.com,js,0,
Çiçek Lokantası,restaurant,https://ciceklokantasi.com.tr,js,0,
Çiğköftesim,restaurant,https://www.cigkoftesim.com,js,0,
Çukurağa Sofrası,restaurant,http://cukuraga.com.tr,html,28,850.00
% Arabica,cafe,http://www.arabicacoffee.com.tr,js,0,
36 Konukzade Restaurant Pansiyon,restaurant,http://www.36konukzade.com,js,0,
Acıktım Köfte Kalkan,restaurant,http://www.kalkandayaztatili.com,js,0,
Ada Kafe & Ev yemekleri,cafe,https://www.yemeksepeti.com,js,0,
Adalya,restaurant,https://www.cocoline.com.tr,js,0,
Adanali Kemal Usta,restaurant,http://adanalikemalusta.com,js,0,
Adem'in Yeri,restaurant,https://www.adrasanademinyeri.com,js,0,
Al-Fakher Turkish Delight,restaurant,https://www.alfakher.com.tr,js,0,
Alanya City Pizza,restaurant,https://www.alanyacitypizza.com,js,0,
Alexandretta Restaurant,restaurant,https://AlexandrettaRestaurant.com,js,0,
Anna,restaurant,https://dogalanneeli.com,html,2,950.00
Antalya Anadolu Restaurant,restaurant,https://anadolupark.com.tr,js,0,
Antalya Balikevi,restaurant,https://antalyabalikevi.com.tr,js,0,
Aphrodite Restaurant & Lounge,restaurant,http://www.aphroditeside.com,js,0,
Arby's,fast_food,https://www.arbys.com.tr,js,0,
Asmani Restaurant,restaurant,https://www.asmanirestaurant.com,js,0,
Ayar Meyhanesi,restaurant,https://ayarmeyhanesi.com,js,0,
Base,restaurant,https://basebungalows.com,js,0,
Bean of Coffee,restaurant,http://mahmutlarlife.ru,js,0,
Belforno Restaurant,restaurant,https://belmondosuites.com,js,0,
Bereket Döner,cafe,https://bereketdoner.com.tr,js,0,
"bi lokma ""Mama's Kitchen""",restaurant,https://www.bilokma.com.tr,js,0,
Bidana Döner,cafe,https://www.bidanadoner.com.tr,js,0,
BigChefs,restaurant,https://www.bigchefs.com.tr,js,0,
Bisküvi Mutfak Kahve Evi,cafe,https://biskuvimutfak.com,js,0,
Bodamya Tepe,restaurant,http://bodamyatepe.com,js,0,
Bombay Masala,restaurant,https://bombaymasalaantalya.com,js,0,
Bonjour Lounge,restaurant,https://www.instagram.com,js,0,
Bragi,restaurant,https://bragi.com.tr,js,0,
Bunbun Kaş,fast_food,https://www.bunbunkasmenu.com,js,0,
burger King,fast_food,https://www.burgerking.com.tr,js,0,
By Marrakech Cafe,cafe,https://allzinapp.com,js,0,
Caglayan Restaurant,restaurant,http://www.caglayanrestaurant.com,js,0,
Callisto Pub & Kitchen Hotel,pub,https://www.instagram.com,js,0,
Can Ciğer Cafe,restaurant,https://cancigerocakbasi.com,js,0,
CANIM KEBAP,restaurant,https://canim-kebap.eatbu.com,js,0,
Carmelo,cafe,https://coffeecarmelo.com,js,0,
CebeliTeyirtepe Restaurant,restaurant,https://www.facebook.com,js,0,
Charms Coffee,cafe,https://charmscoffee.com,js,0,
Chatme,cafe,https://chatme.com.tr,js,0,
chefyunuskalkan,restaurant,https://chefyunuskalkan.com,js,0,
Chemex,cafe,https://www.chemexcoffee.com.tr,js,0,
Chicken stop,fast_food,https://chickenstop.com.tr,js,0,
Chocolabs Çikolata & Kahve,cafe,https://www.instagram.com,js,0,
Cihan Kebap Restaurant,restaurant,https://www.sidecihan.com,js,0,
Conny's Restaurant - Bar,restaurant,https://connys.wixsite.com,js,0,
D La Plaza,restaurant,https://www.dlaplaza.com,js,0,
Demre Bungalow & Cafe & Zühre,restaurant,https://zuhrebungalov.com.tr,js,0,
Domino's,fast_food,https://www.dominos.com.tr,html,144,370.00
Dospresso,cafe,https://www.dospresso.com,woo,17,75.00
Dospresso,cafe,https://www.dospresso.net,js,0,
Doğa sofrası,restaurant,https://dogasofrasi.com,js,0,
Dükkan Pub,pub,https://www.dukkanpup.com,js,0,
Dürümle,fast_food,https://www.durumle.com,js,0,
Dımçayı Pınarbaşı,restaurant,https://dimcayipinarbasi.com,js,0,
EKO,restaurant,http://mahmutlarlife.ru,js,0,
Elmalı Sultan Sofrası,restaurant,https://www.sultansofrasi.net,js,0,
Etbaz,restaurant,http://www.etbazalanya.com,js,0,
Eterna House,restaurant,https://eternahouse.com.tr,js,0,
Fener Restaurant Lara,restaurant,http://www.fener1945.com,js,0,
Feneraltı Cafe & Restaurant,restaurant,https://feneralti.com,js,0,
Finike 2000,restaurant,http://www.hotelfinike2000.com,js,0,
Flamingo lara,restaurant,https://qr.finedinemenu.com,js,0,
Flash Restaurant,restaurant,https://www.flashrestaurant.com.tr,js,0,
Forellenhof Göynük Fish & Steak House,restaurant,https://www.facebook.com,js,0,
Gardenia Restaurant,restaurant,http://www.restaurantgardenia.com,js,0,
Giant Stride,cafe,https://qr.adisyo.com,js,0,
Giant Stride,cafe,https://qr.adisyo.com,js,0,
Gloria Jean's coffees,cafe,https://gloriajeans.com.tr,js,0,
Godo Coffee &More,cafe,https://godocoffeeandmore.com,woo,6,146.99
Green salads,restaurant,https://www.greensalads.com.tr,js,0,
Gypsophila Club Marine - Ethno Turkish A'la Carte Restaurant,restaurant,https://www.gypsophilamarine.com,js,0,
Gypsophila Club Marine - Restro Main Restaurant,restaurant,https://www.gypsophilamarine.com,js,0,
Gypsophila Club Marine - See You Fish A'la Carte Restaurant,restaurant,https://www.gypsophilamarine.com,js,0,
Gypsophila Club Marine - Trattoria Italian A'la Carte Restaurant,restaurant,https://www.gypsophilamarine.com,js,0,
Gypsophila Club Marine Snack Bar & Restaurant,restaurant,https://www.gypsophilamarine.com,js,0,
Göksel Tantuni,fast_food,https://www.gokseltantuni.com,js,0,
Hancı,restaurant,https://hancionline.com,js,0,
Hawaii Restaurant & Bar,restaurant,https://hawaiirestaurantbar.com,js,0,
Hayal Gözleme Kahvaltı Cafe,restaurant,https://www.instagram.com,js,0,
Hekimoğlu Kokoreç,fast_food,https://www.yemeksepeti.com,js,0,
Hilmi Beken Restaurant,restaurant,https://hilmibeken.com,js,0,
Hotel Aybars,restaurant,http://aybarshotel.com,js,0,
Hüseyinin Yeri,restaurant,http://www.ucuzvillam.com,js,0,
İkizler Motel,restaurant,https://www.hotelaslihan.com,js,0,
Kahve Diyarı,restaurant,https://www.kahvediyari.com.tr,js,0,
Kahvedeyiz,cafe,https://kahvedeyizcafe.com,js,0,
Karma Restaurant,restaurant,https://karmaside.com,js,0,
Kasap Şeref Izgara,restaurant,https://kasapseref.com,js,0,
Keyf-i Künefe Cikcilli,cafe,http://keyfikunefe.com,js,0,
Keyfi Künefe,cafe,https://keyfikunefe.com.tr,js,0,
KFC,fast_food,https://kfcturkiye.com,js,0,
Kiwi Park Yağmur Evleri,restaurant,https://www.kiwiparkyagmurevleri.com,js,0,
Klub Kristall restoran,restaurant,https://klubkristall.com,js,0,
Korner Restaurant & Bar,restaurant,https://www.kornerrestaurantbar.com,js,0,
Köfteci Ramiz,restaurant,https://www.kofteciramiz.com,js,0,
Köfteci Ramiz,restaurant,https://www.kofteciramiz.com,js,0,
Köfteci Yusuf,restaurant,https://www.kofteciyusuf.com,js,0,
Köfteci̇ Yusuf,restaurant,https://kofteciyusuf.com,js,0,
La Rocca,cafe,http://www.laroccabistro.com,js,0,
La'Vera Restaurant,restaurant,https://instagram.com,js,0,
LafLafa,restaurant,http://www.laflafacafe.com,js,0,
Lahmacun Prime,restaurant,https://www.lahmacunprime.com,html,5,420.00
Leman Kültür,cafe,https://www.lemankultur.com.tr,js,0,
Level,restaurant,https://levelkaleici.com,js,0,
Likya Otel,restaurant,https://www.likyaadrasanotel.com,js,0,
Lime,restaurant,https://www.limerestaurantside.com,js,0,
Little Vietnam,fast_food,https://www.littlevietnam.cafe,js,0,
Luna Garden,cafe,https://lunagarden.com.tr,js,0,
Macbear Coffee Co. Tapas,cafe,https://www.mackbearcoffee.com,js,0,
Mackbear,cafe,https://mackbearcoffee.com,js,0,
Mackbear Altınkum,cafe,https://www.kokoyakisushi.com,js,0,
Mackbear Kampüs Manavgat,cafe,https://www.google.com,js,0,
May flower's Corner cafe,cafe,http://www.sevenbrasserie.com,js,0,
McDonald's,fast_food,https://www.mcdonalds.com.tr,js,0,
McDonald's,fast_food,https://www.mcdonalds.com.tr,js,0,
Meets Burger Cafe,restaurant,http://meetsburgercafe.com,js,0,
Mersin Class Tantuni Döner,fast_food,https://www.instagram.com,js,0,
Meşhur Sariyer Börek Si̇mi̇t Evi̇,cafe,https://meshursariyerboreksimitevi.eatbu.com,js,0,
Misti Fresh Drinks & Cocktails,cafe,https://mistidrinks.com,js,0,
Mox Restobar,restaurant,https://www.instagram.com,js,0,
Mr Anjeliq Kitchen,restaurant,https://www.mranjeliqkitchen.com,js,0,
Natur-el Turkish Kitchen,restaurant,https://www.natur-el.com,js,0,
NesBu Cafe Restaurant,cafe,https://www.instagram.com,js,0,
Northmen,restaurant,https://qr.finedinemenu.com,js,0,
Nur Pastaneleri,cafe,https://www.nurgida.com.tr,js,0,
"Nuri's Beach Bar possible, rent boat to kash",bar,https://www.nurisbeach.com,js,0,
Nuri's Beach Restaurant,restaurant,https://www.nurisbeach.com,js,0,
Oburus Momus,restaurant,http://oburusmomus.com,js,0,
Omar's Kokobüs - Mobil Köfteci,fast_food,https://www.kalkanyemek.com,js,0,
Orange Bar,bar,https://www.olymposorangepension.com,js,0,
Orfoz Restaurant & Lounge Bar,restaurant,https://www.sideorfoz.com,js,0,
Oxygen Pub,pub,http://www.netagram.com,js,0,
Pacco Bistro,cafe,https://bistro.paccohotel.com,js,0,
Palm Beach Damlataş Restaurant,restaurant,https://alanya.dk,js,0,
Palmen Haus,cafe,https://www.palmenhausantalya.com,js,0,
Panorama,restaurant,https://alanyapanorama.com,js,0,
Pastorale,restaurant,https://www.instagram.com,js,0,
patizim,cafe,https://www.patizim.com,js,0,
Paşa Kır Bahçesi Çakırlar Kahvaltı,restaurant,http://www.pasakirbahcesi.com,js,0,
Pidem,fast_food,https://pidem.com.tr,js,0,
Pisekâr,cafe,https://pisekarveganfood.com,js,0,
Pizza Tomato,fast_food,http://www.pizzatomato.com.tr,html,9,610.00
Plumeria,restaurant,http://www.plumeria.com.tr,js,0,
Puding Restaurant,restaurant,https://www.pudinghotels.com,js,0,
Punto,cafe,http://puntodondurma.com,js,0,
Pura Vida Beach No. 73,restaurant,https://puravida.restaurant,js,0,
Pura Vida Restaurant,restaurant,https://puravida.restaurant,js,0,
QBIK PUB & BAR,restaurant,https://derinnhotel.com,js,0,
Queen Sahne Antalya,restaurant,https://instagram.com,js,0,
Quzu,restaurant,https://allzinapp.com,js,0,
Redbox,restaurant,https://www.redboxkas.com,html,3,300.00
Reka Cafe Alanya,cafe,https://rekacafealanya.com,js,0,
Rich Karaoke Bar,bar,https://www.richierichclubotel.com,js,0,
Rivera Park Restaurant,restaurant,https://www.beycikrivieraparkrestaurant.com,js,0,
Riviera Bistro,restaurant,https://www.rivierabistrocafe.com,js,0,
Robert’s coffee,cafe,http://menu.robertscoffeebeachpark.com,js,0,
Rolik sushi Alanya,restaurant,https://alanya.roliksushi.com,js,0,
Rolik sushi Antalya,restaurant,https://roliksushi.com,js,0,
Route Burger House,restaurant,http://www.routeburger.com,js,0,
Rüya Tepe,restaurant,http://www.ruyatepe.com,js,0,
Saban Treehouses,restaurant,http://www.sabanpansion.com,js,0,
Schiller,cafe,https://schillerturkiye.com,js,0,
Schiller,cafe,https://qr-menu.simprasuite.com,js,0,
Seyir Park,restaurant,https://seyirpark.com,js,0,
Seyyah Döner,fast_food,https://www.seyyahdoner.com.tr,js,0,
Shakespeare,cafe,https://www.shakespearebistro.com,js,0,
Shakespeare,restaurant,https://www.shakespearebistro.com,js,0,
Shakespeare,cafe,https://shxpr.com,js,0,
Shakespeare,cafe,https://paket.shxpr.com,js,0,
Shark,cafe,https://sharkkafebeach.eatbu.com,js,0,
SheMall AVM,cafe,http://www.shemall.com.tr,js,0,
SKY HOOKAN & COFFEE(water pipe),cafe,http://fb.com,js,0,
Snowdrop restaurant,restaurant,https://snowdrop.club,js,0,
Social Point,restaurant,https://socialpoint.com.tr,js,0,
Soul Of Kitchen,restaurant,https://www.anjeliqhouse.com,js,0,
Starbucks,cafe,https://www.starbucks.co.uk,js,0,
Starbucks,cafe,https://www.starbucks.co.uk,js,0,
Starbucks,cafe,https://www.starbucks.co.uk,js,0,
Starbucks,cafe,https://www.starbucks.co.uk,js,0,
Starbucks,cafe,https://www.starbucks.co.uk,js,0,
Starbucks,cafe,https://www.starbucks.co.uk,js,0,
Starbucks,cafe,https://www.starbucks.co.uk,js,0,
Starbucks,cafe,https://www.starbucks.co.uk,js,0,
Starbucks,cafe,https://www.starbucks.co.uk,js,0,
Starbucks,cafe,https://www.starbucks.co.uk,js,0,
Starbucks,cafe,https://www.starbucks.com.tr,js,0,
Starbucks,cafe,https://www.starbucks.com.tr,js,0,
Streetcafe Adrasan,bar,http://www.streetcafe-adrasan.de,js,0,
Subway,fast_food,https://www.subway.com,js,0,
Sweet Story,cafe,https://www.instagram.com,js,0,
Sütbeyaz,restaurant,https://sutbeyaz.com.tr,js,0,
Sütbeyaz,restaurant,https://sutbeyaz.com.tr,js,0,
TADIM LOKANTASI ÇORBACIM,restaurant,http://mahmutlarlife.ru,js,0,
Tavuk Dünyası,restaurant,https://tavukdunyasi.com,js,0,
Tavuk Dünyası,fast_food,https://www.tavukdunyasi.com,js,0,
Tavuk Dünyası,restaurant,https://www.tavukdunyasi.com,js,0,
Tez Gah,cafe,https://www.tezgahburger.com,js,0,
The Green Oasis,restaurant,http://www.the-green-oasis-cafe.tk,js,0,
The Long Beach,cafe,https://longbeach.com.tr,js,0,
The Rock Bar,bar,https://www.instagram.com,js,0,
The Smokey BBQ & Burger,restaurant,https://thesmokey.net,js,0,
The Sudd Coffee Old Town,cafe,https://thesudd.com,js,0,
Tostik,cafe,https://www.tostik.com.tr,js,0,
Trend Coffee,cafe,http://qrmenu.piworks.com.tr,js,0,
Trysa Restaurant Camping,restaurant,https://ilksayfareklamlari.com,js,0,
U1 Coffee.,cafe,https://u1coffee.com.tr,js,0,
Understone,cafe,https://www.understone.com.tr,js,0,
Urfa Sofrası,restaurant,https://urfasofrasi.com,js,0,
Urfa çitir lahmakun,cafe,https://instagram.com,js,0,
Varuna,restaurant,https://varunagezgin.com,js,0,
West Verginia City,restaurant,http://www.west-virginia-city.de,js,0,
White Studio Cafe,cafe,https://www.whitestudiocafe.com,js,0,
Yalan Dünya Mağarası,cafe,https://facebook.com,js,0,
Yemen Coffee,cafe,https://yemenkahvesi.com.tr,html,27,400.00
Yotto Sushi & Wok,fast_food,https://yotto.store,html,68,405.00
Zeytin Dalı,restaurant,http://zeytindalirestaurant.com,js,0,
Zilli Öküz Homemade Burger Alanya,fast_food,http://www.zilliokuz.com,js,0,
Zula,restaurant,https://m.facebook.com,js,0,
Çamlıca,cafe,http://www.camlicadondurmasi.com,js,0,
Çiğerci Bahattin,cafe,https://www.cigercibahattin.net,js,0,
ÇOBANNET FORESTALANYA RESTAURANT CAFE & BAR,restaurant,https://forestalanya.com,js,0,
Çınaraltı Et & Balık Evi,restaurant,https://cinaraltibeycik@hotmail.com,js,0,
Ömer Aybak,fast_food,https://adiyamancigkoftecisi.com,js,0,
Ömer Aybak,fast_food,https://adiyamancigkoftecisi.com,js,0,
Şelale Restoran,restaurant,http://selalerestoran.com,js,0,
Бар Asrın Beach Hotel,bar,https://asrinbeachhotel.com,js,0,
"Кафе магазин ""Тобак, напитки, кальян""",cafe,https://t.me,js,0,
Dina Natura,restaurant,https://www.dinanatura.com,js,0,
Pansyon Karagöl,restaurant,http://www.savsatkaragol.com,js,0,
alo 24,restaurant,https://www.alo24.com.tr,js,0,
"Anatolia Hotel, Restaurant & Camping",restaurant,https://www.anatoliaturizm.com.tr,js,0,
Başdeğirmen Et Balık restoran,restaurant,http://basdegirmenaydin.com,js,0,
Cafedemi,cafe,http://facebook.com,js,0,
Coffee 333,cafe,https://coffee333.com.tr,js,0,
Colombia coffee,cafe,https://www.colombiacoffeetr.com.tr,js,0,
Efsane Çöp Şiş Necati Baba,restaurant,http://www.ortaklarcopsisefsanenecatibaba.com,js,0,
kokoreis,fast_food,https://www.instagram.com,js,0,
Koza Coffee Shop,cafe,https://www.instagram.com,js,0,
Pesto Makarna Aydın,fast_food,https://www.pestomakarna.com,js,0,
Pina Restaurant Mavişehir,restaurant,https://pinarestaurant.com,js,0,
Sef Restaurant,restaurant,https://sefrestaurantkusadasi.com,js,0,
Starbucks,cafe,https://www.starbucks.co.uk,js,0,
Starbucks,cafe,https://www.starbucks.co.uk,js,0,
Starbucks,cafe,https://www.starbucks.co.uk,js,0,
Starbucks,cafe,https://www.starbucks.co.uk,js,0,
Ünüvar By Balık,restaurant,https://www.instagram.com,js,0,
Ünüvar Kokoreç,restaurant,https://www.instagram.com,js,0,
Ünüvar Lezzet Dünyası,restaurant,https://www.instagram.com,js,0,
Ünüvar Çiğköfte,restaurant,https://www.instagram.com,js,0,
72 Neapolitan,restaurant,https://www.instagram.com,js,0,
Alibaba Restoran,restaurant,https://alibabarestoran.eatbu.com,js,0,
Altınoluk Doğa Restaurant,restaurant,https://www.altinolukdogarestaurant.com,js,0,
As Restaurant Et Balık Meze,restaurant,https://www.asrestaurant.com.tr,js,0,
Aydınlar Et & Restaurant,restaurant,https://aydinlaret.com,js,0,
Bahçe Kahvaltı Konaklama,restaurant,http://www.altinolukbahce.com,js,0,
Balikçi Korkmazlar,restaurant,http://www.korkmazlarbalikcilik.com,js,0,
Balıkçı Ahmet,restaurant,https://www.instagram.com,js,0,
Bandırma Turşucusu,fast_food,https://www.instagram.com,js,0,
Benzin Kafe,cafe,http://www.balikesirbenzincafe.com,js,0,
Burger King,fast_food,https://www.burgerking.com.tr,js,0,
ByBalık Lokantası,restaurant,https://www.bybalik.net,js,0,
Cadde Altinoluk,cafe,http://www.caddepasta.com.tr,js,0,
Crow Coffee,bar,https://www.crowcoffee.co,js,0,
Cunda Uno Restaurant,restaurant,https://cundauno.com,js,0,
Defnem Cafe Restaurant,restaurant,https://www.instagram.com,js,0,
Deli Mavi Cafe Bar,pub,http://www.delimavicafebar.com,js,0,
Dem Bahçe,cafe,https://dembahce.com,js,0,
Divan Pub Ayvalık,restaurant,https://www.divan.com.tr,js,0,
Domino's Pizza,fast_food,https://www.dominos.com.tr,html,144,370.00
Edremit-Burhaniye Airbus Uçak Restaurant,restaurant,http://www.korfezucakrestaurant.com,js,0,
Göbel Gizli Bahçe Kokoreç,restaurant,http://ttps:,js,0,
Hancı Kebap Izgara,restaurant,http://www.mazahancikebap.com,js,0,
Happy Moon's Bandırma,restaurant,https://happymoons.com.tr,js,0,
Hayma Çamlıbel Cafe,cafe,https://www.instagram.com,js,0,
Kebapçı,restaurant,https://www.akakar.com.tr,js,0,
Köfteci Yusuf,restaurant,https://www.kofteciyusuf.com,js,0,
Köşebaşı,restaurant,https://kosebasi.com,js,0,
Küçükhan'ım Cafe,cafe,https://kucukhan.com,js,0,
Mahalle Cafe & Bar,cafe,https://www.avsa.com.tr,js,0,
McDonald's,fast_food,https://www.mcdonalds.com.tr,js,0,
Moshos Taverna Cunda,restaurant,http://moshostaverna.com,js,0,
Mutlu Köy Nostalji Köy Sofrası,restaurant,https://www.nostalji.com.tr,woo,16,300.00
On On Kafe,cafe,https://ononkafe.com,js,0,
On On Kafe,cafe,https://www.ononkafe.com,js,0,
On On Kafe,cafe,https://www.ononkafe.com,js,0,
On On Kafe,cafe,https://www.ononkafe.com,js,0,
On On Kafe,cafe,https://www.ononkafe.com,js,0,
On On Kafe,cafe,https://www.ononkafe.com,js,0,
On On Kafe,cafe,https://www.ononkafe.com,js,0,
On On Kafe,cafe,https://www.ononkafe.com,js,0,
On On Kafe,cafe,https://www.ononkafe.com,js,0,
On On Kafe,cafe,https://www.ononkafe.com,js,0,
On On Kafe,cafe,https://www.ononkafe.com,js,0,
On On Kafe,cafe,https://www.ononkafe.com,js,0,
On On Kafe,cafe,https://www.ononkafe.com,js,0,
On On Kafe,cafe,https://ononkafe.com,js,0,
On On Kafe,cafe,https://ononkafe.com,js,0,
On On Kafe,cafe,https://www.ononkafe.com,js,0,
On On Kafe,cafe,https://ononkafe.com,js,0,
On On Kafe,cafe,https://www.ononkafe.com,js,0,
On On Kafe,cafe,https://www.ononkafe.com,js,0,
On On Kafe İvrindi,cafe,https://ononkafe.com,js,0,
Palaz Et Restaurant,restaurant,https://www.palazet.com.tr,js,0,
Pasaport Pizza,fast_food,https://www.pasaportpizza.com,js,0,
Pidemm,restaurant,https://www.pidem.com.tr,js,0,
Pizza Bulls,restaurant,https://www.pizzabulls.com,html,9,690.00
Pizza Pizza,fast_food,https://www.pizzapizza.com.tr,js,0,
Starbucks,cafe,https://www.starbucks.co.uk,js,0,
Starbucks,cafe,https://www.starbucks.co.uk,js,0,
Starbucks,cafe,https://www.starbucks.co.uk,js,0,
Tamam Meyhane Yalı,restaurant,https://www.tamammeyhane.com,js,0,
Taş Kahve,cafe,https://taskahve.com.tr,js,0,
Tellioğlu Değirmen Cafe & Restaurant,restaurant,http://www.telliogludegirmen.com,js,0,
Vagon Döner İskender & Et Restoran,restaurant,https://www.vagondoner.com.tr,js,0,
Yasa - İstanbul Yönü,restaurant,https://www.yasa.com.tr,js,0,
Yasa - İzmir Yönü,restaurant,https://www.yasa.com.tr,js,0,
Zuzu Cafe Bar,pub,https://www.instagram.com,js,0,
Mustafa Amca'nın Yeri,restaurant,https://www.amasracanlibalik.com,js,0,
SweetArts,restaurant,http://www.sweetarts.com.tr,js,0,
Çeşmi Cihan Restaurant,restaurant,https://www.amasracanlibalik.com,js,0,
semaver,cafe,https://facebook.com,js,0,
Starbucks,cafe,https://www.starbucks.co.uk,js,0,
Hahve Sokagi,restaurant,https://www.kahvesokagi.com,js,0,
Coffemania,cafe,https://coffeemania.com,js,0,
Coffy,cafe,https://coffy.com.tr,js,0,
Domino's,fast_food,https://www.dominos.com.tr,html,144,370.00
Ekrem Coşkun Döner,restaurant,https://www.ekremcoskundoner.com.tr,js,0,
Askania,restaurant,https://www.iznikaskania.com,js,0,
Bay İbrahim Döner,fast_food,https://www.instagram.com,js,0,
Beceren Cafe,cafe,http://www.becerencafe.com,js,0,
Beykapı Kebap,restaurant,https://beykapi.com,js,0,
Beysos Döner,fast_food,https://www.beysosdoner.com,html,10,295.00
Boynuz burger,fast_food,https://boynuzburger.com,js,0,
Bursa İskender Kebabı - İskender® 1867,restaurant,https://www.iskenderdeyim.com,js,0,
chies fastfood,restaurant,https://www.chiesfastfood.com,js,0,
Domino's,fast_food,https://www.dominos.com.tr,html,144,370.00
Domino’s,fast_food,https://dominospizza.ru,js,0,
Durak Muhallebicisi,restaurant,http://www.durakmuhallebicisi.com.tr,js,0,
Dörtler Kebap Salonu,fast_food,https://dortlerkebap.com.tr,js,0,
Iskender kebapçi,restaurant,https://www.iskender.com.tr,js,0,
İskender - Bursa İskender Efendi Konağı,restaurant,https://www.iskender.com,html,3,175.00
Kafkas,restaurant,https://www.kafkas.com,html,1,265.00
Kartal Yuvası Cafe & Bar,cafe,https://www.instagram.com,js,0,
Kasaba Garden,restaurant,http://www.kasabagarden.com,js,0,
Kitap Evi,restaurant,http://kitapevi.com.tr,js,0,
Loa Bursa,cafe,https://loabursa.com,js,0,
Mantımia,restaurant,https://mantimia.com,js,0,
Mantımia,restaurant,https://mantimia.com,js,0,
Maydonoz Döner,fast_food,https://maydonozdoner.com,js,0,
Muggle's Coffee Roastery FSM,cafe,https://mugglescoffee.com.tr,js,0,
Nevada Coffee 2,cafe,https://nevadacoffee.co,js,0,
New Castle,restaurant,https://www.newcastle.com.tr,js,0,
Parkside Cafe,cafe,https://www.instagram.com,js,0,
Pilav Kralı Rumeli Pilavcısı,restaurant,https://rumelipilavcisi.com.tr,js,0,
Pizza Tomato Görükle,restaurant,https://www.pizzatomato.com.tr,html,9,610.00
Sümbüllü Bahçe Konağı,cafe,https://www.okikultur.com.tr,js,0,
Süts Gelato,cafe,https://suts.com.tr,js,0,
Tavacı Namık,restaurant,https://www.tavacinamik.com.tr,js,0,
Umut Restaurant,restaurant,https://umutrestaurant.com,js,0,
Özgen Plus,cafe,https://www.ozgenkahve.com,js,0,
Agora Restaurant,restaurant,https://sanatagora.com,html,8,2700.00
Ahmetçe köyü kadın kooperatifi kafeterya,cafe,https://www.instagram.com,js,0,
Antepli Tahir Usta,restaurant,https://instagram.com,js,0,
Argos,restaurant,https://www.instagram.com,js,0,
Ayışığı Çamlık Restoran,restaurant,https://www.ayisigicamlik.com,js,0,
Baba Yorgo,restaurant,https://www.barbayorgo.com,js,0,
Dami,restaurant,https://www.facebook.com,js,0,
Harmanyeri Restorant,restaurant,https://canakkaleharmanyeri.com,js,0,
MackBear Coffee,cafe,https://www.instagram.com,js,0,
Meraklis Taverna,restaurant,https://meraklistaverna.com,js,0,
Meydani,cafe,http://www.meydani.com,js,0,
Narlı cafe Burger & castello coffee,fast_food,https://www.narli.cafe,js,0,
Son Vapur Imroz,restaurant,https://sonvapurimroz.com,js,0,
T-DONER,fast_food,https://tdoner.com,js,0,
Uva Bozcaada,cafe,https://uvabozcaada.com,js,0,
Çınaraltı Şelale Restaurant,restaurant,http://www.cinaraltiselale.com,js,0,
Köfteci Yusuf,cafe,https://kofteciyusuf.com,js,0,
Alo24 Restorant Denizli,restaurant,https://alo24.com.tr,js,0,
Beltaş Adalet Park Kafe,restaurant,https://www.denizlibeltas.com,js,0,
Beltaş Atatürk Park Kafe,cafe,https://www.denizlibeltas.com,js,0,
Beltaş Candoğan Park Kafe,cafe,https://www.denizlibeltas.com,js,0,
Beltaş Demokrasi Kafe,cafe,https://www.denizlibeltas.com,js,0,
Beltaş Denizli Konağı,cafe,https://www.denizlibeltas.com,js,0,
Beltaş İncilipınar Kafe,cafe,https://www.denizlibeltas.com,js,0,
Beltaş Otogar Fast Food,fast_food,https://www.denizlibeltas.com,js,0,
Bizz Cafe,cafe,http://bizzcafemenu.site,js,0,
Black Moon Coffee & Desserts,cafe,https://www.instagram.com,js,0,
Boston Drink & Dessert,cafe,https://www.bostondd.com,js,0,
Dönerci Yaşar,restaurant,https://pinecaferestaurant.com,js,0,
Edem Pastanesi,cafe,http://edempastaneleri.com,js,0,
Fahham,restaurant,https://menu.fahhamcafe.com,js,0,
HARBİYE RESTAURANT,restaurant,https://www.harbiyerestaurant.com,js,0,
Hazal Restaurant,restaurant,https://hazal.com.tr,js,0,
Honaz Çınaraltı Şelale Et & Balık & Kahvaltı Restoran,restaurant,https://www.facebook.com,js,0,
Hüsamettin Usta Kocabaylar Kebap Salonu®,restaurant,https://kocabaylarkebap.com,js,0,
Kebapçı Muhtar,restaurant,http://kebapcimuhtar.com,js,0,
Kızgın Döner Evora,restaurant,https://web.javipos.com,js,0,
Lokum Steak House,restaurant,https://lokumsteakhouse.com,js,0,
Mesken,restaurant,https://meskenocakbasi.com,js,0,
Mesken Balık,restaurant,https://www.meskenocakbasi.com,js,0,
Midas Pub,cafe,https://temassiz.restaurant,js,0,
MySoho Lounge Brasserie,restaurant,http://www.mysoho.com.tr,js,0,
Peanut,cafe,https://www.gloriajeans.com.tr,js,0,
Savora Restaurant,restaurant,https://emporia.com.tr,js,0,
Simitçi Dünyası,fast_food,https://denizlisimitcidunyasi.com,js,0,
Starbucks,cafe,https://www.starbucks.co.uk,js,0,
Starbucks,cafe,https://www.starbucks.co.uk,js,0,
Starbucks,cafe,https://www.starbucks.co.uk,js,0,
Varol Gurme,restaurant,http://varoltekstil.com.tr,js,0,
Varol Veranda,cafe,https://varolveranda.com,js,0,
Yayla Kafeterya,cafe,https://yaylakafe.beltas.gen.tr,js,0,
Yayla Kıl Çadırı,restaurant,https://www.denizlibeltas.com,js,0,
Çamlık Beyaz,cafe,https://www.denizlibeltas.com,js,0,
Fırın-ci,restaurant,https://firin-ci.com,js,0,
Gece Dönercisi Ciğerci Memo,restaurant,https://gecedonercisimemo.com,js,0,
Hancı Et Restaurant,restaurant,http://www.hanciet.com,js,0,
KADAYIFÇI HACI SEYİD - KÜNEFE & PASTA ( NEVROZ ALANI ),cafe,http://www.kadayifcihaciseyid.com,js,0,
KADAYIFÇI HACI SEYİD TEKEL - PASTA & KÜNEFE,cafe,http://www.kadayifcihaciseyid.com,js,0,
Onur Ocakbaşı,restaurant,https://www.onurocakbasi.com,html,32,540.00
Saklı Konak 1317,restaurant,https://www.saklikonak1317.com,js,0,
Starbucks,cafe,https://www.starbucks.co.uk,js,0,
Starbucks,cafe,https://www.starbucks.co.uk,js,0,
Tarihi Adana Kazancılar Kebap,restaurant,http://kazancilardiyarbakir.com,js,0,
Arabica Coffee House Düzce Garden,cafe,https://www.arabicacoffee.com.tr,js,0,
Beyaz Bahçe - Taşmekan,restaurant,https://www.beyazbahce.com,js,0,
Beyzade Gurme,restaurant,http://beyzadegurme.com.tr,js,0,
CumayeriBalıkçsı,restaurant,https://cumayeribalikcisi.com.tr,js,0,
CumayeriBalıkçısı,restaurant,https://cumayeribalikcisi.com.tr,js,0,
Düzce Kasrı,restaurant,http://www.duzcekasri.com,js,0,
Gurme Restaurant & Camping,restaurant,https://www.gurmerestaurant.com,js,0,
İbrahim'in Yeri Bolu Dağı Et Mangal ve Yöresel Kahvaltı,restaurant,https://ibrahiminyeri.com,js,0,
Kaplanoğlu Alabalık,restaurant,http://www.kaplanoglualabalik.com,js,0,
Konyalı Etli Ekmek,restaurant,http://www.konyalietliekmekkebap.com,js,0,
Közde Köfte,restaurant,http://www.kozdekofte.com,js,0,
Quechi Coffee Bakery,cafe,https://quechicoffee.com,js,0,
Aydın Tava Ciğer,restaurant,https://www.aydintavaciger.com,js,0,
Bursa Kebap Evi,fast_food,https://www.bursakebapevi.com,js,0,
Coffee Bee Bakery Lab,cafe,https://www.coffeebeebakerylab.com,js,0,
Değirmen Ocakbaşı Restaurant,restaurant,https://www.degirmenocakbasi.com.tr,js,0,
Doyuyo,fast_food,https://doyuyo.com,js,0,
Dürümle,fast_food,https://durumle.com,js,0,
Edirne Tabip Odası Sosyal Tesisi,restaurant,https://www.edirnetabipodasi.org,js,0,
GreenSalads,fast_food,https://www.greensalads.com.tr,js,0,
Kafe Karamel,cafe,http://iktisadiisletmeler.trakya.edu.tr,js,0,
Kahve Dükkanı,cafe,https://www.kahvedukkani.com.tr,js,0,
Kayseri Mutfağı,fast_food,https://www.kayserimutfagi.com,js,0,
Kumpir Box,fast_food,https://kumpirbox.com,js,0,
Mado,cafe,https://www.mado.com.tr,js,0,
ONDO Tarihî Karaağaç Şubesi,cafe,https://ondolezzetleri.com,js,0,
Pidem,fast_food,https://www.pidem.com.tr,js,0,
Saloon Burger,fast_food,https://www.saloonburger.com.tr,js,0,
Serenita Restaurant,restaurant,https://hillyhotel.com,js,0,
Starbucks,cafe,https://www.starbucks.co.uk,js,0,
Terra Pizza,fast_food,https://www.terrapizza.com.tr,html,13,645.00
The Coffee Factory,cafe,http://thecoffeefactory.com,js,0,
thenewyork Pizza & Cafe,fast_food,https://www.nypizza.co,js,0,
Tiloft Coffee,cafe,https://tiloft.com.tr,js,0,
Öncü Döner,fast_food,https://www.oncudoner.com,js,0,
Mavigöl Restaurant,restaurant,https://www.mavigol.com.tr,js,0,
Baston Cafe Bay & Bayan Oyun Salonu,cafe,https://www.instagram.com,js,0,
Clup pide,fast_food,http://clupkirpidesi.com,js,0,
Güzelyurt,restaurant,http://www.guzelyurtrestaurant.com,js,0,
% Arabica,cafe,https://arabicacoffee.com.tr,js,0,
Acıktım,restaurant,https://aciktimkafedeyiz.com,js,0,
Baydöner,fast_food,https://www.baydoner.com,js,0,
Bolulu Hasan Usta,cafe,https://www.bhu.com.tr,js,0,
Domino's,fast_food,https://www.dominos.com.tr,html,144,370.00
Dönerci Pehlivan,restaurant,https://donercipehlivan.com.tr,js,0,
EBB Yaşam Kafe,cafe,http://eskisehirbelkent.com.tr,js,0,
Es Balaban Kebapçı Yunus Usta,restaurant,https://eskisehirbalabankebap.com,js,0,
GiBi Kafe,cafe,https://instagram.com,js,0,
Hangover sky,bar,https://www.hangovergroup.com,js,0,
Hippo French Tacos,restaurant,https://hippofrenchtacos.com,js,0,
Kahve Dünyası,cafe,https://www.kahvedunyasi.com,html,12,350.00
Köfteci Yusuf,restaurant,https://kofteciyusuf.com,js,0,
Köftes Balaban Kebap,restaurant,https://www.koftesbalaban.com,js,0,
McDonald's,fast_food,https://www.mcdonalds.com.tr,js,0,
McDonald's,fast_food,https://www.mcdonalds.com.tr,js,0,
Oda Restoran,restaurant,https://www.odarestoran.com.tr,woo,22,147.75
Opia Coffee Co.,cafe,https://www.picuki.com,js,0,
Ordinarius Coffee Sümer,cafe,https://ordinariuscoffee.com,woo,21,500.00
Pino,fast_food,https://www.pino.com.tr,js,0,
Pizza İl Forno,restaurant,https://pizzailforno.com.tr,js,0,
Pizza Locale,restaurant,https://www.pizzalocale.net,js,0,
Popeyes,fast_food,https://www.popeyes.com.tr,js,0,
Prime Smash Burger,fast_food,https://primesmashburger.com,js,0,
Qırımtatar çiberek,restaurant,https://www.kirimtatarciborek.com,html,20,80.00
Red Burger House,restaurant,https://redburgerhouse.com,js,0,
Sema Teyze Restaurant Fırın Cafe,restaurant,https://www.semateyzerestaurant.com,js,0,
Sky Cafe,fast_food,https://www.skycafe.com.tr,js,0,
Starbucks,cafe,https://www.starbucks.co.uk,js,0,
Starbucks,cafe,https://www.starbucks.com.tr,js,0,
Starbucks,cafe,https://www.starbucks.co.uk,js,0,
Starbucks,cafe,https://www.starbucks.co.uk,js,0,
Starbucks Kahve,cafe,https://www.starbucks.com.tr,js,0,
SushiCo Eskişehir Cassaba Modern,restaurant,https://www.sushico.com.tr,js,0,
Tavuk Dünyası,fast_food,https://www.tavukdunyasi.com,js,0,
Tavuk Dünyası,fast_food,https://www.tavukdunyasi.com,js,0,
Walker's Bulvar,cafe,https://walkers724.com,woo,40,750.00
Walker's Coffee House,cafe,https://walkers724.com,woo,40,750.00
Baniyas Cafe,cafe,https://www.instagram.com,js,0,
Bellapais,cafe,https://www.bellapaiscafe.com,js,0,
İmam Çağdaş,restaurant,https://www.imamcagdas.com,js,0,
Katmerci Zekeriya Usta,restaurant,https://katmercizekeriya.com,js,0,
Kral Tantuni (Üniversite),fast_food,https://www.gazianteptantuni.com,js,0,
Muhan Bohem,cafe,https://www.muhanbohem.com,js,0,
Senfoni,restaurant,https://senfonigaziantep.com,js,0,
SOFRAM Restaurant,restaurant,http://hassofram.com.tr,js,0,
Starbucks,cafe,https://www.starbucks.co.uk,js,0,
Starbucks,cafe,https://www.starbucks.co.uk,js,0,
Çamlıca Köşkü Restaurant,restaurant,https://www.camlicakosku.com,js,0,
ÖZ CİĞERCİ ABE GAZİANTEP,restaurant,https://www.ozcigerciabegaziantep.com,js,0,
Decorative Art World,cafe,https://www.shopier.com,html,1,0.49
326 Plus,cafe,https://www.326pluscafe.com,js,0,
Altıkapı Antakya,restaurant,https://www.altikapi.com.tr,js,0,
Atom Station Arsuz,cafe,https://www.atomstation.com.tr,js,0,
BigChefs,restaurant,https://www.bigchefs.com.tr,js,0,
Carnaval Brunch & Bistro,restaurant,https://www.carnavalgida.com,js,0,
Cazibe Balık Cafe Restaurant,fast_food,https://instagram.com,js,0,
Ed Coffee Station,cafe,https://www.instagtam.com,js,0,
Gülpınar Restoran,restaurant,https://gulpinar.codeqr.com.tr,js,0,
Gülpınar Restoran,restaurant,https://gulpinar.codeqr.com.tr,js,0,
Kule Restaurant,restaurant,https://www.kulerestaurant.com,js,0,
La Pastaia,restaurant,https://instagram.com,js,0,
Loop Burger Brasserie,fast_food,https://loopbrasserie.com,js,0,
Napcaz Döner,fast_food,https://napcazdoner.com,js,0,
NUT HUNTER,cafe,https://www.trendyol.com,html,24,279.00
Pehlivan Döner & Kebap,fast_food,https://pehlivandoner.com.tr,js,0,
Pela Coffee & Ceramic,cafe,https://pelasanat.com.tr,js,0,
Petek Cafe,cafe,https://www.peteksiparis.com,js,0,
Sandal Restaurant Et Balık & Kahvaltı,restaurant,https://www.sanaltur360.com,js,0,
Sarf Arsuz,restaurant,https://www.instagram.com,js,0,
Starbucks,cafe,https://www.starbucks.co.uk,js,0,
The Gold Lounge & Restaurant,cafe,https://www.instagram.com,js,0,
Tinyan Gastro,restaurant,https://www.tinyan.com.tr,js,0,
Günübirlik Tesisi,restaurant,https://ispartadavraz.com,js,0,
Köfteci Yusuf,restaurant,https://www.kofteciyusuf.com,js,0,
Starbucks,cafe,https://www.starbucks.co.uk,js,0,
Taş Cafe 1,cafe,https://www.isperiahotels.com.tr,js,0,
Zater Döner Isparta,fast_food,https://zaterdoner.com,js,0,
01 Adana Cadde Kebap,restaurant,https://www.yemeksepeti.com,js,0,
1924 İstanbul,restaurant,http://www.1924istanbul.com,js,0,
1A Meyhanesi,pub,https://foursquare.com,js,0,
1Kahve,cafe,http://www.1-kahve.bussiness.site,js,0,
2'de 1 Köfte,restaurant,https://www.yummyadvisor.com,js,0,
34 Restaurant,restaurant,https://www.hyattrestaurants.com,js,0,
360 Istanbul,bar,https://360istanbul.com,js,0,
464 Yeniköy,restaurant,https://www.yenikoy464.com,html,1,58.00
5. Kat,restaurant,https://www.5kat.com,js,0,
6:45 Public House,bar,https://share.google,js,0,
A.Ç.T DÜRÜM ve MEZE,restaurant,https://qrmenu.actdurum.com,html,1,130.00
Ab'bas Waffle,cafe,https://abbaswaffle.com.tr,js,0,
Ada Cafe + Bookstore,cafe,https://www.adakitapcafe.com,js,0,
Ada Tesisleri,restaurant,https://www.adatesisleri.com.tr,woo,19,970.00
ADAB Eski Usûl Meyhane,restaurant,https://adabmeyhanesi.com,js,0,
Adam's Pizza,restaurant,https://www.adamspizza.com,js,0,
Adana İl Sınırı,restaurant,https://www.adanailsiniri.com,js,0,
Adana Ocakbaşı Suadiye,restaurant,https://grablocals.com,js,0,
Adanali Ümit Usta,restaurant,https://www.umitusta.com.tr,js,0,
Adanalı Kebapçı Mehmet,restaurant,https://adanalikebapcimehmet.com,js,0,
Adile Sultan Ev Yemekleri,restaurant,https://adilesultanevyemekleri.com,js,0,
Adile Sultan Ev Yemekleri,restaurant,https://www.adilesultanevyemekleri.com,js,0,
Adile Sultan Ev Yemekleri,restaurant,https://adilesultanevyemekleri.com,js,0,
Adile Sultan Ev Yemekleri - Ümraniye Restoranı,restaurant,https://adilesultanevyemekleri.com,js,0,
Ahali 279,restaurant,https://ahali279.com,js,0,
Akasya,restaurant,https://www.akasyada.com,js,0,
Akıntı Burnu Balık Restaurant,restaurant,https://www.akintiburnu.com,js,0,
al lado está dogu karadeniz pide sarayi,restaurant,http://www.tacodelreyes.com,js,0,
Ala Türk Mutfagi,restaurant,http://alaturkmutfagi.com,js,0,
Ali Muhiddin Hacı Bekir,cafe,https://www.hacibekir.com.tr,js,0,
Ali Ocakbaşı,restaurant,https://aliocakbasi.com,js,0,
Ali Ocakbaşı,restaurant,https://aliocakbasi.com,js,0,
Allen Kitchen & Cocktail,bar,https://allensuadiye.com,js,0,
Allsports Cafe,restaurant,https://www.allsportscafe.com,js,0,
Altkat Coffee Community,cafe,https://altkatcoffee.com,js,0,
Altın Sini,restaurant,https://altinsini.com.tr,js,0,
Altın Sofra,restaurant,https://www.altinsofrakebap.com,js,0,
Altınkapı Restaurant,restaurant,https://altinkapiiskender.com,js,0,
Amara Şile Ocakbaşı Restoran,restaurant,https://amarasile.com,woo,100,1400.00
Amedros Cafe and Restaurant,restaurant,https://www.amedroscafe.com,js,0,
Amelie Galata,cafe,https://www.instagram.com,js,0,
Anne Meze,restaurant,http://www.annemeze.com,js,0,
Antebi,restaurant,https://antebi.com.tr,js,0,
Antebin İçi,restaurant,https://www.antebinici.com,js,0,
Antik Köy,restaurant,https://www.antikkoy.com,js,0,
Antiochia,restaurant,http://www.antiochiaconcept.com,js,0,
Antula Gurme,restaurant,https://antulagurme.com,js,0,
Ara Gurme Lahmacun Pide Kebap,restaurant,https://www.aragurme.com,js,0,
Arby's,fast_food,https://www.istairport.com,js,0,
Arch Bistro,cafe,https://www.archbistro.com,js,0,
Arda Ocakbaşı,restaurant,https://www.ardaocakbasi.com,woo,18,29.00
Arezu Moda,cafe,https://arezucafemoda.com,js,0,
Armada Teras,restaurant,https://www.armadahotel.com.tr,js,0,
Arnavutköy Balıkçısı,restaurant,https://arnavutkoybalikcisi.com,js,0,
Arnavutköy Balıkçısı,restaurant,https://arnavutkoybalikcisi.com,js,0,
Artlocalist,cafe,https://www.instagram.com,js,0,
Artois Cadde,restaurant,https://artois.com.tr,js,0,
ArtSmyrna Cafe & Gallery,restaurant,http://artsmyrnagalata.com,js,0,
Arya longue,restaurant,https://www.aryalounge.com,js,0,
As İskender,restaurant,https://www.askebap.com,js,0,
Asitane,restaurant,https://www.asitanerestaurant.com,js,0,
Aslanbey Çiftliği,restaurant,https://www.aslanbeyciftligi.com,js,0,
Asuman,cafe,https://www.asuman.com,html,20,1950.00
Ataşehir Kültür Kafe,cafe,https://www.atasehir.bel.tr,js,0,
Atıştır 1989,restaurant,https://quickly.restaurant,js,0,
Awina Restaurant,restaurant,https://www.instagram.com,js,0,
Ays Lab Bakery,cafe,https://ayslabbakery.com,woo,8,70.00
Ayvalık Fener Yolu Balıkçısı,restaurant,http://www.ayvalikfeneryolubalikcisi.com,js,0,
Azur,restaurant,https://azuryenikoy.com,js,0,
Ağa kapısı,cafe,https://agakapisi.com.tr,js,0,
Ağlayan kaya beach,cafe,https://www.instagram.com,js,0,
Aşk Waffle & Cafe,cafe,https://www.askwaffle.com,js,0,
Ba Hane,restaurant,https://ba-hane.com.tr,js,0,
Bab-ı Hayat,restaurant,https://www.babihayat.com,js,0,
Baba Söğüş,restaurant,https://www.shopier.com,html,1,0.49
Babbo Pizza & Bar,bar,https://restaurantguru.com,js,0,
Babel Café Restaurant,cafe,http://www.babelcaferestaurant.com,js,0,
Back To Coffee Roaster,cafe,http://www.backtocoffeeroaster.com,js,0,
Bafetto,restaurant,https://bafetto.com.tr,js,0,
Bafetto Pizza,restaurant,https://bafetto.com.tr,js,0,
Bafra Pide,restaurant,https://qrmenuapp.akinsoft.com.tr,js,0,
Bahçe Ocakbaşı,restaurant,https://bahceocakbasi.com,js,0,
Baklava Hanem,restaurant,https://www.baklavahanem.com.tr,woo,12,349.00
Bakıroğlu Gurme,restaurant,https://www.yemeksepeti.com,js,0,
Balaban Dondurma,cafe,http://balabandondurma.com,js,0,
Balkaya Pastanesi Erol Usta,cafe,https://www.instagram.com,js,0,
Balon Cafe,restaurant,https://www.zomato.com,js,0,
Baltalimanı Polisevi Şube Müdürlüğü Tesisi,restaurant,https://www.istanbul.pol.tr,js,0,
Balıkçı Murat Abi - Balık ekmek,cafe,https://balikcimurat.com,js,0,
Balıkçı Sabahattin,restaurant,https://www.balikcisabahattin.com,js,0,
Bambi Cafe,restaurant,https://www.bambicafe.com.tr,html,2,285.00
Banko Burger,fast_food,https://bankoburger.com,js,0,
Barış Büfe,restaurant,https://www.barisbufe.com.tr,js,0,
Barış Büfe,fast_food,https://www.barisbufe.com.tr,js,0,
Basri Baba İstanbul,restaurant,https://www.basribaba.com.tr,html,11,950.00
Bausta,cafe,https://bausta.com.tr,js,0,
Bay Mantı,restaurant,https://baymanti.com,js,0,
Baylan Pastanesi,cafe,https://baylangida.com,js,0,
Bayramoğlu Döner,restaurant,http://bayramogludoner.com.tr,js,0,
Bayındır Restoran,restaurant,https://www.bayindirrestoran.com,js,0,
Bağdat Marmaris,fast_food,https://restaurantguru.com,js,0,
Başkent Aspava,restaurant,https://kgkasapbaskentaspava.com,js,0,
Beacon Coffee,cafe,https://www.beaconcoffee.com.tr,js,0,
Bebe İçli Köfte,restaurant,https://www.bebeiclikofte.com,js,0,
Bebek Balıkçı,restaurant,https://bebekbalikci.net,js,0,
Bebek Koru Kahvesi,cafe,https://tr-tr.facebook.com,js,0,
Bebek Lokal,bar,https://facebook.com,js,0,
Bedir Kebap,fast_food,https://www.bedirkebap.tr,js,0,
Bedri Usta Kalamış,restaurant,https://bedriusta.com,js,0,
Bedri Usta Çiftehavuzlar Pide & Lahmacun,restaurant,https://bedriusta.com,js,0,
Beer Lounge Pub,bar,https://www.instagram.com,js,0,
Beeves,restaurant,https://www.beevesteak.com,js,0,
Beeves Steakhouse,restaurant,https://www.beevesteak.com,js,0,
Bella Bakery & Coffee,cafe,https://unotrescoffee.com,js,0,
Bello House Cafe,cafe,https://www.yemeksepeti.com,js,0,
Beltur,cafe,https://beltur.istanbul,html,1,600.00
Beltur Caddebostan Sahil Kafe,cafe,https://www.beltur.istanbul,html,1,600.00
Beltur Cafe,cafe,https://www.beltur.istanbul,html,1,600.00
Beltur Cafe,cafe,https://www.beltur.istanbul,html,1,600.00
Beltur kafe,cafe,https://www.beltur.istanbul,html,1,600.00
Beltur Kafe,cafe,https://www.beltur.istanbul,html,1,600.00
Beltur Kafe,cafe,https://www.beltur.istanbul,html,1,600.00
Beltur Mini Kartal Atatürk Parkı,cafe,https://beltur.istanbul,html,1,600.00
Beltur Restaurant,restaurant,https://www.beltur.istanbul,html,1,600.00
Benusen Restoran,restaurant,http://benusenesnaflokantasi.com,js,0,
Beny Burger House & Cafeteria,restaurant,https://beny.com.tr,html,3,60.00
Beso Restaurant Bistro,restaurant,https://www.restaurantbeso.com,js,0,
BEX Coffee & Chocolate,cafe,https://bexcoffee.com,html,3,375.00
Beyaz Fırın - Erenköy,cafe,https://www.beyazfirin.com,js,0,
BEYKOZ BELEDİYESİ GÜMÜŞSUYU KENT LOKANTASI,restaurant,http://www.beykoz.bel.tr,js,0,
BEYKOZ BELEDİYESİ ORTAÇEŞME LOKANTASI,restaurant,http://www.beykoz.bel.tr,js,0,
Beyzade Künefe,restaurant,https://www.beyzadekunefe.com,js,0,
Beş Bıçak Steak House - Kasap,restaurant,https://www.besbicak.com,js,0,
Bi'Buçuk,restaurant,https://www.bibucuk.com.tr,js,0,
BigChefs,restaurant,https://www.bigchefs.com.tr,js,0,
BigChefs,restaurant,https://www.bigchefs.com.tr,js,0,
BigChefs,restaurant,https://www.bigchefs.com.tr,js,0,
BigChefs,restaurant,https://www.bigchefs.com.tr,js,0,
BigChefs,restaurant,https://bigchefs.com.tr,js,0,
Biget,restaurant,https://biget.com.tr,js,0,
Birecikli,restaurant,http://www.birecikli.com.tr,js,0,
Bisiklet Kafe,cafe,https://beykoz.bel.tr,js,0,
Bistro 33,restaurant,https://www.bistro33.com.tr,js,0,
Bistrot français,cafe,https://www.ifturquie.org,js,0,
Blablabla Istanbul,bar,https://www.blablablaistanbul.com,js,0,
Black Swan Coffee,cafe,https://blackswancoffeetr.com,js,0,
BLAK Coffee Co.,cafe,https://www.blakcoffee.co,js,0,
BLAK Coffee Co. Özyeğin,cafe,https://www.blakcoffee.co,js,0,
Blink Coffee,cafe,https://restaurantguru.com,js,0,
Blum Coffee House,cafe,https://www.blumcoffeehouse.com,html,2,540.00
boga,restaurant,http://www.bogastekhous.com,js,0,
Bolulu Hasan Usta,ice_cream,https://bhu.com.tr,js,0,
Bonne Nuit,cafe,https://www.bonnenuit.com.tr,js,0,
Bonny Gelato,ice_cream,https://www.bonnygelato.com,js,0,
Bonte Coffee & Beyond,cafe,https://www.yemeksepeti.com,js,0,
Borsa Lokantası Caddebostan,restaurant,https://www.borsaselfservis.com,js,0,
Bosphorus Brewing Company,pub,https://bbcist.com,js,0,
Boukoleon Fish Restaurant,restaurant,http://www.boukoleon.com,js,0,
Boşnak Börekçi,restaurant,https://bosnakborekci.com.tr,js,0,
Brasserie Prime,fast_food,https://brasserieprime.com.tr,js,0,
Brew Lab,cafe,https://www.coffeebrewlab.com,js,0,
Brio İtalian İstanbul,restaurant,http://www.brioistanbul.com,js,0,
Burgaz Cafe,cafe,https://www.instagram.com,js,0,
Burger Blast Finans Şehir,fast_food,https://www.burger-blast.com,js,0,
Burger Blast Ömerli,fast_food,https://www.burger-blast.com,js,0,
Burger Hopdaddy,fast_food,https://hopdaddyburger.com,js,0,
Burger King,fast_food,https://www.burgerking.com.tr,js,0,
Burger King,fast_food,https://www.burgerking.com.tr,js,0,
Burger Yiyelim,fast_food,https://www.burgeryiyelim.com,js,0,
Burger Yiyelim,restaurant,https://www.burgeryiyelim.com,js,0,
Burger Yiyelim,fast_food,https://www.burgeryiyelim.com,js,0,
Burger Yiyelim,fast_food,https://www.burgeryiyelim.com,js,0,
Burger Yiyelim - Şerifali,restaurant,https://www.burgeryiyelim.com,js,0,
Burgericos,fast_food,https://burgericos0.wixsite.com,js,0,
Burgerillas,fast_food,https://burgerillas.com,js,0,
Burrito Shop,restaurant,https://www.quandoo.com.tr,js,0,
Buselik Meyhane,bar,https://www.buselikmeyhane.com,js,0,
Buselik Meyhane - Anadolu Hisarı,restaurant,https://buselikmeyhane.com,js,0,
Butcha Steakhouse & Marly,restaurant,http://www.butcha.com,js,0,
Bysteak,restaurant,http://www.bysteak.com,js,0,
Byzantion Bistro & Restaurant,restaurant,http://www.byzantionbistro.com,js,0,
Bülent Börekçilik,restaurant,https://www.bulentborekcilik.com,woo,15,1792.00
Cabra Loca Coffee,restaurant,https://cabraloca.istanbul,js,0,
Cadde İst'klal,restaurant,http://caddeistiklal.ist,js,0,
Cadde Köy,cafe,https://caddekoy.com,js,0,
Cafe Dora,cafe,https://instagram.com,js,0,
Cafe Eya,cafe,https://cafeeya.com,js,0,
Cafe Pont,cafe,https://cafepont.com,js,0,
Caffè Nero,cafe,https://caffenero.com,js,0,
Caffè Nero,cafe,https://caffenero.com,js,0,
Caffè Nero,cafe,https://caffenero.com,js,0,
Caffè Nero,cafe,https://caffenero.com,js,0,
Caffè Nero,cafe,https://www.caffenero.com,js,0,
Cajun Corner,fast_food,https://cajuncorner.com.tr,html,1,5000000.00
Can-u Can,restaurant,https://www.canucankofte.com.tr,js,0,
Cankurtaran Öğretmenevi,restaurant,https://cankurtaranogretmenevi.com.tr,js,0,
Cantinery,restaurant,https://www.cantinery.com,js,0,
Cantinery İstinye Park,restaurant,https://www.cantinery.com,js,0,
Carl's Jr.,fast_food,https://www.carlsjr.com.tr,js,0,
Carmelo,cafe,https://coffeecarmelo.com,js,0,
Casita,restaurant,https://www.tripadvisor.com,js,0,
Catalca Gizli Bahce,restaurant,http://www.catalcagizlibahce.com,js,0,
Cecconis,restaurant,https://www.cecconisistanbul.com,js,0,
Cemil Hoca,restaurant,https://cemilhoca.com.tr,js,0,
Ceviz Ağacı,restaurant,https://cevizagaci.com,html,3,400.00
Chef Taus,restaurant,https://cheftaus.com.tr,js,0,
Chefet,restaurant,https://www.chefet.com,js,0,
Chilai,bar,https://www.chilai.com.tr,js,0,
CHN Döner,restaurant,http://www.chndoner.com,js,0,
Chocolabs,cafe,https://chocolabs.com.tr,js,0,
Cihangir sosyal tesisleri,restaurant,https://tesislerimiz.ibb.istanbul,js,0,
Civitas,cafe,https://www.civitasistanbul.com,js,0,
Ciğerci Ahmet Usta,restaurant,https://mersinlicigerciahmet.com.tr,js,0,
Ciğerci Dr. Doğan,restaurant,https://www.cigercidrdogan.com,js,0,
Clean Cup Coffee,cafe,https://cleancup.coffee,woo,24,585.00
Coffee Manifesto,cafe,https://coffeemanifesto.com,woo,45,1390.00
Coffee Noche,cafe,https://coffeenoche.com,js,0,
Coffee Sapiens,cafe,https://www.coffeesapiens.com,html,2,850.00
Coffy,cafe,https://coffy.com.tr,js,0,
Coffy,cafe,https://coffy.com.tr,js,0,
Comedus şarap ve bira,restaurant,http://facebook.com,js,0,
Concetto Di Caffe,cafe,https://www.concettodicaffe.com.tr,js,0,
Constantine's Ark,restaurant,http://www.constantinesark.com,js,0,
"Cook me, eat me",restaurant,https://www.cookmeeatme.com,js,0,
Cook Shop,restaurant,https://www.cookshop.com.tr,js,0,
Cookshop,restaurant,https://www.cookshop.com.tr,js,0,
Cookshop,restaurant,https://www.cookshop.com.tr,js,0,
Cookshop,restaurant,https://www.cookshop.com.tr,js,0,
Cooşkun Balık,restaurant,http://www.coskunbalik.com,js,0,
Cotto Gastro,restaurant,https://www.cotto.co,js,0,
Cozy Etiler,restaurant,https://cozyistanbul.com.tr,js,0,
Crelo Coffee,cafe,https://restaurantguru.com,js,0,
cremeria MILANO,ice_cream,https://cremeriamilano.com,js,0,
Cremeria Milano,ice_cream,https://cremeriamilano.com.tr,js,0,
Cremma,restaurant,https://www.cremma.com.tr,js,0,
Cremma,cafe,https://cremma.com.tr,js,0,
Cunda Balık,restaurant,https://www.cundabalik.com.tr,js,0,
Curtis Restaurant&Bar,restaurant,https://curtisistanbul.com,js,0,
d'Orient Beyoğlu,cafe,https://www.vitavien.com.tr,js,0,
d'Orient Büyükada,cafe,https://www.vitavien.com.tr,js,0,
d'Orient | Kadıköy,cafe,https://www.vitavien.com.tr,js,0,
Daily Dana,fast_food,https://dailydana.com.tr,js,0,
Damak İskender Kebapçısı,restaurant,http://www.damakiskender.com.tr,js,0,
Danilo's Pizza,restaurant,https://danilos.com.tr,js,0,
Dardenia,restaurant,https://www.dardenia.com,js,0,
Dark Star Coffee,cafe,https://www.darkstar.com.tr,js,0,
Dayı Kürek Lahmacun,restaurant,https://lezzetdayiyaceker.com,js,0,
Dayı Kürek Lahmacun,restaurant,https://lezzetdayiyaceker.com,js,0,
Dağlayan Cafe,cafe,http://dagalayan.com.tr,js,0,
Dedeman Roof Bar,bar,http://www.facebook.com,js,0,
Dedomi Dondurma,ice_cream,https://www.dedomi.com.tr,js,0,
Dekk,bar,https://www.dekk.ist,js,0,
Del Mare,restaurant,https://www.delmarerestaurant.com,js,0,
Della Fame,restaurant,https://dellafame.com.tr,js,0,
Deniz Park,restaurant,http://www.alekodenizpark.com,js,0,
Derin Köfte&Burger,restaurant,http://Derinkofteburger.com,js,0,
Desi vibes,restaurant,http://desivibesrestaurant.com,js,0,
Develi,restaurant,https://www.develi1912.com,js,0,
Develi Kalamış,restaurant,https://www.develi1912.com,js,0,
Değirmen,restaurant,https://www.degirmencafelens.com,js,0,
Değirmen Cafe,cafe,https://www.degirmenpastaneleri.com,js,0,
di'Verso Coffee,cafe,https://caffediverso.com,woo,13,230.00
Dibek Pastanesi,cafe,https://menu.kaffa.com.tr,js,0,
Dilek Kafe,cafe,https://www.dilek.com.tr,js,0,
Divan Brasserie Kalamış,restaurant,https://www.divan.com.tr,js,0,
Divan Pub Erenköy,restaurant,https://www.divan.com.tr,js,0,
Diyar Burma Tatlıcısı,cafe,https://www.diyarburma.com.tr,js,0,
Dodo Balik Restaurant,restaurant,https://www.dodomarin.com,woo,12,30.00
Dodo Balik Restaurant,restaurant,https://www.dodomarin.com,woo,12,30.00
Dodo Belgium Waffle & Coffee,cafe,https://dodobelgiumwaffle.com,js,0,
Dogaciyiz.com gourmet şarküteri,restaurant,https://www.dogaciyiz.com,js,0,
Domino's,fast_food,https://www.dominos.com.tr,html,144,370.00
Domino's,fast_food,https://www.dominos.com.tr,html,144,370.00
Dorock Heavy Metal Club,bar,https://instagram.com,js,0,
Doyuyo,fast_food,https://doyuyo.com,js,0,
Doz Roastery,cafe,https://doz.coffee,js,0,
Dozze,cafe,https://dozze.com.tr,html,42,790.22
Doğa Cafe Restaurant - Alev Hanım'ın Mutfağı,restaurant,https://www.dogacaferestaurant.com.tr,js,0,
Doğa kır lokantası,restaurant,http://dogakirlokantasi.com,js,0,
Draft,pub,http://www.draftpubistanbul.com,js,0,
Dragon Restaurant,restaurant,http://dragonrest.wpengine.com,js,0,
Dream Lounge,restaurant,https://www.dreamloungeistanbul.com,js,0,
Dubb Indian Bosphorus Restaurant,restaurant,http://bosphorus.dubbindian.com,js,0,
Duble Meze,restaurant,http://www.dublemezebar.com,js,0,
Dudu Restaurant,restaurant,https://www.dudurestaurant.com,js,0,
Dukkan Galata,cafe,https://instagram.com,js,0,
Duma Duma,cafe,https://qrmenuapp.akinsoft.com.tr,js,0,
Durak Büfe,fast_food,http://www.durakbufe.com.tr,js,0,
Durusu Club Restaurant,restaurant,https://www.durusuclubhotel.com,js,0,
Dönerci Ali Usta Ataşehir,restaurant,https://www.aliusta.com.tr,js,0,
Dönerci Celal Usta,restaurant,https://www.donercicelalusta.com,js,0,
Dönerci Celal Usta,restaurant,https://www.donercicelalusta.com,js,0,
Dönerci Celal Usta,fast_food,https://donercicelalusta.com,js,0,
Dönerci Celal Usta - Ümraniye (Atakent) Şubesi,restaurant,https://www.donercicelalusta.com,js,0,
Dürümcü Baba,restaurant,https://www.durumcubaba.com.tr,js,0,
Dürümle,fast_food,https://www.durumle.com,js,0,
Dürümle,fast_food,https://durumle.com,js,0,
Eagle chinese gastro & sushi,restaurant,https://eaglechinese.com.tr,js,0,
Efe Ocakbaşı Yeşilköy,restaurant,https://www.efeocakbasi.com,js,0,
Efes Pide & Lahmacun,restaurant,https://efespidelahmacun.com.tr,html,20,300.00
Egenin İncisi,restaurant,http://www.egeninincisi.com.tr,js,0,
Ekmek Teknesi,restaurant,https://kuzguncukekmekteknesi.com,js,0,
Ekol Hatay Künefe,cafe,https://ekolkunefe.com,js,0,
Ekspres İnegöl Köftecisi,restaurant,https://www.ekspresinegolkoftecisi.com,js,0,
Ekspres İnegöl Köftecisi,restaurant,http://www.ekspresinegolkoftecisi.com,js,0,
Elise Pide Lahmacun,restaurant,https://elisepidelahmacun.com,html,28,350.00
Emek Mantı Evi,restaurant,https://emekmanti.net,js,0,
Emilia Cafe,cafe,https://www.emiliacafe.com,js,0,
Emirgan Sütiş,cafe,https://www.sutis.com.tr,js,0,
Emirgan Sütiş,restaurant,https://www.sutis.com.tr,js,0,
Emirgan Sütiş,restaurant,https://www.sutis.com.tr,js,0,
Enbey Döner,restaurant,https://enbeydoner.com,js,0,
Ercan Burger,restaurant,https://www.ercanburger.com,js,0,
Ercan Pizza,restaurant,https://www.ercanpizza.com,js,0,
Espresso Bar,cafe,https://www.zomato.com,js,0,
Espresso X,cafe,https://www.instagram.com,js,0,
Espressolab,cafe,https://www.borsaselfservis.com,js,0,
Espressolab,cafe,https://www.espressolab.com,js,0,
Espressolab,cafe,https://espressolab.com.tr,js,0,
Espressolab,cafe,https://www.espressolab.com,js,0,
Espressolab,cafe,https://www.espressolab.com,js,0,
Espressolab,cafe,https://espressolab.com,js,0,
Espressolab,cafe,https://www.espressolab.com,js,0,
Et-Inn Kebap&Steak,restaurant,https://etinn.com,js,0,
Eta Bakery Arena Park 2,restaurant,https://www.etabakery.com,js,0,
Etci Mehmet,restaurant,https://etcimehmet.com,js,0,
Ethem Efendi Kahvaltı,restaurant,https://www.ethemefendikahvalti.com,js,0,
Ethem Efendi Kahvaltı,restaurant,https://www.ethemefendikahvalti.com,js,0,
Ethem Efendi Kahvaltı,restaurant,https://ethemefendikahvalti.com,js,0,
Etiler Marmaris,fast_food,https://www.etilermarmaris.com.tr,js,0,
Etiler Marmaris Büfe Nişantaşı,fast_food,https://www.etilermarmaris.com.tr,js,0,
Evrim Restoran,restaurant,https://www.evrimrestaurant.com,js,0,
Expressolab Koşuyolu,cafe,https://www.espressolab.com,js,0,
Ezme Dürüm Evi,restaurant,https://ezmedurum.com,js,0,
Fabbrica,pub,https://guley.co,js,0,
Facyo,restaurant,https://www.facyo.com.tr,js,0,
Falafel House,fast_food,https://www.falafelhouse.net,js,0,
Falls in Galata,cafe,https://www.fallsingalata.com.tr,js,0,
Fasuli,restaurant,https://fasuli.com,js,0,
FatCat,cafe,https://instagram.com,js,0,
Fazıl Bey'in Türk Kahvesi,cafe,https://www.fazilbey.com.tr,js,0,
Ferida,restaurant,https://www.ferida.com.tr,js,0,
Feriye,restaurant,https://feriye.com,woo,17,850.00
Fern Cafe,cafe,https://fern.ist,js,0,
Fiko Ocakbaşı,restaurant,https://fikoocakbasi.com,js,0,
Filizler Köftecisi,restaurant,http://www.filizler.com,js,0,
Filtre Coffee Shop,cafe,https://filtrecoffeeshop.com,js,0,
Fincan,cafe,https://www.fincankahve.com,js,0,
Firuzende,restaurant,https://www.anemonhotels.com,js,0,
Fish Var,restaurant,https://facebook.com,js,0,
Fit House,restaurant,https://www.fithousetr.com,js,0,
Fiyonk,cafe,https://www.fiyonkbakery.com,js,0,
Flake Breakfast & More,cafe,https://flakebreakfast.com,js,0,
Florida Coffee,cafe,https://www.floridacoffee.com.tr,js,0,
Fornello Pizzeria,restaurant,https://fornellopizza.com,js,0,
Forno Fırın İşletmeciliği,cafe,https://www.fornobalat.com,js,0,
Foça Balık Restaurant,restaurant,https://www.focafishgourmet.com,js,0,
Frango,fast_food,https://frango.com.tr,js,0,
Frontiere İstanbul,restaurant,https://www.frontiereistanbul.com,js,0,
Fusion Indian,restaurant,https://www.fusionindianrestaurant.com,js,0,
Fıccın,restaurant,https://www.ficcin.com,js,0,
Fıstık Ağacı,cafe,http://www.fistikagaci.com.tr,js,0,
Fıstık Ağacı,cafe,http://fistikagaci.com.tr,js,0,
Fıstıkağacı Cafe Pastane,cafe,https://restaurantguru.com,js,0,
Gaja Garden,bar,https://allzinapp.com,js,0,
Galapera Restaurant,restaurant,http://www.galperaresturant.net,js,0,
Gallada by Fatih Tutak,restaurant,https://www.galladaistanbul.com,js,0,
Gallant Galata,cafe,https://bufibu.com,js,0,
Gardaş Cag Kebap,restaurant,https://gardascagkebap.com,js,0,
Gardaş Cağ Kebap,restaurant,https://gardascagkebap.com,js,0,
Gardaş Cağ Kebap,restaurant,https://gardascagkebap.com,js,0,
Garden Iskender,restaurant,https://www.gardeniskender.com,js,0,
Gasto Nişantaşı,restaurant,http://www.gasto.com.tr,js,0,
Gazebo,cafe,https://gazebo-ist.com,woo,100,550.00
Gaziantep'li Hacı Bekir Künç Ve Oğulları,cafe,https://www.hacibekirkunc.com,html,54,2200.00
Gaziantepli Bozkaya Baklavaları,restaurant,https://bozkayabaklavalari.com,js,0,
Gaziburma,restaurant,https://www.gaziburma.com,html,2,1800.00
Gelik ET Ataköy Istanbul,restaurant,https://www.gelik.com.tr,js,0,
Gezi İstanbul Cafe,cafe,http://www.geziistanbul.com,js,0,
Geççi Maslak,restaurant,https://gecci.org,js,0,
Ghalia Launge,restaurant,https://www.ghalia.com.tr,js,0,
Girandola,ice_cream,https://girandola.com.tr,js,0,
Giritli,restaurant,http://www.giritlirestoran.com,js,0,
Gizia Brasserie,bar,https://www.giziabrasserie.com,js,0,
Gloria Jean's,cafe,https://www.gloriajeans.com.tr,js,0,
Gloria Jean's,cafe,https://gloriajeans.com.tr,js,0,
Glowing Forest Shop&Coffee,cafe,https://www.glowingforest.com,js,0,
Glutensiz Ada,restaurant,https://www.glutensizada.com,js,0,
Goblin Oyun Kulübü,cafe,https://www.goblin-store.com,js,0,
Godiva Cafe,cafe,https://www.godiva.com.tr,html,9,750.00
Golden Horse Coffee,cafe,https://goldenhorsecoffee.com,js,0,
Golden Spoon,restaurant,https://foursquare.com,js,0,
Gospoda 1882,restaurant,http://gospodapolonezkoy.com,js,0,
Grace Rooftop Restaurant,restaurant,https://gracerooftop.com,js,0,
Grandma Suadiye,cafe,https://www.grandma.com.tr,js,0,
Greenwich,cafe,https://www.greenwichcoffee.com.tr,js,0,
Greenwich Coffe,cafe,https://watergarden.com.tr,js,0,
Greenwich Coffee,cafe,https://greenwichcoffee.com,woo,100,280.00
Griffin Bomonti,restaurant,http://www.griffinglobal.net,js,0,
Gulhane Sark Sofrasi,restaurant,https://gulhanesarksofrasi.thefork.rest,js,0,
Gözdağı Sosyal Tesisleri,restaurant,https://tesislerimiz.ibb.istanbul,js,0,
Güler Ocakbaşı Restaurant,restaurant,https://www.gulerocakbasi.com,js,0,
Gülistan Sofrası,restaurant,http://www.gulistansofrasi.com,js,0,
Gülpembe Pasta Kafe,cafe,https://restaurantguru.com,js,0,
Günaydın,restaurant,https://www.gunaydinet.com,js,0,
Günaydın,restaurant,https://gunaydinet.com,js,0,
Günaydın Kalamış,restaurant,https://www.gunaydinet.com,js,0,
Günaydın Köfte Döner,restaurant,https://www.gunaydinet.com,js,0,
Günaydın Suadiye Kasap & Steakhouse,restaurant,https://www.gunaydinet.com,js,0,
Günaydın Şaşkınbakkal,restaurant,https://www.gunaydinet.com,js,0,
Güney,restaurant,https://www.guneyrestaurant.com,js,0,
Güneş Dondurma& Waffle,ice_cream,https://instagram.com,js,0,
Güneşin Sofrası,restaurant,http://gunesinsofrasi.com,js,0,
Günışığı Kitap Kafe,cafe,https://guley.co,js,0,
Habil Pizza,fast_food,http://www.habilpizza.com,html,6,360.00
Hacı Ali Ocakbaşı,restaurant,https://www.hacialiocakbasi.com,js,0,
Hacıbaşar,restaurant,https://www.hacibasar.com,js,0,
Hacıbaşar,restaurant,https://hacibasar.com,js,0,
Hacıbaşar Kebap,restaurant,https://hacibasar.com,js,0,
Hafiz Mustafa 1864,cafe,https://www.hafizmustafa.com,js,0,
Hafiz Mustafa 1864,cafe,https://www.hafizmustafa.com,js,0,
Hakiki Kebap,fast_food,https://www.hakikikebap.com,js,0,
Haliç Kahve,cafe,https://www.instagram.com,js,0,
Halk Ulaşım Dergisi,cafe,https://www.halkulasim.com,js,0,
Hamdizade,ice_cream,https://www.hamdizade.com.tr,js,0,
Han Restoran,restaurant,https://hanrestoran.com,js,0,
Hanedan Et,restaurant,http://hanedanrestaurant.com,js,0,
Hanegah,cafe,https://instagram.com,js,0,
Hani,restaurant,https://www.hanirestaurant.com,js,0,
Hanzade Terrace Restaurant,restaurant,https://www.hanzadeterracerestaurant.com,js,0,
Happy Moon's,restaurant,https://www.happygroup.com.tr,js,0,
Happy Moon's,restaurant,https://www.happygroup.com.tr,js,0,
Happy Moon's Fenerbahçe,restaurant,https://www.happygroup.com.tr,js,0,
Happy Moon's Lens İstanbul,fast_food,https://www.happygroup.com.tr,js,0,
Happy Moon's Viaport,restaurant,https://www.zomato.com,js,0,
Harrison Cafe,cafe,https://www.instagram.com,js,0,
Harvest Cafe,cafe,https://www.harvest.com.tr,js,0,
Hasan Usta Kebap,restaurant,https://www.hasanustakebap.com,js,0,
Hasırlı Konya Mutfağı,restaurant,https://www.hasirli.com,js,0,
Hatay Gurme,restaurant,https://www.hataygurme.com.tr,js,0,
Hatay Medeniyetler Sofrasi,restaurant,http://hataymedeniyetlersofrasi.com.tr,js,0,
Havva Hanım & Ballaturka,restaurant,https://www.havvahanim.com,html,7,540.00
Hayal Kahvesi,bar,https://www.hayalkahvesi.com.tr,js,0,
Hayalimdeki Pasta Artisan Cakery&Coffee,cafe,http://www.instagram.com,js,0,
Hazzo Pulo Restaurant & Şarap Evi,pub,https://www.hazzopulo.com.tr,js,0,
HD İskender,restaurant,https://hdiskender.com,js,0,
HD İskender,restaurant,https://www.hdiskender.com,js,0,
HD İskender,restaurant,https://www.hdiskender.com,js,0,
Helvacı Ali Şile,cafe,https://www.helvaciali.com,js,0,
Hey Döner,fast_food,https://www.heydoner.com,js,0,
Heybet,restaurant,https://heybet.com.tr,js,0,
Hide Arnavutkoy,cafe,https://www.cafehide.com,js,0,
Hira Han,restaurant,https://www.instagram.com,js,0,
Hong Bin Lou,restaurant,https://www.hongbinlou.net,js,0,
HOOFU-NA CAFE,cafe,https://instagram.com,js,0,
Hook Balık,restaurant,https://www.hookbalik.com,js,0,
Hot Pot King,restaurant,https://hotpotking.ist,js,0,
House of B,restaurant,https://houseofbturkey.com,js,0,
House Of SOFA,cafe,https://www.houseofsofa.com.tr,js,0,
Hugg Coffee,cafe,https://www.huggcoffee.co,js,0,
Hugs Dondurma,ice_cream,https://www.hugsdondurma.com,js,0,
Huqqa,restaurant,https://huqqa.com,js,0,
Huqqa,cafe,https://huqqa.com,js,0,
Huqqa,cafe,https://huqqa.com,js,0,
HuQQabaz Mall Of İstanbul,restaurant,https://huqqabaz.com,js,0,
Husnu Ala Cafe,cafe,http://www.husnuala.com,html,4,675.00
Hükümdar Sofrası,restaurant,http://www.hukumdarsofrasi.com,js,0,
Hünkar,restaurant,https://hunkarlokantasi.com,js,0,
Ihlamur Kasrı Kafeterya,cafe,https://www.millisaraylar.gov.tr,js,0,
ikonium Etiler Etli Ekmek,restaurant,https://restaurantguru.com,js,0,
Ismet Baba,restaurant,http://ismetbaba.com.tr,js,0,
Isola,restaurant,https://isolabomonto.com,js,0,
Ist Too,restaurant,https://www.shangri-la.com,js,0,
Işıl Garden Rooftop Restaurant & Turkish Cuisine,restaurant,https://isilgardenrestaurant.com,js,0,
İBB Altınboynuz Sosyal Tesisi,restaurant,https://tesislerimiz.ibb.istanbul,js,0,
İBB Arnavutköy Kent Lokantası,restaurant,https://tesislerimiz.ibb.istanbul,js,0,
İBB Avcılar Kent Lokantası,restaurant,https://tesislerimiz.ibb.istanbul,js,0,
İBB Bağcılar Kent Lokantası,restaurant,https://tesislerimiz.ibb.istanbul,js,0,
İBB Eyüpsultan Kent Lokantası,restaurant,https://tesislerimiz.ibb.istanbul,js,0,
İbb Gazi Sosyal Tesisleri,restaurant,https://tesislerimiz.ibb.istanbul,js,0,
İBB Hisarüstü Kent Lokantası,restaurant,https://tesislerimiz.ibb.istanbul,js,0,
İBB Kent Lokantası,restaurant,https://tesislerimiz.ibb.istanbul,js,0,
İBB Küçükçekmece Kent Lokantası,restaurant,https://tesislerimiz.ibb.istanbul,js,0,
İBB Pendik Kent Lokantası,restaurant,https://tesislerimiz.ibb.istanbul,js,0,
İBB Safa Tepesi Sosyal Tesisleri,fast_food,https://tesislerimiz.ibb.istanbul,js,0,
İBB Sancaktepe Kent Lokantası,restaurant,https://tesislerimiz.ibb.istanbul,js,0,
İBB Sarıgazi Kent Lokantası,restaurant,https://tesislerimiz.ibb.istanbul,js,0,
İBB Sultanahmet Kent Lokantası,restaurant,https://tesislerimiz.ibb.istanbul,js,0,
İBB Sultanbeyli Kent Lokantası,restaurant,https://tesislerimiz.ibb.istanbul,js,0,
İBB Sultangazi Kent Lokantası,restaurant,https://tesislerimiz.ibb.istanbul,js,0,
İBB Tuzla Kent Lokantası,restaurant,https://tesislerimiz.ibb.istanbul,js,0,
İBB Çapa Kent Lokantası,restaurant,https://tesislerimiz.ibb.istanbul,js,0,
İBB Çatalca Kent Lokantası,restaurant,https://tesislerimiz.ibb.istanbul,js,0,
İBB Çekmeköy Kent Lokantası,restaurant,https://tesislerimiz.ibb.istanbul,js,0,
İBB Ümraniye Kent Lokantası,restaurant,https://tesislerimiz.ibb.istanbul,js,0,
İBB Üsküdar Kent Lokantası,restaurant,https://tesislerimiz.ibb.istanbul,js,0,
İdeal,restaurant,https://www.instagram.com,js,0,
İkivedört,cafe,https://ikivedort.com,js,0,
İntiba Döner,restaurant,https://intiba.com.tr,js,0,
İntiba Döner,restaurant,https://www.intiba.com.tr,js,0,
İntiba Döner,restaurant,https://www.intiba.com.tr,js,0,
İnönü Mahallesi Emekliler Kafeteryası,cafe,https://kucukcekmece.istanbul,js,0,
İstanbul Emniyet Müdürlüğü Polis Evi Ortaköy Sosyal Tesisleri,restaurant,http://www.polisevi.iem.gov.tr,js,0,
İstanbul Lab,restaurant,https://www.labistanbul.com.tr,js,0,
İstek Börek,restaurant,https://www.istekborek.com,js,0,
İş Bankası Kalamış Lokali,restaurant,https://www.isbankalilardernegi.org.tr,js,0,
J Burger,fast_food,https://jburger.com.tr,html,4,960.00
Juan Valdez Coffee,cafe,https://www.juanvaldezcoffee.com.tr,js,0,
Juicery,cafe,https://juicery.bademsoft.com,js,0,
Juliet,restaurant,http://www.julietistanbul.com,js,0,
Just Pizza Gayrettepe,restaurant,https://www.justpizzatr.com,js,0,
K-Tea Chinese Dim Sum Cafe,cafe,https://k-tea.cafe,js,0,
Kabadayı Burger,restaurant,https://www.yemeksepeti.com,js,0,
Kadi Nimet Balıkçılık,restaurant,https://www.kadinimet.com,js,0,
Kaffa Miro,cafe,https://kaffamiro.com,js,0,
Kaffee Schütz,cafe,https://www.kaffeeschutz.com,js,0,
Kaffee Schütz,cafe,https://www.kaffeeschutz.com,js,0,
Kaffee Schütz,cafe,https://www.schutz.com.tr,js,0,
Kaffee Schütz,cafe,https://www.kaffeeschutz.com,js,0,
Kaffee Schütz,cafe,https://www.kaffeeschutz.com,js,0,
Kafka Kafe,cafe,https://eksisozluk.com,js,0,
Kahve Deryasi,cafe,https://kahvederyasi.com.tr,js,0,
Kahve Dünyası,cafe,https://www.kahvedunyasi.com,html,12,350.00
Kahve Dünyası,cafe,https://www.kahvedunyasi.com,html,12,350.00
Kahve Dünyası,cafe,https://www.kahvedunyasi.com,html,12,350.00
Kahve Dünyası,cafe,https://www.kahvedunyasi.com,html,12,350.00
Kahve Dünyası,cafe,https://www.kahvedunyasi.com,html,12,350.00
Kahve Dünyası,cafe,https://www.kahvedunyasi.com,html,12,350.00
Kahve Dünyası,cafe,https://ataturkkitapligi.ibb.gov.tr,js,0,
Kahve Dünyası,cafe,https://www.kahvedunyasi.com,html,12,350.00
Kahve Dünyası,cafe,https://kahvedunyasi.com,html,12,350.00
Kahve Limanı,cafe,https://kahvelimani.com.tr,js,0,
Kahvely,cafe,https://kahvely.com.tr,js,0,
Kalamissia,cafe,https://www.kalamissia.com,js,0,
Kalarmaria,restaurant,https://www.kadyagrup.com.tr,js,0,
Kalbur,restaurant,https://kalburet.com,js,0,
Kale Café,restaurant,http://kalecafe.com,js,0,
Kalpazankaya Restaurant,restaurant,https://www.kalpazankaya.com.tr,js,0,
Kalpazankaya Restaurant,restaurant,https://www.kalpazankaya.com.tr,js,0,
Kanaat Lokantası,restaurant,http://www.kanaatlokantasi.com.tr,js,0,
Kanatçı Haydar,restaurant,http://www.kanatcihaydar.com.tr,js,0,
Karabatak,cafe,https://karabatak.com,woo,84,1000.00
Karafırın,cafe,https://www.karafirin.com.tr,js,0,
Karaköy Lokantası,restaurant,http://www.karakoylokantasi.com,js,0,
Kardesler Kebap & Cafe,restaurant,http://kardeslercihangir.com,html,9,625.00
Karkas Ocakbaşı,restaurant,https://www.karkasocakbasi.com,js,0,
Kasap İstanbul,restaurant,https://www.istanbulkasabi.com.tr,js,0,
Kasis Cafe & Lounge,cafe,https://kasiscafe.qr.menulux.com,js,0,
Katibim,cafe,https://www.katibim.com.tr,js,0,
KAVACOFFEE,cafe,https://kavacoffeeroasting.com,html,7,650.00
Kavurmacı Efe Kemal,restaurant,https://kavurmaciefekemal.com.tr,js,0,
Kayseri Mutfağı,restaurant,https://www.kayserimutfagi.com,js,0,
Kayseri Mutfağı,restaurant,https://www.kayserimutfagi.com,js,0,
Kayseri Mutfağı,restaurant,https://www.kayserimutfagi.com,js,0,
Kayseri Mutfağı,restaurant,https://www.kayserimutfagi.com,js,0,
Kebab Dünyası Cafe&Restaurant,restaurant,https://restaurantguru.com,js,0,
Kebap Hocası,restaurant,https://www.kebaphocasi.com,woo,55,580.00
Kebapçı İskender,restaurant,https://iskenderiskenderoglu.com.tr,js,0,
Ken Sushi,restaurant,http://www.kensushiandmore.com,js,0,
Kernel Coffee Roasters,cafe,https://kernelcoffee.co,js,0,
Kevok Ocakbaş,restaurant,http://tunnelmedya.com,js,0,
Keyf-i Ala kokoreç,restaurant,https://keyfialakokorec.com,js,0,
KFC,fast_food,https://www.kfcturkiye.com,js,0,
Khalkedon Fenerbahçe,restaurant,https://fenerbahcemenu.khalkedon.com,js,0,
Kilimli Tesisleri Restaurant Cafe Beach,restaurant,http://www.kilimlitesisleri.com,js,0,
Kilisli Ömer Usta,restaurant,https://www.yemeksepeti.com,js,0,
Kiraz Cafe & Pastane,cafe,https://www.kirazpasta.com.tr,js,0,
Kirpi Cafe,cafe,https://restaurantguru.com,js,0,
Kirpi Café Erenköy,cafe,https://www.zomato.com,js,0,
Kirpi Kafe,cafe,http://www.kirpicafe.com,js,0,
Kiss The Frog Seafood Brasserie,restaurant,https://kissthefrog.com.tr,js,0,
Klar Coffee,cafe,https://m.facebook.com,js,0,
Klar Coffee Co,cafe,https://www.klarcoffee.com,html,7,650.00
Kokoa,cafe,https://www.kokoa.com.tr,js,0,
Komagene,fast_food,https://www.komagene.com.tr,js,0,
Komagene,fast_food,https://www.komagene.com.tr,js,0,
Komagene,fast_food,https://www.komagene.com.tr,js,0,
Komagene,fast_food,https://www.komagene.com.tr,js,0,
Komagene,fast_food,https://www.komagene.com.tr,js,0,
Komagene,fast_food,https://www.komagene.com.tr,js,0,
Komün,restaurant,https://www.komunistanbul.com,js,0,
Konya Mevlana,restaurant,https://www.konyamevlana.com.tr,js,0,
konyamevlana.con,cafe,https://konyamevlana.com,js,0,
Koska,cafe,https://www.koska.com,js,0,
Kot Sıfır Mekan,cafe,https://kot0.com,js,0,
Koço,restaurant,https://www.kocorestaurant.com,js,0,
Krispy Kreme,fast_food,https://www.krispykreme.com.tr,js,0,
Kristal Büfe Caddebostan,fast_food,https://kristalbufe.com.tr,js,0,
Kronotrop,cafe,https://www.kronotrop.com.tr,js,0,
Kronotrop,cafe,https://www.kronotrop.com.tr,js,0,
Kronotrop,cafe,https://www.kronotrop.com.tr,js,0,
Kronotrop Caddebostan,cafe,https://www.kronotrop.com.tr,js,0,
Kronotrop Caddebostan Grove,cafe,https://www.kronotrop.com.tr,js,0,
Kronotrop Cihangir,cafe,https://www.kronotrop.com.tr,js,0,
Kronotrop Coffee,cafe,https://www.kronotrop.com.tr,js,0,
Kronotrop Topağacı,cafe,https://www.kronotrop.com.tr,js,0,
Kukis,cafe,https://kukis.com.tr,js,0,
Kukis,cafe,https://kukis.com.tr,js,0,
Kuru Fasulyeci Süleyman,restaurant,https://www.kurufasulyecisuleyman.com,js,0,
Kurukahveci Fuat bey,cafe,https://www.kurukahvecifuatbey.com,js,0,
Kuruçeşme Balık,restaurant,https://kurucesmebalik.com,js,0,
Kuruçeşme Kahvesi,cafe,https://www.kurucesmekahvesi.com.tr,js,0,
Kus Yuvasi Pera,cafe,https://instagram.com,js,0,
Kuzen Beer,bar,http://cciqrmenum.com,js,0,
Kuzeyin Sofrası,restaurant,https://www.yemeksepeti.com,js,0,
Kuzguncuk Burger Cafe,restaurant,https://www.kuzguncuksteakhouse.com,js,0,
Kuğu Pastanesi,restaurant,https://www.kugupastaneleri.com,html,11,950.00
Köfteci Yusuf,restaurant,https://www.kofteciyusuf.com,js,0,
Köfteci Yusuf,restaurant,https://kofteciyusuf.com,js,0,
Köfteci Yusuf,restaurant,https://www.kofteciyusuf.com,js,0,
Köfteci Yusuf,restaurant,https://www.kofteciyusuf.com,js,0,
Köfteci Yusuf,restaurant,https://kofteciyusuf.com,js,0,
Köprüaltı,restaurant,http://koprualti.kim,js,0,
Kör Agop,restaurant,http://www.koragop.com,js,0,
Köyüm Köfte,restaurant,https://www.koyumkofte.com.tr,js,0,
Köyüm Pide,restaurant,https://www.koyumpide.com,js,0,
Köşebaşı,restaurant,https://www.kosebasi.com,js,0,
Köşebaşı,restaurant,https://kosebasi.com,js,0,
Köşem Karadeniz Pide,restaurant,http://kosempide.com,js,0,
Küçük Ev,restaurant,https://www.kucukev.com,js,0,
Küçük Ev,restaurant,https://www.kucukev.com,js,0,
Küçük Çamlıca Köşkü,restaurant,https://www.beltur.istanbul,html,1,600.00
Küçüksu Kasrı Kafe,cafe,https://www.zomato.com,js,0,
Kırk Fırın,restaurant,https://www.kirkfirin.com.tr,js,0,
Kırıntı,restaurant,https://www.kirinti.com.tr,js,0,
Kırıntı Cafe Bar,bar,https://kirinti.com.tr,js,0,
Kız Kulesi,restaurant,https://www.geziyerler.com,js,0,
Kızıltoprak Dürümcüsü,restaurant,https://www.tripadvisor.com.tr,js,0,
Lagos,restaurant,https://www.tuzlagos.com,js,0,
Lahmacun Dükkani,restaurant,http://lahmacundukkani.com,js,0,
Lalezar Meyhanesi,restaurant,https://www3.hilton.com,js,0,
Le Bar,bar,https://www.shangri-la.com,js,0,
Le Pain Quotidien,cafe,https://www.lepainquotidien.com,js,0,
Le Pere Bistrot,restaurant,https://www.instagram.com,js,0,
Le'Mejnun Ocakbaşı,restaurant,https://mejnunocakbasi.com,js,0,
Leb-i derya,restaurant,http://lebiderya.com,js,0,
Lebon,cafe,http://www.lebonpastanesi.com,js,0,
Levent Börek,restaurant,https://www.leventborek.com.tr,js,0,
Lil bake,cafe,https://qr.finedinemenu.com,js,0,
Limonluk Cafe - Dolmabahçe Sarayı/Palace,bar,https://msi.projects-tr.com,js,0,
Linz Coffee,cafe,https://linz.coffee,js,0,
Lipari,restaurant,https://www.arnavutkoylipari.com,js,0,
Little Caesars,fast_food,https://www.littlecaesars.com.tr,js,0,
Lokanta by Divan,restaurant,https://www.divan.com.tr,js,0,
Lokanta Safderun,restaurant,https://lokantasafderun.com,js,0,
Loxxi Brasserie,pub,https://www.loxxi.com.tr,js,0,
Lu Gelato,ice_cream,https://www.lugelato.com,js,0,
Lu Gelato Beylikdüzü,cafe,https://https:,js,0,
Lucca,bar,https://luccastyle.com,js,0,
Lucio Coffee,cafe,https://luciocoffee.com.tr,js,0,
Lumo,cafe,https://www.yemeksepeti.com,js,0,
Lunchbox,restaurant,https://www.cookshop.com.tr,js,0,
Luuq Coffee Beylikdüzü Migros Avm,cafe,https://luuqcoffee.com,js,0,
M-Point Cafe and restaurant,restaurant,https://www.m-point.com.tr,js,0,
Mabel Çikolata,cafe,https://www.mabel.com.tr,js,0,
Mado,cafe,https://mado.com.tr,js,0,
Mado,cafe,https://mado.com.tr,js,0,
Mado,cafe,https://mado.com.tr,js,0,
Mado,cafe,https://mado.com.tr,js,0,
Magnolia,cafe,https://www.magnoliashop.com.tr,js,0,
Magnolia Shop,cafe,https://magnoliashop.com.tr,js,0,
Magnolia Shop Coffee,cafe,https://www.magnoliashop.com.tr,js,0,
Mahmiye,restaurant,http://mahmiye.com,js,0,
Mahmut Bey Döner,restaurant,https://mahmutbeydoner.com,js,0,
Maltepe Belediyesi Seyirtepe Sosyal Tesisleri,restaurant,https://maltepematas.com.tr,js,0,
Mama Bowl Kozyatağı,restaurant,http://mamabowl.net,js,0,
Mamabowl,fast_food,https://www.mamabowl.net,js,0,
MANDI SEBAM,restaurant,https://www.mandisebam.com,js,0,
MANDI SEBAM,restaurant,https://www.mandisebam.com,js,0,
Mankind,cafe,https://www.mankindcoffee.com,html,152,345.00
Mantımia,restaurant,https://www.mantimia.com,js,0,
Manzaram Eyüpsultan,restaurant,https://esbas.bel.tr,js,0,
mare mosso caffè e vendite,cafe,https://qr.menufay.com,js,0,
Marmara Aile Çay Bahçesi,cafe,https://www.zomato.com,js,0,
Marmaris Büfe,cafe,https://www.marmarisbufe.com.tr,js,0,
Marmaris Büfe,fast_food,https://www.marmarisbufe.com.tr,js,0,
Maroof,restaurant,https://www.maroof.com.tr,js,0,
MASAL BAHÇE,cafe,http://www.masalbahce.com.tr,js,0,
Matters Suadiye,restaurant,https://matters.com.tr,js,0,
Mavi Balık,restaurant,https://www.mavibalik.com,js,0,
MAYBE,cafe,https://www.maybe.com.tr,js,0,
Maydonoz Döner,restaurant,https://maydonozdoner.com,js,0,
Maydonoz Döner,fast_food,https://maydonozdoner.com,js,0,
McDonald's,fast_food,https://www.mcdonalds.com.tr,js,0,
McDonald's,fast_food,https://www.mcdonalds.com.tr,js,0,
McDonald's,fast_food,https://www.mcdonalds.com.tr,js,0,
McDonald's,fast_food,https://www.mcdonalds.com.tr,js,0,
McDonald's,fast_food,https://www.mcdonalds.com.tr,js,0,
Mecitin Antakya Mutfağı,restaurant,https://mecitinantakyamutfagi.com,html,34,400.00
Meet Lab Coffee,cafe,https://www.meetlabcoffee.com,html,1,250.00
Melbs burger,fast_food,http://www.melbsburger.com,js,0,
Memnun Döner,restaurant,http://www.memnundoner.com,js,0,
Menemenci Haydar Çakallı Menemeni,restaurant,https://menemencihaydar.com,woo,54,200.00
Mercezir Plus,cafe,https://www.medcezirplus.com,js,0,
Mersinli Ciğerci Ahmet Usta,restaurant,https://mersinlicigerciahmet.com.tr,js,0,
Mert Yemek,restaurant,https://mertyemek.net,js,0,
Metet,restaurant,https://metetdoner.com,js,0,
Metet Közde Döner,restaurant,https://metetdoner.com,js,0,
Metet Közde Döner,restaurant,https://metetdoner.com,js,0,
Mezze House,restaurant,https://www.zomato.com,js,0,
Meşale Cafe,cafe,https://mesalecafe.net,js,0,
Meşe Ağacı Pasta & Cafe,cafe,https://yorumlartr.com,js,0,
Meşhur Beşiktaş Köftecisi,fast_food,http://besiktaskoftecisi.com,js,0,
Meşhur Rumeli Pilavcısı,restaurant,https://www.meshurrumelipilavcisi.com.tr,js,0,
Midpoint,cafe,https://midpoint.com.tr,js,0,
Midpoint,restaurant,https://www.midpoint.com.tr,js,0,
Midpoint,restaurant,https://www.midpoint.com.tr,js,0,
Midpoint,restaurant,https://www.midpoint.com.tr,js,0,
Mien Coffee,cafe,https://www.miencoffee.com,js,0,
Millet Sofrası,restaurant,http://milletsofrasi.com,js,0,
Minder 1871 Cafe Nargile,cafe,https://www.minder1871.com,js,0,
Minoa City's Istanbul,cafe,https://minoa.com,html,6,736.14
Minoa Village,restaurant,https://minoa.com,html,6,736.14
Mis Adana,restaurant,https://www.misadana.com,html,8,400.00
Misina,restaurant,https://www.misina.com.tr,html,1,450.00
Misk Floral Cafe,cafe,https://www.miskistanbul.com,js,0,
Miss Pizza Şişhane,restaurant,http://www.misspizza.com.tr,js,0,
Mivan,cafe,http://mivan-restaurant-cafe.bisiness.site,js,0,
Mizah Kafe,cafe,https://www.mizahkafe.com,js,0,
Mizu,cafe,https://www.mizu.ist,js,0,
MOC Coffee Roastery,cafe,https://moc.com.tr,js,0,
MOC Osmanbey,cafe,http://mocosmanbey.site,js,0,
MOC Teşvikiye,cafe,https://moc.com.tr,js,0,
Moda Çikolatacısı,cafe,https://modacikolatacisi.com,js,0,
Mojo,restaurant,http://www.mojolounge.com.tr,js,0,
Molka,cafe,https://www.molkacafe.com,js,0,
Moni Restoran Cafe,restaurant,https://qr.finedinemenu.com,js,0,
Monstera Coffee Company,cafe,https://menum.co,html,2,2000.00
MOOD Coffee & Eatery,cafe,https://www.sayobooksandcoffee.com,js,0,
Morello Cafe,restaurant,https://morellocafe.com,js,0,
Morn,cafe,http://www.mornkadikoy.com,js,0,
Moston Cafe Restoran,restaurant,https://www.mostononline.com,html,182,193.90
Mr. Hamza,fast_food,https://mrhamza.net,js,0,
mrJADE Italy İstanbul,restaurant,https://mrjadeitaly.com,js,0,
MSA,restaurant,https://www.sakipsabancimuzesi.org,js,0,
Mugera Moda,cafe,https://www.instagram.com,js,0,
Muhayyel Cafe,cafe,https://muhayyel.com,js,0,
Muhlama Karadeniz Mutfağı,restaurant,https://www.muhlama.com.tr,js,0,
Muhtar,pub,https://www.themuhtar.com.tr,js,0,
Murat İskender,restaurant,http://www.muratiskender.com,js,0,
Murat Kebap,restaurant,https://muratkebap.dijital.menu,js,0,
Mutfak Dili Ev Yemekleri,restaurant,http://www.mutfakdili.biz,js,0,
Mutfak Koz,restaurant,https://mutfakkoz.com,html,43,580.00
muutto,cafe,https://www.muutto.com.tr,js,0,
My Home Döner,fast_food,https://www.myhomedoner.com,js,0,
Myra Çikokata Evim,cafe,https://myracikolata.com.tr,js,0,
Müptela Kahvaltı Brunch,restaurant,https://muptelakahvalti.com,html,14,280.00
Müsaade Meyhane,restaurant,https://musaademeyhane.com,js,0,
MÜÜS Coffee,cafe,https://www.muuscoffee.com,html,4,849.00
Nakkaş Kebap,restaurant,https://nakkaskebap.com,js,0,
Nalia Karadeniz Mutfağı,restaurant,https://www.nalia.com.tr,js,0,
Nebras,restaurant,https://www.nebrasyemekmarket.com,js,0,
Nebyan,restaurant,https://nebyandogal.com,html,17,286.25
Nelipide,restaurant,https://www.nelipide.com,js,0,
Nello's,restaurant,https://www.tripadvisor.com,js,0,
Neolokal,restaurant,https://www.neolokal.com,js,0,
Nevada Coffee,cafe,https://nevadacoffee.co,js,0,
Nevada Coffee,cafe,https://nevadacoffee.co,js,0,
Nevada Coffee,cafe,https://nevadacoffee.co,js,0,
Nevale Mutfak,restaurant,https://nevalemutfak.dijital.menu,js,0,
Nevmekan Bağlarbaşı,cafe,https://tesislerimiz.uskudar.bel.tr,js,0,
Nevmekan Kuzguncuk,cafe,https://tesislerimiz.uskudar.bel.tr,js,0,
Nevmekan Sahil,cafe,https://tesislerimiz.uskudar.bel.tr,js,0,
Nevmekan Selimiye,cafe,https://tesislerimiz.uskudar.bel.tr,js,0,
New Frank's Hot Dog,fast_food,https://newfranks.com,woo,6,50.00
Newcastle Pub with Restaurant,pub,https://newcastle.com.tr,js,0,
Nezih Dokuz Ondokuz,restaurant,https://dokuzondokuz.com,js,0,
Nezih Kebap-Yuvalama,restaurant,https://www.nezihkebap.com,js,0,
Niwa,restaurant,https://www.niwachinesesushi.com,js,0,
Nizam Pide,restaurant,https://www.nizampide.com,js,0,
No1 Culinaria,cafe,https://no1firin.com,js,0,
No:19 Dining,restaurant,http://no19dining.com,js,0,
Noodle House,restaurant,https://www.noodlehouse.com.tr,js,0,
Noodle House,fast_food,https://www.noodlehouse.com.tr,js,0,
Nostalji Cafe & Restaurant,restaurant,https://nostaljiotel.com,js,0,
Novas Hagiasophia,restaurant,https://www.tripadvisor.fr,js,0,
Noxus Chocolate & Coffee,cafe,https://noxuschocolate.com,js,0,
NumNum,restaurant,https://numnum.com.tr,js,0,
Nupera,restaurant,http://www.nupera.com.tr,js,0,
Nuvo Fırın & Cafe,cafe,https://nuvofirin.com.tr,js,0,
Olden 1772,restaurant,https://olden1772.com,js,0,
Oligark İstanbul,restaurant,https://oligarkistanbul.com,js,0,
Olio Cafe & Restaurant,cafe,https://oliobrasserie.qrmenu.web.tr,js,0,
Olivia's Pizzeria,restaurant,http://www.olivi.as,js,0,
OMBOR,cafe,https://www.omborkafe.com.tr,js,0,
Ono Restaurant,restaurant,https://onorestoran.com,js,0,
OnurBalaban,restaurant,https://www.balabanvedatusta.com,js,0,
Ora Coffee,cafe,https://oracoffee.co,js,0,
Orient Express Restaurant,restaurant,https://www.orientexpressrestaurant.net,js,0,
Orman Cafe & Restaurant,restaurant,https://www.ormancafe.net,js,0,
Ortaklar Kebab Lahmacun,restaurant,https://wa.me,js,0,
Ortax Hobi Evi ve Cafe,cafe,https://ortaxhobievi.com,js,0,
Oses Çiğ Köfte,fast_food,http://www.osescigkofte.com,js,0,
Oses Çiğ Köfte,fast_food,https://www.oses.com.tr,js,0,
Oses Çiğköfte,fast_food,https://www.oses.com.tr,js,0,
Oses Çiğköfte,fast_food,https://www.oses.com.tr,js,0,
Osmanlı Kahvecisi,cafe,https://guley.co,js,0,
Otantik,restaurant,https://www.otantikcaferestaurant.com,js,0,
Otto Cihangir,restaurant,http://www.ottotr.org,js,0,
Panayır Gourmet Cafe,cafe,https://panayirgourmet.com,html,21,330.00
Pandeli,restaurant,https://www.pandeli.com.tr,js,0,
Panorama34 Cafe & Restaurant,restaurant,https://panorama34cafe.com,js,0,
Papa John's,fast_food,https://www.papajohns.com.tr,html,130,449.99
Papa John's,fast_food,https://www.papajohns.com.tr,html,130,449.99
Paper Roasting Coffee & Chocolate,cafe,https://paperroastingcoffee.com,js,0,
Pardon Boulangerie,cafe,https://pardonboulangerie.com.tr,js,0,
Park Balık Çekmeköy,restaurant,https://www.parkbalikcekmekoy.com,js,0,
Patlıcan Cafe & Ev Yemekleri,restaurant,https://patlicancafe.com,js,0,
Paula,cafe,https://www.humaliva.com,woo,11,14.00
Paysage,restaurant,https://kalamispaysage.com,js,0,
Paçacım,restaurant,https://www.pacacim.com,html,23,460.00
Paşahan Künefe,restaurant,https://pasahankunefe.com,js,0,
Paşalimanı Kafe,cafe,https://tesislerimiz.ibb.istanbul,js,0,
Pechko Moda,cafe,https://> https:,js,0,
Pelikan Balık & Restaurant,restaurant,https://pelikanbalik.com,js,0,
PenCR Güzelyalı Sosyal Tesisleri,restaurant,https://www.pentas.istanbul,js,0,
PenCR Koru,restaurant,https://pentas.istanbul,js,0,
Pera 77,bar,https://pera77.com.tr,js,0,
Pera's Coffee,cafe,https://thegoldenperashotel.com,js,0,
Petra Roasting Co.,cafe,https://www.petracoffee.com,html,8,3850.00
Petra Roasting Co.,cafe,https://www.petracoffee.com,html,8,3850.00
Peyra Gelato,ice_cream,https://www.peyragalata.com,js,0,
Peçka Et & Mangal Kahvaltı,restaurant,http://peckamangalbasi.com,js,0,
Pide Ban,restaurant,https://www.pideban.com.tr,js,0,
Pide Nova,restaurant,http://www.novapide.com,js,0,
Pidem,restaurant,https://pidem.com.tr,js,0,
Pidepark,fast_food,https://yemeksepeti.com,js,0,
Pilavcı İslam Usta,restaurant,https://www.pilavciislamusta.com,js,0,
Pizeria Quattro,restaurant,https://pizzeriaquattro.com,js,0,
Pizza Bulls,restaurant,https://www.pizzabulls.com,html,9,690.00
Pizza Hut,restaurant,https://www.pizzahut.com.tr,js,0,
Pizza Lazza,fast_food,https://www.pizzalazza.com.tr,js,0,
Pizza Lazza,restaurant,https://www.pizzalazza.com.tr,js,0,
Pizza Lazza Kazasker,fast_food,https://www.pizzalazza.com.tr,js,0,
Pizza Locale,restaurant,https://www.pizzalocale.net,js,0,
Pizza Pieza by Divan,restaurant,https://www.divan.com.tr,js,0,
Pizza Rucola,restaurant,https://www.pizzarucola.com,js,0,
Pizza V,restaurant,https://v.pizza,js,0,
Pizzabulls,fast_food,https://www.pizzabulls.com,html,9,690.00
PizzaTeo,restaurant,https://www.pizzateo.com.tr,js,0,
Pizzeria Al Dente,fast_food,http://pizzeriaaldente.com,js,0,
Pizzeria Il Pellicano,restaurant,https://www.pizzeriailpellicano.com,html,29,24.00
Pizzeria Pera,restaurant,https://www.pizzeriapera.com,js,0,
Plevne Kahvesi,cafe,https://plevnekahvesi.com,js,0,
Popeyes,fast_food,https://www.popeyes.com.tr,js,0,
Popeyes,fast_food,https://www.popeyes.com.tr,js,0,
Poppin’ Bubble Tea & Coffee,cafe,https://www.poppinbubbletea.com,js,0,
Postane Cafe,cafe,https://postane.co,js,0,
Poyraz Balık,restaurant,https://poyrazbalik.com,js,0,
Poyraz Sahil Balık Restaurant,restaurant,https://www.poyrazsahilbalik.com,js,0,
Poyraz Sahil Balık Restaurant,restaurant,https://www.poyrazsahilbalik.com,js,0,
Premium Dem Hotel,restaurant,https://demhotelpremium.com,js,0,
Primos De Colombia,cafe,https://www.primosdecolombia.com,js,0,
Privato Cafe,restaurant,http://privatocafe.com,js,0,
Probador Colectiva,cafe,https://www.probadorcolectiva.com,js,0,
Pug coffee,cafe,https://www.pugcoffee.co,js,0,
Pyrgos Otel Restaurant,restaurant,https://pyrgosotelrestaurant.com,js,0,
Rafine Espresso Bar,cafe,https://www.rafineespressobar.com,js,0,
Ranchero Mexican Restaurant,restaurant,https://www.ranchero.com.tr,js,0,
Razaki,restaurant,https://restaurantguru.com,js,0,
Restohan,restaurant,https://www.restohan.net,js,0,
Revma Balık,restaurant,https://www.revmabalik.com,js,0,
Reyhun Iranian Restaurant,restaurant,https://www.iranyemekleri.com,js,0,
Rice House,restaurant,https://www.ricehousee.com,js,0,
Ringa Sea Food,restaurant,https://ringaseafood.com,js,0,
Rise & Shine,cafe,https://www.zomato.com,js,0,
Roofstar Bosphorus,fast_food,https://www.roofstarbosphorus.com,js,0,
Roofstar Bosphorus,fast_food,https://www.roofstarbosphorus.com,js,0,
Root'inn,cafe,https://www.instagram.com,js,0,
Rossi,restaurant,https://www.rossisuadiye.com,js,0,
Route Burger House Karaköy,fast_food,https://www.yemeksepeti.com,js,0,
Roxy Bar,bar,https://roxy.com.tr,woo,5,90.00
RTR80 Retro Burger,fast_food,https://www.facebook.com,js,0,
RUB,restaurant,https://www.tripadvisor.com,js,0,
Rune Coffee Roastery,cafe,https://www.runecoffeeroastery.com,js,0,
Sa Va Anatolian Breakfast House,restaurant,https://www.savaanatolianbreakfasthouse.com,js,0,
Sabirtaşi restoran,restaurant,https://www.sabirtasi.com.tr,js,0,
Saca Marin,restaurant,https://www.sacagrup.com,js,0,
Saca Ocakbaşı,restaurant,https://www.sacagrup.com,js,0,
Saca Ocakbaşı,restaurant,https://www.sacagrup.com,js,0,
Sagra,cafe,https://sagra.com.tr,js,0,
SAH BAR,pub,https://www.sahbar.com,js,0,
Sahan,restaurant,https://www.sahan.com,js,0,
Sahan,restaurant,https://www.sahan.com,js,0,
Sahan,restaurant,https://allzinapp.com,js,0,
Sahan Kebap,restaurant,https://www.sahan.com,js,0,
Sahil,restaurant,https://www.instagram.com,js,0,
Sakhalin İstanbul,restaurant,https://sakhalin.rest,js,0,
Saklı Kadeh,restaurant,https://saklikadeh.com.tr,html,86,400.00
Salacak,cafe,https://www.salacakcafe.com,js,0,
Salt Fried Chicken,fast_food,https://www.saltfriedchicken.com,js,0,
SALT Fried Chicken,restaurant,https://www.saltfriedchicken.com,js,0,
Salt Fried Chicken,fast_food,https://www.saltfriedchicken.com,js,0,
Sampi Pide,fast_food,http://www.sampi.com.tr,html,2,18.20
Samsaland,restaurant,https://www.samsaland.com,js,0,
Samsun Pide Evi,restaurant,https://restaurantguru.com,js,0,
Samua Coffee,cafe,https://samuacoffee.com,js,0,
Sanat Ocakbaşı,restaurant,https://www.sanatocakbasi.com,js,0,
Sandal Balık,restaurant,https://yenikoysandalbalik.com.tr,js,0,
Sans,restaurant,https://sansrestaurant.com,js,0,
Santral Coffee House,cafe,http://www.santralcoffee.com,js,0,
saray muhallebicisi,cafe,http://saraymuhallebicisi.com,js,0,
Saray Muhallebicisi,cafe,http://saraymuhallebicisi.com,js,0,
Saray Muhallebicisi,restaurant,http://saraymuhallebicisi.com,js,0,
Saray Muhallebicisi,restaurant,http://saraymuhallebicisi.com,js,0,
Saray Muhallebicisi,restaurant,http://saraymuhallebicisi.com,js,0,
Saray Muhallebicisi,cafe,https://www.saraymuhallebicisi.com,js,0,
Sbarro,fast_food,https://www.sbarro.com.tr,js,0,
SCHLEPP Cafe & Pub,bar,http://www.schlepp.pub,js,0,
Secret garden,restaurant,http://secretgardenistanbul.com,js,0,
Sefa Restaurant,restaurant,https://sefarestaurant.com,js,0,
Sefa-i Hürrem Kafe,cafe,https://sefaihurremcafe.com,js,0,
Sehzadem,restaurant,https://sehzademdoner.com,js,0,
Selim Kebap,restaurant,https://www.selimkebap.com,js,0,
Selim Kebap,restaurant,https://www.selimkebap.com,js,0,
Selvi,fast_food,https://selvirestaurant.com,js,0,
Semaver,cafe,https://semavercafe.com,js,0,
Sembol Ocakbaşı,restaurant,https://www.sembolocakbasi.com.tr,js,0,
Sembol Ocakbaşı Bosphorus,restaurant,https://www.sembolocakbasi.com.tr,js,0,
SEO KAOS,cafe,https://www.seokaos.com,js,0,
Serez Dondurma,ice_cream,https://www.serezdondurmacisi.com,js,0,
Serpmeköy Trabzon Köy Kahvaltısı,restaurant,https://restaurantguru.com,js,0,
Seven Hills Restaurant,restaurant,https://www.sevenhillsrestaurant.com,js,0,
Sezen Meyhanesi,restaurant,https://www.sezenmeyhane.com,js,0,
Shang Palace,restaurant,https://www.shangri-la.com,js,0,
Shine İst Restaurant,restaurant,https://shineist.qr.menulux.com,js,0,
Shoko,cafe,https://restaurantguru.com,js,0,
Shvili - Georgian Bistro,restaurant,http://www.shvili.tr,html,1,200.00
Simit Café Restaurant,restaurant,https://simitcaferestaurant.com,js,0,
Simit Sarayı,cafe,https://www.simitsarayi.com,js,0,
Sinem Dondurma,fast_food,https://www.instagram.com,js,0,
Sinop Mantı,restaurant,https://www.sinopmanti.com,js,0,
Sinop Mantı,restaurant,http://sinopmantikadikoy.com,js,0,
Sirtaki Meyhanesi,restaurant,https://www.sirtakimeyhanesi.com,js,0,
Smoky Lounge,cafe,http://www.mahall.com.tr,js,0,
Snog Rooftop Bar,bar,https://www.snog.com.tr,js,0,
SOFA,cafe,https://www.houseofsofa.com.tr,js,0,
Sofular Köftecisi,restaurant,https://www.instagram.com,js,0,
Sofyalı 9 Restoran,restaurant,https://www.sofyali.com.tr,js,0,
Sofyalı 9 Restoran,restaurant,https://www.sofyali.com.tr,js,0,
SOİ Cadde,restaurant,https://www.soirestoran.com,js,0,
Sole Mio Cafe & Brasserie,cafe,https://solemio.com.tr,js,0,
Sonne,cafe,https://www.instagram.com,js,0,
Sorriso Restaurant Kuruçeşme,restaurant,http://sorrisokurucesme.com,js,0,
Sosrates - Burger & Snack,fast_food,https://www.sosrates.com,js,0,
Star Köfte,restaurant,https://www.yemeksepeti.com,js,0,
Starbucks,cafe,http://www.starbucks.com.tr,js,0,
Starbucks,cafe,https://www.starbucks.com.tr,js,0,
Starbucks,cafe,https://www.starbucks.co.uk,js,0,
Starbucks,cafe,https://www.starbucks.co.uk,js,0,
Starbucks,cafe,https://www.starbucks.com.tr,js,0,
Starbucks,cafe,https://www.starbucks.co.uk,js,0,
Starbucks,cafe,https://www.starbucks.co.uk,js,0,
Starbucks,cafe,https://www.starbucks.co.uk,js,0,
Starbucks,cafe,https://www.starbucks.co.uk,js,0,
Starbucks,cafe,https://www.starbucks.co.uk,js,0,
Starbucks,cafe,https://www.starbucks.co.uk,js,0,
Starbucks,cafe,https://www.starbucks.co.uk,js,0,
Starbucks,cafe,https://www.starbucks.co.uk,js,0,
Starbucks,cafe,https://www.starbucks.co.uk,js,0,
Starbucks,cafe,https://www.starbucks.co.uk,js,0,
Starbucks,cafe,https://www.starbucks.co.uk,js,0,
Starbucks,cafe,https://www.starbucks.co.uk,js,0,
Starbucks,cafe,https://www.starbucks.co.uk,js,0,
Starbucks,cafe,https://www.starbucks.co.uk,js,0,
Starbucks,cafe,https://www.starbucks.co.uk,js,0,
Starbucks,cafe,https://www.starbucks.co.uk,js,0,
Starbucks,cafe,https://www.starbucks.co.uk,js,0,
Starbucks,cafe,https://www.starbucks.co.uk,js,0,
Starbucks,cafe,https://www.starbucks.co.uk,js,0,
Starbucks,cafe,https://www.starbucks.co.uk,js,0,
Starbucks,cafe,https://www.starbucks.co.uk,js,0,
Starbucks,cafe,https://www.starbucks.co.uk,js,0,
Starbucks,cafe,https://www.starbucks.co.uk,js,0,
Starbucks,cafe,https://www.starbucks.co.uk,js,0,
Starbucks,cafe,https://www.starbucks.co.uk,js,0,
Starbucks,cafe,https://www.starbucks.co.uk,js,0,
Starbucks,cafe,https://www.starbucks.co.uk,js,0,
Starbucks,cafe,https://www.starbucks.co.uk,js,0,
Starbucks,cafe,https://www.starbucks.co.uk,js,0,
Starbucks,cafe,https://www.starbucks.co.uk,js,0,
Starbucks,cafe,https://www.starbucks.co.uk,js,0,
Starbucks,cafe,https://www.starbucks.co.uk,js,0,
Starbucks,cafe,https://www.starbucks.co.uk,js,0,
Starbucks,cafe,https://www.starbucks.co.uk,js,0,
Starbucks,cafe,https://www.starbucks.co.uk,js,0,
Starbucks,cafe,https://www.starbucks.com.tr,js,0,
Starbucks,cafe,https://www.starbucks.co.uk,js,0,
Starbucks,cafe,https://www.starbucks.com.tr,js,0,
Starbucks,cafe,https://www.starbucks.com.tr,js,0,
Starbucks,cafe,https://www.starbucks.co.uk,js,0,
Starbucks,cafe,https://www.starbucks.com.tr,js,0,
Starbucks,cafe,https://www.starbucks.co.uk,js,0,
Starbucks,cafe,https://www.starbucks.co.uk,js,0,
Starbucks,cafe,https://www.starbucks.co.uk,js,0,
Starbucks,cafe,https://www.starbucks.co.uk,js,0,
Starbucks,cafe,https://www.starbucks.co.uk,js,0,
Starbucks,cafe,https://www.starbucks.co.uk,js,0,
Starbucks,cafe,https://www.starbucks.co.uk,js,0,
Starbucks,cafe,https://starbucks.com.tr,js,0,
Starbucks,cafe,https://www.starbucks.co.uk,js,0,
Starbucks,cafe,https://www.starbucks.co.uk,js,0,
Starbucks,cafe,https://www.starbucks.co.uk,js,0,
Startup Cafe Healthy Food & Networking 42 Maslak 🚀,cafe,https://startupcafes.com,js,0,
Strada Suadiye,restaurant,https://stradasuadiye.com,js,0,
Strong Coffee Beans,cafe,https://strongcoffeebeans.com,html,8,436.00
Subway,fast_food,https://www.subway.com,js,0,
Subway,fast_food,https://www.subway.com.tr,js,0,
Sultan sarnıcı,restaurant,http://sultansarnic.com,js,0,
Sultanahmet Köftecisi,restaurant,https://sultanahmetkoftesi.com,js,0,
Sultan’s Inn,restaurant,https://www.sultansinn.com,js,0,
Summit Bar & Terrace,bar,https://conradhotels3.hilton.com,js,0,
Suna'nın Yeri,restaurant,http://www.sunaninyeri.com,js,0,
Sunset,restaurant,https://www.sunsetgrillbar.com,js,0,
Superr Taco,fast_food,https://superrtaco.com.tr,js,0,
Sur Balık Restoran Arnavutköy,restaurant,https://surbalik.com,js,0,
Sushi & Spice,restaurant,https://sushiandspice.com,js,0,
SushiCo,restaurant,https://www.sushico.com.tr,js,0,
SushiCo,restaurant,https://www.sushico.com.tr,js,0,
SushiCo Kalamış,restaurant,https://www.sushico.com.tr,js,0,
SushiCo zen,restaurant,https://sushico.com.tr,js,0,
Suvi Mutfak,fast_food,https://www.suvimutfak.com,js,0,
Swedish Coffee Point,cafe,http://www.SwedishCoffeePoint.com,js,0,
Sütçüoğulları Muhallebicisi,cafe,https://www.sutcuogullari.com.tr,js,0,
Sıralı Kebap,restaurant,https://www.siralikebap.com,js,0,
Sırdaş Lokanta,restaurant,https://instagram.com,js,0,
Tahtalıköy,restaurant,http://www.tahtalikoy.com.tr,js,0,
Tahtasaray,restaurant,https://tahtasaray.com,js,0,
Takanik Balık Park,restaurant,https://takanik.com.tr,js,0,
Taner Börek,restaurant,http://tanerborek.com.tr,js,0,
Taner Börek,restaurant,http://tanerborek.com.tr,js,0,
Taner Börek,restaurant,http://tanerborek.com.tr,js,0,
Taner Börek,restaurant,http://tanerborek.com.tr,js,0,
Taproomx,pub,https://taproomx.com,html,3,80.00
Tarhun fırın,cafe,https://tarhunfirin.com,js,0,
Tariflerle Yemekler,restaurant,https://tariflerleyemekler.com,js,0,
Tariflerle Yemekler,restaurant,https://tariflerleyemekler.com,js,0,
Tarihi Kahve,cafe,https://www.pierrelotitepesi.com,js,0,
Tarihi Sultanahmet Köftecisi Selim Usta,restaurant,https://www.sultanahmetkoftesi.com,js,0,
Tarihi Unkapanı Pilavcısı,restaurant,http://www.tarihiunkapanipilavcisi.com,js,0,
Tatar Salim,restaurant,https://www.tatarsalim.com.tr,js,0,
Tatar Salim,restaurant,http://tatarsalim.com.tr,html,6,570.00
Tatar Salim,restaurant,http://www.tatarsalim.com.tr,js,0,
Tavuk Dünyası,fast_food,https://www.tavukdunyasi.com,js,0,
Tavuk Dünyası,fast_food,https://www.tavukdunyasi.com,js,0,
Tavuk Dünyası,fast_food,https://tavukdunyasi.com,js,0,
Tavuk Dünyası,fast_food,https://www.tavukdunyasi.com,js,0,
Tavuk Dünyası,fast_food,https://www.tavukdunyasi.com,js,0,
Tavuk Dünyası,fast_food,https://www.tavukdunyasi.com,js,0,
Tchibo,cafe,https://www.zomato.com,js,0,
Teeo Restaurant & Pub,pub,https://www.teeoistanbul.com,js,0,
Tepsi Et Başakşehir,restaurant,https://tepsiet.com,js,0,
Thai Roll Ice,ice_cream,https://thairollice.com,js,0,
the beauty store,cafe,https://thebeautystore.com.tr,js,0,
The Crazy Company,cafe,https://www.thecrazycompany.com,js,0,
The Date Gastro & Pub,pub,https://thedatepub.com,js,0,
The Food Clan,restaurant,http://www.thefoodclantr.com,js,0,
The Hill Cafe,cafe,https://thehillcafe.dslink.co,js,0,
The House Cafe,restaurant,https://thehousecafe.com,js,0,
The House Cafe,restaurant,https://www.thehousecafe.com,js,0,
The House Cafe İstiklal,restaurant,https://thehousecafe.com,js,0,
The Hunger,restaurant,https://thehunger.com.tr,js,0,
The Hunger Ümraniye Limonlu Cadde,restaurant,https://thehunger.com.tr,js,0,
The North Shield Pub,pub,https://thenorthshield.com,js,0,
The Populist,pub,http://populistbomonti.wizlo.io,js,0,
The Rua Suadiye,restaurant,https://theruasuadiye.com,js,0,
The St. Bernard Restaurant,restaurant,https://monnacafe.qr.menulux.com,js,0,
The Townhouse,restaurant,https://www.thetownhouse.com.tr,js,0,
Tike Restoran,restaurant,https://tike.com.tr,js,0,
Tike Suadiye,restaurant,https://www.tikesuadiye.com,js,0,
Tiryaki Restorant,restaurant,https://tiryakikebap.com,js,0,
Titiz Pastaneleri,cafe,http://www.titizpastaneleri.com,js,0,
Togo Stüdyo,cafe,https://www.togostudyo.com,html,8,4000.00
Tombul Tavuk,fast_food,https://tombultavuk.com,js,0,
Tomris Ocakbaşı,restaurant,https://tomrisocakbasi.com,js,0,
Toros Tantuni,restaurant,https://www.toros-tantuni.com,js,0,
Tost Akademisi,restaurant,https://tostakademisi.com.tr,js,0,
Tost Akademisi,restaurant,https://tostakademisi.com.tr,js,0,
Town Bakery & Cafe,cafe,https://www.townbakeries.com,js,0,
Trakyum,restaurant,https://trakyum.com.tr,js,0,
Trattoria Carbonara,restaurant,https://www.carbonararestaurant.com,js,0,
TRIA ELEGANCE TERRACE RESTAURANT,restaurant,https://www.triahotelistanbul.com,js,0,
Tschibo,cafe,https://www.tchibo.com.tr,js,0,
Tuzdan Balık Restaurant,restaurant,https://tuzdanbalik.com,woo,8,34.80
Tuzla Balıkçısı Başakşehir,restaurant,https://tuzlabalikcisi.com,js,0,
Tuğbiş Mantı,restaurant,https://www.tripadvisor.com,js,0,
TX Burger,fast_food,https://menu-online.co,js,0,
Türk Alman Kitabevi Cafe,cafe,https://www.tak.com.tr,html,17,1240.00
Türkistan Kültür Evi - Kitap & Kahve,cafe,https://www.dtv.org.tr,js,0,
Ulus 29,restaurant,https://www.group-29.com,js,0,
Ulviye Börek,cafe,https://www.ulviyeborek.com,js,0,
Unique Coffee,cafe,https://restaurantguru.com,js,0,
Urban Cafe,bar,https://www.urbanbeyoglu.com,js,0,
Usta Pideci,fast_food,https://www.ustapideci.com.tr,js,0,
Uzunlar Kebap,fast_food,https://www.uzunlarkebap.com.tr,js,0,
Uzunlar Kebap,restaurant,https://uzunlarkebap.com,woo,24,49.00
Uzunya,restaurant,https://www.uzunya.com,js,0,
Vagabondo's Pizzeria,restaurant,https://vagabondosrest.com,js,0,
Valibey Kebap & Künefe,restaurant,https://www.valibeykebap.com,js,0,
Vandal Çamsan Park,cafe,https://www.vandal.com.tr,js,0,
Vanilya,cafe,https://qr-menu.simprasuite.com,js,0,
Vardarlı Dondurma,ice_cream,http://www.vardarlidondurma.com,js,0,
Varuna Gezgin,restaurant,https://varunagezgin.com,js,0,
Vefa Bozacısı 1876,cafe,https://www.vefa.com.tr,js,0,
Vefakar,cafe,https://vefakar.com.tr,js,0,
Vefalı Köfteci,restaurant,http://vefalikofteci.com.tr,js,0,
Vegan Dukkan Lokanta,restaurant,https://vegandukkanlokanta.com,js,0,
Vegan Food Cartel,restaurant,https://www.veganfoodcartel.com,js,0,
Vegan Masa,restaurant,https://allzinapp.com,js,0,
Veganarsist,cafe,https://www.veganarsist.com,woo,59,150.00
Veganarsist Bostancı,cafe,https://veganarsist.com,woo,59,150.00
Venge,restaurant,http://www.venge.com.tr,js,0,
Venor Coffee,cafe,https://www.venorcoffee.com,js,0,
Vera Restaurant Fish & Meat House,restaurant,https://www.verarestaurant.com,js,0,
Verdura,restaurant,https://verdura.com.tr,js,0,
Via Romana Pizza,fast_food,https://www.viaromanapizza.com,js,0,
Viktor Levi Şarap Evi,restaurant,https://www.viktorlevimoda.com,js,0,
Villa Park İstanbul,restaurant,https://villaparkwedding.com,js,0,
Villa Restaurant Silivri,restaurant,https://www.villarestaurantsilivri.com,woo,78,360.00
Viola Cafe & Patisserie,cafe,https://restaurantguru.com,js,0,
Vitavien Bahariye,cafe,https://www.vitavien.com.tr,js,0,
Vitavien Galata,cafe,http://www.vitavien.com.tr,js,0,
Viva Gelateria di Roma,cafe,https://instagram.com,js,0,
Vivi,cafe,https://www.vivicoffeeandchiling.com,js,0,
Vizzju Lounge,cafe,https://vizzju.com,js,0,
Vogs,cafe,https://qr.finedinemenu.com,js,0,
voi cadde,cafe,https://www.voi.com.tr,js,0,
Vøler Coffee,cafe,https://www.volercofee.com,js,0,
Waffle Works,cafe,https://www.waffleworks.com.tr,js,0,
Warung Nusantara Indonesian Restaurant,restaurant,https://www.warungnusantara.com.tr,js,0,
Welldone,restaurant,https://www.well-done.com.tr,js,0,
WestMix,restaurant,http://www.westmix.com.tr,js,0,
Whisper Kitchen Bar,restaurant,https://whisperistanbul.com,js,0,
White Pepper,restaurant,https://www.divan.com.tr,js,0,
Wuufbox Cafe,cafe,https://wuufbox.com,js,0,
Yanyalı Fehmi Lokantası,restaurant,http://www.fehmilokantasi.com,js,0,
Yasemin,restaurant,https://www.instagram.com,js,0,
Yaşayan Mutfak,cafe,https://yasayanmutfakrestaurant.com,js,0,
Yemen Kahvesi,cafe,https://www.yemenkahvesi.com.tr,html,27,400.00
Yeni Lokanta,restaurant,https://www.yenilokanta.com,js,0,
Yeni Meyhane,restaurant,https://yenimeyhane.com.tr,js,0,
Yeniköy Kavak Balıkçısı,restaurant,https://kavakbalikcisi.com,js,0,
Yeniköy Lokantası,restaurant,https://facebook.com,js,0,
Yenıköy Kahvesı,cafe,http://yenikoykahvesi.com,js,0,
Yerinde Pide,restaurant,https://yerindepide.com,woo,75,355.00
Yeşil Teras Cafe,cafe,https://www.instagram.com,js,0,
Yeşilcam Kahve Evi,cafe,https://www.yesilcamkahveevi.com,js,0,
Yeşilköy Tavuk&Tavuk,restaurant,http://ytat.com.tr,js,0,
Yonca Restaurant,restaurant,http://www.yoncalalaali.com,js,0,
youme smash burgers,fast_food,https://youmecadde.com,js,0,
Yücetepe Kır Gazinosu,restaurant,https://yucetepe.com.tr,js,0,
Zennup 1844 Fişekhane,restaurant,https://zennup.com.tr,js,0,
Zeplin Pub,bar,https://zeplinpub.com,js,0,
Zeynel Gülkardeşler Kebap Salonu,restaurant,https://zeynelkebap.com,js,0,
Zeytin Kurtköy,restaurant,https://www.zeytinrestoran.com,js,0,
Zeytin Ocakbaşı,restaurant,https://zeytinbostanci.com,js,0,
ZeytinDalı Kır Bahçesi,restaurant,https://zeytindalikirbahcesi.com,js,0,
Zhû İstanbul,restaurant,https://www.zhuistanbul.com,js,0,
Ziyafet kuzu çevirme İstanbul,restaurant,https://ziyafetkuzucevirme.com,js,0,
Zuğa Beach & Restaurant,restaurant,https://www.zugabeachrestaurant.com,js,0,
Zübeyir Ocakbaşı,restaurant,https://zubeyirocakbasi.com.tr,js,0,
Zürafa no 203,restaurant,https://www.no203.com,js,0,
Çakıl Meyhanesi,pub,https://www.cakilmeyhane.com,js,0,
Çanak Kebap,restaurant,http://www.canakkebap.com.tr,js,0,
Çardak,restaurant,https://www.instagram.com,js,0,
ÇC Lider Pide Tepeüstü Otoparklı Şube,restaurant,https://www.liderpide.com.tr,js,0,
Çeşme Bazlama Kahvaltı,restaurant,http://bazlamakahvaltı.com,js,0,
Çeşme Kahve - Ümraniye,cafe,https://cesmekahve.com,js,0,
Çikolatapare,restaurant,https://www.cikolatapare.com.tr,js,0,
Çiya Kebap 2,restaurant,http://www.ciya.com.tr,js,0,
Çiya Sofrası,restaurant,http://www.ciya.com.tr,js,0,
Çok Çok Thai Restaurant,restaurant,https://www.cokcok.com.tr,js,0,
Çorbacı Ali Usta,restaurant,https://corbacialiusta.eatbu.com,js,0,
Çorbacı Gada,restaurant,https://corbacigada.com,js,0,
Çosa,restaurant,https://cosamutfak.com,js,0,
Çuf Çuf Cafe,cafe,https://www.zomato.com,js,0,
Çınaraltı Dürüm,restaurant,http://www.cinaraltidurum.com,js,0,
Çınaraltı Mangalbaşı,restaurant,https://www.cinaraltimangalbasi.com.tr,js,0,
Özgün Kokoreç,restaurant,https://www.ozgunkokorec.com,js,0,
Ülker Abla Ev Yemekleri,restaurant,https://ulkerablaevyemekleri.eatbu.com,js,0,
Ümit Pastanesi,cafe,https://www.umitpastanesi.com.tr,js,0,
Şanda Tiryaki Ocakbaşı Restaurant,restaurant,https://sandatiryaki.com.tr,js,0,
Şaşkın Et Mangal,restaurant,http://www.saskinet.com.tr,js,0,
Şaşkınbalık,restaurant,https://saskinbalik.com,js,0,
Şehbender 14,restaurant,http://www.sehbender14.com,js,0,
Şenol Kolcuoğlu,restaurant,https://www.senolkolcuoglurestaurant.com,js,0,
Şenol Kolcuoğlu,restaurant,https://www.senolkolcuoglu.com,js,0,
Şevketin Yeri Samsun Pidesi & Mantı,restaurant,https://tr.foursquare.com,js,0,
Şölen,restaurant,https://solendoner.com,js,0,
1080 Coffe Shop,cafe,https://www.1080coffeeshop.com,js,0,
911 Medusa,restaurant,https://911medusa35.com,js,0,
Adil Müftüoğlu,restaurant,https://adilmuftuoglu.com.tr,js,0,
Akarca Restaurant,restaurant,https://www.ixirmenu.com,js,0,
Alaş Kımız Çiftliği,restaurant,http://kimizciftligi.com,js,0,
Altı Üstü Pilav,restaurant,https://www.altiustupilav.com,js,0,
Asma Yaprağı,restaurant,https://www.asmayapragi.com.tr,js,0,
Atadan Fırın,cafe,https://www.atadanbakery.com,js,0,
Aziziye Restaurant,restaurant,http://aziziyerestaurant.net,js,0,
Azmak Cafe,cafe,https://cafeazmak.github.io,js,0,
Barış Piliçmatik,fast_food,https://foursquare.com,js,0,
Belle Bakery & Social Zone,cafe,https://menu.bellebakerysocialzone.com,js,0,
BİRALEM,bar,https://digitalmenucheck.com,js,0,
Buckin Coffee,cafe,https://buckin.com.tr,js,0,
Buckin Coffee Çeşme Marina,cafe,https://buckin.com.tr,js,0,
Burger King,fast_food,https://www.burgerking.com.tr,js,0,
Burger King,fast_food,https://www.burgerking.com.tr,js,0,
By Melly,restaurant,https://bymelly.com,js,0,
Caffè Nero,cafe,https://caffenero.com,js,0,
Café Descanso,cafe,https://aninda.link,js,0,
Ceka Life Yapı İnşaat,cafe,https://cekalifeyapi.com,js,0,
Celep,restaurant,https://celeprestaurant.com,js,0,
Cevizalti Kahvalti,restaurant,https://www.facebook.com,js,0,
co. inside,cafe,https://coinsidecoffee.com,js,0,
Colombia Coffee Urla Bamboo AVM,cafe,https://www.colombiacoffeetr.com.tr,js,0,
Comolokko,fast_food,https://www.instagram.com,js,0,
Dodo Pizza,cafe,https://dodopizza.com.tr,js,0,
Domino's,fast_food,https://www.dominos.com.tr,html,144,370.00
Domino's,fast_food,https://www.dominos.com.tr,html,144,370.00
Domino's,fast_food,https://www.dominos.com.tr,html,144,370.00
Dönerci Orhan,restaurant,http://donerciorhan.com,js,0,
Energy Vitamin,restaurant,https://www.yemeksepeti.com,js,0,
Ergin Restaurant,restaurant,http://erginpansiyon.net,js,0,
Evde Burger Pub,restaurant,https://www.instagram.com,js,0,
Ferdi Baba,restaurant,https://ferdibaba.com.tr,js,0,
Gelato Roma,ice_cream,https://www.gelato.com.tr,js,0,
GN Burger bar,restaurant,https://gnburger.com,js,0,
Gondol Kafe,cafe,http://www.karsiyakakentas.com,js,0,
granmabrewbar,cafe,https://www.instagram.com,js,0,
Gumus Balik,restaurant,https://www.gumusbalik.com,js,0,
Göbek Bostanlı,restaurant,https://gobekbostanli.com.tr,js,0,
Gülgün Pide,restaurant,https://www.gulgunpide.com,js,0,
Gümüldür Mavi Deniz Pide & Kebap & Zeytin Yağlı,restaurant,https://www.mavidenizpide.com,js,0,
Güverte Balık Restaurant,restaurant,https://www.guvertebalik.com,js,0,
heroon Coffee,cafe,https://heroon.com.tr,js,0,
Hip Hop Cafe,cafe,https://www.instagram.com,js,0,
Hyra's Coffee & Bakery,cafe,https://www.hyrascoffeebakery.com,js,0,
Jefe Fabrika Satış Mağazası,fast_food,https://jefefood.com,js,0,
Kahve Diyarı,cafe,https://www.kahvediyari.com.tr,js,0,
Kardeşler Büfe,fast_food,https://kardeslerbufe.com.tr,js,0,
Kasap Fuat,restaurant,https://www.kasapfuat.com,js,0,
Kavala  cafe,cafe,https://www.kavalawinebistrobar.com,js,0,
kokorecin alasi,restaurant,http://www.matchcostmetics.com,js,0,
Kumrucu Dede & ACR Acarlar Unlu Mamüller,cafe,https://www.instagram.com,js,0,
Köfteci Yusuf,restaurant,https://www.kofteciyusuf.com,js,0,
Köfteci Yusuf,restaurant,https://kofteciyusuf.com,js,0,
Köfteci Zeki Usta,restaurant,http://www.koftecizekiusta.com,js,0,
Köyce,restaurant,https://www.urlakoyce.com.tr,js,0,
Köşe Kahve,cafe,https://www.kosekahve.com,js,0,
La Storia Coffee Shop,cafe,https://www.lastoriacoffee.com,js,0,
lemanyak ızgara,restaurant,https://www.instagram.com,js,0,
Lime Alaçatı - İstinye Park,cafe,https://limealacati.com,js,0,
Little One - Ebeveyn Cafe - Oyun Alanı,cafe,https://littleoneguzelbahce.com,js,0,
Lozan Pastanesi,cafe,https://lozanpastanesi.com.tr,js,0,
Léone Patisserie & Boulangerie ALSANCAK,cafe,https://leone-tr.com,js,0,
Léone Patisserie & Boulangerie HILLTOWN,cafe,https://leone-tr.com,js,0,
Léone Patisserie & Boulangerie URLA,cafe,https://leone-tr.com,js,0,
Mado,cafe,https://mado.com.tr,js,0,
Marache Coffee,cafe,https://marachecoffee.com.tr,woo,23,39.00
Mavi Değirmen,cafe,https://mavidegirmen.com,js,0,
McDonald's,fast_food,https://mcdonalds.com.tr,js,0,
McDonald's,fast_food,https://mcdonalds.com.tr,js,0,
Mercan,restaurant,https://mercanrestoran.com.tr,js,0,
Meşhur Tavacı Recep Usta,restaurant,https://tavacirecepusta.com.tr,js,0,
Milos Balık,restaurant,https://milos.com.tr,html,102,300.00
Minimey Alaçatı,restaurant,https://minimey.com.tr,js,0,
Moka Beach,cafe,https://www.mokabeach.com,js,0,
moodurla.,cafe,https://www.moodurla.com,html,2,28800.00
Murano's Kitchen Alsancak,restaurant,https://muranoskitchen.com.tr,js,0,
Murano's Kitchen Alsancak,restaurant,https://muranoskitchen.com.tr,js,0,
Murano's Kitchen Çeşme,restaurant,https://muranoskitchen.com.tr,js,0,
Number One,restaurant,https://www.nr1apart.com,js,0,
Opera Coffee,cafe,https://operacoffee.com.tr,js,0,
Orhanlı Büyülü Vadi Butik Otel-Cafe,cafe,https://www.orhanlibuyuluvadi.com,js,0,
Oz ızmir Lokma,restaurant,https://www.ozlokma.com,html,3,350.00
Pablo Artisan Coffee,cafe,https://pabloartisancoffee.com,html,10,576.00
Pastel Homemade Bakery,cafe,https://www.instagram.com,js,0,
Pizza di Aila,restaurant,https://www.instagram.com,js,0,
Pizza Tomato,restaurant,https://www.pizzatomato.com.tr,html,9,610.00
pizzapizza,fast_food,https://www.pizzapizza.com.tr,js,0,
quartet,cafe,https://instagram.com,js,0,
Rafine Coffee,cafe,https://www.instagram.com,js,0,
rePUBlic,bar,http://republicizmir.com,js,0,
Ristorante Pizzeria Venedik,restaurant,https://www.pizzavenedik.com,js,0,
S.A.H.İ.L. Urla,restaurant,https://instagram.com,js,0,
Scappi (Swissôtel Büyük Efes),restaurant,https://ristorantescappi.com,js,0,
Schnitzel Factory,restaurant,https://www.schnitzelfactory.com.tr,js,0,
Simge Balık Restoran,restaurant,https://simgerestoran.qrdata.com.tr,html,196,495.00
Starbucks,cafe,https://www.starbucks.co.uk,js,0,
Starbucks,cafe,https://www.starbucks.co.uk,js,0,
Starbucks,cafe,https://www.starbucks.co.uk,js,0,
Starbucks,cafe,https://www.starbucks.co.uk,js,0,
Starbucks,cafe,https://www.starbucks.co.uk,js,0,
Starbucks,cafe,https://www.starbucks.co.uk,js,0,
Starbucks,cafe,https://www.starbucks.co.uk,js,0,
Starbucks,cafe,https://www.starbucks.co.uk,js,0,
Starbucks,cafe,http://starbucks.com.tr,js,0,
Starbucks,cafe,https://www.starbucks.co.uk,js,0,
Starbucks,cafe,https://www.starbucks.co.uk,js,0,
Starbucks,cafe,https://www.starbucks.co.uk,js,0,
Starbucks,cafe,https://www.starbucks.co.uk,js,0,
Starbucks,cafe,https://www.starbucks.co.uk,js,0,
Starbucks,cafe,https://www.starbucks.co.uk,js,0,
SushiCo,restaurant,https://www.sushico.com.tr,js,0,
Taner Usta Pide Kebap,restaurant,https://www.instagram.com,js,0,
Tastyy,cafe,https://tastyy.com.tr,js,0,
Taşkent Fırın Cafe,cafe,https://www.taskentekmek.com.tr,js,0,
Tuck Coffee Etc,cafe,https://www.tuckcoffee.com,js,0,
Varuna Gezgin,restaurant,https://varunagezgin.com,js,0,
Viking Pizzeria & Burger,restaurant,https://viking-pizzeria.com,js,0,
Villa Grilla,restaurant,https://www.villagrilla.com,js,0,
Viramor Balık Restoran,restaurant,https://www.facebook.com,js,0,
Waffle atölyesi,cafe,https://waffleatolyesi.com,js,0,
Yakamoz,restaurant,https://www.yakamozbar.com,js,0,
Yalı Restoran,restaurant,https://www.yalibutikpansiyon.com,js,0,
Yandım Çavuş,restaurant,https://yandimcavus.com.tr,js,0,
Yasam Vegan Kafe,restaurant,https://yasamfoods.com,js,0,
Yasemin Kafe,cafe,http://www.grandplaza.com.tr,html,1,5.00
Zeplin Alacatı,pub,https://zeplinpub.com,js,0,
Çaykovski,pub,https://caykovski.com,js,0,
Çiy Restaurant,restaurant,https://ciy.com.tr,js,0,
Özmert Kokoreç ve Söğüş,restaurant,http://ozmertkokorec.com.tr,js,0,
Özsüt,cafe,http://www.ozsut.com.tr,js,0,
Özsüt Cafe,cafe,https://www.ozsut.com.tr,js,0,
ØDEGARD,restaurant,https://www.theodegard.com,js,0,
Şımarık Meyhane,restaurant,https://simarikmeyhane.net,js,0,
Baskonus Yaylasi  Kahvalti ve Et Restorani,restaurant,https://www.baskonusyaylasi.com,html,1,10000.00
Baskonus Yaylasi  Kahvalti ve Et Restorani,restaurant,https://www.baskonusyaylasi.com,html,1,10000.00
Starbucks,cafe,https://www.starbucks.co.uk,js,0,
Ani Ocakbasi,restaurant,http://www.aniocakbasi.com,js,0,
Tavuk Dünyası,restaurant,https://www.tavukdunyasi.com,js,0,
Chocolabs Kastamonu,cafe,https://chocolabs.com.tr,js,0,
İzbeli Çiftliği,restaurant,http://www.izbeliciftligi.com,js,0,
Münire Sultan Sofrası,restaurant,https://www.muniresultansofrasi.com,js,0,
TheStock,cafe,https://thestockcoffee.com,js,0,
Beştepe Restaurant,restaurant,http://www.besteperestaurant.com,js,0,
Bolu Mangal,restaurant,https://www.kayseribolumangal.com,js,0,
Develi Mangal Restaurant,restaurant,https://develimangal.com.tr,js,0,
Domino's,fast_food,https://www.dominos.com.tr,html,144,370.00
Elmacıoğlu İskender,restaurant,https://www.elmaciogluiskender.com,js,0,
Emirgan Köftecisi | Kaytur,restaurant,https://www.kaytur.com.tr,js,0,
Erciyes Binicilik Ve Kahvaltı,restaurant,https://www.erciyesbinicilik.com,js,0,
Erguvan Restoran | Kaytur,restaurant,http://www.kaytur.com.tr,js,0,
Erguvan Restoran | Kaytur,cafe,http://www.kaytur.com.tr,js,0,
Glutensiz Kafe | Kaytur,cafe,https://www.glutensizkaytur.com,js,0,
GUBATE RESTAURANT,restaurant,https://www.gubate.com.tr,js,0,
Huga Künefe,restaurant,https://hugakunefe.com,js,0,
McDonald's,fast_food,https://www.mcdonalds.com.tr,js,0,
Sini Kebap,restaurant,https://www.sinikebap.com,js,0,
Tıqın Fast Food,fast_food,https://tiqinfastfood.com.tr,js,0,
Biberzade Çiğköfte,fast_food,https://biberzade.com,js,0,
Grid Restoran,restaurant,https://www.balkayaciftligi.com,js,0,
Kahve Tutkusu Pınarhisar,cafe,https://karekodrestaurantmenu.com,js,0,
RC Restaurant & Winehouse,restaurant,https://www.referenceclub.com.tr,js,0,
Saklıkent Beylerbeyi Çiftliği,restaurant,http://www.saklıkentbeylerbeyiciftligi.com,js,0,
Starbucks,cafe,https://www.starbucks.co.uk,js,0,
The Reference Club 2  - Restaurant & Konaklama,restaurant,https://www.referenceclub.com.tr,js,0,
Yenice Köylü Kır Lokantası - Çamlık,restaurant,https://yenice.com.tr,js,0,
koçak pırlanta,cafe,https://www.kocak.com.tr,html,42,19040.00
45'lik Plak Kafe,cafe,https://www.instagram.com,js,0,
Burgerschön,fast_food,https://burgerschon.com,html,2,500.00
Bülent Börekçi,restaurant,http://bulentborekcilik.com,woo,15,1792.00
Cevizdibi Yıldız Restaurant,restaurant,https://cevizdibi.com.tr,js,0,
Domino's,fast_food,https://www.dominos.com.tr,html,144,370.00
Domino's,fast_food,https://www.dominos.com.tr,html,144,370.00
Doğalhane,restaurant,https://dogalhane.com,js,0,
Dönerci Adil Usta,restaurant,https://www.yemeksepeti.com,js,0,
Elçin'in Renkli Mutfağı,cafe,https://www.instagram.com,js,0,
Eylül Cafe,cafe,https://www.facebook.com,js,0,
Fun & Fam Cafe,cafe,https://funandfam.com.tr,js,0,
Happymoon’s Cafe,restaurant,http://www.happymoons.com.tr,js,0,
Kahve Dünyası,cafe,https://www.kahvedunyasi.com,html,12,350.00
Kare Restaurant,restaurant,https://www.karerestaurant.com,js,0,
Kartepe Manzara Restaurant,restaurant,https://www.kartepemanzara.com,html,31,425.00
Maksut Bey,cafe,https://www.maksutbey.com.tr,js,0,
Maçka İşkembe,restaurant,https://www.macka.com.tr,js,0,
Maşukiye Irmak Alabalık,restaurant,https://www.instagram.com,js,0,
McDonald's,fast_food,https://www.mcdonalds.com.tr,js,0,
McDonald's,fast_food,https://mcdonalds.com.tr,js,0,
Mixsos Körfez,fast_food,https://www.mixsos.com,js,0,
Nil Garden Kahvaltı,restaurant,http://nilgardenkahvalti.metro.biz,js,0,
Pasaport Pizza,restaurant,http://pasaportpizza.com,js,0,
"Pure Black Coffee, Alikahya",cafe,https://www.pureblack.coffee,js,0,
Serender Park Restaurant & Kır Düğün Bahçesi,restaurant,https://www.instagram.com,js,0,
Starbucks,cafe,https://www.starbucks.co.uk,js,0,
Starbucks,cafe,https://www.starbucks.co.uk,js,0,
Starbucks,cafe,https://www.starbucks.co.uk,js,0,
Starbucks,cafe,https://www.starbucks.co.uk,js,0,
Starbucks,cafe,https://www.starbucks.co.uk,js,0,
Starbucks,cafe,https://www.starbucks.co.uk,js,0,
Starbucks,cafe,https://www.starbucks.co.uk,js,0,
Starbucks,cafe,https://www.starbucks.co.uk,js,0,
Starbucks,cafe,https://www.starbucks.co.uk,js,0,
Starbucks,cafe,https://www.starbucks.co.uk,js,0,
Taşhan Cafe Restaurant,restaurant,https://www.mygreen.com.tr,js,0,
Tchibo,cafe,http://tchibo.com.tr,js,0,
The Co.,cafe,https://www.coffeetheco.com,js,0,
Yayla Alabalık Maşukiye,restaurant,https://www.yaylaalabalikmasukiye.com,js,0,
Yağız Et & Kebap Pide Lahmacun İşkembe,restaurant,https://www.yagizkebap.com,js,0,
Zemonia Coffee,cafe,http://www.zemonia.com,js,0,
Zemonia Coffee,cafe,http://zemonia.com,js,0,
Zenka Baklava,restaurant,https://zenkabaklava.com,js,0,
Zeze Dondurm Çiğ köfte Kafe,cafe,https://www.instagram.com,js,0,
Özler Lezzet Pazarı,restaurant,https://ozleret.com,js,0,
Ali Baba 2 Firin Kebap,restaurant,https://www.konyafirinkebabi.com,js,0,
Big Cheff,restaurant,https://www.bigchefs.com.tr,js,0,
Brew Mood Coffee & Tea Konya,cafe,https://www.brewmood.com.tr,js,0,
Chocolabs,cafe,https://chocolabs.com.tr,js,0,
Divane Kahve Evi,cafe,https://www.divanekahveevi.com,js,0,
Dudu Fırın Kahve,cafe,https://dudufirin.com,js,0,
Dudu Gelato,cafe,https://dudufirin.com,js,0,
Espressopark,cafe,https://espressopark.com,woo,12,19.00
Fera Coffee Türbe Önü,cafe,https://www.instagram.com,js,0,
Hasan Şendağlı - Türbe Önü,restaurant,https://hasansendagli.com,js,0,
Iconium Pizza,fast_food,https://iconiumpizza.com,js,0,
Konya Sufi Restaurant Geleneksel Konya Mutfağı,restaurant,https://sufirestoran.com.tr,js,0,
Kronotrop,cafe,https://www.kronotrop.com.tr,js,0,
Kırkikindi Pastane Meydan Evleri,cafe,https://kirkikindi.com.tr,js,0,
Kırkikindi Pastane Türbe Önü,cafe,https://kirkikindi.com.tr,js,0,
Maruf Türbeönü Lokantası,restaurant,https://turbeonu.com,js,0,
Mevlevi Sofrası 1971,restaurant,https://www.mevlevisofrasi.com,js,0,
Mikel Coffee Meram,cafe,https://mikelcoffee.com,js,0,
Ohannes Burger Konya,fast_food,https://ohannesburger.com,js,0,
Osmanlı Kahvehanesi Türbe Önü,cafe,https://www.instagram.com,js,0,
Palize,restaurant,https://palize.com.tr,js,0,
Rolik sushi Konya,restaurant,https://roliksushi.com,js,0,
Simit Durağı 3,cafe,http://slcklusimitduragi.wixsite.com,js,0,
Starbucks,cafe,https://www.starbucks.co.uk,js,0,
Starbucks,cafe,https://www.starbucks.co.uk,js,0,
Starbucks,cafe,https://www.starbucks.co.uk,js,0,
Starbucks,cafe,https://www.starbucks.co.uk,js,0,
Starbucks,cafe,https://www.starbucks.co.uk,js,0,
Starbucks,cafe,https://www.starbucks.co.uk,js,0,
Sultan Somatı Restaurant,restaurant,https://www.sultansomati.com.tr,js,0,
The Hunger,restaurant,https://thehunger.com.tr,js,0,
Timboo Cafe,cafe,https://www.timboocafe.com,js,0,
Çıtır Simit,cafe,https://www.meramcitirsimit.com,js,0,
Şehr-i Çorba,restaurant,https://www.sehricorba.com,js,0,
Boston Drink & Dessert,cafe,https://bostondd.com,js,0,
Colombia Coffee,cafe,https://www.colombiacoffeetr.com.tr,js,0,
Donas,restaurant,https://donas.com.tr,js,0,
Fesleğen Restoran,restaurant,https://feslegenrestoran.com,js,0,
Kahve Dünyası,cafe,https://www.kahvedunyasi.com,html,12,350.00
McDonald's,fast_food,https://www.mcdonalds.com.tr,js,0,
Mülayimoğulları,restaurant,http://www.mulayimogullari.com,js,0,
Pasaport Pizza,fast_food,https://www.pasaportpizza.com,js,0,
Popeyes,fast_food,https://www.popeyes.com.tr,js,0,
Sbarro,fast_food,https://www.sbarro.com.tr,js,0,
Starbucks,cafe,https://www.starbucks.com.tr,js,0,
Starbucks,cafe,https://www.starbucks.co.uk,js,0,
Tavuk Dünyası,fast_food,https://www.tavukdunyasi.com,js,0,
Tavuk Dünyası,fast_food,https://www.tavukdunyasi.com,js,0,
Restaurat Günet,restaurant,https://nemrutgunesmotel.com,js,0,
BlendBlack Coffee Factory,cafe,https://www.blendblack.com.tr,woo,72,395.00
BONKÖR APERATİF,fast_food,https://www.instagram.com,js,0,
Pizza Tomato Kırkağaç,restaurant,https://www.pizzatomato.com.tr,html,9,610.00
Starbucks,cafe,https://www.starbucks.co.uk,js,0,
Starbucks,cafe,https://www.starbucks.co.uk,js,0,
Taylan Restaurant,restaurant,https://taylangida.com.tr,js,0,
Yüksek Rakım Alaşehir,restaurant,https://www.instagram.com,js,0,
Hivroj Konak Cafe,cafe,https://hivrojcafe.tetratasarim.net,js,0,
Muhtarın Yeri Cafe,cafe,https://www.instagram.com,js,0,
Nimora Coffee & Bakery,cafe,https://nimoracoffee.com,js,0,
Sadik Künefe,restaurant,https://www.sadikkunefe.com,js,0,
Sadık Künefe,cafe,https://www.sadikkunefe.com,js,0,
Tarihi Mardin Kahvaltıcısı,restaurant,https://tarihimardinkahvalticisi.com,js,0,
Yahya Usta,restaurant,https://www.tripadvisor.com.tr,js,0,
Bayram-Et Mersin,restaurant,https://www.bayramet.com.tr,js,0,
BistraVilla,restaurant,https://www.bistravilla.com,js,0,
Boho Selefkia,cafe,https://instagram.com,js,0,
Burger Town,restaurant,https://burgertown.com.tr,js,0,
Cafe Betul,restaurant,https://berullezzetleri.com,js,0,
Caffe dei Fiori,cafe,https://caffedeifiori.com.tr,js,0,
Caffe Italia,restaurant,https://www.instagram.com,js,0,
Caffeine Coffee,cafe,https://caffeineroaster.com,js,0,
Caffeine Coffee Roaster,cafe,https://www.caffeineroaster.com,js,0,
Cantina dei Fiori,restaurant,https://cantinadeifiori.com,js,0,
Caribou Coffee,cafe,https://www.cariboucoffee.com.tr,js,0,
Chaplin Cafe & Restoran,restaurant,https://www.instagram.com,js,0,
Dodo Pizza,fast_food,https://dodopizza.com.tr,js,0,
Dodo Pizza,fast_food,https://dodopizza.com.tr,js,0,
Gloria Jean's,cafe,https://www.gloriajeans.com.tr,js,0,
Gül Cafe Plus,cafe,https://gulcafeplus.com,js,0,
Hazan Usta Tantuni,restaurant,https://yemeksepeti.com,js,0,
Jomo Lounge,fast_food,https://jomomersin.com,js,0,
Küfi Coffee,cafe,https://kuficoffeefood.com,js,0,
L-Alem Cafe & Restaurant,restaurant,https://vk.com,js,0,
Mangal Restoran,restaurant,https://mangal.com.tr,js,0,
Memoş Tantuni,restaurant,https://memostantuni.com,js,0,
Nergizli Tesisleri Pirzolacı Ferhat,restaurant,https://nergizlitesisleri.com,js,0,
Next Republic Mersin,restaurant,http://nextrepublic.com.tr,js,0,
Ohannes Burger Silifke,fast_food,https://ohannesburger.com,js,0,
Oses Çiğköfte,fast_food,https://www.oses.com.tr,js,0,
Otto,restaurant,https://ottobrosburgercafe.com,js,0,
Park Point,cafe,http://parkpointcafe.com,js,0,
Rolik sushi Mersin,restaurant,https://mersin.roliksushi.com,js,0,
Sabah Et Lokantası,restaurant,https://sabahlokantasi.com.tr,js,0,
Sabah Et Lokantası Mezitli,restaurant,https://sabahlokantasi.com.tr,js,0,
Sabah Et Lokantası Pozcu,restaurant,https://sabahlokantasi.com.tr,js,0,
Safarim Cafe,fast_food,https://safarimcafe.com,js,0,
Saffron Restaurant & Bistro,restaurant,https://saffronfish.com,js,0,
Seine Restaurant,restaurant,https://www.instagram.com,js,0,
Starbucks,cafe,https://www.starbucks.co.uk,js,0,
Starbucks,cafe,https://www.starbucks.co.uk,js,0,
Starbucks,cafe,https://www.starbucks.co.uk,js,0,
Starbucks,cafe,https://www.starbucks.co.uk,js,0,
Starbucks,cafe,https://www.starbucks.co.uk,js,0,
Starbucks,cafe,https://www.starbucks.co.uk,js,0,
Starbucks,cafe,https://www.starbucks.co.uk,js,0,
Starbucks,cafe,https://www.starbucks.co.uk,js,0,
Додо Пицца,fast_food,https://dodopizza.com.tr,js,0,
1200 Rakim,restaurant,https://www.babadagteleferik.com.tr,js,0,
4ever Bar,bar,https://www.instagram.com,js,0,
Agora Gurme Restoran ve Yöresel Ürünler,restaurant,https://www.agoragurme.com,js,0,
Alfheim,restaurant,https://h28249.bisiparis.com,js,0,
Anjelika Kitchen,restaurant,https://www.yoncaanjelikahotel.com,js,0,
Antepli Çıtırım,restaurant,http://www.anteplicitirim.com,js,0,
Atlas Bikery Cafe,cafe,https://fethiyebike.com,js,0,
Avocado Garden Coffee,cafe,https://www.instagram.com,js,0,
Babadag 1700 Grill & Bar,restaurant,https://www.babadagteleferik.com.tr,js,0,
Beach Bars,bar,https://bennubodrum.com,js,0,
Beer Land - Beer Пиво,pub,http://www.thebottlesitsbeertime.com,js,0,
Behabey,restaurant,https://www.behabey.com,js,0,
Bella Gusto,restaurant,https://www.bellagusto.com,js,0,
BigChefs,restaurant,https://www.bigchefs.com.tr,js,0,
Blisss,cafe,https://blissstr.com,js,0,
Bodrum Pier,restaurant,http://www.bodrumpier.com.tr,js,0,
Books & Coffee Marmaris,cafe,https://books-coffee.com,js,0,
boğaziçi cafe camping,cafe,https://www.instagram.com,js,0,
Buena Vista Restaurant & Hotel Bozburun,restaurant,http://hotelbozburun.com,js,0,
Buzz Beach Bar,restaurant,http://buzzbeachbar.com,js,0,
Cadde Döner Türkbükü,restaurant,https://instagram.com,js,0,
Cafe Cafen,restaurant,https://www.cafecafen.com,js,0,
Camp Nasuh Caffeteria,restaurant,https://www.campnasuh.com,js,0,
Chez La Vie,cafe,https://chezlavieeatery.com,js,0,
Civciv Waffle Dondurma,ice_cream,https://www.civcivwaffle.com,js,0,
Dede restaurant,restaurant,https://dederestaurant.com,js,0,
Demeter Restaurant & Bar,restaurant,https://www.demeterbar.com,js,0,
Demir restaurant,restaurant,http://www.demirrestaurant.com,js,0,
Deniz Kızı Restaurant,restaurant,https://dalyanteknekoop.com,js,0,
donutime.bodrum,cafe,https://donutime.com.tr,woo,29,36.00
Eda Balık Restaurant & Motel,restaurant,https://www.edamotel.com,js,0,
Ekin Kır Evi Restoran,restaurant,https://ekinkirevi.com,js,0,
Fifi bistro,restaurant,https://www.fifibodrum.com,html,9,795.00
Flow Datça Surf & Beach Hotel Restaurant,restaurant,https://www.flowdatca.com,woo,18,750.00
Foırtissimo Bodrum,restaurant,https://www.fortisimo.net,js,0,
Franco Cafe Beach,restaurant,https://franco_cafebeach,js,0,
Fredonia Coffee,cafe,https://www.facebook.com,js,0,
Gitta - Sea Food | Gastro | Meyhane,restaurant,https://gitta.tr,html,4,750.00
GlassHouse,restaurant,https://ahama.guestservice.app,js,0,
Gloria Jean's,cafe,https://www.gloriajeans.com.tr,js,0,
Gusto Marina,restaurant,https://gustomarmaris.com,js,0,
Göcek Alaturka Cafe & Restaurant,restaurant,https://www.gocekalaturka.com,js,0,
Göcek Denizatı Restaurant & Bar,restaurant,http://www.gocekdenizati.com,js,0,
Güneş Büfe Kahvaltı Evi,restaurant,http://datcagunesbufe.com,js,0,
Help Beach and Yacht Club,restaurant,http://helpbeachandyachtclub.com,js,0,
İksirci Tezcan,fast_food,https://www.orkaboutique.com,js,0,
Kai Beach,bar,https://kai.com.tr,js,0,
Kemancı Restaurant,restaurant,http://instagram.com,js,0,
Kervansaray Marmaris,restaurant,https://www.marmariskervansaray.com,woo,1,600.00
Keyfi Kebap Ciğercim,cafe,https://keyfikebapcigercim.net,woo,42,260.00
Kurul Bitez,restaurant,https://kurulbitez.com,js,0,
Köfteci Yusuf,fast_food,https://kofteciyusuf.com,js,0,
Küçük Ev,cafe,https://facebook.com,js,0,
LesTunas,restaurant,https://www.instagram.com,js,0,
Levant Ocakbaşı,restaurant,https://levant-ocakbas.business.site,js,0,
Likya restaurant & camping,restaurant,https://www.facebook.com,js,0,
Llull Tersane,restaurant,https://www.llulltersane.com,js,0,
Love breakfast,cafe,https://rests.app,js,0,
Lumina Maris Ölüdeniz,restaurant,https://www.luminamarisoludeniz.com,js,0,
LUMOS,bar,https://www.instagram.com,js,0,
LUMOS,restaurant,https://www.instagram.com,js,0,
Mahperi Bitez,restaurant,https://mahperibitez.com,woo,100,1000.00
Mandarins Dalyan,cafe,https://mandarins.online,js,0,
Melinda Restaurant,restaurant,https://www.melinda.com.tr,js,0,
Memed Ocakbaşı,restaurant,https://memedocakbasi.com,js,0,
Midyeci Şehmus Usta'nın Yeri,restaurant,https://www.sehmususta.com,js,0,
Misk Yalıkavak,cafe,https://www.miskistanbul.com,js,0,
Muzzy's Place,restaurant,http://www.muzzysplacekayakoy.com,js,0,
Mynos,restaurant,https://mynos.com.tr,js,0,
Novikov,restaurant,https://www.novikov-restaurants.com,js,0,
Olive Garden Kabak,restaurant,https://www.olivegardenkabak.com,js,0,
Orfoz,restaurant,https://orfoz.net,js,0,
Pamukkale,restaurant,https://pamukkaleotelrestaurant.com,js,0,
Pasaport Pizza,restaurant,https://www.pasaportpizza.com,js,0,
Patara Green Park,restaurant,http://pataragreenpark.com,js,0,
Payidar Salon,restaurant,https://payidarsalon.com,js,0,
Paşafırını,restaurant,https://www.pasafirini.com.tr,js,0,
Pineapple restaurant,restaurant,https://www.pineapple.com.tr,js,0,
Pizza Rucola Bodrum Boğaziçi,fast_food,https://pizzarucola.com,js,0,
Raca Kitchen,restaurant,http://racakirchen.com,js,0,
Rove Bodrum,restaurant,https://www.rovebodrum.com,js,0,
Rups By The Sea,restaurant,https://rups.com.tr,js,0,
Sakhalin Bodrum,restaurant,https://sakhalin-bodrum.wrf.su,js,0,
Saliha Sultan,cafe,https://www.salihasultan.com.tr,js,0,
Saliha Sultan,cafe,https://www.salihasultan.com.tr,js,0,
Saliha Sultan,cafe,https://www.salihasultan.com.tr,js,0,
Saliha Sultan,cafe,https://www.salihasultan.com.tr,js,0,
Sarıyer Börekçisi,cafe,https://fethiyesariyerborekcisi.com,js,0,
Smooth Coffee,cafe,https://smoothcoffee.com.tr,js,0,
SO Datça Cafe&Store,cafe,https://soliving.shop,js,0,
Starbucks,cafe,https://www.starbucks.co.uk,js,0,
Starbucks,cafe,https://www.starbucks.co.uk,js,0,
Starbucks,cafe,https://www.starbucks.co.uk,js,0,
Starbucks,cafe,https://www.starbucks.co.uk,js,0,
Starbucks,cafe,https://www.starbucks.co.uk,js,0,
Starbucks,cafe,https://www.starbucks.co.uk,js,0,
Starbucks,cafe,https://www.starbucks.co.uk,js,0,
Trio Cafe,cafe,https://triofethiye.com,js,0,
Vera Beach Hotel,restaurant,https://verabeachhotel.com,js,0,
Yuvarlakçay Defne Restaurant,restaurant,https://topgozudefnerestoran.com,js,0,
Yuvarlakçay Yeşil Vadi Restaurant,restaurant,https://yuvarlakcayyesilvadi.com,html,57,400.00
Zeynep,cafe,https://zeyneperkan731,js,0,
Çarıklı,restaurant,https://www.carikli.com.tr,js,0,
Çiftlik Döner,fast_food,http://www.ciftlikdoner.com.tr,js,0,
Şişko Perihan Yalıkavak,restaurant,https://siskoperihan.com.tr,js,0,
Bizim Ev,restaurant,https://bizim-ev.com,js,0,
Cappa Masa,restaurant,https://cappamasa.com,js,0,
Ekonomik Balık,restaurant,https://www.ekonomikbalik.com,js,0,
Ferize Meyhane,restaurant,https://www.ferize.com.tr,js,0,
Ferize Restaurant,restaurant,https://ferize.com.tr,js,0,
Firin Expres,restaurant,http://www.firinexpres.com,js,0,
Gorgoli Lounge & Eatery,restaurant,https://gorgoli.com,woo,7,17.00
Göre Anatolian Restaurant Cappadocia,restaurant,https://www.goreanatolian.com,js,0,
Hanedan,restaurant,http://avanoshanedanrestaurant.com,js,0,
Janus Cappadocia Restaurant,restaurant,https://januscappadocia.com.tr,js,0,
Janus Cappadocia Restaurant,restaurant,https://www.januscappadocia.com.tr,js,0,
Kocabağ Şarapları,bar,http://www.kocabag.com,js,0,
Köşebaşı Kapadokya,restaurant,http://kosebasi.com,js,0,
Le Mouton Rouge,restaurant,https://www.le-mouton-rouge.com,js,0,
Meihua Chinese restaurant,restaurant,https://m.facebook.com,js,0,
Nucello Cigköfte Salonu,restaurant,http://www.nucello.com,js,0,
Piri ZARA Tours & Travel Coffee Shop,cafe,https://www.pirizaratravel.com.tr,js,0,
Quick China,restaurant,https://quickchina.com.tr,js,0,
Seval Sahne & Restaurant,restaurant,https://www.instagram.com,js,0,
Starbucks,cafe,https://www.starbucks.co.uk,js,0,
Tarihi Kebapçı Mustafa Usta,restaurant,https://tarihikebapcımustafausta.com,js,0,
Topuzlu Han Restoran,restaurant,https://www.nevsehir.pol.tr,js,0,
WOOD FIRE BARBEQUE,restaurant,https://www.woodfirebarbeque.com,js,0,
YASTIK LOUNGE,cafe,https://www.yastikhouses.com,js,0,
Yaşar Baba Restaurant,restaurant,https://yasarbaba.com,js,0,
Zelve,restaurant,http://zelvehotel-restaurant.com,js,0,
Zelve,restaurant,http://www.zelvehotelrestaurant.com,js,0,
Zerdali,restaurant,https://www.isturturizm.com.tr,js,0,
52/24 Restaurant,restaurant,https://www.5224restaurant.com,js,0,
Aktaşlar Restaurant Çarşı,restaurant,http://www.aktaslarrestaurant.com,js,0,
BEREKET DÖNER,restaurant,https://www.bereketdoner.com.tr,js,0,
Bulvar Cafe & Restoran,cafe,http://bulvarcafe.com,js,0,
Burger King,fast_food,https://www.burgerking.com.tr,js,0,
Denizciler,ice_cream,https://www.denizcilerdondurma.com,js,0,
Ensar Vakfı Gençlere Çağrı Gelişim Merkezi,cafe,https://ensar.org,js,0,
KORU by HÜNKAR,cafe,https://www.instagram.com,js,0,
Meşhur Pide,restaurant,https://www.meshurpide.com,js,0,
Rafine Cafe,restaurant,http://www.rafinecafe.com,js,0,
Can Pasta,cafe,https://canpasta.com,js,0,
Hüsrev Lokantari,restaurant,http://www.husrev.com.tr,js,0,
Kvacoli Balık Lokantası,restaurant,https://www.kvacoli.com,js,0,
Lale Lokantasi,restaurant,https://www.lalelokantasi.com,js,0,
Liqapafruitjuicebreakfast,cafe,https://www.liqapa.com.tr,js,0,
timyalokantacılık,restaurant,http://www.timyalokantacilik.com,js,0,
Aylanin Yeri,restaurant,https://www.aylaninyeri.com,js,0,
Burger King,fast_food,https://www.burgerking.com.tr,js,0,
Burger King,fast_food,https://www.burgerking.com.tr,js,0,
Burger King,fast_food,https://www.burgerking.com.tr,js,0,
Burger Yiyelim - Sakarya,restaurant,https://www.burgeryiyelim.com,js,0,
Diver Street Food,fast_food,https://diverstreetfood.com,js,0,
Diver Street Food,fast_food,https://diverstreetfood.com,js,0,
Domino's,fast_food,https://www.dominos.com.tr,html,144,370.00
Domino's,fast_food,https://www.dominos.com.tr,html,144,370.00
Ehlikeyf Canlıbalık,cafe,http://www.sapancaehlikeyf.com,js,0,
Enes Baklava,restaurant,https://www.instagram.com,js,0,
Fika Patisserie & Coffee,cafe,https://www.instagram.com,js,0,
Gazibey,restaurant,https://www.gazibey.com.tr,html,1,500.00
Göynüklü Ömer Usta,ice_cream,https://www.goynukluomerusta.com,js,0,
Hacı Arif Lokantası,restaurant,https://www.haciariflokantasi.com,js,0,
Maja,restaurant,https://majakirkpinar.com,js,0,
Osmanlı Pide &Lahmacun,restaurant,https://www.yemeksepeti.com,js,0,
Pekara,restaurant,https://www.pekara.com.tr,js,0,
Qırım Han Döner Lokantası,restaurant,https://www.qirimhandoner.com,js,0,
SASA Harmanlık Restoran,restaurant,https://www.sasasapanca.com,js,0,
Voila Sapanca,restaurant,https://www.instagram.com,js,0,
Şesu Şerefiye Selim Usta,restaurant,https://serefiyeselimusta.com.tr,js,0,
Adventure Park,restaurant,http://www.samsunadventurepark.com,js,0,
Amisos Restoran ve Cafe,restaurant,https://www.samsunanakent.com,js,0,
Cigerci Hamza,restaurant,http://www.cigercihamza.com.tr,js,0,
Crakers Pizza,restaurant,https://www.crakerspizza.com,js,0,
Gün Evi,cafe,https://www.instagram.com,js,0,
Kahve Dünyası,cafe,https://www.kahvedunyasi.com,html,12,350.00
Kollekt,cafe,https://www.kollekt.tr,js,0,
Komagene,fast_food,https://www.komagene.com.tr,js,0,
My Friends Burger,fast_food,https://myfriendsburger.com,woo,73,345.00
Peçko,cafe,https://www.pecko.com.tr,js,0,
Ramses Restaurant,restaurant,https://www.ramsestr.com,js,0,
Samsu Börek,restaurant,https://samsuborek.com.tr,js,0,
Seven's Design - Samsun Web Tasarım & Samsun Grafik Tasarım,cafe,https://www.sevens-design.com,js,0,
Starbucks,cafe,https://www.starbucks.co.uk,js,0,
Starbucks,cafe,https://www.starbucks.co.uk,js,0,
Starbucks,cafe,https://www.starbucks.co.uk,js,0,
Yeşiloğlu Restaurant Çakallı,restaurant,http://www.yesiloglurestaurant.com,js,0,
Müze cafe,cafe,https://www.facebook.com,js,0,
Starbucks,cafe,https://www.starbucks.co.uk,js,0,
Yıldız Fast Food,cafe,https://yildizcafe.com.tr,js,0,
Balkır Çiftliği Restaurant,restaurant,https://www.balkirciftligi.com,js,0,
Beylerbeyi Profiterol,restaurant,https://beylerbeyiprofiterol.com,js,0,
By Ada Balık Restoran,restaurant,https://www.byadabalikrestaurant.com.tr,js,0,
Kanyon Kahvaltı,restaurant,http://www.kanyonkahvalti.com,js,0,
Koffee,cafe,https://koffee.tr,js,0,
Köz Tat Çöp Şiş - Tekirdağ,restaurant,https://koztat.com,js,0,
Mangal Döner,restaurant,https://mangaldoner.com.tr,js,0,
Mikel Coffee Kapaklı,cafe,https://mikelcoffee.com.tr,js,0,
Mustafa Veis Dondurma,ice_cream,https://www.veisdondurma.com,js,0,
Mustafa Veis Dondurma,ice_cream,https://www.veisdondurma.com,js,0,
Starbucks,cafe,https://www.starbucks.co.uk,js,0,
Taksim Çiğköfte,restaurant,http://www.taksimcigkofte.com,js,0,
Tokoçin Restaurant,restaurant,https://www.tokocin.com,js,0,
Trakya Saray Restaurant,restaurant,http://www.trakyasarayrestaurant.com,js,0,
Yalı Restaurant,restaurant,https://www.yali.com.tr,js,0,
Zest Bistro Çorlu,restaurant,https://zestbistro.com.tr,js,0,
Ziyafet Çiğköfte,restaurant,http://www.ziyafetcigkofte.com.tr,js,0,
Özcanlar Köfte,restaurant,https://www.ozcanlarkofte.com,js,0,
Öznur Kablo Yemekhane,restaurant,https://oznurkablo.com.tr,js,0,
Kahve Turkish Coffee Turhal,cafe,https://kahveturkishcoffee.com,js,0,
All for More,cafe,https://instagram,js,0,
Bay Lahmacun,restaurant,https://www.baylahmacun.com,js,0,
Beğendik Burger,fast_food,http://www.begendikburger.com,js,0,
Cafe Nosta,cafe,http://www.cafenosta.com,js,0,
Cafe5,cafe,https://www.cafe5.com.tr,js,0,
Cemilusta,restaurant,http://www.cemilusta.com.tr,js,0,
Cephanelik Restaurant,restaurant,https://www.cephanelik.com.tr,js,0,
Jackie's,fast_food,http://www.jackiesdoner.com,js,0,
Kaan Olta Balık,restaurant,https://www.kaanoltabalik.com,js,0,
KD Katık Döner,fast_food,https://www.kdkatikdoner.com.tr,js,0,
Koru,restaurant,http://www.koru-cafe.com,js,0,
Merhan Cafe Restaurant,restaurant,https://www.merhanrestaurant.com,js,0,
Mucca Coffee - Lavazza Shop,cafe,https://mucca.com.tr,js,0,
Nados Döner Hatay Soslu,restaurant,http://yemeksepeti.com,js,0,
Okkam Restaurant,restaurant,https://www.instagram.com,js,0,
Serin Bahçe Pide & Et Restoran,restaurant,https://www.instagram.com,js,0,
Zeen Lounge Cafe,cafe,https://zeenlounge.com,js,0,
Çardak Pide,restaurant,http://www.cardakpide.com,js,0,
Piknik Döner,fast_food,https://www.tikla.com.tr,js,0,
bak hele bak kahvaltı kültür sarayı,restaurant,https://bakhelebak065@gmail.com,js,0,
Kahrvaltı salonu - süctü Kenan,restaurant,http://www.vandakahrvalti.com,js,0,
Deep Corner Coffee,cafe,https://deepcornercoffee.my.canva.site,js,0,
Domino's,fast_food,https://www.dominos.com.tr,html,144,370.00
Eylül sofrası )yemek ve ızgara (,restaurant,https://instagram.com,js,0,
Gardenia Caffee & Restaurant,restaurant,https://gardenia.dijital.menu,js,0,
Locals Coffe,cafe,https://www.instagram.com,js,0,
Magnolia,cafe,https://magnolia.yalova.com,js,0,
Ova Et Köfte,restaurant,http://ovaetkofte.com,js,0,
Saklı Bahçe Esenköy,cafe,https://www.saklibahceyalova.com.tr,html,2,1500.00
Bozok Sosyal Tesisleri,restaurant,https://www.bozoksosyaltesis.com,js,0,
Boost Coffee,cafe,https://www.boostcoffee.com.tr,js,0,
Pizza Venezzia,restaurant,http://pizzavenezzia.com,js,0,
Pizza Venezzia,restaurant,http://pizzavenezzia.com,js,0,
Starbucks,cafe,https://www.starbucks.com.tr,js,0,
Yokuştepe Kahvaltı % Waffle,fast_food,https://www.yokustepe.com,js,0,
