il,ad,tur,mutfak,telefon,website,instagram,saatler,bahce,wifi,adres,ilce,mahalle,lat,lon,harita,osm_id
Adana,Adana Büyükşehir Belediyesi Bülent Ecevit Müzesi,museum,,,,,,,,,,,36.9885416,35.3308229,"https://www.google.com/maps/search/?api=1&query=36.9885416,35.3308229",node/12092510815
Adana,Adana Büyükşehir Belediyesi Sinema Müzesi,museum,,,,,,,,,,,36.9884560,35.3319308,"https://www.google.com/maps/search/?api=1&query=36.9884560,35.3319308",node/12092510813
Adana,Adana Devlet Tiyatrosu,theatre,,,,,,,,,,,36.9906549,35.3313118,"https://www.google.com/maps/search/?api=1&query=36.9906549,35.3313118",node/6815088051
Adana,Adana Devlet Tiyatrosu,theatre,,,,,,,,,,,36.9905033,35.3315305,"https://www.google.com/maps/search/?api=1&query=36.9905033,35.3315305",way/1106599937
Adana,Adana Müzesi,museum,,,,,,,,,,,36.9950525,35.3131496,"https://www.google.com/maps/search/?api=1&query=36.9950525,35.3131496",node/5014570422
Adana,Akustic Sahne,nightclub,,,,,,,,81010 Sokak 2/A,Çukurova,Güzelyalı Mahallesi,37.0339823,35.3181385,"https://www.google.com/maps/search/?api=1&query=37.0339823,35.3181385",node/12637094891
Adana,Aqua Land,water_park,,,,,,,,,,,37.0011345,35.3396372,"https://www.google.com/maps/search/?api=1&query=37.0011345,35.3396372",way/510928321
Adana,Arena PlayStation,amusement_arcade,,,,,Mo-Su 08:00-00:00,,,84213 Sokak,Çukurova,Belediye Evleri Mahallesi,37.0423231,35.2592017,"https://www.google.com/maps/search/?api=1&query=37.0423231,35.2592017",node/6643528195
Adana,Aria Sanat Atölyesi,arts_centre,,,,,,,,,,,37.0488528,35.2836020,"https://www.google.com/maps/search/?api=1&query=37.0488528,35.2836020",node/7417383949
Adana,Art Galerry,museum,,,,,,,,,,,36.9965480,35.3240678,"https://www.google.com/maps/search/?api=1&query=36.9965480,35.3240678",way/1106599570
Adana,Aspendos Balo Salonu,dance,,,,,,,,,,,37.0310508,35.3151088,"https://www.google.com/maps/search/?api=1&query=37.0310508,35.3151088",node/7473590258
Adana,Atatürk Evi,museum,,,,,,,,,,,36.9886434,35.3318113,"https://www.google.com/maps/search/?api=1&query=36.9886434,35.3318113",node/12092510814
Adana,ATOSEV Su Parkı,water_park,,,,,,,,,,,37.0310341,35.3272708,"https://www.google.com/maps/search/?api=1&query=37.0310341,35.3272708",way/1426351479
Adana,Açık Hava Tiyatrosu,theatre,,,,,,,,,,,37.0569306,35.3590998,"https://www.google.com/maps/search/?api=1&query=37.0569306,35.3590998",node/628077479
Adana,Eski Kilise,museum,,,,,,,,1 1,Karaisalı,Eğlence,37.3217843,35.2195561,"https://www.google.com/maps/search/?api=1&query=37.3217843,35.2195561",way/1106543733
Adana,Hamam Müzesi,museum,,,,,,,,,Seyhan,Beşocak,36.9810272,35.3292417,"https://www.google.com/maps/search/?api=1&query=36.9810272,35.3292417",way/305128420
Adana,Los Angeles Playstation Salonu,amusement_arcade,,,,,,,,,,,37.0287450,35.3134152,"https://www.google.com/maps/search/?api=1&query=37.0287450,35.3134152",node/7418521036
Adana,Merkez Park Amfitiyatro,theatre,,,,,,,,,,,37.0004365,35.3353372,"https://www.google.com/maps/search/?api=1&query=37.0004365,35.3353372",way/1106848382
Adana,Pamuk Müzikhol,dance,,+90 322 234 50 42,,,,,,,,,37.0308406,35.3148077,"https://www.google.com/maps/search/?api=1&query=37.0308406,35.3148077",node/7473590259
Adana,Paribu Cineverse,cinema,,,,,,,,,,,37.0182934,35.2420192,"https://www.google.com/maps/search/?api=1&query=37.0182934,35.2420192",node/11337126248
Adana,park Tiyatro,theatre,,,,,,,,,,,37.0173177,35.3298801,"https://www.google.com/maps/search/?api=1&query=37.0173177,35.3298801",way/1106600918
Adana,Seyhan Belediyesi Kahve Müzesi,museum,,,,,,,,,,,36.9884203,35.3292692,"https://www.google.com/maps/search/?api=1&query=36.9884203,35.3292692",node/12092510816
Adana,Sıla Türkü Evi,dance,,,,,Mo-Su 05:00-03:00,,,Adnan Kahveci Bulvarı,Çukurova,Güzelyalı Mahallesi,37.0345743,35.3197344,"https://www.google.com/maps/search/?api=1&query=37.0345743,35.3197344",node/7473597315
Adana,Yeşim Balo & Düğün Salonu,dance,,,,,Mo-Su 09:00-23:55,,,84206 Sokak,Çukurova,Belediye Evleri Mahallesi,37.0423975,35.2594873,"https://www.google.com/maps/search/?api=1&query=37.0423975,35.2594873",node/6641263561
Adiyaman,Adıyaman Müzesi,museum,,,,,,,,,,,37.7630223,38.2781315,"https://www.google.com/maps/search/?api=1&query=37.7630223,38.2781315",relation/15552863
Adiyaman,Kültür Sineması,cinema,,,,,,,,,,,37.7603049,38.2541657,"https://www.google.com/maps/search/?api=1&query=37.7603049,38.2541657",node/5991739257
Afyonkarahisar,Afyonkarahisar Belediyesi Düğün Salonu,events_venue,,,,,,,,,,,38.7823776,30.5306269,"https://www.google.com/maps/search/?api=1&query=38.7823776,30.5306269",way/1422342941
Afyonkarahisar,Afyonkarahisar Müzesi,museum,,,,,,,,,,,38.7865297,30.4731747,"https://www.google.com/maps/search/?api=1&query=38.7865297,30.4731747",way/1370713107
Afyonkarahisar,AKÜ M. Rıza Erçelik Kültür Merkezi,arts_centre,,,,,,,,,,,38.7581548,30.5404970,"https://www.google.com/maps/search/?api=1&query=38.7581548,30.5404970",node/309903529
Afyonkarahisar,Arkeoloji Müzesi,museum,,,,,,,,,,,38.7475257,30.5507689,"https://www.google.com/maps/search/?api=1&query=38.7475257,30.5507689",node/2385386559
Afyonkarahisar,Bediüzzaman Said Nursi Evi,museum,,,,,,,,,,,39.0306890,31.1370727,"https://www.google.com/maps/search/?api=1&query=39.0306890,31.1370727",way/435533731
Afyonkarahisar,Düğün Salonu,events_venue,,,,,,,,,,,38.4706018,30.2777851,"https://www.google.com/maps/search/?api=1&query=38.4706018,30.2777851",way/1450985621
Afyonkarahisar,Mevlevi Müzesi,museum,,,,,,,,,,,38.7537766,30.5336807,"https://www.google.com/maps/search/?api=1&query=38.7537766,30.5336807",way/1451631239
Afyonkarahisar,Paribu Cineverse,cinema,,,,,,,,,,,38.7550154,30.5556245,"https://www.google.com/maps/search/?api=1&query=38.7550154,30.5556245",node/11337177532
Afyonkarahisar,Sucuk Müzesi,museum,,,,,,,,,,,38.7826363,30.5705132,"https://www.google.com/maps/search/?api=1&query=38.7826363,30.5705132",way/1316167426
Afyonkarahisar,Susuz Düğün Salonu,events_venue,,,,,,,,,,,38.8063806,30.6133744,"https://www.google.com/maps/search/?api=1&query=38.8063806,30.6133744",way/1040969518
Afyonkarahisar,Yunus Emre Düğün Salonu,events_venue,,,,,,,,,,,38.4352906,30.2650584,"https://www.google.com/maps/search/?api=1&query=38.4352906,30.2650584",way/1450974145
Afyonkarahisar,Zafer Müzesi,museum,,,,,,,,,,,38.7578529,30.5385726,"https://www.google.com/maps/search/?api=1&query=38.7578529,30.5385726",way/310906811
Afyonkarahisar,Çıkrık Düğün Salonu,events_venue,,,,,,,,Mevlana Celaleddini Rumi Cd. 35,,,38.8683385,30.6176802,"https://www.google.com/maps/search/?api=1&query=38.8683385,30.6176802",way/1037015918
Aksaray,AKSARAY BELEDİYESİ ŞEHITLER MÜZESI,museum,,,https://www.aksaray.bel.tr/HaberDetay.aspx?icerikId=4009&SEHITLIK-MUZESI-HIZMETE-ALINMAYA-HAZIR-HALE-GELIYOR=,,,,,,,,38.3714613,34.0408283,"https://www.google.com/maps/search/?api=1&query=38.3714613,34.0408283",way/1495903964
Aksaray,Aksaray Kültür Evi,museum,,,,,,,,,,,38.3736178,34.0233185,"https://www.google.com/maps/search/?api=1&query=38.3736178,34.0233185",way/461756755
Aksaray,Aksaray Kültür Merkezi,theatre,,,,,,,,,,,38.3802161,33.9984484,"https://www.google.com/maps/search/?api=1&query=38.3802161,33.9984484",way/317853203
Aksaray,Aksaray Müzesi,museum,,,,,,,,,,,38.3605630,33.9938351,"https://www.google.com/maps/search/?api=1&query=38.3605630,33.9938351",way/359634500
Aksaray,Lunapark,theme_park,,,,,,,,,,,38.3689785,34.0100280,"https://www.google.com/maps/search/?api=1&query=38.3689785,34.0100280",way/290834739
Amasya,Amasya İl Eğitim Tarihi Müzesi,museum,,,,,,,,İstasyon Caddesi 74,Merkez,Hızırpaşa,40.6542453,35.8104851,"https://www.google.com/maps/search/?api=1&query=40.6542453,35.8104851",way/1546574229
Amasya,Amasya Kültür Evleri,events_venue,,,,,,,,,,,40.6625939,35.8489486,"https://www.google.com/maps/search/?api=1&query=40.6625939,35.8489486",way/1413566234
Amasya,Amasya Müzesi,museum,,+90 358 218 4513,https://muze.gov.tr/muze-detay?SectionId=AMS01&DistId=MRK,,Mo-Su 08:15-19:00,,,Mustafa Kemal Paşa Caddesi 91,Merkez,Üçler,40.6494862,35.8247482,"https://www.google.com/maps/search/?api=1&query=40.6494862,35.8247482",way/499528118
Amasya,Amasya Müzesi,museum,,+90 358 218 4513,https://muze.gov.tr/muze-detay?SectionId=AMS01&DistId=MRK,,Mo-Su 08:15-19:00,,,Mustafa Kemal Paşa Caddesi 91,Merkez,Üçler,40.6494128,35.8245409,"https://www.google.com/maps/search/?api=1&query=40.6494128,35.8245409",way/1540241928
Amasya,Amfi Tiyatro,theatre,,,,,,,,,,,40.8262268,35.6523882,"https://www.google.com/maps/search/?api=1&query=40.8262268,35.6523882",way/522929240
Amasya,Bahçelievler Kültür Sarayı,arts_centre,,,,,,,,,,,40.8728383,35.4399109,"https://www.google.com/maps/search/?api=1&query=40.8728383,35.4399109",way/545926195
Amasya,Cumhuriyet Kültür Merkezi,events_venue,,,,,,,,,,,40.8739769,35.2141888,"https://www.google.com/maps/search/?api=1&query=40.8739769,35.2141888",node/7983024703
Amasya,Ferhat and Şirin Lovers Museum,museum,,,https://amasya.ktb.gov.tr/TR-243789/ferhat-ile-sirin-asiklar-muzesi.html,,,,,,,,40.6331928,35.8133718,"https://www.google.com/maps/search/?api=1&query=40.6331928,35.8133718",node/5113720182
Amasya,Ferhat ile Şirin Aşıklar Müzesi,museum,,,,,,,,,,,40.6331657,35.8135165,"https://www.google.com/maps/search/?api=1&query=40.6331657,35.8135165",way/1544403607
Amasya,Hamit Kaplan Müzesi,museum,,,,,,,,,,,40.7850918,35.0262988,"https://www.google.com/maps/search/?api=1&query=40.7850918,35.0262988",node/13942791107
Amasya,Hamit Kaplan Müzesi,museum,,,,,,,,,,,40.7849760,35.0264018,"https://www.google.com/maps/search/?api=1&query=40.7849760,35.0264018",way/1238411782
Amasya,Hazeranlar Konağı,museum,,,,,,,,,,,40.6522910,35.8297873,"https://www.google.com/maps/search/?api=1&query=40.6522910,35.8297873",node/5363404321
Amasya,Mertay Lunapark,theme_park,,,,,,,,,,,40.6547709,35.8109433,"https://www.google.com/maps/search/?api=1&query=40.6547709,35.8109433",way/1102902475
Amasya,Minyatür Amasya Müzesi,museum,,,,,,,,,,,40.6503305,35.8277004,"https://www.google.com/maps/search/?api=1&query=40.6503305,35.8277004",way/1349617809
Amasya,Sabuncuoğlu Tıp ve Cerrahi Tarihi Müzesi,museum,,,https://amasya.ktb.gov.tr/TR-59522/sabuncuoglu-tip-ve-cerrahi-tarihi-muzesi.html,,,,,,,,40.6538357,35.8356733,"https://www.google.com/maps/search/?api=1&query=40.6538357,35.8356733",node/4458844090
Amasya,Suluova Kültür Merkezi,arts_centre,,,,,,,,,,,40.8254404,35.6525349,"https://www.google.com/maps/search/?api=1&query=40.8254404,35.6525349",node/6298033844
Ankara,15 Temmuz Demokrasi Şehitleri Müzesi,museum,,,,,,,,,,,39.9289649,32.8037554,"https://www.google.com/maps/search/?api=1&query=39.9289649,32.8037554",relation/16363339
Ankara,Abdürrahim Tuncak Atatürk Müzesi,museum,,,,,,,,,,,39.8854822,32.6512709,"https://www.google.com/maps/search/?api=1&query=39.8854822,32.6512709",way/332236303
Ankara,Abidinpaşa Köşkü,museum,,,,,,,,,,,39.9276229,32.8825651,"https://www.google.com/maps/search/?api=1&query=39.9276229,32.8825651",way/417922716
Ankara,Ahmet Adnan Saygun Merkezi,arts_centre,,,,,,,,,,,39.8758216,32.7513457,"https://www.google.com/maps/search/?api=1&query=39.8758216,32.7513457",node/4326329325
Ankara,Akman Rönesans,events_venue,,,,,,,,,,,39.8802079,32.6724636,"https://www.google.com/maps/search/?api=1&query=39.8802079,32.6724636",way/1124681955
Ankara,Akün Sahnesi,theatre,,,,,,,,,,,39.9038757,32.8590584,"https://www.google.com/maps/search/?api=1&query=39.9038757,32.8590584",node/122609769
Ankara,Ala Geyik Adası,zoo,,,,,,,,,,,39.9497102,32.7977003,"https://www.google.com/maps/search/?api=1&query=39.9497102,32.7977003",way/1497310780
Ankara,Alagöz Karargah Müzesi,museum,,,,,,,,,,,39.7466290,32.4785716,"https://www.google.com/maps/search/?api=1&query=39.7466290,32.4785716",way/293503614
Ankara,Alakart Sineması,cinema,,,,,,,,,,,39.9568884,32.6619564,"https://www.google.com/maps/search/?api=1&query=39.9568884,32.6619564",node/13051267995
Ankara,Ali Ersoy Mahallesi̇ Buz Pisti,ice_rink,,,,,,,,,,,39.9674539,32.8988643,"https://www.google.com/maps/search/?api=1&query=39.9674539,32.8988643",way/740141035
Ankara,Alpman Sanat Galerisi,arts_centre,,,,,,,,,,,39.8910219,32.8554312,"https://www.google.com/maps/search/?api=1&query=39.8910219,32.8554312",node/247208821
Ankara,Altınköy Açık Hava Müzesi,museum,,+90 312 375 15 88,,,Tu-Su 10:00-20:00,,,2022 1,Altındağ,Beşikkaya Mah.,39.9774874,32.9563343,"https://www.google.com/maps/search/?api=1&query=39.9774874,32.9563343",node/10303201723
Ankara,Altınköy Açık Hava Müzesi,museum,,+90 312 375 15 88,http://www.altinkoy.tc/,,Tue-Su 10:00-19:00,,,,,,39.9773548,32.9561514,"https://www.google.com/maps/search/?api=1&query=39.9773548,32.9561514",way/413152314
Ankara,Altınpark Expo Center,events_venue,,,,,,,,,,,39.9678616,32.8761101,"https://www.google.com/maps/search/?api=1&query=39.9678616,32.8761101",way/420891100
Ankara,Amfiteatr,theatre,,,,,,,,,,,39.8334550,32.7442575,"https://www.google.com/maps/search/?api=1&query=39.8334550,32.7442575",way/451374783
Ankara,Amfitiyatro,theatre,,,,,,,,,,,39.8742412,32.7286508,"https://www.google.com/maps/search/?api=1&query=39.8742412,32.7286508",way/163315029
Ankara,Anadolu Gösteri Merkezi,theatre,,,,,,,,,,,39.9119519,32.8259006,"https://www.google.com/maps/search/?api=1&query=39.9119519,32.8259006",node/122625535
Ankara,Anadolu Medeniyetleri Müzesi,museum,,0312 324 31 60/61,,,Mo-Su,,,Gözcü Sokak 2,Altındağ,Kale Mahallesi,39.9379522,32.8617633,"https://www.google.com/maps/search/?api=1&query=39.9379522,32.8617633",way/363095473
Ankara,Anemon Düğün Salonları,events_venue,,,,,,,,,,,39.9505110,32.6332065,"https://www.google.com/maps/search/?api=1&query=39.9505110,32.6332065",node/13683020421
Ankara,Angel Wedding,events_venue,,,,,,,,,,,39.9360202,32.6368828,"https://www.google.com/maps/search/?api=1&query=39.9360202,32.6368828",node/13782790675
Ankara,Anka Wedding,events_venue,,,https://ankarademirsporsosyaltesisleri.com/,,,,,,,,39.9412782,32.7727425,"https://www.google.com/maps/search/?api=1&query=39.9412782,32.7727425",node/13120751459
Ankara,Ankapark,theme_park,,,,,,,,,,,39.9431469,32.7839099,"https://www.google.com/maps/search/?api=1&query=39.9431469,32.7839099",way/419283319
Ankara,Ankara Büyükşehir Belediyesi Başkent Sosyal Tesisi,events_venue,,+90 312 507 37 00,https://dugunsalonu.ankara.bel.tr/,,,,,Göksu Parkı İç Yolu 17,Etimesgut,Göksu,39.9917655,32.6477515,"https://www.google.com/maps/search/?api=1&query=39.9917655,32.6477515",way/423602715
Ankara,Ankara Devlet Opera ve Balesi,theatre,,,devtiyatro.gov.tr,,,,,,,,39.9353904,32.8531071,"https://www.google.com/maps/search/?api=1&query=39.9353904,32.8531071",way/404878536
Ankara,Ankara Keçisi Adası,zoo,,,,,,,,,,,39.9507404,32.8009163,"https://www.google.com/maps/search/?api=1&query=39.9507404,32.8009163",way/1497309555
Ankara,Ankara Palas,museum,,+090(0312) 311 10 20,,,,,,Cumhuriyet Caddesi No:3,Altındağ,Doğanbey Mahallesi,39.9405547,32.8523618,"https://www.google.com/maps/search/?api=1&query=39.9405547,32.8523618",way/783229342
Ankara,Ankara Resim ve Heykel Müzesi,museum,,+90 310 209 4- 95,http://www.kultur.gov.tr/genel/SanalMuzeler/ResimHeykelMuzesi/,,Tu-Su 09:00-17:00,,,Türkocağı Sokak 1,Ulus,,39.9333126,32.8557490,"https://www.google.com/maps/search/?api=1&query=39.9333126,32.8557490",way/318274938
Ankara,Ankara Sanat Tiyatrosu,theatre,,,,,,,,,,,39.9239662,32.8536199,"https://www.google.com/maps/search/?api=1&query=39.9239662,32.8536199",node/1199433530
Ankara,Ankara Vakıf Eserleri Müzesi,museum,,+90 312 311 49 25,,,Tu- Su 09:00-17:00,,,Atatürk Bulvarı 23,Altındağ,Anafartalar Mah.,39.9356365,32.8549852,"https://www.google.com/maps/search/?api=1&query=39.9356365,32.8549852",way/431477240
Ankara,Anktalya Aqua Park,water_park,,,,,,,,,,,39.9902330,32.7247608,"https://www.google.com/maps/search/?api=1&query=39.9902330,32.7247608",way/775539006
Ankara,Aqua Vega Akvaryum,aquarium,,,,,"Mo-Fr 10:00-20:00, Sa-Su 11:00-21:00",,,2308. Sokak,Mamak,Akşemsettin Mah.,39.8876851,32.9349322,"https://www.google.com/maps/search/?api=1&query=39.8876851,32.9349322",node/11209121537
Ankara,Aquapark,water_park,,,,,,,,,,,40.1143616,33.0202591,"https://www.google.com/maps/search/?api=1&query=40.1143616,33.0202591",way/506325679
Ankara,Arcadium Sinemaları,cinema,,,,,,,,,,,39.8829337,32.6861235,"https://www.google.com/maps/search/?api=1&query=39.8829337,32.6861235",node/13809407007
Ankara,ARCKİDS Eğlence Parkı,theme_park,,+90 312 241 42 20,https://www.instagram.com/arckidseglencemerkezi/,,Mo-Su 10:00-22:00,,wlan,Doğan Taşdelen Bulvarı 192,Çankaya,Koru Mah.,39.8827134,32.6856062,"https://www.google.com/maps/search/?api=1&query=39.8827134,32.6856062",node/10563513167
Ankara,Armoni,events_venue,,,,,,,,,,,39.9361736,32.6368952,"https://www.google.com/maps/search/?api=1&query=39.9361736,32.6368952",node/13782790659
Ankara,Aslan Bey Düğün Salonu,events_venue,,,,,,,,,,,39.9646551,32.6081520,"https://www.google.com/maps/search/?api=1&query=39.9646551,32.6081520",node/13173771081
Ankara,Aslı Bale Kursu,dance,,,,,,,,,,,39.8781035,32.8810154,"https://www.google.com/maps/search/?api=1&query=39.8781035,32.8810154",node/6433194541
Ankara,At Adası,zoo,,,,,,,,,,,39.9513840,32.8006683,"https://www.google.com/maps/search/?api=1&query=39.9513840,32.8006683",way/1497305611
Ankara,Atatürk Evi,museum,,,https://www.aoc.gov.tr/index.php?view=cnt&cinf=24%7C12%7C12,,,,,,,,39.9360757,32.7981273,"https://www.google.com/maps/search/?api=1&query=39.9360757,32.7981273",way/911297645
Ankara,Atatürk Kültür Merkezi,museum,,,,,,,,,,,39.9435364,32.8404485,"https://www.google.com/maps/search/?api=1&query=39.9435364,32.8404485",way/1131599249
Ankara,Atatürk Müzesi ve Okuma Evi,museum,,+90 312 280 39 35,https://www.etimesgut.bel.tr/merkez/hizmet-merkezlerimiz/ataturk-muzesi-ve-okuma-evi,,Mo-Fr 09:00-18:00; Sa 09:00-17:00,,,2637. Sokak,Etimesgut,Şehit Osman Avcı,39.9758785,32.6524212,"https://www.google.com/maps/search/?api=1&query=39.9758785,32.6524212",way/1488919697
Ankara,Atatürk Müzesi ve Okuma Evi,museum,,+90 312 280 39 35,https://www.etimesgut.bel.tr/merkez/hizmet-merkezlerimiz/ataturk-muzesi-ve-okuma-evi,,Mo-Fr 09:00-18:00; Sa 09:00-17:00,,,2637. Sokak,Etimesgut,Şehit Osman Avcı,39.9758785,32.6524212,"https://www.google.com/maps/search/?api=1&query=39.9758785,32.6524212",way/1507534109
Ankara,Atatürk Sanat Merkezi,arts_centre,,,,,,,,2158. Sokak No: 13,Çankaya,Mustafa Kemal Mahallesi,39.9086642,32.7669525,"https://www.google.com/maps/search/?api=1&query=39.9086642,32.7669525",way/1501334772
Ankara,Atatürk ve Kurtuluş Savaşı Müzesi,museum,,+90 312 231 79 75,https://www.anitkabir.tsk.tr/03_muzeler/muzeler.html,,Mo-Su 09:00-16:00,,,,,,39.9249828,32.8376958,"https://www.google.com/maps/search/?api=1&query=39.9249828,32.8376958",way/28241510
Ankara,Atatürk ve Millî Mücadele Müzesi,museum,,,,,,,,,,,39.9661780,32.8644467,"https://www.google.com/maps/search/?api=1&query=39.9661780,32.8644467",way/1124689363
Ankara,Atlas Sanat Galerisi,gallery,,+90 312 468 59 04,http://www.atlassanat.com/,,,,,Cinnah Caddesi 19,,,39.8969494,32.8581697,"https://www.google.com/maps/search/?api=1&query=39.8969494,32.8581697",node/6433295765
Ankara,Atılım Garden,events_venue,,,,,,,,,,,39.8165172,32.7227286,"https://www.google.com/maps/search/?api=1&query=39.8165172,32.7227286",way/392713676
Ankara,Atılım Üniversitesi Amfi Tiyatro,theatre,,,,,,,,,,,39.8148784,32.7257623,"https://www.google.com/maps/search/?api=1&query=39.8148784,32.7257623",way/422639639
Ankara,Bahçeli Park Düğün Salonu,events_venue,,,,,,,,,,,39.7866510,32.8167638,"https://www.google.com/maps/search/?api=1&query=39.7866510,32.8167638",way/1030752029
Ankara,Baskent Nightclub,nightclub,,,,,,,,,,,39.9131699,32.8596351,"https://www.google.com/maps/search/?api=1&query=39.9131699,32.8596351",node/10036176283
Ankara,Belpa Buz Pateni Sarayı,ice_rink,,,,,,,,,,,39.9174624,32.8301401,"https://www.google.com/maps/search/?api=1&query=39.9174624,32.8301401",way/417663256
Ankara,Beyaz Ala Geyik Adası,zoo,,,,,,,,,,,39.9497639,32.8012458,"https://www.google.com/maps/search/?api=1&query=39.9497639,32.8012458",way/1497308351
Ankara,Beypazarı Kent Tarihi Müzesi,museum,,,,,,,,,,,40.1703186,31.9204377,"https://www.google.com/maps/search/?api=1&query=40.1703186,31.9204377",way/1212978041
Ankara,Beypazarı Tarih ve Kültür Evi,museum,,,,,,,,,,,40.1698815,31.9161970,"https://www.google.com/maps/search/?api=1&query=40.1698815,31.9161970",way/1212976642
Ankara,Beştepe Millet Kongre ve Kültür Merkezi,theatre,,,,,,,,,,,39.9287331,32.8017632,"https://www.google.com/maps/search/?api=1&query=39.9287331,32.8017632",way/472935191
Ankara,Bilardo Salonu,amusement_arcade,,,,,,,,,,,39.9299505,32.8730637,"https://www.google.com/maps/search/?api=1&query=39.9299505,32.8730637",node/3991976554
Ankara,Bilkent Prestige,cinema,,,,,,,,,,,39.8836372,32.7578436,"https://www.google.com/maps/search/?api=1&query=39.8836372,32.7578436",node/310048122
Ankara,Bilkent Senfoni Orkestrası (BSO) Konser Salonu,theatre,,,https://www.bso.bilkent.edu.tr/,,,,,,,,39.8689242,32.7549683,"https://www.google.com/maps/search/?api=1&query=39.8689242,32.7549683",node/308748206
Ankara,Biyosfer Müze,museum,,,https://www.biyosfermuze.com/,,,,,,,,39.8939213,32.7325064,"https://www.google.com/maps/search/?api=1&query=39.8939213,32.7325064",way/899895811
Ankara,Blackball,amusement_arcade,,,,,,,,,,,39.8925677,32.7882160,"https://www.google.com/maps/search/?api=1&query=39.8925677,32.7882160",node/4627537417
Ankara,Botanik Amfi,theatre,,,,,,,,,,,39.8883669,32.8564778,"https://www.google.com/maps/search/?api=1&query=39.8883669,32.8564778",way/681425148
Ankara,Bowling Academy Ankara,bowling_alley,,,,,Tu-Su 00:00-23:00,,,,,,39.7827259,32.8119354,"https://www.google.com/maps/search/?api=1&query=39.7827259,32.8119354",node/13745786902
Ankara,Büyülü Fener Bahçelievler,cinema,,,,,,,,18. Sk. 22,,7. Cadde,39.9194818,32.8250371,"https://www.google.com/maps/search/?api=1&query=39.9194818,32.8250371",way/224873872
Ankara,Büyülüfener Sineması,cinema,,,,,Mo-Su 10:00-24:00,,,,,,39.9177380,32.8584647,"https://www.google.com/maps/search/?api=1&query=39.9177380,32.8584647",node/1199439279
Ankara,Cadde Sanat,arts_centre,,,,,,,,,,,39.8971513,32.8488214,"https://www.google.com/maps/search/?api=1&query=39.8971513,32.8488214",node/13526382401
Ankara,CerModern,museum,,+90 312 3100000,https://www.cermodern.org/,,Tu-Su 10:00-20:00,,,Altınsoy Caddesi 3,,,39.9321052,32.8497340,"https://www.google.com/maps/search/?api=1&query=39.9321052,32.8497340",way/435399786
Ankara,Cevahir Nikah Balo Toplantı,events_venue,,,,,,,,,,,39.9667013,32.7725663,"https://www.google.com/maps/search/?api=1&query=39.9667013,32.7725663",node/13724520199
Ankara,Cin Ali Müzesi,museum,,,,,,,,,,,39.9056802,32.8626439,"https://www.google.com/maps/search/?api=1&query=39.9056802,32.8626439",way/225920084
Ankara,Cinemarine Taurus,cinema,,,,,,,,,,,39.8885027,32.8107625,"https://www.google.com/maps/search/?api=1&query=39.8885027,32.8107625",node/4652806138
Ankara,Club Mirador,events_venue,,,,,,,,,,,39.8117160,32.7825627,"https://www.google.com/maps/search/?api=1&query=39.8117160,32.7825627",way/1467531490
Ankara,CSO Ada Ankara,arts_centre,,,,,,,,,,,39.9329804,32.8506170,"https://www.google.com/maps/search/?api=1&query=39.9329804,32.8506170",way/879793992
Ankara,CSO Ada Ankara Tarihi Salon,theatre,,,,,,,,,,,39.9345481,32.8497682,"https://www.google.com/maps/search/?api=1&query=39.9345481,32.8497682",way/472903884
Ankara,Cumhurbaşkanlığı Senfoni Orkestrası,theatre,,,,,,,,,,,39.9333502,32.8504837,"https://www.google.com/maps/search/?api=1&query=39.9333502,32.8504837",way/880861580
Ankara,Cumhuriyet Müzesi,museum,,+90 312 310 53 61,http://cumhuriyetmuzesi.gov.tr/index.php,,Tu-Fr Summer 08:30-19:00; Tu-Fr Winter 08:30-17:00,,,22,Ulus,Cumhuriyet Bulvarı,39.9413794,32.8516313,"https://www.google.com/maps/search/?api=1&query=39.9413794,32.8516313",way/419393082
Ankara,Cüce Keçi Adası,zoo,,,,,,,,,,,39.9507663,32.8015707,"https://www.google.com/maps/search/?api=1&query=39.9507663,32.8015707",way/1497309465
Ankara,Dark Playstation,amusement_arcade,,,,,,,,,,,39.9689440,32.7857279,"https://www.google.com/maps/search/?api=1&query=39.9689440,32.7857279",node/12651728645
Ankara,DART DANS VE SANAT OKULU,dance,,,,,,,,,,,39.8703965,32.6823271,"https://www.google.com/maps/search/?api=1&query=39.8703965,32.6823271",node/9013595101
Ankara,Demetevler Lunaparkı,theme_park,,,,,Mo-Su 09:00-21:00,,,Güzelyaka Caddesi 2,Yenimahalle,Barış,39.9679682,32.7978802,"https://www.google.com/maps/search/?api=1&query=39.9679682,32.7978802",way/243148640
Ankara,Deniz Dünyası Akvaryum,aquarium,,,,,,,,,Keçiören,,39.9758381,32.8733986,"https://www.google.com/maps/search/?api=1&query=39.9758381,32.8733986",way/405669828
Ankara,Deve Adası,zoo,,,,,,,,,,,39.9505960,32.7999952,"https://www.google.com/maps/search/?api=1&query=39.9505960,32.7999952",way/1497308053
Ankara,Deve Kuşu Adası,zoo,,,,,,,,,,,39.9499285,32.7953250,"https://www.google.com/maps/search/?api=1&query=39.9499285,32.7953250",way/1496900531
Ankara,Devlet Mezarlığı Müzesi,museum,,,,,,,,,,,39.9355175,32.8085040,"https://www.google.com/maps/search/?api=1&query=39.9355175,32.8085040",way/468545977
Ankara,Devlet Tiyatroları Atölye Sahnesi,theatre,,,,,,,,,,,39.9516066,32.7665074,"https://www.google.com/maps/search/?api=1&query=39.9516066,32.7665074",node/667489374
Ankara,Devlet Tiyatroları Pursaklar Sahnesi,theatre,,,,,,,,,,,40.0698195,32.9214652,"https://www.google.com/maps/search/?api=1&query=40.0698195,32.9214652",way/457992834
Ankara,Dijital Hayvanat Bahçesi,zoo,,,,,,,,Atatürk Çocukları Parkı İçi Yolu,Yenimahalle,Gazi Mahallesi,39.9477142,32.7986926,"https://www.google.com/maps/search/?api=1&query=39.9477142,32.7986926",node/11948843476
Ankara,Dijital Hayvanat Bahçesi,zoo,,,,,,,,Atatürk Çocukları Parkı İçi Yolu,Yenimahalle,Gazi Mahallesi,39.9477258,32.7990803,"https://www.google.com/maps/search/?api=1&query=39.9477258,32.7990803",way/1288492297
Ankara,Doğan Taşdelen Çağdaş Sanatlar Merkezi,arts_centre,,+90 312 468 21 05,,,,,,Kennedy Caddesi 4,Çankaya,Kavaklıdere,39.9086327,32.8576093,"https://www.google.com/maps/search/?api=1&query=39.9086327,32.8576093",way/28470675
Ankara,Dream Garden Wedding & Events,events_venue,,,,,,no,,,,,39.8414946,32.6713042,"https://www.google.com/maps/search/?api=1&query=39.8414946,32.6713042",node/12144569801
Ankara,Dönme Dolap,theme_park,,,,,,,,,,,39.7936006,32.8206315,"https://www.google.com/maps/search/?api=1&query=39.7936006,32.8206315",way/1030992025
Ankara,Dört Mevsim Tiyarto Salonu,theatre,,,,,,,,,,,39.9619067,32.8094947,"https://www.google.com/maps/search/?api=1&query=39.9619067,32.8094947",way/421613236
Ankara,Ehl-i Saadet,events_venue,,,,,,,,,,,39.9362746,32.6367726,"https://www.google.com/maps/search/?api=1&query=39.9362746,32.6367726",node/13782790673
Ankara,Enerji Parkı,museum,,,,,,,,,,,39.9026374,32.7995399,"https://www.google.com/maps/search/?api=1&query=39.9026374,32.7995399",way/422025903
Ankara,Erimtan Arkeoloji ve Sanat Müzesi,museum,,,https://erimtanmuseum.org/tr,,,,,Gözcü Sokak 10,Altındağ,Kale Mahallesi,39.9377669,32.8630216,"https://www.google.com/maps/search/?api=1&query=39.9377669,32.8630216",way/871035195
Ankara,Escape,nightclub,,,,,,,,,,,39.8710933,32.6811779,"https://www.google.com/maps/search/?api=1&query=39.8710933,32.6811779",node/5281953550
Ankara,Eski Ankara Bağ Evi,museum,,+90 312 355 20 27,https://vekam.ku.edu.tr/ankara-bag-evi/hakkimizda/ankara-bag-evinin-tarihcesi/,,,,,Şht. Hakan Turan Caddesi 18,,,39.9996854,32.8595071,"https://www.google.com/maps/search/?api=1&query=39.9996854,32.8595071",way/409525922
Ankara,Etnografya Müzesi,museum,,+90 312 311 30 07,https://muze.gov.tr/muze-detay?SectionId=AET01&DistId=MRK,,Tu-Su 09:00-17:00,,,Türkocağı Sokak 4,Ulus,Hacettepe,39.9326719,32.8552989,"https://www.google.com/maps/search/?api=1&query=39.9326719,32.8552989",way/217483084
Ankara,Evcil Hayvanlar Parkı,zoo,,,,,,,,,,,39.9735965,32.5868731,"https://www.google.com/maps/search/?api=1&query=39.9735965,32.5868731",way/226317637
Ankara,Evrem Sanat Atölyesi,arts_centre,,+90 531 281 3626,,evremsanatatolye,,,,320. Sokak 6,,,39.7836925,32.8069446,"https://www.google.com/maps/search/?api=1&query=39.7836925,32.8069446",node/13745903202
Ankara,Ewet'de Düğün Salonu,events_venue,,,,,,,,,Yenimahalle,Ostim OSB,39.9722209,32.7457999,"https://www.google.com/maps/search/?api=1&query=39.9722209,32.7457999",node/12740094996
Ankara,Family Lunapark,theme_park,,,,,,,,,,,39.9588967,32.9705346,"https://www.google.com/maps/search/?api=1&query=39.9588967,32.9705346",way/380035355
Ankara,Feza Gürsey Bilim Merkezi,museum,,+90 312 317 99 19;+90 312 596 90 00,https://fgbm.com.tr/,,"Mo-Su, PH 08:00-18:00",,,Şehit Astsubay Ömer Halisdemir Bulvarı 154,Altındağ,Altınpark,39.9683754,32.8798792,"https://www.google.com/maps/search/?api=1&query=39.9683754,32.8798792",node/1503934520
Ankara,Fikret Otyam Sanat Merkezi,arts_centre,,,,,,,,,,,39.8794524,32.6573159,"https://www.google.com/maps/search/?api=1&query=39.8794524,32.6573159",way/1124656690
Ankara,Filamingo Adası,zoo,,,,,,,,,,,39.9496578,32.7998197,"https://www.google.com/maps/search/?api=1&query=39.9496578,32.7998197",way/1497309153
Ankara,Fun Land Nata Vega AVM Şubesi Kapalı Alan Eğlence Merkezi,theme_park,,,,,Mo-Su 10:00-22:00,,,Nato Yolu Caddesi,Mamak,Akşemsettin Mah.,39.8881280,32.9346814,"https://www.google.com/maps/search/?api=1&query=39.8881280,32.9346814",node/10560179817
Ankara,Gazi Üniversitesi Konser Salonu,theatre,,,,,,,,,,,39.9383592,32.8225120,"https://www.google.com/maps/search/?api=1&query=39.9383592,32.8225120",node/92457415
Ankara,Gençlik Parkı Başkent Güneşi Lunaparkı,theme_park,,,,,Mo-Su 10:00-22:00,,,,,,39.9357093,32.8480371,"https://www.google.com/maps/search/?api=1&query=39.9357093,32.8480371",way/245048870
Ankara,Gordion Müzesi,museum,,,,,,,,,,,39.6525598,31.9966349,"https://www.google.com/maps/search/?api=1&query=39.6525598,31.9966349",relation/3223333
Ankara,Grand Park Optimum,events_venue,,,,,,,,,,,39.9648923,32.6460303,"https://www.google.com/maps/search/?api=1&query=39.9648923,32.6460303",node/13556121863
Ankara,Gökkuşağı Düğün Salonu,dance,,,,,,,,1690. Cadde,Mamak,Başak Mahallesi,39.9671769,32.9573587,"https://www.google.com/maps/search/?api=1&query=39.9671769,32.9573587",node/10918197050
Ankara,Gökyay Vakfı Satranç Müzesi,museum,,+90 530 237 99 32,https://www.gokyaysatrancvakfi.org.tr/,,Tu-Su 10:00-18:00,,,Ulucanlar Caddesi 3,Altndağ,Sakarya,39.9346959,32.8633082,"https://www.google.com/maps/search/?api=1&query=39.9346959,32.8633082",node/10303297758
Ankara,Gölbaşı Şehir Parkı,theme_park,,,,,24 saat açık,,,Seğmenler Caddesi,Gölbaşı,Beyşehir Gölü,39.7936059,32.8202714,"https://www.google.com/maps/search/?api=1&query=39.7936059,32.8202714",node/10563607017
Ankara,Hacı Bayram Veli Evi,museum,,,,,,,,,,,39.9452502,32.8580886,"https://www.google.com/maps/search/?api=1&query=39.9452502,32.8580886",way/1351791074
Ankara,Halide Edip Adıvar ve Kadın Kahramanlar Müzesi,museum,,,,,,,,,Polatlı,Sakarya,39.5027983,32.0763046,"https://www.google.com/maps/search/?api=1&query=39.5027983,32.0763046",way/1021499643
Ankara,Harikalar Diyarı,theme_park,,,,,Mo-Su 12:00-24:00,,,Ankara-Ayaş Yolu 9-5,Sincan,Yunus Emre mahallesi,39.9806309,32.5887672,"https://www.google.com/maps/search/?api=1&query=39.9806309,32.5887672",node/10560027831
Ankara,Haritacılık Müzesi,museum,,,,,,,,,,,39.9317820,32.8821019,"https://www.google.com/maps/search/?api=1&query=39.9317820,32.8821019",node/2956218306
Ankara,Havacılık Müzesi,museum,,+90 312 244 85 50,https://ankarahavamuze.hvkk.tsk.tr/News/Article/ankarahavamuze/7117,,,,,2453 Caddesi,Etimesgut,Fatih Sultan Mehmet Bulvarı,39.9489328,32.7029573,"https://www.google.com/maps/search/?api=1&query=39.9489328,32.7029573",way/421506942
Ankara,Havacılık Müzesi,museum,,,https://ankarahavamuze.hvkk.tsk.tr,,,,,,,,39.9480413,32.7041646,"https://www.google.com/maps/search/?api=1&query=39.9480413,32.7041646",way/447889090
Ankara,Hisar Park,events_venue,,+90 312 527 64 44,https://hisarpark.metro.biz/,,,,,Hoca Ahmet Yesevi Caddesi 15,Pursaklar,Merkez Mahallesi,40.0416958,32.8938883,"https://www.google.com/maps/search/?api=1&query=40.0416958,32.8938883",way/612695781
Ankara,IMAX ANKAmall,cinema,,,,,,,,,,,39.9508340,32.8304392,"https://www.google.com/maps/search/?api=1&query=39.9508340,32.8304392",node/3903605139
Ankara,İncek Haus Düğün Salonu,events_venue,,,,,,,,,,,39.8074455,32.6995268,"https://www.google.com/maps/search/?api=1&query=39.8074455,32.6995268",way/1457886488
Ankara,Joyport Kapalı Ala Eğlence Merkezi,theme_park,,+90 312 503 04 05,https://joyport.com.tr,,,,,Ankaralılar Cd.,Çankaya,Koru Mah.,39.9003519,32.6911362,"https://www.google.com/maps/search/?api=1&query=39.9003519,32.6911362",node/10563582203
Ankara,Karamel Sanat Merkezi Sanatoryum,arts_centre,,,,,,,,,,,39.9802488,32.8595274,"https://www.google.com/maps/search/?api=1&query=39.9802488,32.8595274",node/14021746680
Ankara,Kedi Adası,zoo,,,,,,,,,,,39.9491412,32.8011817,"https://www.google.com/maps/search/?api=1&query=39.9491412,32.8011817",way/1497352049
Ankara,Kelime Müzesi,museum,,,,,,,,,,,39.9382976,32.8626734,"https://www.google.com/maps/search/?api=1&query=39.9382976,32.8626734",way/874846758
Ankara,Kentpark Prestige,cinema,,,,,,,,,,,39.9097445,32.7754140,"https://www.google.com/maps/search/?api=1&query=39.9097445,32.7754140",node/4678974486
Ankara,Kite,nightclub,,,https://kiteankara.com/,,,,,Güvenlik Cad. 97,,,39.8987576,32.8537041,"https://www.google.com/maps/search/?api=1&query=39.8987576,32.8537041",node/4773860021
Ankara,Koç Üniversitesi VEKAM,museum,,,,,,,,,,,39.9418663,32.8579662,"https://www.google.com/maps/search/?api=1&query=39.9418663,32.8579662",way/925602360
Ankara,Kurtuluş Savaşı Müzesi,museum,,+90 312 420 19 20;+90 312 420 86 40,"https://www.kultur.gov.tr/TR,96356/ankara---kurtulus-savasi-muzesi-i-tbmm-binasi.html",,Mo-Su,,,Cumhuriyet Caddesi 2/1,Altındağ,Doğantepe Mah.,39.9419036,32.8536796,"https://www.google.com/maps/search/?api=1&query=39.9419036,32.8536796",way/419393108
Ankara,Kuğu Adası,zoo,,,,,,,,,,,39.9499141,32.7997350,"https://www.google.com/maps/search/?api=1&query=39.9499141,32.7997350",way/1497310394
Ankara,Kuş Adası,zoo,,,,,,,,,,,39.9509743,32.8053210,"https://www.google.com/maps/search/?api=1&query=39.9509743,32.8053210",way/1497307792
Ankara,Kült Kavaklıdere,cinema,,+90 312 830 93 73,https://www.kultkavaklidere.org/,https://www.instagram.com/kultkavaklidere/,,,,Tunalı Hilmi Caddesi 105,Çankaya,Barbaros,39.9047664,32.8608620,"https://www.google.com/maps/search/?api=1&query=39.9047664,32.8608620",node/75313934
Ankara,Kırrda Wedding,events_venue,,,,,,,,,,,39.9752138,32.7663690,"https://www.google.com/maps/search/?api=1&query=39.9752138,32.7663690",node/13543472530
Ankara,Kız Kıza Meyhane,nightclub,,,,,,,,Sukarno Cd. 7,Çankaya,Hilal Mahallesi,39.8676324,32.8576718,"https://www.google.com/maps/search/?api=1&query=39.8676324,32.8576718",node/12503895014
Ankara,Kızıl Geyik Adası,zoo,,,,,,,,,,,39.9497258,32.8008166,"https://www.google.com/maps/search/?api=1&query=39.9497258,32.8008166",way/1497309413
Ankara,La Dance Academy,dance,,+90 538 865 35 00,https://ladansakademi.com/,,,,,Tunus Caddesi 46/4,,,39.9079755,32.8583235,"https://www.google.com/maps/search/?api=1&query=39.9079755,32.8583235",node/11203817923
Ankara,La Mira,events_venue,,,,,,,,,,,39.9359221,32.6369252,"https://www.google.com/maps/search/?api=1&query=39.9359221,32.6369252",node/13782790676
Ankara,Lama Adası,zoo,,,,,,,,,,,39.9494154,32.7988169,"https://www.google.com/maps/search/?api=1&query=39.9494154,32.7988169",way/1497312895
Ankara,Lunapark,theme_park,,,,,,,,,,,39.9781971,32.5841191,"https://www.google.com/maps/search/?api=1&query=39.9781971,32.5841191",way/226315180
Ankara,Lunapark,theme_park,,,,,,,,,,,39.9240084,32.8785559,"https://www.google.com/maps/search/?api=1&query=39.9240084,32.8785559",way/365629492
Ankara,Maymun Adası,zoo,,,,,,,,,,,39.9491939,32.7995699,"https://www.google.com/maps/search/?api=1&query=39.9491939,32.7995699",way/1497351131
Ankara,Mehmet Akif Ersoy Evi Müzesi,museum,,+90 312 312 18 72,,,Tu-Su 10:00-17:00,,,M.Akif Ersoy Sokak 9,Altndağ,Hamamönü,39.9326084,32.8648649,"https://www.google.com/maps/search/?api=1&query=39.9326084,32.8648649",node/10303127060
Ankara,Mehmet Akif Ersoy Evi ve Müzesi,museum,,,,,,,,,,,39.9326400,32.8648692,"https://www.google.com/maps/search/?api=1&query=39.9326400,32.8648692",way/421299643
Ankara,Meteoroloji Müzesi,museum,,+90 312 359 75 45,https://www.mgm.gov.tr/,,Mo-Fr 09:00-18:00,,,Kütükçü Alibey Caddesi 4/4,Keçiören,Kalaba Mahallesi,39.9695112,32.8621269,"https://www.google.com/maps/search/?api=1&query=39.9695112,32.8621269",node/14014040899
Ankara,Metropol Sineması,cinema,,,,,,,,,,,39.9165613,32.8578638,"https://www.google.com/maps/search/?api=1&query=39.9165613,32.8578638",node/9318426310
Ankara,Midilli Adası,zoo,,,,,,,,,,,39.9516637,32.8031018,"https://www.google.com/maps/search/?api=1&query=39.9516637,32.8031018",way/1497305697
Ankara,Milli Mücadele Atatürk Konutu,museum,,,,,,,,,,,39.9364265,32.8427155,"https://www.google.com/maps/search/?api=1&query=39.9364265,32.8427155",way/1464367544
Ankara,Milli Mücadele Direksiyon Binası,museum,,,,,,,,,,,39.9366925,32.8429496,"https://www.google.com/maps/search/?api=1&query=39.9366925,32.8429496",node/13432569861
Ankara,Miniclub Aile Eğlence Merkezi,theme_park,,,,,Pzt1-paz: 09:30-11:30,,,,Çankaya,Birlik mahallesi,39.8757691,32.8674783,"https://www.google.com/maps/search/?api=1&query=39.8757691,32.8674783",node/10559886083
Ankara,Mogan Bıçak Atölyesi,arts_centre,,,,,,,,,,,39.7870033,32.8047048,"https://www.google.com/maps/search/?api=1&query=39.7870033,32.8047048",node/13746025401
Ankara,Mogan Yumurta Sanatı Atölyesi,arts_centre,,,,,,,,,,,39.7869605,32.8044960,"https://www.google.com/maps/search/?api=1&query=39.7869605,32.8044960",node/13746027601
Ankara,Mogan Çömlek Atölyesi,arts_centre,,,,,,,,,,,39.7872316,32.8047356,"https://www.google.com/maps/search/?api=1&query=39.7872316,32.8047356",node/13746010202
Ankara,Monamour Night Club,nightclub,,,,,Mo-Su 22:00-05:30,,,Gazi Mustafa Kemal Bulvarı 30/A,,,39.9240511,32.8489299,"https://www.google.com/maps/search/?api=1&query=39.9240511,32.8489299",node/4330148989
Ankara,MTA Tabiat Tarihi Müzesi,museum,,,https://sanaltur.mta.gov.tr/,,,,,,,,39.9023069,32.7984209,"https://www.google.com/maps/search/?api=1&query=39.9023069,32.7984209",way/422026047
Ankara,Muhsin Ertuğrul Tiyatrosu,theatre,,,,,,,,,,,39.9378314,32.8486766,"https://www.google.com/maps/search/?api=1&query=39.9378314,32.8486766",way/419393100
Ankara,Mustafa Ayaz Müzesi ve Kültür Merkezi,museum,,,https://www.mustafaayazmuzesi.com/,,Tu-Su 11:00-18:00,,,Ziyabey Caddesi 25,,,39.9115197,32.8213115,"https://www.google.com/maps/search/?api=1&query=39.9115197,32.8213115",node/2286418251
Ankara,Müze,museum,,,,,,,,,,,39.8969676,32.7825149,"https://www.google.com/maps/search/?api=1&query=39.8969676,32.7825149",way/431068150
Ankara,Nazım Hikmet Kongre ve Sanat Merkezi,arts_centre,,,http://nazimhikmet.yenimahalle.bel.tr/,,,,,,,,39.9610794,32.7787884,"https://www.google.com/maps/search/?api=1&query=39.9610794,32.7787884",way/419923018
Ankara,Nurol Sanat Galerisi,gallery,,,,,,,,,,,39.8987231,32.8574401,"https://www.google.com/maps/search/?api=1&query=39.8987231,32.8574401",node/13415264305
Ankara,Nüans Seramik Sanat Atölyesi,gallery,,,,,,,,975. Sokak No: 7,Çankaya,Mürsel Uluç Mahallesi,39.8609182,32.8333719,"https://www.google.com/maps/search/?api=1&query=39.8609182,32.8333719",node/13377738802
Ankara,Odeon,theatre,,,,,,,,,,,39.8755179,32.7520660,"https://www.google.com/maps/search/?api=1&query=39.8755179,32.7520660",way/423422561
Ankara,ODTÜ Bilim ve Teknoloji Müzesi,museum,,,,,,,,,,,39.9013748,32.7715328,"https://www.google.com/maps/search/?api=1&query=39.9013748,32.7715328",way/423686190
Ankara,ODTÜ Golf Sahası,miniature_golf,,,,,,,,,,,39.8910160,32.7879615,"https://www.google.com/maps/search/?api=1&query=39.8910160,32.7879615",way/1116878855
Ankara,Papağan Adası,zoo,,,,,,,,,,,39.9505291,32.8031821,"https://www.google.com/maps/search/?api=1&query=39.9505291,32.8031821",way/1497306600
Ankara,Paribu Cineverse,cinema,,,,,,,,,,,39.9014691,32.6913837,"https://www.google.com/maps/search/?api=1&query=39.9014691,32.6913837",node/1034258000
Ankara,Paribu Cineverse,cinema,,,,,,,,,,,39.8474739,32.8321895,"https://www.google.com/maps/search/?api=1&query=39.8474739,32.8321895",node/4614856665
Ankara,Paribu Cineverse,cinema,,,,,,,,,,,39.9106085,32.7787283,"https://www.google.com/maps/search/?api=1&query=39.9106085,32.7787283",node/4678974450
Ankara,Paribu Cineverse,cinema,,,,,,,,,,,39.9508514,32.8309357,"https://www.google.com/maps/search/?api=1&query=39.9508514,32.8309357",node/4679476629
Ankara,Paribu Cineverse,cinema,,,,,,,,,,,39.9690157,32.7150662,"https://www.google.com/maps/search/?api=1&query=39.9690157,32.7150662",node/5282119305
Ankara,Paribu Cineverse,cinema,,,,,,,,,,,39.9127471,32.8086489,"https://www.google.com/maps/search/?api=1&query=39.9127471,32.8086489",node/6478010543
Ankara,Paribu Cineverse,cinema,,,,,,,,,,,39.9623749,32.7699672,"https://www.google.com/maps/search/?api=1&query=39.9623749,32.7699672",node/10892776949
Ankara,Paribu Cineverse,cinema,,,,,,,,,,,39.9703806,32.8216200,"https://www.google.com/maps/search/?api=1&query=39.9703806,32.8216200",node/11335770670
Ankara,Paribu Cineverse,cinema,,,,,,,,,,,39.8861443,32.8558625,"https://www.google.com/maps/search/?api=1&query=39.8861443,32.8558625",node/11335770672
Ankara,Paribu Cineverse,cinema,,,,,,,,,,,39.9833377,32.6105302,"https://www.google.com/maps/search/?api=1&query=39.9833377,32.6105302",node/11337177529
Ankara,Park L'amore Kır Bahçesi,events_venue,,,,,,,,,,,39.7972151,32.6936848,"https://www.google.com/maps/search/?api=1&query=39.7972151,32.6936848",node/12319028902
Ankara,Park L'amore Kır Bahçesi,events_venue,,,,,,,,,,,39.7971804,32.6934612,"https://www.google.com/maps/search/?api=1&query=39.7971804,32.6934612",relation/18252881
Ankara,Pembe Köşk,museum,,,,,,,,,,,39.8948867,32.8609122,"https://www.google.com/maps/search/?api=1&query=39.8948867,32.8609122",way/404138723
Ankara,Persona,nightclub,,,,,,,,Yunus Nadi Sokağı,Çankaya,Güzeltepe Mahallesi,39.8847683,32.8550026,"https://www.google.com/maps/search/?api=1&query=39.8847683,32.8550026",node/12851080212
Ankara,PTT Pul Müzesi,museum,,+90 312 324 08 71,http://www.pttpulmuzesi.org.tr/PageDetail.aspx?PID=3,,Tu-Su 09:00-17:00,,,Atatürk Bulvarı 13,Altındağ,Hacıbayram Mah,39.9381236,32.8547086,"https://www.google.com/maps/search/?api=1&query=39.9381236,32.8547086",way/267159228
Ankara,Quito Sahne,theatre,,,,quitosahne,Mo-Su 08:00-00:00,,wlan,Selanik Caddesi 82,Çankaya,Kocatepe Mahallesi,39.9161273,32.8581431,"https://www.google.com/maps/search/?api=1&query=39.9161273,32.8581431",node/12804383601
Ankara,Rahmi Mustafa Koç Müzesi,museum,,+90 312 309 6800,https://www.rmk-museum.org.tr/,,,,,Depo Sokağı 1,Altındağ,Kale,39.9370654,32.8634292,"https://www.google.com/maps/search/?api=1&query=39.9370654,32.8634292",way/874846748
Ankara,Rasgele Ankara,nightclub,,,,,,,,Sukarno Cd. 7,Çankaya,Hilal Mahallesi,39.8676496,32.8576627,"https://www.google.com/maps/search/?api=1&query=39.8676496,32.8576627",node/12503933738
Ankara,Redzone Playstation Cafe,amusement_arcade,,,,,,,,,,,39.9915368,32.7987256,"https://www.google.com/maps/search/?api=1&query=39.9915368,32.7987256",node/12836185666
Ankara,Rollhouse,bowling_alley,,4447655,http://www.rollhouse.com/,,,,,Ankuva AVM 1,Çankaya,Üniversiteler Mahallesi,39.8838400,32.7562638,"https://www.google.com/maps/search/?api=1&query=39.8838400,32.7562638",node/11624959723
Ankara,Roma Hamamı Antik Kent,museum,,+90 312 310 72 80,,,Tu-Su 08:30-17:30,,,Çankırı Caddesi 43,Ulus,,39.9459958,32.8531381,"https://www.google.com/maps/search/?api=1&query=39.9459958,32.8531381",node/10303257801
Ankara,Sakarya Meydan Muharebesi Tarihi Milli Parkı,museum,,,,,,,,,,,39.4324139,32.4963639,"https://www.google.com/maps/search/?api=1&query=39.4324139,32.4963639",way/1329155615
Ankara,Sakarya Şehitleri Ve Zafer Anıtı Müzesi,museum,,,,,,,,,,,39.5878406,32.1312848,"https://www.google.com/maps/search/?api=1&query=39.5878406,32.1312848",node/1864630237
Ankara,Salata Retro,nightclub,,,,,,,,,,,39.8586238,32.6795422,"https://www.google.com/maps/search/?api=1&query=39.8586238,32.6795422",node/9969206099
Ankara,Sanat Atölyesi 1,arts_centre,,,,,,,,,,,39.9428196,32.8421680,"https://www.google.com/maps/search/?api=1&query=39.9428196,32.8421680",node/10126069176
Ankara,Sanat Atölyesi 2,arts_centre,,,,,,,,,,,39.9426275,32.8424909,"https://www.google.com/maps/search/?api=1&query=39.9426275,32.8424909",node/10126069177
Ankara,Sanatölye,arts_centre,,,,,,,,,,,39.8619063,32.7156827,"https://www.google.com/maps/search/?api=1&query=39.8619063,32.7156827",way/1495157678
Ankara,Sinemax,cinema,,,,,,,,,,,39.9864451,32.6462407,"https://www.google.com/maps/search/?api=1&query=39.9864451,32.6462407",node/4978557424
Ankara,Siyah Beyaz,gallery,,,,,,,,,,,39.9005789,32.8585520,"https://www.google.com/maps/search/?api=1&query=39.9005789,32.8585520",node/13415264304
Ankara,Somut Olmayan Kültürel Miras Müzesi,museum,,+90 312 311 20 34,,,Mo-Su 10:00-17:00,,,8,Altndağ,Sakarya,39.9339866,32.8640731,"https://www.google.com/maps/search/?api=1&query=39.9339866,32.8640731",node/10303294130
Ankara,Speed Games,theme_park,,,,,,,,,,,39.8480028,32.8566581,"https://www.google.com/maps/search/?api=1&query=39.8480028,32.8566581",node/6286924929
Ankara,Spor-Sanat Merkezi,arts_centre,,,,,,,,,,,39.8264946,32.7763030,"https://www.google.com/maps/search/?api=1&query=39.8264946,32.7763030",way/497485895
Ankara,Tatbikat Sahnesi,theatre,,,,,,,,21,,,39.8985757,32.8579014,"https://www.google.com/maps/search/?api=1&query=39.8985757,32.8579014",way/467577948
Ankara,Tavşan Adası,zoo,,,,,,,,,,,39.9513614,32.8031375,"https://www.google.com/maps/search/?api=1&query=39.9513614,32.8031375",way/1497305995
Ankara,TCDD Müzesi,museum,,,,,,,,,,,39.9357276,32.8443246,"https://www.google.com/maps/search/?api=1&query=39.9357276,32.8443246",node/13432569857
Ankara,Terra Point Art Studio,arts_centre,,+90 530 481 0484,https://terrapointart.com/,,Mo-Su 09:00-21:00,,,Azerbaycan Caddesi 85/A,Çankaya,Yukarı Bahçelievler,39.9235910,32.8283926,"https://www.google.com/maps/search/?api=1&query=39.9235910,32.8283926",node/12953779121
Ankara,Tiamo İsteme & Nişan Salonu,events_venue,,,,,,,,,,,39.9651109,32.6088267,"https://www.google.com/maps/search/?api=1&query=39.9651109,32.6088267",node/12973151147
Ankara,Türk Hamam Müzesi,museum,,,,,,,,,,,40.1697054,31.9169604,"https://www.google.com/maps/search/?api=1&query=40.1697054,31.9169604",way/1212981946
Ankara,Türk Hava Kurumu Müzesi,museum,,,https://www.thk.org.tr/ankara_parasut_kulesivemuze.php,,,,,Hipodrom Caddesi 2,Altındağ,Hacı Bayram Mahallesi,39.9384236,32.8423751,"https://www.google.com/maps/search/?api=1&query=39.9384236,32.8423751",way/405160506
Ankara,Türk Tarihi Müzesi,museum,,,,,Tu-Su 09:00-18:00,,,Kızılelma Caddesi 3,Etimesgut,Yeni Bağlıca,39.9030503,32.6370913,"https://www.google.com/maps/search/?api=1&query=39.9030503,32.6370913",way/1139027799
Ankara,Türk Telekom Telekominikasyon Müzesi,museum,,+90 312 555 23 98,https://www.kulturportali.gov.tr/turkiye/ankara/gezilecekyer/turk-telekom-telekomunkasyon-muzes,,Mo-Su 08:30-17:30,,,Turgut Özal Bulvarı Hızır Reis Caddesi,Altndağ,,39.9560929,32.8666738,"https://www.google.com/maps/search/?api=1&query=39.9560929,32.8666738",node/10303370331
Ankara,Türkiye İş Bankası İktisadi Bağımsızlık Müzesi,museum,,+90 312 311 42 68,https://www.issanat.com.tr/iktisadi-bagimsizlik-muzesi,,Tu-Su 10:00-18:00,,,Çam Sokak 3,Altındağ,,39.9427523,32.8549527,"https://www.google.com/maps/search/?api=1&query=39.9427523,32.8549527",way/289497043
Ankara,Türkpusat Geleneksel Savaş Pusatları Müzesi,museum,,,https://www.turkpusat.com.tr/,,,,,,,,39.9384010,32.8625586,"https://www.google.com/maps/search/?api=1&query=39.9384010,32.8625586",way/874846757
Ankara,Ulucanlar Cezaevi Müzesi,museum,,,https://www.ulucanlarcezaevimuzesi.com/,,,,,,,,39.9381626,32.8732684,"https://www.google.com/maps/search/?api=1&query=39.9381626,32.8732684",way/420319692
Ankara,Valabi Kanguru Adası,zoo,,,,,,,,,,,39.9499184,32.7990348,"https://www.google.com/maps/search/?api=1&query=39.9499184,32.7990348",way/1497309305
Ankara,Westa Garden,events_venue,,,http://www.westagarden.com/,,,,,,,,39.8063984,32.7015234,"https://www.google.com/maps/search/?api=1&query=39.8063984,32.7015234",way/822264525
Ankara,Wishes Boutique Wedding & W Lounge Cafe&Pool Çayyolu,events_venue,,,,,,,,,,,39.8776338,32.6838248,"https://www.google.com/maps/search/?api=1&query=39.8776338,32.6838248",way/1122466322
Ankara,Yaşayan Müze,museum,,,,,,,,,,,40.1709765,31.9178077,"https://www.google.com/maps/search/?api=1&query=40.1709765,31.9178077",way/1212977261
Ankara,Yetişkin Ankara Tavşanı Adası,zoo,,,,,,,,,,,39.9490823,32.8006726,"https://www.google.com/maps/search/?api=1&query=39.9490823,32.8006726",way/1497351815
Ankara,Yunus Emre Kültür ve Sanat Merkezi,arts_centre,,,,,,,,,,,39.9789760,32.8473800,"https://www.google.com/maps/search/?api=1&query=39.9789760,32.8473800",way/391877799
Ankara,Zebra Adası,zoo,,,,,,,,,,,39.9497438,32.7981956,"https://www.google.com/maps/search/?api=1&query=39.9497438,32.7981956",way/1497310680
Ankara,Ziraat Bankası Müzesi,museum,,,https://www.ziraatbank.com.tr/tr/bankamiz/kultur-sanat/ziraat-bankasi-muzesi,,Tu-Su 10:00-17:00; Mo off,,,,,,39.9392350,32.8537919,"https://www.google.com/maps/search/?api=1&query=39.9392350,32.8537919",way/783129542
Ankara,Çankaya Belediyesi Bülent Ecevit Buz Sporları Salonu,ice_rink,,,,,,,,,,,39.8513183,32.8380109,"https://www.google.com/maps/search/?api=1&query=39.8513183,32.8380109",way/1020895938
Ankara,Çankaya Sahne,theatre,,,,,,,,,,,39.9012241,32.8576203,"https://www.google.com/maps/search/?api=1&query=39.9012241,32.8576203",node/12630068515
Ankara,Çayyolu Cüneyt Gökçer Sahnesi,theatre,,,,,,,,,,,39.8832388,32.6831966,"https://www.google.com/maps/search/?api=1&query=39.8832388,32.6831966",way/943493300
Ankara,Çetinkaya Galeri & Çerçeve,gallery,,,,,,,,3438. Cadde 8B,Çankaya,Alacaatlı,39.8485989,32.6354668,"https://www.google.com/maps/search/?api=1&query=39.8485989,32.6354668",node/13634478529
Ankara,Çubuk Kent Müzesi,museum,,,,,,,,,,,40.2387315,33.0311131,"https://www.google.com/maps/search/?api=1&query=40.2387315,33.0311131",way/210189489
Ankara,Öküz,nightclub,,,,,,,,,,,39.9094640,32.8040384,"https://www.google.com/maps/search/?api=1&query=39.9094640,32.8040384",node/14006845901
Ankara,Ördek - Kaz - Tavuk - Sülün Adası,zoo,,,,,,,,,,,39.9510714,32.8033462,"https://www.google.com/maps/search/?api=1&query=39.9510714,32.8033462",way/1497306143
Ankara,Özgümüşoğlu Düğün Sarayı,nightclub,,,,,,,,,,,39.9838738,32.8465882,"https://www.google.com/maps/search/?api=1&query=39.9838738,32.8465882",node/4456459089
Ankara,Şahhane Düğün salonu,events_venue,,,,,,,,,,,39.7835476,32.8057441,"https://www.google.com/maps/search/?api=1&query=39.7835476,32.8057441",way/422631251
Ankara,Şan Davet Evi,events_venue,,,,,,,,,,,39.9846247,32.7785794,"https://www.google.com/maps/search/?api=1&query=39.9846247,32.7785794",node/12389071443
Ankara,Şinasi Sahnesi,theatre,,,,,,,,,,,39.9040298,32.8593654,"https://www.google.com/maps/search/?api=1&query=39.9040298,32.8593654",node/122609760
Antalya,50.Yıl Kültür Merkezi Sinema Salonu,cinema,,,,,,,,,,,36.3628710,30.2969952,"https://www.google.com/maps/search/?api=1&query=36.3628710,30.2969952",way/550669381
Antalya,Advanture Land,theme_park,,,,,,,,,,,36.8774858,31.0010879,"https://www.google.com/maps/search/?api=1&query=36.8774858,31.0010879",way/1178179695
Antalya,Adventure Park,theme_park,,,,,,,,,,,36.5982961,31.8050813,"https://www.google.com/maps/search/?api=1&query=36.5982961,31.8050813",way/997976964
Antalya,Akdeniz Üniversitesi Anfi Tiyatro,theatre,,,,,,,,,,,36.8932754,30.6596938,"https://www.google.com/maps/search/?api=1&query=36.8932754,30.6596938",node/3565360731
Antalya,Akdeniz Üniversitesi Konser Alanı,arts_centre,,,,,,,,,,,36.8984953,30.6543561,"https://www.google.com/maps/search/?api=1&query=36.8984953,30.6543561",way/350787423
Antalya,Aksu Delfinarium,theme_park,,,,,,,,Tesisler 318,,,36.8567017,30.8657533,"https://www.google.com/maps/search/?api=1&query=36.8567017,30.8657533",node/10673298565
Antalya,Akturpark,theme_park,,,https://akturpark.com.tr/,,,,,,,,36.8857643,30.6585704,"https://www.google.com/maps/search/?api=1&query=36.8857643,30.6585704",way/368650213
Antalya,Alanya Aquapark,water_park,,,https://www.alanyaaquapark.com/,,Mo-Su 10:00-17:00,,,Atatürk Bulvarı 99,,Saray Mahallesi,36.5455093,31.9886049,"https://www.google.com/maps/search/?api=1&query=36.5455093,31.9886049",way/373206718
Antalya,Alanya Arkeoloji Müzesi,museum,,,,,08:30-17:30,,,,,,36.5439367,31.9889435,"https://www.google.com/maps/search/?api=1&query=36.5439367,31.9889435",way/72231171
Antalya,Alanya Açık Hava Tiyatrosu,theatre,,,,,,,,,Alanya,Hacımehmetli,36.5591280,31.9731277,"https://www.google.com/maps/search/?api=1&query=36.5591280,31.9731277",way/486557510
Antalya,Alanya Kalesi,museum,,,,,,,,,,,36.5331062,31.9905642,"https://www.google.com/maps/search/?api=1&query=36.5331062,31.9905642",node/475024457
Antalya,Alva Arena,arts_centre,,,,,,,,,,,36.8338496,31.1438240,"https://www.google.com/maps/search/?api=1&query=36.8338496,31.1438240",way/428506703
Antalya,Amfitheater,theatre,,,,,,,,,,,36.8217359,31.2807910,"https://www.google.com/maps/search/?api=1&query=36.8217359,31.2807910",node/6815474343
Antalya,Amfitiyatro,theatre,,,,,,,,,,,36.8769471,30.6609678,"https://www.google.com/maps/search/?api=1&query=36.8769471,30.6609678",node/6258864485
Antalya,Amphi Theater,theatre,,,,,,,,,,,36.6936975,31.5958873,"https://www.google.com/maps/search/?api=1&query=36.6936975,31.5958873",way/311084695
Antalya,Amphi Theatre,theatre,,,,,,,,,,,36.7160386,31.5540596,"https://www.google.com/maps/search/?api=1&query=36.7160386,31.5540596",way/40700981
Antalya,Amphi Theatre,theatre,,,,,,,,,,,36.7830668,31.3864436,"https://www.google.com/maps/search/?api=1&query=36.7830668,31.3864436",way/346247786
Antalya,Amphi-Theatre (Seats),theatre,,,,,,,,,,,36.7832101,31.3865617,"https://www.google.com/maps/search/?api=1&query=36.7832101,31.3865617",way/351174661
Antalya,amphiteatre,theatre,,,,,,,,,,,36.6480578,31.6805329,"https://www.google.com/maps/search/?api=1&query=36.6480578,31.6805329",way/693967272
Antalya,Amphitheater,theatre,,,,,,,,,,,36.8516719,31.0571102,"https://www.google.com/maps/search/?api=1&query=36.8516719,31.0571102",node/1882613643
Antalya,Amphitheater,theatre,,,,,,,,,,,36.8318386,31.1610809,"https://www.google.com/maps/search/?api=1&query=36.8318386,31.1610809",node/13955238929
Antalya,Amphitheater,theatre,,,,,,,,,,,36.8189938,31.2895312,"https://www.google.com/maps/search/?api=1&query=36.8189938,31.2895312",way/118747344
Antalya,Amphitheater,theatre,,,,,,,,,,,36.8535772,31.0447591,"https://www.google.com/maps/search/?api=1&query=36.8535772,31.0447591",way/171753094
Antalya,Amphitheater,theatre,,,,,,,,,,,36.6866421,31.6080140,"https://www.google.com/maps/search/?api=1&query=36.6866421,31.6080140",way/312078825
Antalya,Amphitheater,theatre,,,,,,,,,,,36.6584557,31.6568672,"https://www.google.com/maps/search/?api=1&query=36.6584557,31.6568672",way/312405098
Antalya,Amphitheater,theatre,,,,,,,,,,,36.7080650,30.5712855,"https://www.google.com/maps/search/?api=1&query=36.7080650,30.5712855",way/368067327
Antalya,Amphitheater,theatre,,,,,,,,,,,36.8465616,31.0744328,"https://www.google.com/maps/search/?api=1&query=36.8465616,31.0744328",way/696625789
Antalya,Amphitheatre,theatre,,,,,,,,,,,36.5017117,30.5270406,"https://www.google.com/maps/search/?api=1&query=36.5017117,30.5270406",node/3785146656
Antalya,Amphitheatre,theatre,,,,,,,,,,,36.5669501,30.5773145,"https://www.google.com/maps/search/?api=1&query=36.5669501,30.5773145",node/4481787232
Antalya,Amphitheatre,theatre,,,,,,,,,,,36.8092748,31.3387035,"https://www.google.com/maps/search/?api=1&query=36.8092748,31.3387035",node/12877503983
Antalya,Amphitheatre,theatre,,,,,,,,,,,36.7283046,31.5233811,"https://www.google.com/maps/search/?api=1&query=36.7283046,31.5233811",way/178081226
Antalya,Amphitheatre,theatre,,,,,,,,,,,36.7864780,31.3781800,"https://www.google.com/maps/search/?api=1&query=36.7864780,31.3781800",way/184558026
Antalya,Amphitheatre,theatre,,,,,,,,,,,36.6360471,31.7496988,"https://www.google.com/maps/search/?api=1&query=36.6360471,31.7496988",way/284308788
Antalya,Amphitheatre,theatre,,,,,,,,,,,36.6356618,31.7508708,"https://www.google.com/maps/search/?api=1&query=36.6356618,31.7508708",way/285018145
Antalya,Amphitheatre,theatre,,,,,,,,,,,36.7865453,31.3781051,"https://www.google.com/maps/search/?api=1&query=36.7865453,31.3781051",way/324859822
Antalya,Amphitheatre,theatre,,,,,,,,,,,36.8553171,30.9133177,"https://www.google.com/maps/search/?api=1&query=36.8553171,30.9133177",way/429293739
Antalya,Amphitheatre,theatre,,,,,,,,,,,36.8577752,30.8902768,"https://www.google.com/maps/search/?api=1&query=36.8577752,30.8902768",way/568691056
Antalya,Amphitheatre,theatre,,,,,,,,,,,36.6063977,30.5607126,"https://www.google.com/maps/search/?api=1&query=36.6063977,30.5607126",way/577806159
Antalya,Amphitheatre Kamelya Collection,theatre,,,,,,,,,,,36.8105367,31.3328587,"https://www.google.com/maps/search/?api=1&query=36.8105367,31.3328587",node/1494190271
Antalya,"Amphitheatre, Vitamin Bar, Shopping Arcade",theatre,,,,,,,,,,,36.8407105,31.1035133,"https://www.google.com/maps/search/?api=1&query=36.8407105,31.1035133",way/93159802
Antalya,Animation,theatre,,,,,Mo-Su 21:00-21:45,,,,,,36.6570529,31.6625995,"https://www.google.com/maps/search/?api=1&query=36.6570529,31.6625995",node/13122948101
Antalya,Antalya Aquarium,aquarium,,,,,,,,,,,36.8790511,30.6603419,"https://www.google.com/maps/search/?api=1&query=36.8790511,30.6603419",way/502752451
Antalya,Antalya Araba Muzesi Haritası,museum,,,,,,,,,,,36.9134713,30.6746390,"https://www.google.com/maps/search/?api=1&query=36.9134713,30.6746390",way/432126270
Antalya,Antalya Arkeoloji Müzesi (Museum),museum,,,http://www.antalyamuzesi.gov.tr/,,Mo-Sa 08:00-20:00,,,Konyaaltı Caddesi 88,,,36.8857689,30.6795146,"https://www.google.com/maps/search/?api=1&query=36.8857689,30.6795146",way/435948613
Antalya,Antalya Açıkhava Sahne,theatre,,,,,,,,,,,36.8817452,30.6667127,"https://www.google.com/maps/search/?api=1&query=36.8817452,30.6667127",way/425188379
Antalya,Antalya Deniz Biyolojisi Müzesi,museum,,,,,,,,,,,36.8854512,30.7024762,"https://www.google.com/maps/search/?api=1&query=36.8854512,30.7024762",node/6825190685
Antalya,Antalya Devlet Opera Bale,theatre,,,,,,,,,,,36.8999502,30.7031488,"https://www.google.com/maps/search/?api=1&query=36.8999502,30.7031488",way/469035184
Antalya,Antalya Etnografya Müzesi,museum,,,,,Mo-Sa 08:30-17:30,,,Mermerli Sokak 24,,,36.8833110,30.7039052,"https://www.google.com/maps/search/?api=1&query=36.8833110,30.7039052",way/1452438262
Antalya,Antalya Hayvanat Bahçesi,zoo,,+90 242 322 32 32,http://antalya.bel.tr/antalyazoo/,,09:00-19:00,,,,,,36.9483476,30.6347687,"https://www.google.com/maps/search/?api=1&query=36.9483476,30.6347687",way/258866102
Antalya,Antalya Mevlevihane Müzesi,museum,,,https://www.turkishmuseums.com/museum/detail/1952-antalya-mevlevihane-muzesi/1952/1,,Mo-Su 08:30-17:30,,,,,,36.8869370,30.7042990,"https://www.google.com/maps/search/?api=1&query=36.8869370,30.7042990",node/9978802317
Antalya,Antalya Nekropol Müzesi,museum,,,,,,,,Ali Çetinkaya Caddesi 35/D,Muratpaşa,Yüksekalan Mah.,36.8871842,30.7133050,"https://www.google.com/maps/search/?api=1&query=36.8871842,30.7133050",way/1452372826
Antalya,Antalya Oyuncak Müzesi,museum,,,,,Tu-Su 09:00-18:00,,,,,,36.8855150,30.7018977,"https://www.google.com/maps/search/?api=1&query=36.8855150,30.7018977",node/2880832121
Antalya,Antalya Plaza,cinema,,,,,,,,,,,36.8857656,30.7111441,"https://www.google.com/maps/search/?api=1&query=36.8857656,30.7111441",node/1260188195
Antalya,Apollo Disco,nightclub,,,,,,,,,,,36.4877647,30.5242245,"https://www.google.com/maps/search/?api=1&query=36.4877647,30.5242245",way/82671942
Antalya,Aqua Fun City,water_park,,,,,,,,,,,36.6566599,31.6627842,"https://www.google.com/maps/search/?api=1&query=36.6566599,31.6627842",way/1313914828
Antalya,Aqua Park,water_park,,,,,,,,,,,36.2669399,32.2808809,"https://www.google.com/maps/search/?api=1&query=36.2669399,32.2808809",node/5763550378
Antalya,AQUAJOY,water_park,,,,,,,,,,,36.7589391,31.4497570,"https://www.google.com/maps/search/?api=1&query=36.7589391,31.4497570",way/978682428
Antalya,Aqualand Dolphinland,water_park,,+90 242 249 09 08,https://aqualand.com.tr/,,,,,Bulvarı Konyaaltı Koruluğu Yanı Muratpaşa,Meltem Mah.,,36.8797123,30.6631880,"https://www.google.com/maps/search/?api=1&query=36.8797123,30.6631880",way/115858658
Antalya,Aquapark,water_park,,,,,,,,,,,36.7083429,30.5705711,"https://www.google.com/maps/search/?api=1&query=36.7083429,30.5705711",node/4262581999
Antalya,Aquapark,water_park,,,,,,,,,,,36.8552482,30.8952874,"https://www.google.com/maps/search/?api=1&query=36.8552482,30.8952874",node/8778877715
Antalya,aquapark,water_park,,,,,,,,,,,36.4504960,32.1298357,"https://www.google.com/maps/search/?api=1&query=36.4504960,32.1298357",way/544576933
Antalya,Aquapark,water_park,,,,,,,,,,,36.6066497,30.5599697,"https://www.google.com/maps/search/?api=1&query=36.6066497,30.5599697",way/577806160
Antalya,Aquapark,water_park,,,,,,,,,,,36.8316091,31.1605180,"https://www.google.com/maps/search/?api=1&query=36.8316091,31.1605180",way/1533233076
Antalya,Arena&Entertaiment Center,theatre,,,,,,,,,,,36.8409125,31.1097944,"https://www.google.com/maps/search/?api=1&query=36.8409125,31.1097944",node/2303478101
Antalya,Arif Nihat Asya Açık Hava Tiyatrosu,theatre,,,,,,,,,,,36.9493387,30.6417512,"https://www.google.com/maps/search/?api=1&query=36.9493387,30.6417512",way/431891698
Antalya,Ataturk muze,museum,,,,,08:30-17:30,,,Fevzi Çakmak Caddesi 4,,,36.8806941,30.7081301,"https://www.google.com/maps/search/?api=1&query=36.8806941,30.7081301",way/432156876
Antalya,Atatürk Evi Müzesi,museum,,,,,,,,Rektör Sipahioğlu Sokak,,,36.5490742,31.9998233,"https://www.google.com/maps/search/?api=1&query=36.5490742,31.9998233",way/485953102
Antalya,Aura Club Kemer,nightclub,,+905442422224,,,Mo-Su 23:00-04:00,,wlan,,,,36.6053229,30.5646920,"https://www.google.com/maps/search/?api=1&query=36.6053229,30.5646920",way/177231407
Antalya,Azel,nightclub,,,,,,,,,,,36.7815656,31.4047542,"https://www.google.com/maps/search/?api=1&query=36.7815656,31.4047542",node/10282043847
Antalya,Belediye Konservatuarı,theatre,,,,,,,,Ismail Hilmi Balci Caddesi,,,36.5444072,31.9891352,"https://www.google.com/maps/search/?api=1&query=36.5444072,31.9891352",way/72231170
Antalya,"Bir Bakışta Türkiye, Açık Hava Müzesi",museum,,,https://kepezdokuma.com/,,08:30-20:30,,,,,,36.9120093,30.6761579,"https://www.google.com/maps/search/?api=1&query=36.9120093,30.6761579",way/1117210531
Antalya,Birtds start singing very early and noisy,zoo,,,,,,,,,,,36.6821074,30.5337363,"https://www.google.com/maps/search/?api=1&query=36.6821074,30.5337363",node/12520590340
Antalya,Black,nightclub,,,,,,,,,,,36.8637417,30.7282696,"https://www.google.com/maps/search/?api=1&query=36.8637417,30.7282696",node/6074937894
Antalya,C-U Tierfarm Tur. Ltd. Şti. Hisar önü Oymapınar Beldesi / Manavga,zoo,,,http://tierpark-manavgat.de,,,,,,,,36.8305164,31.5111360,"https://www.google.com/maps/search/?api=1&query=36.8305164,31.5111360",way/266820470
Antalya,Calista Amphitheater,theatre,,,,,,,,,,,36.8561893,31.0300313,"https://www.google.com/maps/search/?api=1&query=36.8561893,31.0300313",node/2529408085
Antalya,Champion Holiday Village,theatre,,,,,,,,,,,36.7085151,30.5712166,"https://www.google.com/maps/search/?api=1&query=36.7085151,30.5712166",node/4262554839
Antalya,Cimnasyum,dance,,+905336976422,www.cimnasyum.com,,,,,,,,36.8613219,30.7909509,"https://www.google.com/maps/search/?api=1&query=36.8613219,30.7909509",node/6563073740
Antalya,Cinema Pink,cinema,,,,,,,,,,Fener Mah.,36.8571601,30.7464689,"https://www.google.com/maps/search/?api=1&query=36.8571601,30.7464689",node/3037261010
Antalya,Cinema Pink,cinema,,,,,,,,,,,36.8525825,30.7565591,"https://www.google.com/maps/search/?api=1&query=36.8525825,30.7565591",node/6820147524
Antalya,Cinetech,cinema,,,,,,,,,,,36.9232430,30.7846463,"https://www.google.com/maps/search/?api=1&query=36.9232430,30.7846463",node/6514662389
Antalya,Cleopatra Disko,nightclub,,,,,23:00-02:00,,,,,,36.8197548,31.2900889,"https://www.google.com/maps/search/?api=1&query=36.8197548,31.2900889",node/1380680722
Antalya,Club Ares,nightclub,,,,,,,,,,,36.5076375,30.5382747,"https://www.google.com/maps/search/?api=1&query=36.5076375,30.5382747",way/492120935
Antalya,Club House Boardwalk,theatre,,,,,,,,,,,36.7575938,31.4263748,"https://www.google.com/maps/search/?api=1&query=36.7575938,31.4263748",way/719031120
Antalya,Cosmos Theatre,events_venue,,,,,,,,,,,36.8579099,30.8578780,"https://www.google.com/maps/search/?api=1&query=36.8579099,30.8578780",way/1203154011
Antalya,Damlataş Örnek Sineması,cinema,,,,,9:00-23:00,,,,,,36.5449431,31.9884174,"https://www.google.com/maps/search/?api=1&query=36.5449431,31.9884174",way/373206768
Antalya,Dark Angel,nightclub,,,,,,,,,,,36.8855753,30.7081419,"https://www.google.com/maps/search/?api=1&query=36.8855753,30.7081419",node/10220067920
Antalya,Defnem organizasyon,events_venue,,+90 536 417 85 59; +90 536 551 27 68,,,,,,Galatasaray Cd. 43,,,36.5504971,31.9870764,"https://www.google.com/maps/search/?api=1&query=36.5504971,31.9870764",node/10712568054
Antalya,Disneyland Lunapark,theme_park,,,,,,,,,,,36.5572602,31.9694642,"https://www.google.com/maps/search/?api=1&query=36.5572602,31.9694642",way/398362799
Antalya,Dolu Su Park,water_park,,+902428247707,https://dolusupark.com,,,,,Sahil yolu caddesi 15,,,36.5643753,30.5739008,"https://www.google.com/maps/search/?api=1&query=36.5643753,30.5739008",node/5041082321
Antalya,DoluSu Park,water_park,,,,,,,,Sahil cadde,,,36.5644582,30.5744227,"https://www.google.com/maps/search/?api=1&query=36.5644582,30.5744227",way/528059819
Antalya,DoluSu Park,water_park,,,,,,,,Sahil cadde,,,36.5648544,30.5739502,"https://www.google.com/maps/search/?api=1&query=36.5648544,30.5739502",way/528059821
Antalya,DoluSu Park - Dolphinarium,water_park,,,,,,,,Sahil cadde,,,36.5640443,30.5749841,"https://www.google.com/maps/search/?api=1&query=36.5640443,30.5749841",way/528059820
Antalya,Dominart Sanat Merkezi,arts_centre,,,www.dominartmusic.com,,Mo-Su 11:00-20:00,,,414 1/5,Konyaaltı,Altınkum Mah.,36.8640665,30.6348578,"https://www.google.com/maps/search/?api=1&query=36.8640665,30.6348578",node/12633293110
Antalya,Dream Water World Water Park,water_park,,,,,,,,,,,36.8073091,31.3624724,"https://www.google.com/maps/search/?api=1&query=36.8073091,31.3624724",way/1447047116
Antalya,Düden Şelalesi,theme_park,,,,,,,,,,,36.9648286,30.7266640,"https://www.google.com/maps/search/?api=1&query=36.9648286,30.7266640",node/1238850237
Antalya,Ehmedek Castle,museum,,,,,Mo-Su 11:00-22:30,,,,,,36.5366628,31.9927725,"https://www.google.com/maps/search/?api=1&query=36.5366628,31.9927725",node/719113466
Antalya,Elmalı Müzesi,museum,,,,,,,,,,,36.7401480,29.9169912,"https://www.google.com/maps/search/?api=1&query=36.7401480,29.9169912",way/1299803848
Antalya,Emperial,nightclub,,,,,,,,Lara caddesi,,,36.8545893,30.7985083,"https://www.google.com/maps/search/?api=1&query=36.8545893,30.7985083",way/750001731
Antalya,Folklorik Yörük Parkı Açık Hava Müzesi,museum,,,,,,,,,Kemer,,36.6004382,30.5759663,"https://www.google.com/maps/search/?api=1&query=36.6004382,30.5759663",node/2405409282
Antalya,ForFun,theme_park,,,,,,,,,,,36.8652842,30.7280529,"https://www.google.com/maps/search/?api=1&query=36.8652842,30.7280529",node/3037262691
Antalya,Gaga Club,nightclub,,+905442422224,,,,,,,,,36.8485732,30.7550727,"https://www.google.com/maps/search/?api=1&query=36.8485732,30.7550727",node/6322221485
Antalya,Game Center,amusement_arcade,,,,,,,,,,,36.8202050,31.3033073,"https://www.google.com/maps/search/?api=1&query=36.8202050,31.3033073",node/3826741490
Antalya,Games Room,amusement_arcade,,,,,,,,,,,36.7580391,31.4269939,"https://www.google.com/maps/search/?api=1&query=36.7580391,31.4269939",node/6755426937
Antalya,Gloria Aspendos Arena,theatre,,,,,,,,,,,36.9321738,31.1669016,"https://www.google.com/maps/search/?api=1&query=36.9321738,31.1669016",node/938736552
Antalya,Gypsophila Club Marine Amphitheater,theatre,,,,,,,,Başkomutan Atatürk Caddesi 151,Kemer,Beldibi Mahallesi,36.7045876,30.5732891,"https://www.google.com/maps/search/?api=1&query=36.7045876,30.5732891",node/9010669967
Antalya,HakanNogay Sanat Merkezi & Alanya Piyano Kursu & Bale Kursu Resim Kursu,arts_centre,,,,,,,,,,,36.5499017,32.0411889,"https://www.google.com/maps/search/?api=1&query=36.5499017,32.0411889",node/9292778009
Antalya,Hollystone Alanya,nightclub,,,,,,,,İzzet Azakoğlu Caddesi 26,alanya,Kadıpaşa Mahallesi,36.5408599,31.9991038,"https://www.google.com/maps/search/?api=1&query=36.5408599,31.9991038",node/1973491906
Antalya,Inferno,nightclub,,+90 544 242 22 24,,,Mo-Su 23:00-04:00,,wlan,,,,36.6054672,30.5642463,"https://www.google.com/maps/search/?api=1&query=36.6054672,30.5642463",way/176581755
Antalya,İbrahim Sözen Gençlik Merkezi,theatre,,,,,,,,,,,36.7846711,31.4350198,"https://www.google.com/maps/search/?api=1&query=36.7846711,31.4350198",way/443054113
Antalya,KA Golf Belek Villas,miniature_golf,,,,,,,,Turizm Caddesi 80.Sokak,Belek,KA Golf Belek Villaları,36.8743491,31.0202267,"https://www.google.com/maps/search/?api=1&query=36.8743491,31.0202267",node/8355038468
Antalya,KA Golf Belek Villas,miniature_golf,,,,,,,,"Turizm Caddesi , 80. Sokak",Belek,KA Golf Belek Villaları,36.8744523,31.0202245,"https://www.google.com/maps/search/?api=1&query=36.8744523,31.0202245",way/899208498
Antalya,Kamyon Disco,nightclub,,,,,,,,,,,36.8863804,30.7087364,"https://www.google.com/maps/search/?api=1&query=36.8863804,30.7087364",node/10219528264
Antalya,Kargıcak 2,water_park,,+90 545 545 80 63,,,24/7,,,Adnan Sezgin Tüneli,,,36.7600698,30.5707064,"https://www.google.com/maps/search/?api=1&query=36.7600698,30.5707064",node/11159202105
Antalya,Kepez Park Varsak,water_park,,+90 242 417 27 00,,,,,,,Kepez,Demirel Mah.,36.9858062,30.7166549,"https://www.google.com/maps/search/?api=1&query=36.9858062,30.7166549",way/510095573
Antalya,King Meyhane ve Pub,nightclub,,,,,,,,,,,36.8856716,30.7015716,"https://www.google.com/maps/search/?api=1&query=36.8856716,30.7015716",node/11158852805
Antalya,Klub Kristall,nightclub,burger;breakfast;ice_cream;coffee_shop;pizza;sandwich,+902428147655;+905442422224,https://www.klubkristall.com/,,22:00-04:00,,wlan,Denis Caddesi 5,,,36.6048994,30.5650733,"https://www.google.com/maps/search/?api=1&query=36.6048994,30.5650733",way/177231409
Antalya,Kumluca Belediyesi Düğün Salonu,events_venue,,,,,,,,,,,36.3629764,30.2852379,"https://www.google.com/maps/search/?api=1&query=36.3629764,30.2852379",node/12723315036
Antalya,Kızıl Kule,museum,,,,,Mo-Su 09:00-19:00,,,,,,36.5363957,31.9982541,"https://www.google.com/maps/search/?api=1&query=36.5363957,31.9982541",way/57956094
Antalya,Let's Play,amusement_arcade,,,,,Mo-Su 10:00-24:00,,,,,,36.8474732,31.0725050,"https://www.google.com/maps/search/?api=1&query=36.8474732,31.0725050",node/11939501183
Antalya,Likya Uygarlıkları Müzesi',museum,,+90 242 871 60 01,https://www.kulturportali.gov.tr/turkiye/antalya/gezilecekyer/likya-uygarliklari-muzesi--andriake-orenyeri,,,,,,,,36.2258658,29.9555488,"https://www.google.com/maps/search/?api=1&query=36.2258658,29.9555488",way/501429197
Antalya,Liman Night Club & Restoran,nightclub,,,,,24/7,,,,,,36.7649431,31.3863903,"https://www.google.com/maps/search/?api=1&query=36.7649431,31.3863903",node/9896294621
Antalya,Luna Park,theme_park,,,,,,,,,,,36.5886218,31.8688483,"https://www.google.com/maps/search/?api=1&query=36.5886218,31.8688483",way/721663970
Antalya,Lunapark,theme_park,,,,,,,,,,,36.8459645,31.0735685,"https://www.google.com/maps/search/?api=1&query=36.8459645,31.0735685",way/696342748
Antalya,Mahmutlar Lunapark,theme_park,,,,,Mo-Su 11:00-23:55,,,,,,36.4879088,32.0971183,"https://www.google.com/maps/search/?api=1&query=36.4879088,32.0971183",way/1056369888
Antalya,Main Aquapark,water_park,,,,,,,,,,,36.5978662,31.8061752,"https://www.google.com/maps/search/?api=1&query=36.5978662,31.8061752",way/246174247
Antalya,Manavgat Anfi Tiyatrosu,theatre,,,,,,,,,,,36.7877882,31.4478923,"https://www.google.com/maps/search/?api=1&query=36.7877882,31.4478923",node/6927604356
Antalya,Manavgat Anfi Tiyatrosu,theatre,,,,,,,,,,,36.7878007,31.4479290,"https://www.google.com/maps/search/?api=1&query=36.7878007,31.4479290",way/1196322792
Antalya,Megapol Sinemaları,cinema,,,,,,,,,,,36.8919929,30.6751031,"https://www.google.com/maps/search/?api=1&query=36.8919929,30.6751031",node/6072077496
Antalya,Mini Club,nightclub,,,,,,,,,,,36.6506678,31.6784261,"https://www.google.com/maps/search/?api=1&query=36.6506678,31.6784261",way/971234842
Antalya,Mini Golf,miniature_golf,,,,,,,,,,,36.8531679,31.0423791,"https://www.google.com/maps/search/?api=1&query=36.8531679,31.0423791",node/1935524963
Antalya,Mini Golf,miniature_golf,,,,,,,,,,,36.7105328,30.5704120,"https://www.google.com/maps/search/?api=1&query=36.7105328,30.5704120",node/12141364299
Antalya,Mini Golf Alanı,miniature_golf,,,,,,,,,,,36.5802098,31.8876740,"https://www.google.com/maps/search/?api=1&query=36.5802098,31.8876740",way/1074486032
Antalya,Mini Zoo,zoo,,,,,,,,,,,36.8201959,31.3010569,"https://www.google.com/maps/search/?api=1&query=36.8201959,31.3010569",way/173065694
Antalya,Mini-Zoo,zoo,,,,,,,,,,,36.8113124,31.3340556,"https://www.google.com/maps/search/?api=1&query=36.8113124,31.3340556",way/310937774
Antalya,Minigolf,miniature_golf,,,,,,,,,,,36.4819765,32.1374531,"https://www.google.com/maps/search/?api=1&query=36.4819765,32.1374531",way/102946223
Antalya,Minizoo,zoo,,,,,,,,,,,36.6522297,31.6639537,"https://www.google.com/maps/search/?api=1&query=36.6522297,31.6639537",node/5219952925
Antalya,Moonlight Garden Wedding Kır Düğünü,events_venue,,,,,Mo-Su 14:00-00:00,,wlan,Atatürk Caddesi 575,,,36.8940496,30.5942719,"https://www.google.com/maps/search/?api=1&query=36.8940496,30.5942719",node/13960282501
Antalya,Murat Lunapark,theme_park,,,,,,,,,,,36.3651247,30.2962438,"https://www.google.com/maps/search/?api=1&query=36.3651247,30.2962438",way/1276788241
Antalya,MyLand Sanat Evi,arts_centre,,,,,,,,,,,36.4147974,30.4798690,"https://www.google.com/maps/search/?api=1&query=36.4147974,30.4798690",node/294011769
Antalya,Niagara,nightclub,,,,,,,,,,,36.7535408,31.4512029,"https://www.google.com/maps/search/?api=1&query=36.7535408,31.4512029",node/3748955538
Antalya,Nirvana World,nightclub,,,,,,,,,,,36.8537969,31.0452881,"https://www.google.com/maps/search/?api=1&query=36.8537969,31.0452881",node/1282934984
Antalya,Noel Baba Kilisesi,museum,,,,,,,,,,,36.2447467,29.9854692,"https://www.google.com/maps/search/?api=1&query=36.2447467,29.9854692",way/1418062505
Antalya,Olive City Bowling,bowling_alley,,,,,,,,,,,36.5480814,32.0436723,"https://www.google.com/maps/search/?api=1&query=36.5480814,32.0436723",way/974635720
Antalya,Open forest disco,dance,,,,,,,,,,,36.4862654,30.5228171,"https://www.google.com/maps/search/?api=1&query=36.4862654,30.5228171",node/12707172734
Antalya,Open garden concert area,theatre,,,,,,,,,,,36.4862309,30.5233321,"https://www.google.com/maps/search/?api=1&query=36.4862309,30.5233321",node/12706866352
Antalya,Open Theatre,theatre,,,,,,,,,,,36.5661835,31.9165371,"https://www.google.com/maps/search/?api=1&query=36.5661835,31.9165371",way/633566701
Antalya,Paribu Cineverse,cinema,,,,,,,,,,,36.8823558,30.6600266,"https://www.google.com/maps/search/?api=1&query=36.8823558,30.6600266",node/1235780714
Antalya,Paribu Cineverse,cinema,,,,,,,,,,,36.7808249,31.4251803,"https://www.google.com/maps/search/?api=1&query=36.7808249,31.4251803",node/11337126250
Antalya,Paribu Cineverse,cinema,,,,,,,,,,,36.8932001,30.7047710,"https://www.google.com/maps/search/?api=1&query=36.8932001,30.7047710",node/11337126251
Antalya,Park Aqua,water_park,,,,,Mo-Su 10:00+,,,,,,36.8559208,30.8869714,"https://www.google.com/maps/search/?api=1&query=36.8559208,30.8869714",way/501562993
Antalya,Pirate Island,water_park,,,,,,,,,,,36.6261998,31.7599325,"https://www.google.com/maps/search/?api=1&query=36.6261998,31.7599325",way/1388099536
Antalya,Pirate Island Aquapark,water_park,,,,,,,,,,,36.5993006,31.8053394,"https://www.google.com/maps/search/?api=1&query=36.5993006,31.8053394",way/997976980
Antalya,Pirate Ship Aquapark,water_park,,,,,,,,,,,36.5976614,31.8065002,"https://www.google.com/maps/search/?api=1&query=36.5976614,31.8065002",way/997976974
Antalya,Pool,water_park,,,,,,,,,,,36.8526904,31.0509285,"https://www.google.com/maps/search/?api=1&query=36.8526904,31.0509285",way/73346056
Antalya,Red Room,nightclub,,,,,,,,,,,36.5970026,30.5750314,"https://www.google.com/maps/search/?api=1&query=36.5970026,30.5750314",node/1871946687
Antalya,Rixy Amphitheatre,theatre,,,,,,,,,,,36.5100724,30.5362152,"https://www.google.com/maps/search/?api=1&query=36.5100724,30.5362152",way/693099563
Antalya,Robin Hood Night Club,nightclub,,,,,,,,,,,36.5409419,31.9992505,"https://www.google.com/maps/search/?api=1&query=36.5409419,31.9992505",node/1766621147
Antalya,Roots Farm,zoo,,,,,,,,,,,36.8837710,30.7747597,"https://www.google.com/maps/search/?api=1&query=36.8837710,30.7747597",way/979712416
Antalya,Russian Museum,museum,,,,,,,,,,,36.8662908,30.7853703,"https://www.google.com/maps/search/?api=1&query=36.8662908,30.7853703",node/6874132079
Antalya,Sahne,theatre,,,,,,,,,,,36.5776736,31.8863851,"https://www.google.com/maps/search/?api=1&query=36.5776736,31.8863851",way/1074492061
Antalya,SeAlanya Dolphinpark,theme_park,,,https://www.dolphinpark.sealanya.com/,,,,,,,,36.6003499,31.8008199,"https://www.google.com/maps/search/?api=1&query=36.6003499,31.8008199",way/1010638448
Antalya,SeAlanya Seapark,water_park,,,https://www.seapark.sealanya.com,,,,,,,,36.6011439,31.7988606,"https://www.google.com/maps/search/?api=1&query=36.6011439,31.7988606",way/1010643305
Antalya,Selfie Park,theme_park,,+90 532 477 80 07,htttps://selfiepark.com.tr,,Mo-Su 10:00-22:00,,,1964 Sokak 37,Muratpaşa,Fener,36.8487642,30.7609632,"https://www.google.com/maps/search/?api=1&query=36.8487642,30.7609632",node/12254930745
Antalya,Senat Disco,nightclub,,,,,,,,,,,36.8551434,30.9140974,"https://www.google.com/maps/search/?api=1&query=36.8551434,30.9140974",way/429291622
Antalya,Show / Theater,theatre,,,,,,,,,,,36.5208904,32.0553615,"https://www.google.com/maps/search/?api=1&query=36.5208904,32.0553615",way/434704373
Antalya,Show Lounge,theatre,,,,,,,,,,,36.7580111,31.4270196,"https://www.google.com/maps/search/?api=1&query=36.7580111,31.4270196",node/6755426935
Antalya,Side Antik Tiyatro,theatre,,+90 242 247 76 60,https://www.muze.gov.tr/tr/muzeler/side-tiyatrosu-orenyeri,,Apr-Oct 08:00-19:00; Nov-Mar 08:00-17:00,,,,,,36.7680199,31.3905952,"https://www.google.com/maps/search/?api=1&query=36.7680199,31.3905952",way/476981098
Antalya,Side Müzesi,museum,,,,,,,,,,,36.7690350,31.3909975,"https://www.google.com/maps/search/?api=1&query=36.7690350,31.3909975",way/484336466
Antalya,Simitçi Mistik Gallery,gallery,,,,,,,,Tabakhane Sokak 1,,,36.8819228,30.7051428,"https://www.google.com/maps/search/?api=1&query=36.8819228,30.7051428",node/10219505781
Antalya,SOHO Club,nightclub,,+90 552 935 03 05,,,23:00-04:00,,,Metin Kasapoğlu Caddesi 12,Muratpaşa,Şirinyalı,36.8636864,30.7282045,"https://www.google.com/maps/search/?api=1&query=36.8636864,30.7282045",node/6074938091
Antalya,Summer Garden,nightclub,,,,,,,,,,,36.5872643,31.8687327,"https://www.google.com/maps/search/?api=1&query=36.5872643,31.8687327",way/496519689
Antalya,Suna & İnan Kıraç Kaleiçi Museum,museum,,,,,,,,Kocatepe Sokak 25,,,36.8840816,30.7078780,"https://www.google.com/maps/search/?api=1&query=36.8840816,30.7078780",node/4446644395
Antalya,Sümer Ezgü Sanat Akademisi,arts_centre,,,,sumerezgusanatakademisi,,,,,,,36.8847137,30.6415301,"https://www.google.com/maps/search/?api=1&query=36.8847137,30.6415301",node/14062422902
Antalya,Tenpin Bowling Center,amusement_arcade,,,,,,,,,,,36.8742962,30.6404009,"https://www.google.com/maps/search/?api=1&query=36.8742962,30.6404009",node/5616689373
Antalya,Tersane,museum,,,,,Mo-Su 09:00-19:00,,,,,,36.5342541,31.9986121,"https://www.google.com/maps/search/?api=1&query=36.5342541,31.9986121",way/258745412
Antalya,The Gamer Playstation Cafe,amusement_arcade,,,,,,,,,Konyaaltı,,36.8910769,30.6420281,"https://www.google.com/maps/search/?api=1&query=36.8910769,30.6420281",node/8316781097
Antalya,The Land of Legends Theme Park,water_park,,4449913,https://www.thelandoflegendsthemepark.com,,,,,Atatürk Caddesi 515-1,Serik,,36.8768978,31.0026924,"https://www.google.com/maps/search/?api=1&query=36.8768978,31.0026924",way/583087550
Antalya,Theatre,theatre,,,,,,,,,,,36.7594294,31.4126710,"https://www.google.com/maps/search/?api=1&query=36.7594294,31.4126710",node/2357638497
Antalya,Tiyatro,theatre,,,,,,,,,,,36.5772011,31.8872163,"https://www.google.com/maps/search/?api=1&query=36.5772011,31.8872163",way/997976156
Antalya,Tropcal Island,water_park,,,,,,,,,,,36.5990703,31.8036993,"https://www.google.com/maps/search/?api=1&query=36.5990703,31.8036993",way/997976971
Antalya,Tropicana Disco,nightclub,,,,,Mo-Su 23:30-05:00,,wlan,,,,36.5977658,31.8068072,"https://www.google.com/maps/search/?api=1&query=36.5977658,31.8068072",node/4210417591
Antalya,Türkan Şoray Kültür Merkezi,theatre,,,,,,,,,,,36.8696044,30.7248162,"https://www.google.com/maps/search/?api=1&query=36.8696044,30.7248162",way/742235611
Antalya,Türkler Yıldız Lunapark,theme_park,,,,,,,,,,,36.5992484,31.8199642,"https://www.google.com/maps/search/?api=1&query=36.5992484,31.8199642",way/1060408434
Antalya,VR Arena,amusement_arcade,,,,,,,,,,,36.8737220,30.7308199,"https://www.google.com/maps/search/?api=1&query=36.8737220,30.7308199",node/12237401841
Antalya,Xanthos theater,theatre,,,,,,,no,,,,36.3565261,29.3182982,"https://www.google.com/maps/search/?api=1&query=36.3565261,29.3182982",way/437018388
Antalya,Xone Event Area,nightclub,,,,,,,,,,,36.8548737,30.9157771,"https://www.google.com/maps/search/?api=1&query=36.8548737,30.9157771",way/1080299476
Antalya,Yin Yang Square,theatre,,,,,,,,,,,36.8539777,30.8815709,"https://www.google.com/maps/search/?api=1&query=36.8539777,30.8815709",way/166105455
Antalya,Zip Zip Park,theme_park,,+90 242 332 22 44,https://www.zipzippark.com.tr,,,,,,,,36.9190606,30.6654137,"https://www.google.com/maps/search/?api=1&query=36.9190606,30.6654137",way/738265389
Antalya,Zoo Park,zoo,,,,,,,,,,,36.4835325,30.5186222,"https://www.google.com/maps/search/?api=1&query=36.4835325,30.5186222",node/6005716509
Antalya,Özler Dügün Salonu,nightclub,,,,,,,,,,,36.7701863,31.4933290,"https://www.google.com/maps/search/?api=1&query=36.7701863,31.4933290",way/448511604
Antalya,Аквапарк Trendy Lara (взрослый),water_park,,,,,"10:00-12:00, 14:00-16:00",,,,,,36.8594572,30.9219615,"https://www.google.com/maps/search/?api=1&query=36.8594572,30.9219615",way/1003960155
Antalya,Аквапарк Trendy Lara (детский),water_park,,,,,,,,,,,36.8597076,30.9218929,"https://www.google.com/maps/search/?api=1&query=36.8597076,30.9218929",way/1003971950
Antalya,Амфитеатр,theatre,,,,,,,,,,,36.5074551,30.5381713,"https://www.google.com/maps/search/?api=1&query=36.5074551,30.5381713",way/492120936
Artvin,08 Clup Disco,nightclub,,,,,,,,,,,41.3859180,41.4102022,"https://www.google.com/maps/search/?api=1&query=41.3859180,41.4102022",node/5853383585
Artvin,Ahmet Hamdi Tanpınar Kültür Merkezi,arts_centre,,,,,,,,,,,41.1791579,41.8181079,"https://www.google.com/maps/search/?api=1&query=41.1791579,41.8181079",way/1101058179
Artvin,Büyükoğlu Düğün Salonu,events_venue,,,,,,,,,,,41.3502220,41.2997460,"https://www.google.com/maps/search/?api=1&query=41.3502220,41.2997460",way/770022510
Artvin,Dikyamaç Yaşam Tarzı Müzesi,museum,,,,,Mo-Fr 09:00-15:00; Sa-Su 09:00-17:00,,,,,,41.2863987,41.3687050,"https://www.google.com/maps/search/?api=1&query=41.2863987,41.3687050",way/974632828
Artvin,Gözde Düğün Salonu,events_venue,,,,,,,,,,,41.3646702,41.6698873,"https://www.google.com/maps/search/?api=1&query=41.3646702,41.6698873",way/1102561569
Artvin,Halk Eğitim Merkezi Ve Akşam Sanat Okulu Müdürlüğü,arts_centre,,,,,,,,,,,41.3483213,41.3026269,"https://www.google.com/maps/search/?api=1&query=41.3483213,41.3026269",way/812881001
Artvin,Kafkasör Boğa Güreşi Alanı,events_venue,,,,,,,,,,,41.1666467,41.7950395,"https://www.google.com/maps/search/?api=1&query=41.1666467,41.7950395",way/1101449773
Artvin,Sönmez Düğün Salonu,events_venue,,,,,,,,,,,41.3602330,41.6798312,"https://www.google.com/maps/search/?api=1&query=41.3602330,41.6798312",way/1101471883
Artvin,Çoruh Park Düğün Salonu,events_venue,,,,,,,,,,,41.1876668,41.8323058,"https://www.google.com/maps/search/?api=1&query=41.1876668,41.8323058",way/1101441636
Aydin,Ada Modern Sanat Galerisi,gallery,,,https://adamodern.com/,,,,,,,,37.8612531,27.2571585,"https://www.google.com/maps/search/?api=1&query=37.8612531,27.2571585",node/11138185228
Aydin,Adaland Aquapark,theme_park,,,https://www.adaland.com/,,,,,,,,37.9171887,27.2695485,"https://www.google.com/maps/search/?api=1&query=37.9171887,27.2695485",way/372695069
Aydin,Adnan Menderes Müzesi,museum,,,,,,,,,,,37.7621051,27.8341985,"https://www.google.com/maps/search/?api=1&query=37.7621051,27.8341985",way/1021899846
Aydin,Afrodisias Müze,museum,,,,,,,,,,,37.7094408,28.7270855,"https://www.google.com/maps/search/?api=1&query=37.7094408,28.7270855",relation/18919096
Aydin,after 11,nightclub,,,,,,,,,,,37.3470475,27.2323139,"https://www.google.com/maps/search/?api=1&query=37.3470475,27.2323139",node/14028168009
Aydin,araff,nightclub,,,,,,,,,,,37.8609390,27.2580128,"https://www.google.com/maps/search/?api=1&query=37.8609390,27.2580128",way/1206122987
Aydin,Arena,theatre,,,,,,,,,,,37.9070950,27.2695182,"https://www.google.com/maps/search/?api=1&query=37.9070950,27.2695182",way/509653507
Aydin,Atça Kültür Merkezi,theatre,,,,,,,,,,,37.8886237,28.2142495,"https://www.google.com/maps/search/?api=1&query=37.8886237,28.2142495",node/2321989488
Aydin,Aydın Arkeoloji Müzesi,museum,,,"http://www.aydinkulturturizm.gov.tr/TR,64420/aydin-arkeoloji-muzesi.html",,,,,,,,37.8469264,27.8628091,"https://www.google.com/maps/search/?api=1&query=37.8469264,27.8628091",way/517638951
Aydin,Açık Hava Tiyatrosu,theatre,,,,,,,,,,,37.8551683,27.8449845,"https://www.google.com/maps/search/?api=1&query=37.8551683,27.8449845",way/623818689
Aydin,Bozdoğan Belediyesi Düğün Salonu,events_venue,,,,,,,,,,,37.6705492,28.3098281,"https://www.google.com/maps/search/?api=1&query=37.6705492,28.3098281",way/741741456
Aydin,Crow,nightclub,,,,,,,,,,,37.8605903,27.2584958,"https://www.google.com/maps/search/?api=1&query=37.8605903,27.2584958",way/1206122989
Aydin,Defne Kır Düğün Salonu,events_venue,,,,,,,,,,,37.4158563,27.2224823,"https://www.google.com/maps/search/?api=1&query=37.4158563,27.2224823",node/9576313196
Aydin,Deniz Ticareti Tarihi Müzesi,museum,,,https://dtm.org.tr/,,Mo-Su 08.30-17.30,,,,Kuşadası,Hacıfeyzullah,37.8635528,27.2477218,"https://www.google.com/maps/search/?api=1&query=37.8635528,27.2477218",node/13195785667
Aydin,Didim Aquapark,water_park,,,,,,,,,,,37.4301645,27.2219381,"https://www.google.com/maps/search/?api=1&query=37.4301645,27.2219381",way/287866701
Aydin,Didim Lunapark,theme_park,,,,,,,,,,,37.3478477,27.2711460,"https://www.google.com/maps/search/?api=1&query=37.3478477,27.2711460",way/496096457
Aydin,Didim Playstation,amusement_arcade,,,,,10:00 - 00:00,,wlan,820. Sokak 25,,Yeni Mahalle,37.3789688,27.2669901,"https://www.google.com/maps/search/?api=1&query=37.3789688,27.2669901",node/12198872963
Aydin,Dilek Peninsula National Park,museum,,,,,,,,,,,37.6319515,27.1782038,"https://www.google.com/maps/search/?api=1&query=37.6319515,27.1782038",node/2137240341
Aydin,Greek theater of Alabanda,theatre,,,,,,,,,,,37.5917386,27.9851827,"https://www.google.com/maps/search/?api=1&query=37.5917386,27.9851827",way/116960338
Aydin,Harem,nightclub,,,,,,,,,,,37.8604139,27.2587929,"https://www.google.com/maps/search/?api=1&query=37.8604139,27.2587929",way/1206122994
Aydin,Holly Stone,nightclub,,,,,,,,,,,37.8435247,27.8564757,"https://www.google.com/maps/search/?api=1&query=37.8435247,27.8564757",way/517699865
Aydin,İbramaki Sanat Galerisi,gallery,,,,,,,,,,,37.8615688,27.2583648,"https://www.google.com/maps/search/?api=1&query=37.8615688,27.2583648",way/1201845070
Aydin,Kuakmer,museum,,,https://kuakmer.org/,,,,,,,,37.8567498,27.2568943,"https://www.google.com/maps/search/?api=1&query=37.8567498,27.2568943",way/1201851953
Aydin,Limon Bar,nightclub,,,,,,,,,,,37.8597627,27.2589581,"https://www.google.com/maps/search/?api=1&query=37.8597627,27.2589581",way/1206122997
Aydin,Milet Müzesi,museum,,,,,Mo-Su 09:00-19:00,,,,,,37.5256648,27.2746273,"https://www.google.com/maps/search/?api=1&query=37.5256648,27.2746273",way/183310100
Aydin,Mineral ve Fosil Müzesi,museum,,,,,,,,,,,37.8576998,27.2572631,"https://www.google.com/maps/search/?api=1&query=37.8576998,27.2572631",way/1527552636
Aydin,Nazilli Belediyesi Etnoğrafya Müzesi,museum,,,,,Mo-Sa 09:00-17:00,,,Fevzi Çakmak Caddesi 15,,,37.9146302,28.3265344,"https://www.google.com/maps/search/?api=1&query=37.9146302,28.3265344",node/5490520522
Aydin,Necati Korkmaz Mikro Minyatür Müzesi,museum,,,,,,,,,,,37.8591127,27.2582719,"https://www.google.com/maps/search/?api=1&query=37.8591127,27.2582719",way/1209686860
Aydin,Nysa Tiyatrosu,theatre,,,,,,,,,,,37.9037144,28.1453404,"https://www.google.com/maps/search/?api=1&query=37.9037144,28.1453404",way/134925219
Aydin,Oleatrium Zeytin ve Zeytinyağı Tarihi Müzesi,museum,,,,,,,,Atatürk Cadde 128,Kuşadası,Davutlar,37.7586429,27.2911328,"https://www.google.com/maps/search/?api=1&query=37.7586429,27.2911328",node/8120863958
Aydin,Paparazi,nightclub,,,,,,,,,,,37.8604740,27.2586620,"https://www.google.com/maps/search/?api=1&query=37.8604740,27.2586620",way/1206122991
Aydin,Paribu Cineverse,cinema,,,,,,,,,,,37.8457455,27.8607211,"https://www.google.com/maps/search/?api=1&query=37.8457455,27.8607211",node/11300040831
Aydin,Sensation,nightclub,,,,,,,,,,,37.8602075,27.2588080,"https://www.google.com/maps/search/?api=1&query=37.8602075,27.2588080",way/1206122995
Aydin,Tattoo,nightclub,,,,,,,,,,,37.8605899,27.2586505,"https://www.google.com/maps/search/?api=1&query=37.8605899,27.2586505",way/1206122990
Aydin,theater,theatre,,,,,,,,,,,37.5587027,27.8270694,"https://www.google.com/maps/search/?api=1&query=37.5587027,27.8270694",way/117330923
Aydin,Tiyatro,theatre,,,,,,,,,,,37.5306480,27.2757514,"https://www.google.com/maps/search/?api=1&query=37.5306480,27.2757514",relation/14210830
Aydin,Tralleis Antik Tiyatro,theatre,,,,,,,,,,,37.8675694,27.8438893,"https://www.google.com/maps/search/?api=1&query=37.8675694,27.8438893",way/518347772
Aydin,Yörük Ali Efe Evi Müzesi,museum,,,,,,,,,,,37.8222075,28.1901733,"https://www.google.com/maps/search/?api=1&query=37.8222075,28.1901733",node/11459525713
Aydin,Çok Amaçlı Salon (ÇAS),theatre,,,,,,,,,,,37.8597919,27.8235543,"https://www.google.com/maps/search/?api=1&query=37.8597919,27.8235543",way/884673036
Aydin,Şükran Güngör Gösteri Merkezi,theatre,,,,,,,,,,,37.8372625,27.8375033,"https://www.google.com/maps/search/?api=1&query=37.8372625,27.8375033",way/903406095
Balikesir,Ahmet Akın Kültür Merkezi,arts_centre,,,,,,,,,,,39.5028345,26.9602400,"https://www.google.com/maps/search/?api=1&query=39.5028345,26.9602400",way/500661396
Balikesir,Akbaş Köyü Etnografya Müzesi,museum,,,,,,,,,Balya,Akbaş Mahallesi,39.6541100,27.5275478,"https://www.google.com/maps/search/?api=1&query=39.6541100,27.5275478",node/5625989124
Balikesir,Aktur Lunapark,theme_park,,,https://www.akturpark.com.tr/,,,,,,,,39.6446224,27.8857888,"https://www.google.com/maps/search/?api=1&query=39.6446224,27.8857888",way/1387582460
Balikesir,Akuapark,aquarium,,,,,,,,,,,39.5586353,26.6819684,"https://www.google.com/maps/search/?api=1&query=39.5586353,26.6819684",node/13043798266
Balikesir,Alaettin Düğün Salonu,dance,,,,,,,,,,,40.1827974,27.6886412,"https://www.google.com/maps/search/?api=1&query=40.1827974,27.6886412",way/1325497262
Balikesir,Alibey Kudar Etnografya Müzesi,museum,,,,,,,,Tahtakuşlar Köyü Yolu,Edremit,Çamlıbel Mahallesi,39.5909193,26.8587345,"https://www.google.com/maps/search/?api=1&query=39.5909193,26.8587345",node/8984507801
Balikesir,Altınoluk Amfi Tiyatro,theatre,,,,,,,,,,,39.5772632,26.7405615,"https://www.google.com/maps/search/?api=1&query=39.5772632,26.7405615",way/500525972
Balikesir,Ambiente Düğün Salonu,events_venue,,,,,,,,Atatürk Caddesi 243,Bandırma,17 Eylül Mahallesi,40.3446142,27.9822996,"https://www.google.com/maps/search/?api=1&query=40.3446142,27.9822996",way/1183041709
Balikesir,amfitiyatro,theatre,,,,,,,,,,,39.6017096,27.0382240,"https://www.google.com/maps/search/?api=1&query=39.6017096,27.0382240",way/293275966
Balikesir,Arena Cafe,amusement_arcade,,,,,,,,,,,39.5819265,26.9280937,"https://www.google.com/maps/search/?api=1&query=39.5819265,26.9280937",node/6435649141
Balikesir,Arişta Organizasyon,events_venue,,,,,,,,Nato Caddesi 176/A,Bandırma,100. Yıl Mahallesi,40.3456419,27.9948673,"https://www.google.com/maps/search/?api=1&query=40.3456419,27.9948673",node/12900329180
Balikesir,Art Bella,arts_centre,,,,,,,,11001 Sokak 2/A,Bandırma,Hacı Yusuf Mahallesi,40.3571970,27.9732024,"https://www.google.com/maps/search/?api=1&query=40.3571970,27.9732024",node/13023037745
Balikesir,Artur Işık Açıkhava Sineması,cinema,,,,,,,,,,,39.4260677,26.8056870,"https://www.google.com/maps/search/?api=1&query=39.4260677,26.8056870",node/7190101121
Balikesir,Artur Işık Açıkhava Sineması,cinema,,,,,,,,,,,39.4259609,26.8058325,"https://www.google.com/maps/search/?api=1&query=39.4259609,26.8058325",way/1126940809
Balikesir,Ateş Dans Organizasyon,events_venue,,,,,,,,Terziler Caddesi 3/A,Bandırma,Haydar Çavuş Mahallesi,40.3523912,27.9702125,"https://www.google.com/maps/search/?api=1&query=40.3523912,27.9702125",node/13150956015
Balikesir,Atölye Sera,arts_centre,,,,,,,,Şehit Hakan Palabıyık Caddesi 6/B,Bandırma,Paşakent Mahallesi,40.3425660,27.9455964,"https://www.google.com/maps/search/?api=1&query=40.3425660,27.9455964",node/13238942242
Balikesir,Aysima Davet,events_venue,,,,,,,,Atatürk Caddesi 212/A,Bandırma,600 Evler Mahallesi,40.3352524,27.9908902,"https://www.google.com/maps/search/?api=1&query=40.3352524,27.9908902",node/13482395624
Balikesir,Ayvalık Amfi Tiyatro,theatre,,,,,,,no,Kaktüs Sokak,,,39.3108434,26.6832895,"https://www.google.com/maps/search/?api=1&query=39.3108434,26.6832895",way/718265393
Balikesir,Ayvalık Anadolu Uygarlıkları Sergisi,museum,,,,,,,,,,,39.3321675,26.6995369,"https://www.google.com/maps/search/?api=1&query=39.3321675,26.6995369",node/9943452456
Balikesir,Ayşe Sıdıka Erke Etnografya Müzesi,museum,,,,,,,,,,,39.5915052,27.0174454,"https://www.google.com/maps/search/?api=1&query=39.5915052,27.0174454",way/732549715
Balikesir,Aşk-ı Mahal Düğün Salonu,events_venue,,,,,,,,1024 Sokak 4,Bandırma,17 Eylül Mahallesi,40.3434397,27.9836730,"https://www.google.com/maps/search/?api=1&query=40.3434397,27.9836730",way/1183506647
Balikesir,Balıkesir Aquapark,water_park,,+90 266 249 11 11,https://www.aquaparkbalikesir.com/,,,,,,,,39.6530155,27.9073105,"https://www.google.com/maps/search/?api=1&query=39.6530155,27.9073105",way/654912370
Balikesir,Balıkesir Kuva-i Milliye Müzesi,museum,,,,,,,,,,,39.6457430,27.8796671,"https://www.google.com/maps/search/?api=1&query=39.6457430,27.8796671",way/931323702
Balikesir,Balıkesir Kuvâ-yi Milliye Müzesi,museum,,+90 266 243 31 81,,,Mo-Su 08:30-17:30,,,,,,39.6458481,27.8795735,"https://www.google.com/maps/search/?api=1&query=39.6458481,27.8795735",way/232389727
Balikesir,Balıkesir Ulusal Fotoğraf Müzesi,museum,,+90 266 249 11 49,https://www.fotografmuzesi.org/,,,,,Ulus Sokağı 3,Karesi,Dumlupınar Mahallesi,39.6474791,27.8792638,"https://www.google.com/maps/search/?api=1&query=39.6474791,27.8792638",way/572040168
Balikesir,Balıkesir Çağdaş Sanatlar Müzesi Kent Arşivi,museum,,,,,,,,Gazi Bulvarı,,Akıncılar Mahallesi,39.6486326,27.8868475,"https://www.google.com/maps/search/?api=1&query=39.6486326,27.8868475",way/460378844
Balikesir,Balıkesir Çocuk Köyü,theme_park,,+90 266 241 06 20,http://balikesircocukkoyu.com/,,,,,339. Sokak 19,Altıeylül,Güöüşçeşme Mahallesi,39.6537667,27.9017777,"https://www.google.com/maps/search/?api=1&query=39.6537667,27.9017777",node/5472999298
Balikesir,Banavo Organizasyon,events_venue,,,,,,,,Kayacık Caddesi 206,Bandırma,Kayacık Mahallesi,40.3460106,28.0052863,"https://www.google.com/maps/search/?api=1&query=40.3460106,28.0052863",way/1481175643
Balikesir,Bandırma Arkeoloji Müzesi,museum,,,,,Tu-Su 09:00-17:00,,,Şehit Cemil Kaya Caddesi 17,Bandırma,Paşakent Mahallesi,40.3471611,27.9533627,"https://www.google.com/maps/search/?api=1&query=40.3471611,27.9533627",way/1111718273
Balikesir,Bandırma Belediyesi Düğün Salonu,events_venue,,,,,,,,Kurtuluş Caddesi 104/3,Bandırma,17 Eylül Mahallesi,40.3508398,27.9823170,"https://www.google.com/maps/search/?api=1&query=40.3508398,27.9823170",way/600558310
Balikesir,Bandırma Bilim ve Sanat Merkezi,arts_centre,,,https://bandirmabilsem.meb.k12.tr,,,,,Atatürk Caddesi 70,Bandırma,17 Eylül Mahallesi,40.3506986,27.9730526,"https://www.google.com/maps/search/?api=1&query=40.3506986,27.9730526",way/1186223690
Balikesir,Bandırma Kültür Merkezi,arts_centre,,,,,,,,Mehmetçik Caddesi 86,Bandırma,Paşakent Mahallesi,40.3422314,27.9551161,"https://www.google.com/maps/search/?api=1&query=40.3422314,27.9551161",way/1030744954
Balikesir,Bandırma Müftlüğü Okuma Salonu,events_venue,,,,,,,,Deniz Teğmen Erdem Öztürk Sokağı 3/A,Bandırma,Dere Mahallesi,40.3508009,27.9690631,"https://www.google.com/maps/search/?api=1&query=40.3508009,27.9690631",node/13316265416
Balikesir,Bandırma Müzikhol Refresh,nightclub,,,,,,,,Atatürk Caddesi 195,Bandırma,17 Eylül Mahallesi,40.3465852,27.9791596,"https://www.google.com/maps/search/?api=1&query=40.3465852,27.9791596",way/1183041459
Balikesir,Bandırma Sanayi Düğün Salonu,events_venue,,,,,,,,2080 Sokak 6,Bandırma,600 Evler Mahallesi,40.3241243,27.9993517,"https://www.google.com/maps/search/?api=1&query=40.3241243,27.9993517",way/1486271471
Balikesir,Bizimköy Hareketli Etnoğrafya Galerisi,museum,,+90 266 412 00 52,,,,,,,,,39.4855489,26.9470059,"https://www.google.com/maps/search/?api=1&query=39.4855489,26.9470059",way/489024319
Balikesir,Boho Eatings & Bowling,bowling_alley,,,,,Mo-Su 10:00-22:00,,,Atatürk Caddesi 150,Bandırma,17 Eylül Mahallesi,40.3441764,27.9810692,"https://www.google.com/maps/search/?api=1&query=40.3441764,27.9810692",node/11022863538
Balikesir,Burhaniye Belediyesi Sanat Evi Resim Atölyesi,gallery,,,,,,,,,,,39.4852040,26.9335437,"https://www.google.com/maps/search/?api=1&query=39.4852040,26.9335437",way/508342090
Balikesir,Cankurt Masa Sandalye Kiralama,events_venue,,,,,,,,13079 Sokak 1/B,Bandırma,İhsaniye Mahallesi,40.3526351,27.9761863,"https://www.google.com/maps/search/?api=1&query=40.3526351,27.9761863",node/13357293816
Balikesir,Cego Oyun Salonu,amusement_arcade,,,,,,,,İstiklal Caddesi 18/B,Bandırma,Hacı Yusuf Mahallesi,40.3554493,27.9710906,"https://www.google.com/maps/search/?api=1&query=40.3554493,27.9710906",node/13042900418
Balikesir,Cinemarine,cinema,,,,,Mo-Su 10:00-22:00,,,,,,39.5993937,26.9849037,"https://www.google.com/maps/search/?api=1&query=39.5993937,26.9849037",node/6688047661
Balikesir,Club Havana,nightclub,,,,,,,,,Burhaniye,Bahçelievler Mahallesi,39.5397595,26.9426171,"https://www.google.com/maps/search/?api=1&query=39.5397595,26.9426171",way/632085112
Balikesir,Düğün Salonu,dance,,,,,,,,,,,40.5845316,27.5623694,"https://www.google.com/maps/search/?api=1&query=40.5845316,27.5623694",node/12321293219
Balikesir,Düğün Salonu,dance,,,,,,,,,,,40.1133869,27.8100810,"https://www.google.com/maps/search/?api=1&query=40.1133869,27.8100810",way/1351256688
Balikesir,Düğün Salonu,events_venue,,,,,,,,,,,39.6937230,28.1572280,"https://www.google.com/maps/search/?api=1&query=39.6937230,28.1572280",way/1409351048
Balikesir,Düğün Salonu,events_venue,,,,,,,,,,,39.6823038,28.1666977,"https://www.google.com/maps/search/?api=1&query=39.6823038,28.1666977",way/1409351724
Balikesir,Düğün Salonu,events_venue,,,,,,,,,,,39.9916860,28.0958908,"https://www.google.com/maps/search/?api=1&query=39.9916860,28.0958908",way/1460563336
Balikesir,Düğün Salonu,events_venue,,,,,,,,,,,40.0450589,28.1022795,"https://www.google.com/maps/search/?api=1&query=40.0450589,28.1022795",way/1460566402
Balikesir,ErdekLand,zoo,,,,,,,,,,,40.4094093,27.8353943,"https://www.google.com/maps/search/?api=1&query=40.4094093,27.8353943",way/1158513389
Balikesir,Esin Düğün Salonu Bandırma,events_venue,,,,,,,,Nato Caddesi 145,Bandırma,100. Yıl Mahallesi,40.3455721,27.9940488,"https://www.google.com/maps/search/?api=1&query=40.3455721,27.9940488",way/1183507041
Balikesir,Etnoğrafya Müzesi,museum,,,,,,,,,,,40.4068810,27.7910121,"https://www.google.com/maps/search/?api=1&query=40.4068810,27.7910121",node/1919807608
Balikesir,Eşen Düğün Salonu,dance,,,,,,,,,,,40.1004332,28.0578041,"https://www.google.com/maps/search/?api=1&query=40.1004332,28.0578041",way/1340354600
Balikesir,Galeri Engin Sanatevi,gallery,,+90 535 333 47 62,,,,,,Kayacık Caddesi 42/A,Bandırma,İhsaniye Mahallesi,40.3495723,27.9870804,"https://www.google.com/maps/search/?api=1&query=40.3495723,27.9870804",node/11332965127
Balikesir,Ganyan Bayi,casino,,,,,,,,Tekel Sokağı 3/A,Bandırma,Paşabayır Mahallesi,40.3513725,27.9682489,"https://www.google.com/maps/search/?api=1&query=40.3513725,27.9682489",node/12450998593
Balikesir,Gündoğan Düğün Salonu,dance,,,,,,,,,,,40.1678773,27.6303173,"https://www.google.com/maps/search/?api=1&query=40.1678773,27.6303173",way/1346621865
Balikesir,Güre Mahallesi Amfi Tiyatro Sahnesi,theatre,,,,,,,,,,,39.6134929,26.8955867,"https://www.google.com/maps/search/?api=1&query=39.6134929,26.8955867",node/8972528643
Balikesir,Huzur Lunapark,theme_park,,,https://www.instagram.com/huzurlunapark/,,Mo-Su 18:00-02:00,,,Cumhuriyet Caddesi No:16,Ayvalık,Küçükköy Mahallesi,39.2710837,26.6653690,"https://www.google.com/maps/search/?api=1&query=39.2710837,26.6653690",way/506891654
Balikesir,İda Madra Geoparkı,museum,,,,,,,,,,,39.6113716,26.8933703,"https://www.google.com/maps/search/?api=1&query=39.6113716,26.8933703",node/10116810087
Balikesir,İddaa,casino,,,,,,,,Tekel Sokağı 5/A,Bandırma,Paşabayır Mahallesi,40.3513649,27.9681708,"https://www.google.com/maps/search/?api=1&query=40.3513649,27.9681708",node/12450998592
Balikesir,Junior Game Lounge,amusement_arcade,,,,,,,,Eski Ayvalık Caddesi 5,Burhaniye,İskele Mahallesi,39.4825416,26.9280692,"https://www.google.com/maps/search/?api=1&query=39.4825416,26.9280692",node/12951178020
Balikesir,Kalfaköy Düğün Salonu,events_venue,,,,,,,,,,,40.1092635,27.7303287,"https://www.google.com/maps/search/?api=1&query=40.1092635,27.7303287",way/1457777385
Balikesir,Keskin Düğün ve Toplantı Salonu,events_venue,,,,,,,,Şehit İlhan Güncan Caddesi 68,Bandırma,17 Eylül Mahallesi,40.3443179,27.9848175,"https://www.google.com/maps/search/?api=1&query=40.3443179,27.9848175",way/1183506421
Balikesir,Kiraz Düğün Salonu,dance,,+90 266 244 41 12,https://kirazdugunsalonu.com/,,,,,,,,39.6404524,27.8830929,"https://www.google.com/maps/search/?api=1&query=39.6404524,27.8830929",node/6098645915
Balikesir,Konuk Park Düğün Salonu,events_venue,,,,,,,,2124 Sokak 5,Bandırma,600 Evler Mahallesi,40.3265664,28.0045285,"https://www.google.com/maps/search/?api=1&query=40.3265664,28.0045285",way/1041661535
Balikesir,Kuvayi Milliye Kültür Müzesi,museum,,,,,,,,,Burhaniye,Kocacami Mahallesi,39.5038991,26.9810922,"https://www.google.com/maps/search/?api=1&query=39.5038991,26.9810922",way/547814870
Balikesir,Köprü Beach & Club & Lounge,nightclub,,,,,,,,,,,39.5722605,26.9390151,"https://www.google.com/maps/search/?api=1&query=39.5722605,26.9390151",node/6411138411
Balikesir,Köşk Nigh Club,nightclub,,,,,,,,Vecihibey Caddesi 119,Bandırma,Hacı Yusuf Mahallesi,40.3610823,27.9808846,"https://www.google.com/maps/search/?api=1&query=40.3610823,27.9808846",way/1185156988
Balikesir,Kızla Müze Han,museum,,,,,,,,,,,39.2347018,28.1797073,"https://www.google.com/maps/search/?api=1&query=39.2347018,28.1797073",way/1412597553
Balikesir,Livatya Düğün Salonu,events_venue,,,,,,,,Vecihibey Caddesi 130,Bandırma,Hacı Yusuf Mahallesi,40.3609577,27.9821377,"https://www.google.com/maps/search/?api=1&query=40.3609577,27.9821377",way/1040353496
Balikesir,Locked Game Balıkesir Korku Evi,amusement_arcade,,,http://www.lockedgame.com/,,,,,,,,39.6464182,27.8784923,"https://www.google.com/maps/search/?api=1&query=39.6464182,27.8784923",node/6098532003
Balikesir,Lunapark,theme_park,,,,,,,,,,,39.5841867,26.9219281,"https://www.google.com/maps/search/?api=1&query=39.5841867,26.9219281",way/279726921
Balikesir,Milano Düğün Salonu,events_venue,,,,,,,,Şehit İlhan Güncan Caddesi 93,Bandırma,İhsaniye Mahallesi,40.3441003,27.9867097,"https://www.google.com/maps/search/?api=1&query=40.3441003,27.9867097",way/1183506422
Balikesir,Mutasarrıf Ömer Ali Bey Yazma Eser Kütüphanesi Müdürlüğü,museum,,,,,,,,,,,39.6454766,27.8791417,"https://www.google.com/maps/search/?api=1&query=39.6454766,27.8791417",way/532206829
Balikesir,my CineLife,cinema,,+90 266 331 00 55,,,,,,,,,39.3331591,26.7177561,"https://www.google.com/maps/search/?api=1&query=39.3331591,26.7177561",node/12653317684
Balikesir,Mügenin Sanat Evi,arts_centre,,,,,,,,,,,39.6600556,27.9059894,"https://www.google.com/maps/search/?api=1&query=39.6600556,27.9059894",node/5193062249
Balikesir,Nazende Davet Kır Bahçesi,events_venue,,,,,,,,17022 Sokak 2,Bandırma,Paşakent Mahallesi,40.3463886,27.9543524,"https://www.google.com/maps/search/?api=1&query=40.3463886,27.9543524",way/1447521081
Balikesir,New Davet&Balo,events_venue,,,,,,,,Kayacık Caddesi 124/1B,Bandırma,100. Yıl Mahallesi,40.3463361,27.9960293,"https://www.google.com/maps/search/?api=1&query=40.3463361,27.9960293",node/13597851685
Balikesir,Pasha Club,nightclub,,,,,,,,,,,39.5000644,26.9326496,"https://www.google.com/maps/search/?api=1&query=39.5000644,26.9326496",node/4952204172
Balikesir,Paşam Düğün Salonu,dance,,,,,,,,,,,39.6548978,27.8614776,"https://www.google.com/maps/search/?api=1&query=39.6548978,27.8614776",way/587099005
Balikesir,Prokonnissos Disco,dance,,,,,,,,,,,40.5859343,27.5719290,"https://www.google.com/maps/search/?api=1&query=40.5859343,27.5719290",way/1547555848
Balikesir,Rahmi M. Koç Müzesi (Taksiyarhis Kilisesi),museum,,,,,,,,Şeref Sokak 6/А,,,39.3336803,26.6583401,"https://www.google.com/maps/search/?api=1&query=39.3336803,26.6583401",node/10117200918
Balikesir,Reha Yurdakul Salonu,theatre,,,,,,,,,,,39.5028003,26.9772011,"https://www.google.com/maps/search/?api=1&query=39.5028003,26.9772011",way/494359891
Balikesir,Remzi Özkara,arts_centre,,,,,,,,Kurtuluş Caddesi 49/A,Bandırma,Paşamescit Mahallesi,40.3554292,27.9751636,"https://www.google.com/maps/search/?api=1&query=40.3554292,27.9751636",node/13359338341
Balikesir,Salih Tozan Kültür Merkezi,arts_centre,,,,,,,,,,,39.6485779,27.8872042,"https://www.google.com/maps/search/?api=1&query=39.6485779,27.8872042",way/249164414
Balikesir,Salih Tozan Kültür Merkezi,arts_centre,,,,,,,,,,,39.6484892,27.8870953,"https://www.google.com/maps/search/?api=1&query=39.6484892,27.8870953",way/526424380
Balikesir,Salur Düğün Salonu,dance,,,,,,,,,,,40.0977319,27.9363050,"https://www.google.com/maps/search/?api=1&query=40.0977319,27.9363050",way/1237560266
Balikesir,Sandalye Masa Kiralama,events_venue,,,,,,,,Kışlak Sokağı 34/B,Bandırma,İhsaniye Mahallesi,40.3533956,27.9767486,"https://www.google.com/maps/search/?api=1&query=40.3533956,27.9767486",node/13357437092
Balikesir,Sarıköy Düğün Salonu ve Kültür Merkezi,dance,,,,,,,,,,,40.2019861,27.6029015,"https://www.google.com/maps/search/?api=1&query=40.2019861,27.6029015",way/1346403123
Balikesir,Sarıköy Düğün ve Toplantı Salonu,dance,,,,,,,,,,,40.2056444,27.5980095,"https://www.google.com/maps/search/?api=1&query=40.2056444,27.5980095",way/1346405246
Balikesir,Show Line,events_venue,,,,,,,,16048 Sokak 6/D,Bandırma,Paşabayır Mahallesi,40.3495245,27.9685907,"https://www.google.com/maps/search/?api=1&query=40.3495245,27.9685907",node/13300099106
Balikesir,STS Kır Düğün Bahçesi & Restoran,events_venue,,,,,,,,11030 Sokak 17,Bandırma,Hacı Yusuf Mahallesi,40.3638127,27.9868697,"https://www.google.com/maps/search/?api=1&query=40.3638127,27.9868697",way/1040343411
Balikesir,Süper Night Club,nightclub,,,,,,,,Ordu Caddesi 49,Bandırma,Dere Mahallesi,40.3488171,27.9692891,"https://www.google.com/maps/search/?api=1&query=40.3488171,27.9692891",way/1182957716
Balikesir,Taksiyarhis Müzesi,museum,,,https://www.muze.gov.tr/tr/muzeler/taksiyarhis-anit-muzesi,,Mo-Su 08:30-17:30,,,,Ayvalık,,39.3198009,26.6948918,"https://www.google.com/maps/search/?api=1&query=39.3198009,26.6948918",way/267142600
Balikesir,Taylıeli Amfi Tiyatrosu,theatre,,,,,,,,,Burhaniye,Taylıeli Mahallesi,39.4658939,26.9349096,"https://www.google.com/maps/search/?api=1&query=39.4658939,26.9349096",way/528355643
Balikesir,Tiyatro Kyzikos,theatre,,,,,,,,Mehmetçik Caddesi 59/C,Bandırma,Paşabayır Mahallesi,40.3482919,27.9642345,"https://www.google.com/maps/search/?api=1&query=40.3482919,27.9642345",node/13285061360
Balikesir,Tunç Başaran Kültür Merkezi,arts_centre,,,,,,,,Cumhuriyet Caddesi 45,Bandırma,Hacı Yusuf Mahallesi,40.3573246,27.9700242,"https://www.google.com/maps/search/?api=1&query=40.3573246,27.9700242",way/1183760040
Balikesir,Turuncu Sanat,arts_centre,,,,,,,,Kurtuluş Caddesi 15/A,Bandırma,Hacı Yusuf Mahallesi,40.3568984,27.9732212,"https://www.google.com/maps/search/?api=1&query=40.3568984,27.9732212",node/13023071602
Balikesir,Tuzakçı Düğün Salonu,dance,,,,,,,,,,,40.1489752,27.6724128,"https://www.google.com/maps/search/?api=1&query=40.1489752,27.6724128",way/1355218717
Balikesir,Yakamoz Balo ve Davet,events_venue,,,,,,,,160 Sokak 13,Bandırma,600 Evler Mahallesi,40.3362678,27.9950719,"https://www.google.com/maps/search/?api=1&query=40.3362678,27.9950719",way/1169311516
Balikesir,Yılbay Night Club,nightclub,,,,,,,,,,,39.5810634,26.8620940,"https://www.google.com/maps/search/?api=1&query=39.5810634,26.8620940",node/10241333721
Balikesir,Çalıoba Düğün Toplantı Salonu,dance,,,,,,,,,,,40.1775394,27.7257348,"https://www.google.com/maps/search/?api=1&query=40.1775394,27.7257348",way/1346357537
Balikesir,Ören Açık Hava Tiyatrosu,theatre,,,,,,,,,,,39.5032650,26.9365411,"https://www.google.com/maps/search/?api=1&query=39.5032650,26.9365411",way/494122564
Balikesir,Şoförler Odası Düğün Salonu,events_venue,,,,,,,,Korozman Ara Sokağı 8,Bandırma,17 Eylül Mahallesi,40.3404528,27.9792246,"https://www.google.com/maps/search/?api=1&query=40.3404528,27.9792246",way/1183490080
Bartin,Amasra Müzesi,museum,,,https://muze.gov.tr/muze-detay?SectionId=AMR01&DistId=MRK,,Tu-Su 08:30-19:30,,,,Amasra,,41.7471405,32.3830871,"https://www.google.com/maps/search/?api=1&query=41.7471405,32.3830871",way/370875212
Bartin,Antik Roma Köprüsü,museum,,,,,,,,,,,41.7327916,32.3822798,"https://www.google.com/maps/search/?api=1&query=41.7327916,32.3822798",node/10225675271
Bartin,AS Düğün Salonu,dance,,,,,,,,,,,41.6119099,32.3226407,"https://www.google.com/maps/search/?api=1&query=41.6119099,32.3226407",node/12459762195
Bartin,Bartın Kent Müzesi,museum,,,,,Pazartesi Hariç 10:00 18:00,,,,,,41.6332118,32.3372020,"https://www.google.com/maps/search/?api=1&query=41.6332118,32.3372020",node/12310631699
Bartin,Bartın Kent Müzesi,museum,,,,,Tu-Su 09:00-18:00,,,,,,41.6332702,32.3371890,"https://www.google.com/maps/search/?api=1&query=41.6332702,32.3371890",way/1151210000
Bartin,Bartın Kurtuluş Savaşı Müzesi,museum,,,,,,,,,,,41.6354623,32.3335046,"https://www.google.com/maps/search/?api=1&query=41.6354623,32.3335046",way/1388310304
Bartin,Bartın Sanatevi,theatre,,,,,,,,,,,41.6362228,32.3313270,"https://www.google.com/maps/search/?api=1&query=41.6362228,32.3313270",way/1436221460
Bartin,Belediye Sineması,cinema,,,,,,,,,,,41.6292861,32.3356764,"https://www.google.com/maps/search/?api=1&query=41.6292861,32.3356764",node/13625939170
Bartin,Dervişoğlu Sinemaları,cinema,,,,,,,,,,,41.6350748,32.3369155,"https://www.google.com/maps/search/?api=1&query=41.6350748,32.3369155",node/12310631677
Bartin,Kemal Samancıoğlu Etnografya Müzesi,museum,,,,,Tu-Su 10:00-18:00,,,,,,41.6334152,32.3431795,"https://www.google.com/maps/search/?api=1&query=41.6334152,32.3431795",node/12652320451
Batman,Adel Event Davetiye Salonu,events_venue,,,,,,,,TPAO Bulvarı,Merkez,,37.8928011,41.1511821,"https://www.google.com/maps/search/?api=1&query=37.8928011,41.1511821",node/12272895615
Batman,Batman Arkeoloji Müzesi,museum,,+90 488 214 1051,https://muze.gov.tr/muze-detay?DistId=MRK&SectionId=BAT01,,"Tu-Su 08:00-12:00, 13:00-17:00",,,Barış Bulvarı,Merkez,Belde Mah.,37.8988667,41.1410746,"https://www.google.com/maps/search/?api=1&query=37.8988667,41.1410746",node/2778796806
Batman,Batman Konferans ve Düğün Salonu,events_venue,,,,,,,,5302. Sokak 12,Merkez,Gültepe Mah.,37.9140835,41.1354586,"https://www.google.com/maps/search/?api=1&query=37.9140835,41.1354586",way/231306144
Batman,Batman Köşk Aquapark,water_park,,+90 543 430 25 45,,,,,,,,,37.9744248,41.1491916,"https://www.google.com/maps/search/?api=1&query=37.9744248,41.1491916",way/570526491
Batman,Batman Nas Luna Park,theme_park,,,,,,,,,,,37.9084137,41.1191586,"https://www.google.com/maps/search/?api=1&query=37.9084137,41.1191586",way/444179520
Batman,Batman Park Sineması,cinema,,,,,,,,,,,37.9043702,41.1312612,"https://www.google.com/maps/search/?api=1&query=37.9043702,41.1312612",node/2451500175
Batman,Beyaz İnci Düğün Saolunu,events_venue,,,,,,,,TPAO Bulvarı 219,Merkez,Kültür Mah.,37.9053179,41.1263904,"https://www.google.com/maps/search/?api=1&query=37.9053179,41.1263904",way/279493340
Batman,Beyaz Şato Düğün Salonu,events_venue,,,,,,,,,,,37.8809920,41.1669156,"https://www.google.com/maps/search/?api=1&query=37.8809920,41.1669156",way/238150531
Batman,Bilim ve Sanat Merkezi,arts_centre,,,,,,,,2606. Sokak 9,Merkez,Kültür Mah.,37.9027593,41.1305465,"https://www.google.com/maps/search/?api=1&query=37.9027593,41.1305465",way/520573734
Batman,Bovling Salonu,bowling_alley,,,,,,,,,,,37.9042770,41.1312258,"https://www.google.com/maps/search/?api=1&query=37.9042770,41.1312258",node/2576954612
Batman,Bowling,bowling_alley,,,,,,,,,,,37.8962839,41.1294081,"https://www.google.com/maps/search/?api=1&query=37.8962839,41.1294081",node/3218465972
Batman,Cinemart,cinema,,,,,,,,,Merkez,Gültepe Mah.,37.9198133,41.1363945,"https://www.google.com/maps/search/?api=1&query=37.9198133,41.1363945",node/9214441147
Batman,Deniz Akvaryum,aquarium,,,,,,,,,,,37.8849328,41.1268233,"https://www.google.com/maps/search/?api=1&query=37.8849328,41.1268233",node/8206187292
Batman,Diva Düğün Salonu,events_venue,,,,,,,,,,,37.8793413,41.1690671,"https://www.google.com/maps/search/?api=1&query=37.8793413,41.1690671",way/238274173
Batman,Divan Davet Salonu,events_venue,,,,,,,,,,,37.8881466,41.1570404,"https://www.google.com/maps/search/?api=1&query=37.8881466,41.1570404",node/12343212404
Batman,Elit Düğün Salonu,events_venue,,,,,,,,Aşık Veysal Bulvarı 1,,Gültepe Mah.,37.9153614,41.1367343,"https://www.google.com/maps/search/?api=1&query=37.9153614,41.1367343",way/297134580
Batman,Eva Düğün Salonu,events_venue,,,,,,,,TPAO Bulvarı 49,Merkez,Petrol Mah.,37.8828613,41.1624379,"https://www.google.com/maps/search/?api=1&query=37.8828613,41.1624379",way/268840003
Batman,Gala Düğün Salonu,events_venue,,,,,,,,Ahmet Kaya Bulvarı 25,Merkez,Bağlar Mah.,37.8945382,41.1188454,"https://www.google.com/maps/search/?api=1&query=37.8945382,41.1188454",way/257613800
Batman,Güngör Palas Düğün Salonları,events_venue,,,,,,,,,Merkez,,37.8811282,41.1687705,"https://www.google.com/maps/search/?api=1&query=37.8811282,41.1687705",way/877547125
Batman,Hasankeyf Müzesi,museum,,+90 488 502 4930,,,Tu-Su 08:30-17:00,,,,Hasankeyf,,37.7270211,41.4292121,"https://www.google.com/maps/search/?api=1&query=37.7270211,41.4292121",way/637850711
Batman,Kır Düğün Salonu,events_venue,,,,,,,,,,,37.8549549,41.1698442,"https://www.google.com/maps/search/?api=1&query=37.8549549,41.1698442",way/1031548865
Batman,Lara Aqua Park,water_park,,+90 544 933 3372,https://www.instagram.com/laraaquaparkbatman/,,,,,,Merkez,,37.8649677,41.0751890,"https://www.google.com/maps/search/?api=1&query=37.8649677,41.0751890",way/1417050292
Batman,Liza Davet Salonu,events_venue,,,,,,,,,,,37.8880551,41.1581960,"https://www.google.com/maps/search/?api=1&query=37.8880551,41.1581960",node/13116538602
Batman,Longonı Bilardo,amusement_arcade,,,,,,,,,,,37.8961789,41.1332552,"https://www.google.com/maps/search/?api=1&query=37.8961789,41.1332552",node/4895213127
Batman,Marina Kır Düğün Salonu,events_venue,,,,,,,,,,,37.8698380,41.1679109,"https://www.google.com/maps/search/?api=1&query=37.8698380,41.1679109",way/733978638
Batman,Neçirvan Akvaryum,aquarium,,,,,,,,,,,37.8839003,41.1193577,"https://www.google.com/maps/search/?api=1&query=37.8839003,41.1193577",node/8687833217
Batman,Neşem Bilardo,amusement_arcade,,,,,,,,,,,37.8989039,41.1323335,"https://www.google.com/maps/search/?api=1&query=37.8989039,41.1323335",node/14066700352
Batman,Perla Davet Salonu,events_venue,,+90 501 154 2472,,,,,,TPAO Bulvarı,Merkez,Petrol Mah.,37.8832874,41.1622875,"https://www.google.com/maps/search/?api=1&query=37.8832874,41.1622875",node/12620067729
Batman,Petrol Event & Organizasyon,events_venue,,,,,,,,,Merkez,Bahçelievler Mah.,37.8921127,41.1302136,"https://www.google.com/maps/search/?api=1&query=37.8921127,41.1302136",node/12373395829
Batman,Rose Davet Evi,events_venue,,,,,,,,Divan Caddesi 26/A,Merkez,Bahçelievler Mah.,37.8918311,41.1324402,"https://www.google.com/maps/search/?api=1&query=37.8918311,41.1324402",node/12269478188
Batman,Roza Düğün Salonu,events_venue,,,,,,,,2739. Sokak 9,Merkez,Pazaryeri Mah.,37.9011697,41.1178587,"https://www.google.com/maps/search/?api=1&query=37.9011697,41.1178587",way/224482494
Batman,Salon Rezidans Düğün Salonu,events_venue,,+90 488 213 4783,,,,,,Emek Bulvarı 62,,,37.8701960,41.1675255,"https://www.google.com/maps/search/?api=1&query=37.8701960,41.1675255",way/332503810
Batman,Tiyatro Salonu,theatre,,,,,,,,Barış Bulvarı,Merkez,,37.8994258,41.1409369,"https://www.google.com/maps/search/?api=1&query=37.8994258,41.1409369",node/2796003660
Batman,Trampolin Parkı,trampoline_park,,,,,,,,,,,37.8945455,41.1327730,"https://www.google.com/maps/search/?api=1&query=37.8945455,41.1327730",way/930253917
Batman,Tuana Garden Kır Düğün Salonu,events_venue,,+90 488 215 15 00,http://www.tuanagarden.com/,,,,,Emek Bulvarı 68,,,37.8720389,41.1706995,"https://www.google.com/maps/search/?api=1&query=37.8720389,41.1706995",way/347933114
Batman,Uğur Akvaryum,aquarium,,,,,,,,,,,37.8799123,41.1253113,"https://www.google.com/maps/search/?api=1&query=37.8799123,41.1253113",node/5292944428
Batman,Vural Düğün Salonu,events_venue,,,,,,,,Ahmet Kaya Bulvarı 26,Merkez,Pazaryeri Mah.,37.9017403,41.1144898,"https://www.google.com/maps/search/?api=1&query=37.9017403,41.1144898",way/373216776
Batman,Worldmar Site Sinemaları,cinema,,,,,,,,Turgut Özal Bulvarı,,,37.8960738,41.1293267,"https://www.google.com/maps/search/?api=1&query=37.8960738,41.1293267",node/2452562406
Batman,Yunus Akvaryum,aquarium,,+90 538 630 3006,,,,,,,,,37.8921645,41.1402197,"https://www.google.com/maps/search/?api=1&query=37.8921645,41.1402197",node/8312359046
Batman,Öğretmenevi Düğün Salonu,events_venue,,,,,,,,,Merkez,,37.8938830,41.1309580,"https://www.google.com/maps/search/?api=1&query=37.8938830,41.1309580",node/4025454205
Bayburt,Baksı Müzesi,museum,,+90 458 247 3438,https://baksi.org/,,,,,Çayırlar Mevkii,,,40.3857146,40.5662705,"https://www.google.com/maps/search/?api=1&query=40.3857146,40.5662705",way/643162671
Bilecik,Bilecik Belediyesi Su Eğlence Dünyası,water_park,,,,,,,,,,,40.1211137,30.0053601,"https://www.google.com/maps/search/?api=1&query=40.1211137,30.0053601",way/396869523
Bilecik,Bowling ve Çocuk Eğlence Merkezi,bowling_alley,,,,,,,,,,,40.1486199,29.9785178,"https://www.google.com/maps/search/?api=1&query=40.1486199,29.9785178",way/970115671
Bilecik,Söğüt Ertuğrul Gazi Müzesi,museum,,,,,,,,,,,40.0151426,30.1816553,"https://www.google.com/maps/search/?api=1&query=40.0151426,30.1816553",way/396743449
Bilecik,Yaşayan Şehir Müzesi,museum,,,,,Tu-Su 08:30-17:30,,,,,,40.1562397,29.9775580,"https://www.google.com/maps/search/?api=1&query=40.1562397,29.9775580",way/1153681169
Bingol,Yayladere Belediyesi Kültür Merkezi,arts_centre,,,,,,,,,,,39.2268438,40.0657008,"https://www.google.com/maps/search/?api=1&query=39.2268438,40.0657008",way/1239612945
Bitlis,Ahlat Müzesi,museum,,,,,,,,,,,38.7389862,42.4544985,"https://www.google.com/maps/search/?api=1&query=38.7389862,42.4544985",way/719294260
Bitlis,Bitlis Etnografya Müzesi,museum,,,,,"08:00-12:00,13:00-17:00, Mo closed",,,,,,38.4088426,42.1100323,"https://www.google.com/maps/search/?api=1&query=38.4088426,42.1100323",way/1058263325
Bitlis,Cadde Okey Salonu,adult_gaming_centre,,,,,,,,,,,38.4926313,42.2884837,"https://www.google.com/maps/search/?api=1&query=38.4926313,42.2884837",node/7908818364
Bitlis,Keyf Okey Salonu,adult_gaming_centre,,,,,,,,,,,38.4918295,42.2890998,"https://www.google.com/maps/search/?api=1&query=38.4918295,42.2890998",node/7908818348
Bitlis,Tatvan Aqua Park,water_park,,,,,,,,,,,38.5261392,42.3049275,"https://www.google.com/maps/search/?api=1&query=38.5261392,42.3049275",way/1186178384
Bitlis,Yakamoz Okey Salonu,adult_gaming_centre,,,,,,,,,,,38.4924413,42.2886286,"https://www.google.com/maps/search/?api=1&query=38.4924413,42.2886286",node/7908818359
Bolu,Anadolu Güzel Sanatlar Lisesi Konser ve Sergi Salonu,gallery,,,,,,,,,,,40.7441455,31.5489618,"https://www.google.com/maps/search/?api=1&query=40.7441455,31.5489618",node/10885488158
Bolu,Bolu İl Müzesi,museum,,+90 374 215 39 72,"http://www.bolukulturturizm.gov.tr/TR,69938/bolu-muzesi.html",,Mo-Su 08:00-17:00,,,Stadyum Caddesi,,,40.7333049,31.6070766,"https://www.google.com/maps/search/?api=1&query=40.7333049,31.6070766",way/598840585
Bolu,CINEGO,cinema,,,,,,,,,,,40.7219394,31.4679619,"https://www.google.com/maps/search/?api=1&query=40.7219394,31.4679619",node/2893632227
Bolu,Musa Paşa Camii,museum,,,,,,,,,,"Karacasu Fatih, 14020 Karacasu/Bolu Merkez/Bolu",40.6847101,31.6196660,"https://www.google.com/maps/search/?api=1&query=40.6847101,31.6196660",node/12462647332
Bolu,Paribu Cineverse,cinema,,,,,,,,,,,40.7320590,31.5632687,"https://www.google.com/maps/search/?api=1&query=40.7320590,31.5632687",node/11335763862
Bolu,V Orman Bitki Müzesi,museum,,,,,,,,,,,40.5285906,31.0506433,"https://www.google.com/maps/search/?api=1&query=40.5285906,31.0506433",way/1326137802
Bolu,Yukarı Taşhan,museum,,,,,,,,,,"Büyükcami, 14200 Bolu Merkez/Bolu",40.7331797,31.6094673,"https://www.google.com/maps/search/?api=1&query=40.7331797,31.6094673",node/12462647331
Burdur,Atam Hotel,museum,,,,,,,,,,,37.7228923,30.2846421,"https://www.google.com/maps/search/?api=1&query=37.7228923,30.2846421",node/5731611422
Burdur,Burdur Doga Tarihi Muzesi,museum,,,,,,,,,,,37.7141115,30.2812305,"https://www.google.com/maps/search/?api=1&query=37.7141115,30.2812305",node/5731766721
Burdur,Burdur Kent Belleği Evi,museum,,,,,Mo-Su 08:30-17:00,,,Hatiphoca Caddesi No:3,,Sakarya Mahallesi,37.7150324,30.2841972,"https://www.google.com/maps/search/?api=1&query=37.7150324,30.2841972",way/1411758184
Burdur,Burdur Muzesi,museum,,,,,,,,,,,37.7195628,30.2859998,"https://www.google.com/maps/search/?api=1&query=37.7195628,30.2859998",way/1195605141
Burdur,odeon,theatre,,,,,,,,,,,37.1595370,29.4890386,"https://www.google.com/maps/search/?api=1&query=37.1595370,29.4890386",way/215421207
Burdur,tiyatro,theatre,,,,,,,,,,,37.1606527,29.4889443,"https://www.google.com/maps/search/?api=1&query=37.1606527,29.4889443",way/215421212
Burdur,Wedding hall,events_venue,,,,,,,,,,,36.8725181,29.4219758,"https://www.google.com/maps/search/?api=1&query=36.8725181,29.4219758",node/11373367800
Bursa,1. Murat Hamamı,museum,,,,,,,,,,,40.4317853,29.7203380,"https://www.google.com/maps/search/?api=1&query=40.4317853,29.7203380",way/310133220
Bursa,17. yüzyıl Osmanlı Evi Müzesi,museum,,,,,,,,Prof. Dr. Halil İnalcık Sokak,Osmangazi,Muradiye Mahallesi,40.1914021,29.0457440,"https://www.google.com/maps/search/?api=1&query=40.1914021,29.0457440",node/12875025174
Bursa,Ahmet Vefik Paşa Devlet Tiyatrosu,theatre,,,,,,,,,,,40.1832871,29.0670660,"https://www.google.com/maps/search/?api=1&query=40.1832871,29.0670660",relation/3410486
Bursa,Aktopraklık Höyük Arkeopark Açık Hava Müzesi,museum,,,,,,,,,,,40.1739818,28.7702019,"https://www.google.com/maps/search/?api=1&query=40.1739818,28.7702019",way/1430156072
Bursa,Aquapark,water_park,,,,,,,,,,,40.2258006,28.9675926,"https://www.google.com/maps/search/?api=1&query=40.2258006,28.9675926",way/1156133205
Bursa,Atatürk Müzesi,museum,,,,,,,,,,,40.1951274,29.0398725,"https://www.google.com/maps/search/?api=1&query=40.1951274,29.0398725",node/2794515662
Bursa,Avşar Sinemaları,cinema,,,,,,,,,,,40.1968139,29.0608230,"https://www.google.com/maps/search/?api=1&query=40.1968139,29.0608230",node/4999217821
Bursa,Başkent Restaurant,nightclub,,,,,,,,,,,40.1922124,29.0767660,"https://www.google.com/maps/search/?api=1&query=40.1922124,29.0767660",way/1165275649
Bursa,Bowling Oyun Adası,bowling_alley,,,http://www.oyunadasi.com.tr/,,,,,Nilüfer Hatun Cd. 114,nilüfer,Cumhuriyet,40.2256680,28.9713437,"https://www.google.com/maps/search/?api=1&query=40.2256680,28.9713437",node/8084061116
Bursa,Bursa Arkeoloji Müzesi,museum,,,,,"PH,Mo-Su 08:00-16:45",,,,,,40.1958953,29.0411975,"https://www.google.com/maps/search/?api=1&query=40.1958953,29.0411975",node/2794515664
Bursa,Bursa Arkeoloji Müzesi,museum,,,,,,,,,,,40.1958146,29.0413552,"https://www.google.com/maps/search/?api=1&query=40.1958146,29.0413552",way/1167096746
Bursa,Bursa Göç Tarihi Müzesi,museum,,,,,Tu-Su 09:00-17:30,,,,,,40.2001130,29.0513626,"https://www.google.com/maps/search/?api=1&query=40.2001130,29.0513626",node/12875025175
Bursa,Bursa Hayvanat Bahçesi,zoo,,,,,,,,,,,40.2181092,29.0472613,"https://www.google.com/maps/search/?api=1&query=40.2181092,29.0472613",node/12856442892
Bursa,Bursa Hayvanat Bahçesi,zoo,,,,,,,,,,,40.2194312,29.0464859,"https://www.google.com/maps/search/?api=1&query=40.2194312,29.0464859",way/26445905
Bursa,Bursa Kent Müzesi,museum,,,,,"PH,Tu-Su 09:30-17:00",,,6. Kültür Sokak,Osmangazi,Hocaalizade Mahallesi,40.1823869,29.0664373,"https://www.google.com/maps/search/?api=1&query=40.1823869,29.0664373",node/1786760093
Bursa,Bursa Kuran ve El Yazmaları Müzesi,museum,,,,,,,,Prof. Dr. Halil İnalcık Sokak,Osmangazi,Muradiye Mahallesi,40.1910105,29.0457230,"https://www.google.com/maps/search/?api=1&query=40.1910105,29.0457230",node/9998164615
Bursa,Bursa Yakıf Kültürü Müzesi,museum,,,,,Tu-Su 09:00-17:30,,,,,,40.1992961,29.0514379,"https://www.google.com/maps/search/?api=1&query=40.1992961,29.0514379",node/13061644294
Bursa,Bursa Yaşam Kültürü Müzesi̇,museum,,,,,,,,2. Bahçe Çıkmazı Sokak,Osmangazi,,40.1809009,29.0580764,"https://www.google.com/maps/search/?api=1&query=40.1809009,29.0580764",node/9907963875
Bursa,Buz Paten Salonu,ice_rink,,,,,,,,Namık Kemal Cd,Kestel,,40.1977227,29.2249690,"https://www.google.com/maps/search/?api=1&query=40.1977227,29.2249690",way/456785835
Bursa,Cinetech,cinema,,,,,,,,,,,40.2499250,28.9596803,"https://www.google.com/maps/search/?api=1&query=40.2499250,28.9596803",node/5101675021
Bursa,Cumalıkızık Köy Müzesi,museum,,,,,,,,,Yıldırım,Cumalıkızık Mahallesi,40.1750658,29.1719002,"https://www.google.com/maps/search/?api=1&query=40.1750658,29.1719002",way/1187304357
Bursa,Durumtay Düğün Salonu,dance,,,,,,,,,,,40.0782489,28.2430703,"https://www.google.com/maps/search/?api=1&query=40.0782489,28.2430703",way/1359083294
Bursa,Düğün Salonu,dance,,,,,,,,,,,40.1223701,28.1945873,"https://www.google.com/maps/search/?api=1&query=40.1223701,28.1945873",way/1345257631
Bursa,ECA Trambolin,trampoline_park,,,,,,,,,,,40.2509858,28.9782012,"https://www.google.com/maps/search/?api=1&query=40.2509858,28.9782012",way/1358401692
Bursa,Eskişehir Han,events_venue,,,,,,,,,,,40.1850662,29.0700311,"https://www.google.com/maps/search/?api=1&query=40.1850662,29.0700311",way/1167126629
Bursa,Gold Düğün Salonu,dance,,,,,,,,,,,40.1904169,29.0723556,"https://www.google.com/maps/search/?api=1&query=40.1904169,29.0723556",way/1166161843
Bursa,Gold Düğün Salonu,dance,,,,,,,,,,,40.1904264,29.0723644,"https://www.google.com/maps/search/?api=1&query=40.1904264,29.0723644",way/1166161844
Bursa,Güneştepe Davet Düğün Salonu,events_venue,,,,,,,,,,,40.2545720,28.9991066,"https://www.google.com/maps/search/?api=1&query=40.2545720,28.9991066",way/566146855
Bursa,Harmanlı Düğün Salonu,dance,,,,,,,,,,,40.2444054,28.4298034,"https://www.google.com/maps/search/?api=1&query=40.2444054,28.4298034",way/1343090940
Bursa,Hedef Paintball,theme_park,,,,,,,,,,,40.4205069,29.1617098,"https://www.google.com/maps/search/?api=1&query=40.4205069,29.1617098",node/4822921566
Bursa,Hünkar Köşkü,museum,,,,,,,,4. Vakıf Sokak 1/1,Yıldırım,Mollaarap,40.1741754,29.0651101,"https://www.google.com/maps/search/?api=1&query=40.1741754,29.0651101",way/289689174
Bursa,Hünkâr Köşkü Müzesi,museum,,,,,,,,Köşk Caddesi,Yıldırım,Mollaarap Mahallesi,40.1741315,29.0650899,"https://www.google.com/maps/search/?api=1&query=40.1741315,29.0650899",node/12875025173
Bursa,Hüsnü Züber Evi,museum,,,,,,,,,,,40.1900065,29.0451302,"https://www.google.com/maps/search/?api=1&query=40.1900065,29.0451302",node/9998164602
Bursa,İznik Müzesi,museum,,,,,,,,,,,40.4240799,29.7206850,"https://www.google.com/maps/search/?api=1&query=40.4240799,29.7206850",way/1271253817
Bursa,Kale Oyunparkı Cafe Hamitler,amusement_arcade,,,,,,,,,,,40.2499363,28.9826159,"https://www.google.com/maps/search/?api=1&query=40.2499363,28.9826159",node/13197700740
Bursa,Karagöz Müzesi,museum,,,,,,,,Çekirge Caddesi,Osmangazi,Kükürtlü Mahallesi,40.2017826,29.0273986,"https://www.google.com/maps/search/?api=1&query=40.2017826,29.0273986",node/12875025172
Bursa,Karagöz Müzesi,museum,,,,,,,,,,,40.2017758,29.0274042,"https://www.google.com/maps/search/?api=1&query=40.2017758,29.0274042",way/1474342904
Bursa,Karıncalı Kültür Evi ve Müzesi,museum,,,,,,,,,,,39.9707815,28.8596518,"https://www.google.com/maps/search/?api=1&query=39.9707815,28.8596518",way/1211993862
Bursa,Kestel Belediyesi Kültür ve Sanat Merkezi,arts_centre,,,,,,,,,,,40.1978230,29.2115593,"https://www.google.com/maps/search/?api=1&query=40.1978230,29.2115593",way/323607769
Bursa,Koşuboğazı Düğün Salonu,dance,,,,,,,,,,,40.0508746,28.2490083,"https://www.google.com/maps/search/?api=1&query=40.0508746,28.2490083",way/1360097584
Bursa,Kulakpınar Düğün Salonu,dance,,,,,,,,,,,40.2916962,28.3818547,"https://www.google.com/maps/search/?api=1&query=40.2916962,28.3818547",way/1342407270
Bursa,Kültürpark Açık Hava Sahnesi,theatre,,,,,,,,,,,40.1964829,29.0414117,"https://www.google.com/maps/search/?api=1&query=40.1964829,29.0414117",node/7123060239
Bursa,Lunapark,theme_park,,,,,,,,,,,40.1980080,29.0457463,"https://www.google.com/maps/search/?api=1&query=40.1980080,29.0457463",way/26470601
Bursa,Merinos Enerji Müzesi,museum,,,https://www.bursamuze.com/merinos-enerji-muzesi,,closed,,,,,,40.2010533,29.0505647,"https://www.google.com/maps/search/?api=1&query=40.2010533,29.0505647",way/530848643
Bursa,Merinos Tekstil Sanayi Müzesi,museum,,,https://www.bursamuze.com/merinos-tekstil-sanayi-muzesi,,Tu-Su 09:00-17:00,,,,,,40.1996861,29.0515725,"https://www.google.com/maps/search/?api=1&query=40.1996861,29.0515725",node/1786721373
Bursa,Mudanya Davet Düğün Salonu,events_venue,,,,,Mo-Su 13:00-23:00,,,Osmangazi Caddesi,,,40.3524313,28.9159505,"https://www.google.com/maps/search/?api=1&query=40.3524313,28.9159505",node/12862837001
Bursa,Mudanya Mütareke Evi,museum,,,,,Tu-Su 08:30-16:30,,,12 Eylül Caddesi 8,Mudanya,Mütakere Mahallesi,40.3797225,28.8817456,"https://www.google.com/maps/search/?api=1&query=40.3797225,28.8817456",way/463271712
Bursa,Mysia Fotoğraf Müzesi,museum,,,,,,,,,,,40.1773188,28.9698478,"https://www.google.com/maps/search/?api=1&query=40.1773188,28.9698478",node/5382792951
Bursa,Nazım Hikmet Kültürevi,arts_centre,,,https://www.facebook.com/nhknilufer,,,,wlan,,,,40.2197698,28.9008210,"https://www.google.com/maps/search/?api=1&query=40.2197698,28.9008210",way/302546340
Bursa,Ninova Aquapark,water_park,,,,,,,,,,,40.2164999,28.9160790,"https://www.google.com/maps/search/?api=1&query=40.2164999,28.9160790",way/1375660027
Bursa,Ocaklı Düğün Salonu,dance,,,,,,,,,,,40.0487326,28.2927966,"https://www.google.com/maps/search/?api=1&query=40.0487326,28.2927966",way/1359841652
Bursa,Osmanlı Halk Kıyafetleri ve Takıları Müzesi,museum,,+90 224 225 48 13,,,,,,Beşikciler Caddesi,Osmangazi,Muradiye Mahallesi,40.1918527,29.0458572,"https://www.google.com/maps/search/?api=1&query=40.1918527,29.0458572",node/2794629724
Bursa,Panorama 1326,museum,,,https://panorama1326.com.tr/,,,,,,Osmangazi,Ebu İshak Mahallesi,40.1863836,29.0750911,"https://www.google.com/maps/search/?api=1&query=40.1863836,29.0750911",way/1148944018
Bursa,Paribu Cineverse,cinema,,,,,,,,,,,40.2074105,28.9957892,"https://www.google.com/maps/search/?api=1&query=40.2074105,28.9957892",node/5371962621
Bursa,Paribu Cineverse,cinema,,,,,,,,,,,40.2258625,28.9702298,"https://www.google.com/maps/search/?api=1&query=40.2258625,28.9702298",node/11337126634
Bursa,Saklıkent Araç Sineması,cinema,,,,,,,,,,,40.1797351,29.0194434,"https://www.google.com/maps/search/?api=1&query=40.1797351,29.0194434",node/6176912187
Bursa,Salon Çağrı,events_venue,,,,,,,,,,,40.1905332,29.0610155,"https://www.google.com/maps/search/?api=1&query=40.1905332,29.0610155",node/11369740328
Bursa,SAĞLIK MÜZESİ,museum,,,,,,,,,,,40.2151210,28.9818928,"https://www.google.com/maps/search/?api=1&query=40.2151210,28.9818928",way/1308876710
Bursa,Semy Art Seramik Atölyesi,arts_centre,,,,,,,,,,,40.3805361,28.8791185,"https://www.google.com/maps/search/?api=1&query=40.3805361,28.8791185",node/12758248674
Bursa,Seremoni Garden,events_venue,,,,,"""on appointment""",,,Atilla Tatveren Caddesi 18,,,40.2133860,28.9068840,"https://www.google.com/maps/search/?api=1&query=40.2133860,28.9068840",way/1100611798
Bursa,Star Park,theme_park,,,,,,,,,,,40.2249210,28.9657747,"https://www.google.com/maps/search/?api=1&query=40.2249210,28.9657747",way/1156129045
Bursa,Starpark,theme_park,,,,,,,,Nilüfer Hatun Cd. 114,nilüfer,Cumhuriyet,40.2247565,28.9655466,"https://www.google.com/maps/search/?api=1&query=40.2247565,28.9655466",node/8084082047
Bursa,Sukaypark,water_park,,,,,,,,,,,40.2346665,29.0342608,"https://www.google.com/maps/search/?api=1&query=40.2346665,29.0342608",way/1374506051
Bursa,Tan Davet Düğün Salonu,events_venue,,,,,,,,,,,40.2538199,28.9791156,"https://www.google.com/maps/search/?api=1&query=40.2538199,28.9791156",way/1272211891
Bursa,Tayyare Kültür Merkezi,theatre,,,https://www.bursa.bel.tr/hizmetler/tayyare-kultur-merkezi-21,,,,,,,,40.1835788,29.0650602,"https://www.google.com/maps/search/?api=1&query=40.1835788,29.0650602",way/167271445
Bursa,Tofas Anadolu Araclari Muzesi,museum,,,,,,,,,,,40.1765088,29.0710292,"https://www.google.com/maps/search/?api=1&query=40.1765088,29.0710292",node/6593241586
Bursa,Türk İslam Eserleri Müzesi,museum,,,,,,,,,,,40.4302645,29.7258139,"https://www.google.com/maps/search/?api=1&query=40.4302645,29.7258139",node/11251594989
Bursa,Türk İslam Eserleri Müzesi,museum,,,,,,,,,,,40.1815711,29.0733117,"https://www.google.com/maps/search/?api=1&query=40.1815711,29.0733117",way/407484818
Bursa,Yumurcaklı Düğün Salonu,dance,,,,,,,,,,,40.0698718,28.2755755,"https://www.google.com/maps/search/?api=1&query=40.0698718,28.2755755",way/1359598355
Bursa,Yılmazlar Düğün Salonu,dance,,,,,,,,,,,40.2470938,29.0697020,"https://www.google.com/maps/search/?api=1&query=40.2470938,29.0697020",node/6789375792
Bursa,Çekirge İstasyon Düğün Salonu,events_venue,,,https://dugunyolu.tr/cekirge-istasyon,,,,,,,,40.2102557,29.0225121,"https://www.google.com/maps/search/?api=1&query=40.2102557,29.0225121",way/1474434177
Bursa,Çetinkaya Düğün Salonu,events_venue,,,https://dugun.com/dugun-salonlari/bursa/bursa-2-dugun-salonu,,,,yes,Harbiye Caddesi No:60,Osmangazi,Hamitler,40.2520351,28.9763014,"https://www.google.com/maps/search/?api=1&query=40.2520351,28.9763014",node/11773488512
Bursa,Çetinkaya Düğün Salonu,events_venue,,,,,,,,,,,40.2520903,28.9762839,"https://www.google.com/maps/search/?api=1&query=40.2520903,28.9762839",way/1267898056
Bursa,Ördekli Hamamı Kültür Merkezi,gallery,,,,,,,,,,,40.1877746,29.0682741,"https://www.google.com/maps/search/?api=1&query=40.1877746,29.0682741",way/254318497
Bursa,Özlüce Kültür Evi,arts_centre,,,http://www.nilufersanat.org/#/mekanlar/4,,,,,,,,40.2375852,28.9076096,"https://www.google.com/maps/search/?api=1&query=40.2375852,28.9076096",way/304053599
Bursa,Şemaki Evi Müzesi,museum,,,,,,,,,,,40.2621677,29.6516221,"https://www.google.com/maps/search/?api=1&query=40.2621677,29.6516221",way/508107264
Canakkale,1915 Seddülbahir Ahmet Uslu Müzesi,museum,,,,,,,,,,,40.0454800,26.1886401,"https://www.google.com/maps/search/?api=1&query=40.0454800,26.1886401",node/8467796919
Canakkale,Adatepe Zeytinyağı Müzesi,museum,,,https://www.adatepe.com/StaticPages/adatepe-zeytinyagi-muzesi/145,,Mo-Su 09:00-17:30,,,,,,39.5472520,26.6011609,"https://www.google.com/maps/search/?api=1&query=39.5472520,26.6011609",way/940333977
Canakkale,Amfi Tiyatro,theatre,,,,,,,,,,,40.2004350,25.9059518,"https://www.google.com/maps/search/?api=1&query=40.2004350,25.9059518",relation/17066347
Canakkale,Anadolu Hamidiye Tabyası,museum,,,,,,,,,,,40.1383263,26.4024341,"https://www.google.com/maps/search/?api=1&query=40.1383263,26.4024341",node/10216826112
Canakkale,Asmadan Bağcılık Tarihi Müzesi,museum,,,http://wwww.asmadanmuze.com/,,,,,,,,40.1780647,26.3533343,"https://www.google.com/maps/search/?api=1&query=40.1780647,26.3533343",node/13158046251
Canakkale,Assos,museum,,,,,,,,,,,39.4917783,26.3368759,"https://www.google.com/maps/search/?api=1&query=39.4917783,26.3368759",node/875872272
Canakkale,Belediye Düğün Salonu,dance,,,,,,,,,,,39.8239713,26.6104020,"https://www.google.com/maps/search/?api=1&query=39.8239713,26.6104020",way/1350396183
Canakkale,Bozcaada Yerel Tarih Araştırma Müzesi,museum,,,,,,,,Emniyet Sokak,Bozcaada,,39.8349027,26.0694729,"https://www.google.com/maps/search/?api=1&query=39.8349027,26.0694729",way/1237837053
Canakkale,Deniz Müzesi,museum,,,,,,,,,,,40.1479133,26.3992333,"https://www.google.com/maps/search/?api=1&query=40.1479133,26.3992333",way/330206322
Canakkale,Gelibolu Savaş Müzesi,museum,,,,,,,,,,,40.4065831,26.6679181,"https://www.google.com/maps/search/?api=1&query=40.4065831,26.6679181",way/1386668651
Canakkale,Gelibolu Yarımadası Milli Parkı Ana Tanıtım Merkez,museum,,,,,,,,,,,40.2033866,26.3546482,"https://www.google.com/maps/search/?api=1&query=40.2033866,26.3546482",relation/6835644
Canakkale,Gökçeada Kent Müzesi,museum,,,,,,,,Hamam Sokak 6,Gökçeada,Fatih,40.1941307,25.9036599,"https://www.google.com/maps/search/?api=1&query=40.1941307,25.9036599",way/433799880
Canakkale,Hüseyin Meral Zeytinyağ ve Sanat Evi,arts_centre,,,,,,,,,,,39.5708515,26.6198798,"https://www.google.com/maps/search/?api=1&query=39.5708515,26.6198798",node/9015780903
Canakkale,Karye Teknoloji Müzesi,museum,,,,,,,,,,,39.5565799,26.5673983,"https://www.google.com/maps/search/?api=1&query=39.5565799,26.5673983",node/9133810411
Canakkale,Kızılay Ağadere Hastanesi Müzesi,museum,,,,,,,,,,,40.1603897,26.3698326,"https://www.google.com/maps/search/?api=1&query=40.1603897,26.3698326",way/331965505
Canakkale,Lapseki Belediyesi Açık Hava Düğün Salonu,events_venue,,,,,,,,,,,40.3426912,26.6744531,"https://www.google.com/maps/search/?api=1&query=40.3426912,26.6744531",way/1396188665
Canakkale,Mehmet Akif Ersoy Evi,museum,,,,,,,,,,,39.8086253,26.6112688,"https://www.google.com/maps/search/?api=1&query=39.8086253,26.6112688",way/639138717
Canakkale,Orhan-Lütfiye Karesioğlu Düğün Salonu,dance,,,,,,,,,,,40.2826237,27.2826493,"https://www.google.com/maps/search/?api=1&query=40.2826237,27.2826493",way/1316219847
Canakkale,Paribu Cineverse,cinema,,,,,,,,,,,40.1230944,26.4108464,"https://www.google.com/maps/search/?api=1&query=40.1230944,26.4108464",node/11335763863
Canakkale,Piri Reis Müzesi,museum,,,,,Tu-We; Fr-Su 08:30-12:30; 13:30-17:30,,,Tuğsavul Caddesi,Gelibolu,Camiikebir,40.4058843,26.6714424,"https://www.google.com/maps/search/?api=1&query=40.4058843,26.6714424",way/1078489558
Canakkale,Rengigül Sanat Galerisi,arts_centre,,,,,,,,,,,39.8354643,26.0697030,"https://www.google.com/maps/search/?api=1&query=39.8354643,26.0697030",node/4833808449
Canakkale,Salim Mutlu Özel Harp Anılar Koleksiyonu,museum,,,,,,,,,,,40.0947384,26.2252051,"https://www.google.com/maps/search/?api=1&query=40.0947384,26.2252051",node/4580431101
Canakkale,Seramik Müzesi,museum,,,,,,,,,,,40.1570457,26.4123349,"https://www.google.com/maps/search/?api=1&query=40.1570457,26.4123349",node/9096798095
Canakkale,Seramik Müzesi,museum,,,,,,,,,,,40.1570033,26.4124103,"https://www.google.com/maps/search/?api=1&query=40.1570033,26.4124103",way/996845047
Canakkale,Smintheion,museum,,,,,,,,,,,39.5361989,26.1177429,"https://www.google.com/maps/search/?api=1&query=39.5361989,26.1177429",way/478361435
Canakkale,Tevfikiye Culture and Art Center,arts_centre,,,,,,,,50b,,,39.9596151,26.2499302,"https://www.google.com/maps/search/?api=1&query=39.9596151,26.2499302",node/6700770146
Canakkale,Troya Müzesi,museum,,+90 286 217 6740,,,"Mo-Su,PH 08:30-20:00",,,,,,39.9552760,26.2492656,"https://www.google.com/maps/search/?api=1&query=39.9552760,26.2492656",way/1033194996
Canakkale,Yasemin Sanat Atölyesi,arts_centre,,,https://www.facebook.com/canakkaleresimkursu/,,Mo-Sa 09:00-19:00,,,İnönü Caddesi 29/2,Merkez,ismetpaşa,40.1485328,26.4070914,"https://www.google.com/maps/search/?api=1&query=40.1485328,26.4070914",way/746260607
Canakkale,Yeniçiftlik Düğün Salonu,dance,,,,,,,,,,,40.3022634,27.1851170,"https://www.google.com/maps/search/?api=1&query=40.3022634,27.1851170",way/1371349367
Canakkale,Yıldız Kır Düğün Salonu,nightclub,,,,,,,,,,,40.3654220,26.7046339,"https://www.google.com/maps/search/?api=1&query=40.3654220,26.7046339",way/573340665
Canakkale,Çan Belediyesi Düğün Salonu,dance,,,,,,,,,,,40.0214861,27.0522506,"https://www.google.com/maps/search/?api=1&query=40.0214861,27.0522506",way/1384319707
Canakkale,Çanakkake Savaşları Araştırma Merkezi ve Kütüphanesi,museum,,,,,,,,,,,40.1523281,26.4067627,"https://www.google.com/maps/search/?api=1&query=40.1523281,26.4067627",node/9096773323
Canakkale,Çanakkale Destanı Tanıtım Merkezi,museum,,,,,,,,,,,40.2072571,26.2816250,"https://www.google.com/maps/search/?api=1&query=40.2072571,26.2816250",node/2605564781
Canakkale,Çanakkale Savaşları Gelibolu Tarihi Alan Başkanlığı,museum,,,,,,,,,,,40.2036218,26.3545168,"https://www.google.com/maps/search/?api=1&query=40.2036218,26.3545168",node/4581674808
Canakkale,Çanakkale Şehitlik Hastane Müzesi,museum,,,,,,,,,,,40.0983704,26.2280548,"https://www.google.com/maps/search/?api=1&query=40.0983704,26.2280548",node/8464721281
Canakkale,Галлиполийское Сидение,museum,,,,,,,,,,,40.4145707,26.6623161,"https://www.google.com/maps/search/?api=1&query=40.4145707,26.6623161",way/942491898
Cankiri,Korgun Düğün Salonu,events_venue,,,,,,,,,,,40.7345908,33.5179062,"https://www.google.com/maps/search/?api=1&query=40.7345908,33.5179062",way/72667331
Cankiri,Çankırı Müzesi,museum,,,,,,,,,,,40.5997938,33.6166190,"https://www.google.com/maps/search/?api=1&query=40.5997938,33.6166190",way/303662236
Corum,15 Temmuz Şehitler Müzesi,museum,,,,,,,,,,,40.5599038,34.9726968,"https://www.google.com/maps/search/?api=1&query=40.5599038,34.9726968",node/8646739917
Corum,Alacahöyük Müzesi,museum,,,,,,,,,,,40.2332524,34.6957654,"https://www.google.com/maps/search/?api=1&query=40.2332524,34.6957654",node/1461173905
Corum,Paribu Cineverse,cinema,,,,,,,,,,,40.5449302,34.9468474,"https://www.google.com/maps/search/?api=1&query=40.5449302,34.9468474",node/11337126636
Corum,Sinema,cinema,,,,,,,,,,,40.5644002,34.9626569,"https://www.google.com/maps/search/?api=1&query=40.5644002,34.9626569",node/3846350689
Corum,Çorum Müzesi,museum,,,http://www.yesilirmakbasinmuseums.org.tr,,,,,,,,40.5410807,34.9511971,"https://www.google.com/maps/search/?api=1&query=40.5410807,34.9511971",way/100647354
Corum,Özdoğanlar,cinema,,,,,,,,,,,40.5485628,34.9660373,"https://www.google.com/maps/search/?api=1&query=40.5485628,34.9660373",node/4245384090
Denizli,20. Cadde Dans Kursu,dance,,,,,,,,,,,37.7636814,29.0826759,"https://www.google.com/maps/search/?api=1&query=37.7636814,29.0826759",node/3791691520
Denizli,Adalet Parkı Amfi Tiyatro,theatre,,,,,,,,,,,37.7771685,29.0365575,"https://www.google.com/maps/search/?api=1&query=37.7771685,29.0365575",way/519305701
Denizli,Atatürk ve Etnografya Müzesi,museum,,,,,,,,459. Sokak,,,37.7830105,29.0850584,"https://www.google.com/maps/search/?api=1&query=37.7830105,29.0850584",node/4346936690
Denizli,Avşar Sinemaları Denizli,cinema,,,,,,,,,,,37.7601025,29.0419444,"https://www.google.com/maps/search/?api=1&query=37.7601025,29.0419444",node/3871624496
Denizli,Buz Pisti,ice_rink,,,,,,,,,,,37.7524381,29.0860243,"https://www.google.com/maps/search/?api=1&query=37.7524381,29.0860243",way/519110644
Denizli,Club Baron Matti,nightclub,,,,,,,,,,,37.7427910,29.0911416,"https://www.google.com/maps/search/?api=1&query=37.7427910,29.0911416",node/3709724576
Denizli,DBB Turan Bahadır Sergi Salonu,gallery,,,,,,,,,,,37.7732914,29.0864274,"https://www.google.com/maps/search/?api=1&query=37.7732914,29.0864274",node/4170625776
Denizli,Denizli Devlet Tiyatrosu,theatre,,+90 258 296 13 20,,,,,,,,,37.7400255,29.0993481,"https://www.google.com/maps/search/?api=1&query=37.7400255,29.0993481",node/3709724564
Denizli,Denizli Müzik ve Sahne Sanatları Derneği (DEMSAD),theatre,,+90 258 242 07 22,https://demsad.tr.gg/,,,,,,,,37.7625406,29.0909992,"https://www.google.com/maps/search/?api=1&query=37.7625406,29.0909992",node/3794135940
Denizli,Halici Ahmet Urkay Arkeoloji ve Etnografya Müzesi,museum,,,,,,,,,,,37.9553663,29.1068869,"https://www.google.com/maps/search/?api=1&query=37.9553663,29.1068869",way/448572370
Denizli,Hasan Kasapoğlu Kültür Merkezi,theatre,,,,,,,,,,,37.7400155,29.0993735,"https://www.google.com/maps/search/?api=1&query=37.7400155,29.0993735",way/520349527
Denizli,Hierapolis Arkeoloji Müzesi,museum,,,,,,,,,,,37.9249704,29.1245533,"https://www.google.com/maps/search/?api=1&query=37.9249704,29.1245533",way/52287241
Denizli,Marina Clup,nightclub,,,,,,,,,,,37.9136406,29.1191233,"https://www.google.com/maps/search/?api=1&query=37.9136406,29.1191233",node/6156188287
Denizli,Marla Bistro,nightclub,,,,,,,,,,,37.7638298,29.1187694,"https://www.google.com/maps/search/?api=1&query=37.7638298,29.1187694",node/3714086539
Denizli,Nikfer Tarih Müzesi,museum,,,,,,,,,,,37.4060413,29.1338961,"https://www.google.com/maps/search/?api=1&query=37.4060413,29.1338961",way/158474391
Denizli,Nikfer Şehit Anıtı,museum,,,,,,,,,,,37.4057253,29.1343335,"https://www.google.com/maps/search/?api=1&query=37.4057253,29.1343335",way/158474585
Denizli,Pamukkale Üniversitesi Kongre ve Kültür Merkezi,theatre,,,,,,,,,,,37.7394863,29.1060402,"https://www.google.com/maps/search/?api=1&query=37.7394863,29.1060402",node/3714127302
Denizli,Paribu Cineverse,cinema,,,,,,,,,,,37.7533944,29.0888864,"https://www.google.com/maps/search/?api=1&query=37.7533944,29.0888864",node/3708538017
Denizli,Paribu Cineverse,cinema,,,,,,,,,,,37.7749308,29.0859649,"https://www.google.com/maps/search/?api=1&query=37.7749308,29.0859649",node/11337126637
Denizli,PlayBowling Forum Çamlık,bowling_alley,,,,,,,,,,,37.7537509,29.0891679,"https://www.google.com/maps/search/?api=1&query=37.7537509,29.0891679",node/4375668832
Denizli,Saint Tropez Club,nightclub,,,,,,,,,,,37.7437617,29.0915329,"https://www.google.com/maps/search/?api=1&query=37.7437617,29.0915329",node/3709776766
Denizli,Sanat ve Kültür Merkezi,arts_centre,,,,,,,,,,,37.4258511,29.3519599,"https://www.google.com/maps/search/?api=1&query=37.4258511,29.3519599",way/115594598
Denizli,Sess Denizli,nightclub,,,,,,,,,,,37.7360061,29.1172526,"https://www.google.com/maps/search/?api=1&query=37.7360061,29.1172526",node/12985591917
Denizli,tiyatro,theatre,,,,,,,,,,,38.0398806,28.9493594,"https://www.google.com/maps/search/?api=1&query=38.0398806,28.9493594",way/183386560
Denizli,Yılmazlar Lunapark,theme_park,,,,,,,,,,,37.7601171,29.1070723,"https://www.google.com/maps/search/?api=1&query=37.7601171,29.1070723",way/120924323
Denizli,Ziya Tıkıroğlu Sanat Merkezi,theatre,,,,,,,,,,,37.7514661,29.0848070,"https://www.google.com/maps/search/?api=1&query=37.7514661,29.0848070",way/519110642
Denizli,Çamlık Hayvanat Bahçesi,zoo,,,,,,,,,,,37.7398022,29.0872340,"https://www.google.com/maps/search/?api=1&query=37.7398022,29.0872340",way/372705252
Denizli,Çamlık Paintball Alanı,theme_park,,,,,,,,,,,37.7370240,29.0854160,"https://www.google.com/maps/search/?api=1&query=37.7370240,29.0854160",way/372705254
Denizli,Çatalçeşme Oda Tiyatrosu,theatre,,,https://tiyatro.denizli.bel.tr,,,,,,,,37.7712470,29.0865843,"https://www.google.com/maps/search/?api=1&query=37.7712470,29.0865843",way/305491198
Denizli,Çavuşoğlu Aquapark,water_park,,+90 552 687 93 94,https://www.cavusoglu.gen.tr/,,,,,,,,37.8512108,29.1503583,"https://www.google.com/maps/search/?api=1&query=37.8512108,29.1503583",way/475712398
Diyarbakir,Ahmet Arif Edebiyat Müzesi,museum,,,,,,,,,,,37.9130024,40.2356674,"https://www.google.com/maps/search/?api=1&query=37.9130024,40.2356674",node/9661436207
Diyarbakir,Arkeoloji Müzesi,museum,,+90 412 224 67 40,https://muze.gov.tr/muze-detay?DistId=MRK&SectionId=DBA01,,,,no,Hazreti Süleyman Caddesi 43,Sur,Cevat Paşa,37.9154829,40.2427061,"https://www.google.com/maps/search/?api=1&query=37.9154829,40.2427061",node/8836322687
Diyarbakir,Atatürk Müzesi,museum,,,,,,,,,Sur,Cevat Paşa,37.9152377,40.2424559,"https://www.google.com/maps/search/?api=1&query=37.9152377,40.2424559",way/699975100
Diyarbakir,Açık Düğün Salonu,events_venue,,,,,,,,,,,38.1467559,41.0021592,"https://www.google.com/maps/search/?api=1&query=38.1467559,41.0021592",way/1393641041
Diyarbakir,Açık Düğün Salonu,events_venue,,,,,,,,,,,38.1463132,41.0020884,"https://www.google.com/maps/search/?api=1&query=38.1463132,41.0020884",way/1393641042
Diyarbakir,Açık Düğün Salonu,events_venue,,,,,,,,,,,38.1466145,41.0015236,"https://www.google.com/maps/search/?api=1&query=38.1466145,41.0015236",way/1393641043
Diyarbakir,Buz Pateni,ice_rink,,,,,,,,,,,37.9282458,40.1699860,"https://www.google.com/maps/search/?api=1&query=37.9282458,40.1699860",node/5362254023
Diyarbakir,Cahit Sıtkı Tarancı Müzesi,museum,,,,,,,,,,,37.9132281,40.2356595,"https://www.google.com/maps/search/?api=1&query=37.9132281,40.2356595",node/8250864317
Diyarbakir,Cigerxwin Kültür Merkezi,theatre,,,,,,,,,,,37.9353457,40.1935600,"https://www.google.com/maps/search/?api=1&query=37.9353457,40.1935600",node/8712470681
Diyarbakir,Cigerxwin Kültür Merkezi,theatre,,,,,,,,,,,37.9352109,40.1935472,"https://www.google.com/maps/search/?api=1&query=37.9352109,40.1935472",way/940754683
Diyarbakir,Cinemaximum Diyarbakır,cinema,,,,,,,,,,,37.9577857,40.1827486,"https://www.google.com/maps/search/?api=1&query=37.9577857,40.1827486",node/8034814269
Diyarbakir,Diyarbakir Kültür Evi,arts_centre,,,,,,,,,,,37.9133327,40.2356087,"https://www.google.com/maps/search/?api=1&query=37.9133327,40.2356087",node/12182175741
Diyarbakir,Diyarbakır Cezaevi Kent Müzesi,museum,,,,,,,,,,,37.9160695,40.2417432,"https://www.google.com/maps/search/?api=1&query=37.9160695,40.2417432",way/93313025
Diyarbakir,Diyarbakır Medland Luna Parkı,theme_park,,,http://www.medlanddiyarbakir.com/index.htm,,,,,,Kayapınar,,37.9352887,40.1526525,"https://www.google.com/maps/search/?api=1&query=37.9352887,40.1526525",way/240505968
Diyarbakir,Diyarbakır Müzesi,museum,,,,,Tu-Su 08:30-16:30,,,,,,37.9154982,40.2414849,"https://www.google.com/maps/search/?api=1&query=37.9154982,40.2414849",way/302866283
Diyarbakir,Düğün Salonu,events_venue,,,,,,,,,,,38.1473835,41.0016479,"https://www.google.com/maps/search/?api=1&query=38.1473835,41.0016479",way/1309300315
Diyarbakir,Evidea Ceylan Karavil Park,aquarium,,,,,Mo-Sa 09:00-22:00; Su 10:00-22:00,no,,,,,37.9291343,40.1694200,"https://www.google.com/maps/search/?api=1&query=37.9291343,40.1694200",node/5426842679
Diyarbakir,Gazi Köşkü,museum,,,,,,,,Eski Mardin Yolu,Yenişehir,Köşkler,37.8950896,40.2286554,"https://www.google.com/maps/search/?api=1&query=37.8950896,40.2286554",node/6898284690
Diyarbakir,Mordem,dance,,,,,,,,,,,37.9455080,40.1812930,"https://www.google.com/maps/search/?api=1&query=37.9455080,40.1812930",node/13952050601
Diyarbakir,Paribu Cineverse,cinema,,,,,,,,,,,37.9294422,40.1696638,"https://www.google.com/maps/search/?api=1&query=37.9294422,40.1696638",node/5427126416
Diyarbakir,Piyale Park Düğün Salonu,events_venue,,,,,,,,,,,37.9123452,40.1276497,"https://www.google.com/maps/search/?api=1&query=37.9123452,40.1276497",node/13296154665
Diyarbakir,Royal Davet Evi Organizasyon,events_venue,,,,,,,,,,,37.9917559,40.1433124,"https://www.google.com/maps/search/?api=1&query=37.9917559,40.1433124",way/1486254031
Diyarbakir,Vera Konsept Davet Evi,events_venue,,,,,,,,,,,37.9910770,40.1422325,"https://www.google.com/maps/search/?api=1&query=37.9910770,40.1422325",node/13624713715
Diyarbakir,Şehir Tiyatroları,theatre,,,,,,,,,,,37.9122197,40.2244376,"https://www.google.com/maps/search/?api=1&query=37.9122197,40.2244376",way/628257275
Duzce,9D Sinema,cinema,,,,,,,,İstanbul Caddesi Kat 1,,,40.8407986,31.1525841,"https://www.google.com/maps/search/?api=1&query=40.8407986,31.1525841",node/2893572671
Duzce,Anfi Tiyatro,theatre,,,,,,,,,,,40.9063294,31.1847731,"https://www.google.com/maps/search/?api=1&query=40.9063294,31.1847731",node/2818816572
Duzce,Antik Atölye,arts_centre,,,,,,,,,,,40.8990204,31.1513103,"https://www.google.com/maps/search/?api=1&query=40.8990204,31.1513103",way/1462100933
Duzce,Antik Tiyatro,theatre,,,,,,,,,,,41.0890654,31.1207418,"https://www.google.com/maps/search/?api=1&query=41.0890654,31.1207418",node/2798531829
Duzce,Avni Akyol Parkı,theme_park,,,,,,,,,,,40.8378319,31.1380756,"https://www.google.com/maps/search/?api=1&query=40.8378319,31.1380756",way/1536321068
Duzce,Baykal Wedding Palace,events_venue,,+90 532 490 61 81,https://www.baykalweddingpalace.com/,,,,,DÜZCE CADDESİ 78,Konuralp,ŞEHİT BAYRAM GÖKMEN MAHALLESİ,40.8959770,31.1652532,"https://www.google.com/maps/search/?api=1&query=40.8959770,31.1652532",node/6741938161
Duzce,Celil Yağız Sahnesi,theatre,,,,,,,,,,,40.8250356,31.1928218,"https://www.google.com/maps/search/?api=1&query=40.8250356,31.1928218",node/4928888072
Duzce,Cinetime,cinema,,,,,,,,,,,40.8526269,31.1643616,"https://www.google.com/maps/search/?api=1&query=40.8526269,31.1643616",node/4828675987
Duzce,Düzce Aquapark,water_park,,,https://www.duzceaquapark.com/,,,,,,,,40.8495774,31.1083720,"https://www.google.com/maps/search/?api=1&query=40.8495774,31.1083720",way/190001875
Duzce,Konferans Salonu,events_venue,,,,,,,,,,,40.8555234,31.1425629,"https://www.google.com/maps/search/?api=1&query=40.8555234,31.1425629",way/847191143
Duzce,Konuralp Müzesi,museum,,,,,,,,,,,40.9036497,31.1535604,"https://www.google.com/maps/search/?api=1&query=40.9036497,31.1535604",node/2902366795
Duzce,Konuralp Müzesi,museum,,,,,,,,,,,40.9036212,31.1534507,"https://www.google.com/maps/search/?api=1&query=40.9036212,31.1534507",way/1461324749
Duzce,Konuralp Müzesi,museum,,,,,,,,,,,40.9036596,31.1535716,"https://www.google.com/maps/search/?api=1&query=40.9036596,31.1535716",way/1462111391
Duzce,Radyo-Televizyon Uygulama ve Araştırma Merkezi,cinema,,,,,Mo-Fr 08:00-17:00,,,,,,40.9031163,31.1813247,"https://www.google.com/maps/search/?api=1&query=40.9031163,31.1813247",way/1326138722
Duzce,Tiyatro Sahnesi,theatre,,,,,,,,,,,40.8414885,31.1577945,"https://www.google.com/maps/search/?api=1&query=40.8414885,31.1577945",way/1536798675
Edirne,Ay Işığı Kır Bahçesi,events_venue,,,,,,,,2. Beyazıt Caddesi 32,Edirne Merkez,Yeniimaret,41.6881882,26.5509677,"https://www.google.com/maps/search/?api=1&query=41.6881882,26.5509677",way/1095727481
Edirne,Aşiyan Düğün Sarayı,dance,,,,,,,,,,,41.6731557,26.5616407,"https://www.google.com/maps/search/?api=1&query=41.6731557,26.5616407",way/751543072
Edirne,Balkan Savaşları Müzesi,museum,,,,,,,,,,Şükrüpaşa Mahallesi,41.6751407,26.5757024,"https://www.google.com/maps/search/?api=1&query=41.6751407,26.5757024",node/5164298326
Edirne,Bayezıd II Külliyesi,museum,,,,,,,,,,,41.6854461,26.5434355,"https://www.google.com/maps/search/?api=1&query=41.6854461,26.5434355",relation/4127281
Edirne,cinegold,cinema,,+90 532 111 91 17,,,,,,,,,41.6622585,26.5814792,"https://www.google.com/maps/search/?api=1&query=41.6622585,26.5814792",node/13941818365
Edirne,Cinemarine,cinema,,+90 284 214 42 22,https://www.cinemarine.com.tr/,,,,,,,,41.6662126,26.5704193,"https://www.google.com/maps/search/?api=1&query=41.6662126,26.5704193",node/14051722471
Edirne,Edirne Atatürk Kültür Merkezi,events_venue,,,,,,,,,,,41.6736635,26.5730216,"https://www.google.com/maps/search/?api=1&query=41.6736635,26.5730216",way/745970528
Edirne,Edirne Balkan Tarihi Müzesi,museum,,,,,,,,,,,41.6866098,26.5185086,"https://www.google.com/maps/search/?api=1&query=41.6866098,26.5185086",way/655487472
Edirne,Edirne Devlet Tiyatrosu,theatre,,,,,,,,,,,41.6712710,26.5629739,"https://www.google.com/maps/search/?api=1&query=41.6712710,26.5629739",node/14075585772
Edirne,Edirne Lisesi Müzesi,museum,,,,,,,,,,,41.6722332,26.5584651,"https://www.google.com/maps/search/?api=1&query=41.6722332,26.5584651",way/745702723
Edirne,Edirne Müzesi,museum,,,,,,,,,,,41.6788940,26.5607674,"https://www.google.com/maps/search/?api=1&query=41.6788940,26.5607674",node/2181137651
Edirne,Fesleğen Kır Bahçesi & Restaurant,events_venue,,+90 284 224 19 79,,,09:00-00:00,,,Sarayakpınar Yolu Sokak 5,,Yeniimaret Mahallesi,41.6886070,26.5513475,"https://www.google.com/maps/search/?api=1&query=41.6886070,26.5513475",way/1095727485
Edirne,Grand Ömür,water_park,,+90 284 226 0037,,,,,,,,,41.6203170,26.6389311,"https://www.google.com/maps/search/?api=1&query=41.6203170,26.6389311",way/291564090
Edirne,Gözde Düğün Salonu,nightclub,,,,,,,,,,,40.8758717,26.6636534,"https://www.google.com/maps/search/?api=1&query=40.8758717,26.6636534",node/9130885410
Edirne,İlhan Koman Resim ve Heykel Müzesi,museum,,,,,,,,,,,41.6516210,26.5227496,"https://www.google.com/maps/search/?api=1&query=41.6516210,26.5227496",way/745995507
Edirne,Keşan Kent Müzesi,museum,,,,,,,,Necati İşcan Caddesi 2,Keşan,Yukarı Zaferiye Mahallesi,40.8496064,26.6379647,"https://www.google.com/maps/search/?api=1&query=40.8496064,26.6379647",way/457151940
Edirne,Kübana,nightclub,,,,,,,,,,,41.6727344,26.5542991,"https://www.google.com/maps/search/?api=1&query=41.6727344,26.5542991",way/745835090
Edirne,Kırkpınar Er Meydanı,events_venue,,,,,,,,Sarayiçi Sokak 1/1,Edirne Merkez,Yeniimaret,41.6895255,26.5579725,"https://www.google.com/maps/search/?api=1&query=41.6895255,26.5579725",way/317406512
Edirne,Milli Mücadele ve Lozan Müzesi,museum,,,,,,,,,,,41.6519778,26.5226521,"https://www.google.com/maps/search/?api=1&query=41.6519778,26.5226521",way/745995506
Edirne,Osman İnci Müzesi,museum,,,,,,,,,,,41.6524516,26.5246314,"https://www.google.com/maps/search/?api=1&query=41.6524516,26.5246314",node/12487281944
Edirne,Sultan II.Beyazıd Külliyesi ve Sağlık Müzesi,museum,,,https://saglikmuzesi.trakya.edu.tr,,,,,,,,41.6863046,26.5437758,"https://www.google.com/maps/search/?api=1&query=41.6863046,26.5437758",node/11716355894
Edirne,T. C. Trakya Üniversitesi Doğa Tarihi Müzesi,museum,,,https://dogamuzesi.trakya.edu.tr/,https://www.instagram.com/dogatarihimuzesi/,Tu-Su 09:00-17:00,,,İstasyon Caddesi 1,Edirne Merkez,Karaağaç,41.6521714,26.5206236,"https://www.google.com/maps/search/?api=1&query=41.6521714,26.5206236",way/745995513
Edirne,Trakyafest Festival Alanı,events_venue,,,,,,,,,,,40.6029567,26.4015923,"https://www.google.com/maps/search/?api=1&query=40.6029567,26.4015923",way/1482911334
Edirne,Vakıf Kültür Sanat Evi,arts_centre,,,,,,,,,,,41.6715745,26.5519493,"https://www.google.com/maps/search/?api=1&query=41.6715745,26.5519493",node/14063869719
Edirne,Zübeyde Hanım Parkı,theme_park,,,,,,,,,,,41.6663808,26.5800750,"https://www.google.com/maps/search/?api=1&query=41.6663808,26.5800750",node/5164298694
Elazig,Cineworld,cinema,,,,,,,,,,,38.6659564,39.1750240,"https://www.google.com/maps/search/?api=1&query=38.6659564,39.1750240",node/6580264438
Elazig,Elazığ Arkeoloji ve Etnografya Müzesi,museum,,,,,,,,,,,38.6730160,39.1901132,"https://www.google.com/maps/search/?api=1&query=38.6730160,39.1901132",node/5232651308
Elazig,Elazığ Devlet Tiyatrosu,theatre,,,,,,,,,,,38.6702914,39.1941259,"https://www.google.com/maps/search/?api=1&query=38.6702914,39.1941259",node/4364549771
Elazig,Kahve fincani müzesi,museum,,,,,Tu-Su 09:00-17:00,,,,,,38.7038314,39.2544171,"https://www.google.com/maps/search/?api=1&query=38.7038314,39.2544171",node/13495800401
Elazig,Lunapark,theme_park,,,,,,,,,,,38.6798331,39.2310985,"https://www.google.com/maps/search/?api=1&query=38.6798331,39.2310985",way/701767911
Elazig,Muziki müzesi,museum,,,,,Tu-Su 09:00-17:00,,,,,,38.7036119,39.2545528,"https://www.google.com/maps/search/?api=1&query=38.7036119,39.2545528",node/13495800501
Elazig,Şefik gül kültür evi,museum,,,,,"Tu-Su 10:00-12:00, 13:00-17:00",,,,,,38.7062573,39.2543330,"https://www.google.com/maps/search/?api=1&query=38.7062573,39.2543330",node/13495587101
Erzincan,Ethnographic museum,museum,,,,,,,,,,,39.2600098,38.4982910,"https://www.google.com/maps/search/?api=1&query=39.2600098,38.4982910",node/12892871523
Erzurum,Alaca Soykırım Müzesi ve Kütüphanesi,museum,,,,,,,,,,,39.9419367,40.9624984,"https://www.google.com/maps/search/?api=1&query=39.9419367,40.9624984",way/1338008607
Erzurum,Atatürk Üniversitesi Biyoçeşitlilik Bilim Müzesi,museum,,,,,,,,,,,39.8938378,41.2306027,"https://www.google.com/maps/search/?api=1&query=39.8938378,41.2306027",way/1503566158
Erzurum,Buz Pisti,ice_rink,,,,,,,,,,,39.8873405,41.2576239,"https://www.google.com/maps/search/?api=1&query=39.8873405,41.2576239",way/375407479
Erzurum,Cinetekno,cinema,,,,,09:00-24:00,,,,,,39.8931071,41.2393190,"https://www.google.com/maps/search/?api=1&query=39.8931071,41.2393190",node/4219864966
Erzurum,Demirciler Köyü Düğün Salonu,dance,,,,,,,,,,,40.3572379,41.5559174,"https://www.google.com/maps/search/?api=1&query=40.3572379,41.5559174",node/10009528729
Erzurum,Erzurum Kongre Binası,museum,,,,,Tu-Su 08:00-17:00,,,,,,39.9150464,41.2769959,"https://www.google.com/maps/search/?api=1&query=39.9150464,41.2769959",node/5932740685
Erzurum,Erzurum Muzesi,museum,,,,,,,,,,,39.9034458,41.2775327,"https://www.google.com/maps/search/?api=1&query=39.9034458,41.2775327",way/1112955574
Erzurum,İslam Eserleri Müzesi,museum,,,,,,,,,,,39.6109986,40.9804223,"https://www.google.com/maps/search/?api=1&query=39.6109986,40.9804223",way/1385328115
Erzurum,Paribu Cineverse,cinema,,,,,,,,,,,39.9116864,41.2508092,"https://www.google.com/maps/search/?api=1&query=39.9116864,41.2508092",node/11337126639
Erzurum,Paribu Cineverse,cinema,,,,,,,,,,,39.8902857,41.2665143,"https://www.google.com/maps/search/?api=1&query=39.8902857,41.2665143",node/11337126640
Erzurum,Yakutiye Medresesi,museum,,,,,,,,,,,39.9064099,41.2720735,"https://www.google.com/maps/search/?api=1&query=39.9064099,41.2720735",way/1042989946
Eskisehir,222 Park,nightclub,,,,,,,,,,,39.7815524,30.5087596,"https://www.google.com/maps/search/?api=1&query=39.7815524,30.5087596",node/6956382566
Eskisehir,Anadolu Üniversitesi Cumhuriyet Tarihi Müzesi,museum,,,https://www.anadolu.edu.tr/kampuste-yasam/muze-ve-sanat-merkezleri/cumhuriyet-muzesi,,,,,,,,39.7655077,30.5241016,"https://www.google.com/maps/search/?api=1&query=39.7655077,30.5241016",node/2397675612
Eskisehir,Atatürk Kültür ve Sanat Merkezi,arts_centre,,,,,,,,,,,39.7911875,30.4999432,"https://www.google.com/maps/search/?api=1&query=39.7911875,30.4999432",way/374982336
Eskisehir,Bal Mumu Muzesi,museum,,,,,,,,,,,39.7651968,30.5221230,"https://www.google.com/maps/search/?api=1&query=39.7651968,30.5221230",node/4899624123
Eskisehir,Cam Sanatlari Merkezi,museum,,,,,,,,,,,39.7627288,30.5258794,"https://www.google.com/maps/search/?api=1&query=39.7627288,30.5258794",node/5658449721
Eskisehir,Devrim Arabaları Müzesi,museum,,,,,,,,Kapıcı Caddesi,Yıldırım,Umurbey Mahallesi,39.7744668,30.5011592,"https://www.google.com/maps/search/?api=1&query=39.7744668,30.5011592",node/11958098769
Eskisehir,Düğün Alanı,events_venue,,,,,,,,,,,39.7766884,30.6890783,"https://www.google.com/maps/search/?api=1&query=39.7766884,30.6890783",way/1280182493
Eskisehir,Eskişehir Hayvanat Bahçesi,zoo,,,,,Tu-Su 08:30-18:00,,,,,,39.7686212,30.4741404,"https://www.google.com/maps/search/?api=1&query=39.7686212,30.4741404",way/607133244
Eskisehir,Eti Arkeoloji Müzesi,museum,,+90 222 2306861,http://www.eskisehirmuze.gov.tr/,,Mo-Su 08:00-19:00,,,Atatürk Bulvarı caddesi 64,,,39.7657801,30.5132083,"https://www.google.com/maps/search/?api=1&query=39.7657801,30.5132083",way/273507558
Eskisehir,Eti Şehir ve Göç Müzesi,museum,,,,,,,,,,,39.7635719,30.5248567,"https://www.google.com/maps/search/?api=1&query=39.7635719,30.5248567",node/10670730812
Eskisehir,Haldun Dormen Sahnesi,theatre,,,,,,,,,,,39.7814690,30.5128745,"https://www.google.com/maps/search/?api=1&query=39.7814690,30.5128745",node/14006213449
Eskisehir,Hamam Müzesi,museum,,,,,,,,,,,39.7644563,30.5215980,"https://www.google.com/maps/search/?api=1&query=39.7644563,30.5215980",way/1061164226
Eskisehir,IF Performans Sahnesi,nightclub,,+905392060226,https://www.ifperformance.com/eskisehir/,ifeskisehir,,,wlan,,,,39.7842448,30.4997950,"https://www.google.com/maps/search/?api=1&query=39.7842448,30.4997950",node/11416754669
Eskisehir,İmren Erşen Coya müzesi,museum,,,,,,,,,,,39.7642556,30.5256522,"https://www.google.com/maps/search/?api=1&query=39.7642556,30.5256522",node/10670730811
Eskisehir,Kazan Tatarları Müze Evi,museum,,,,,,,,Yeşil Efendi 5,Odunpazari,,39.7621168,30.5256771,"https://www.google.com/maps/search/?api=1&query=39.7621168,30.5256771",way/1434294919
Eskisehir,Kurtuluş Müzesi,museum,,,,,,,,Arifbey Sokak 6,,,39.7646958,30.5235716,"https://www.google.com/maps/search/?api=1&query=39.7646958,30.5235716",node/5249905624
Eskisehir,Küçük Prens Kitap Müzesi,museum,,,https://www.kucukprensmuzesi.com/,,,,,,,,39.7905032,30.4768611,"https://www.google.com/maps/search/?api=1&query=39.7905032,30.4768611",way/726777052
Eskisehir,Kılıç Lunapark,theme_park,,,,,,,,,Tepebaşı,,39.7840975,30.5045423,"https://www.google.com/maps/search/?api=1&query=39.7840975,30.5045423",way/700428221
Eskisehir,Lületaşı Sanat Merkezi,arts_centre,,,,,,,,,,,39.7752854,30.5197280,"https://www.google.com/maps/search/?api=1&query=39.7752854,30.5197280",node/11061215184
Eskisehir,Modern Sanat Müzesi,museum,,,,,,,,,,,39.7648488,30.5225122,"https://www.google.com/maps/search/?api=1&query=39.7648488,30.5225122",way/1061164222
Eskisehir,odunpazari evleri,museum,,,,,,,,,,,39.7653093,30.5213435,"https://www.google.com/maps/search/?api=1&query=39.7653093,30.5213435",node/11958099069
Eskisehir,Odunpazarı Ahşap Eserler Müzesi,museum,,,,,,,,,,,39.7632954,30.5248908,"https://www.google.com/maps/search/?api=1&query=39.7632954,30.5248908",node/5298924221
Eskisehir,Osman Yaşar Tanaçan Fotoğraf Müzesi,museum,,,,,,,,,,,39.7626922,30.5254124,"https://www.google.com/maps/search/?api=1&query=39.7626922,30.5254124",node/9741781518
Eskisehir,Paribu Cineverse,cinema,,,,,,,,,,,39.7822326,30.5104471,"https://www.google.com/maps/search/?api=1&query=39.7822326,30.5104471",node/6034256585
Eskisehir,Sinema Anadolu,cinema,,,,,,,,,,,39.7903267,30.5012280,"https://www.google.com/maps/search/?api=1&query=39.7903267,30.5012280",way/374187005
Eskisehir,Tarihi Hamam - Rekreasyon Derneği,museum,,,,,,,,,,,39.1595257,30.8610661,"https://www.google.com/maps/search/?api=1&query=39.1595257,30.8610661",way/444241934
Eskisehir,Tayfun Talipoglu Daktilo Galerisi,museum,,,,,,,,,,,39.7620517,30.5248336,"https://www.google.com/maps/search/?api=1&query=39.7620517,30.5248336",node/5658661721
Eskisehir,TÜRASAŞ Revolution Cars Museum,museum,,,,,,,,,,,39.7745152,30.5023530,"https://www.google.com/maps/search/?api=1&query=39.7745152,30.5023530",way/265280153
Eskisehir,"Türk Dünyası Bilim, Kültür ve Sanat Merkezi",museum,,,,,,,,,,,39.7664795,30.4758697,"https://www.google.com/maps/search/?api=1&query=39.7664795,30.4758697",way/607133246
Eskisehir,Yazılıkaya girişi,museum,,,,,,,,,,,39.2003609,30.7149652,"https://www.google.com/maps/search/?api=1&query=39.2003609,30.7149652",node/5227841264
Eskisehir,Yunus Emre Etnografya Müzesi,museum,,,,,,,,,,,39.7631068,30.5266729,"https://www.google.com/maps/search/?api=1&query=39.7631068,30.5266729",way/1061164220
Eskisehir,Yunus Emre Yazı Sanatları Müzesi,museum,,,https://www.anadolu.edu.tr/kampuste-yasam/muze-ve-sanat-merkezleri/yunus-emre-yazi-sanatlari-muzesi,,,,,Kurşunlu Camii,,,39.7655706,30.5244416,"https://www.google.com/maps/search/?api=1&query=39.7655706,30.5244416",node/10670623030
Eskisehir,Çağdaş Cam Sanatları Müzesi,museum,,,,,,,,,,,39.7651502,30.5218728,"https://www.google.com/maps/search/?api=1&query=39.7651502,30.5218728",node/2397678980
Eskisehir,Çağdaş Sanatlar Müzesi,museum,,,,,,,,,,,39.7906026,30.4973169,"https://www.google.com/maps/search/?api=1&query=39.7906026,30.4973169",way/374986688
Eskisehir,Çınaraltı Kır Düğün Davet Organizasyon,events_venue,,+90 222 229 37 87,https://www.cinaraltikirdugun.com.tr/,,,,,,,,39.8114201,30.4025964,"https://www.google.com/maps/search/?api=1&query=39.8114201,30.4025964",way/1153881047
Eskisehir,Öncü Playstation,amusement_arcade,,,,,,,,,,,39.7842526,30.5104243,"https://www.google.com/maps/search/?api=1&query=39.7842526,30.5104243",node/5296609336
Eskisehir,Şehir Tiyatroları Sultandere Sahnesi,theatre,,,,,,,,,,,39.7098491,30.6170771,"https://www.google.com/maps/search/?api=1&query=39.7098491,30.6170771",way/1409612711
Gaziantep,Alyans Plaza Düğün Salonu,events_venue,,,,,,,,,,,37.1149688,37.3955761,"https://www.google.com/maps/search/?api=1&query=37.1149688,37.3955761",way/1143682192
Gaziantep,amfi tiyatro,theatre,,,,,,,,,,,37.0223132,37.3329349,"https://www.google.com/maps/search/?api=1&query=37.0223132,37.3329349",way/745118556
Gaziantep,Devr-i Alem Para Müzesi,museum,,,,,,,,Hasırcı Sokak,Şahinbey,Karagöz Mahallesi,37.0645970,37.3819030,"https://www.google.com/maps/search/?api=1&query=37.0645970,37.3819030",node/5591971852
Gaziantep,Fly Event House Organizasyon ve Davet,events_venue,,,https://flyeventhouse.com/,,,,,48025 14,şehitkamil,Merveşehir,37.0970410,37.3941803,"https://www.google.com/maps/search/?api=1&query=37.0970410,37.3941803",node/12859823004
Gaziantep,Gaziantep Atatürk Anı Müzesi,museum,,,,,,,,,,,37.0614935,37.3771856,"https://www.google.com/maps/search/?api=1&query=37.0614935,37.3771856",way/1146112786
Gaziantep,Gaziantep Fıstık Müzesi,museum,,,,,,,,,,,37.0584805,37.3420589,"https://www.google.com/maps/search/?api=1&query=37.0584805,37.3420589",way/1274399380
Gaziantep,Gaziantep Hayvanat Bahçesi,zoo,,0342 360 58 40-41-42-43-44-45,https://gaziantepzoo.org/index.html,,,,,,,,37.0405909,37.2973724,"https://www.google.com/maps/search/?api=1&query=37.0405909,37.2973724",way/348176970
Gaziantep,Gaziantep Mevlevihanesi Vakıf Müzesi,museum,,,,,,,,,,,37.0608200,37.3888082,"https://www.google.com/maps/search/?api=1&query=37.0608200,37.3888082",node/13718477601
Gaziantep,Gaziantep Müzesi,museum,,+90 342 324 8809,,,Mo-Su 08:00-17:00,,,İstasyon Caddesi 2,Şahinbey,Incilipınar Mahallesi,37.0690278,37.3785605,"https://www.google.com/maps/search/?api=1&query=37.0690278,37.3785605",node/599901085
Gaziantep,Gaziantep Oyun ve Oyuncak Müzesi,museum,,,,,,,,,,Bey Mahallesi,37.0613166,37.3771307,"https://www.google.com/maps/search/?api=1&query=37.0613166,37.3771307",way/1047087214
Gaziantep,Hamam Müzesi,museum,,,,,,,,,,,37.0648837,37.3828344,"https://www.google.com/maps/search/?api=1&query=37.0648837,37.3828344",relation/8263842
Gaziantep,İslam Bilim Tarihi Müzesi,museum,,,,,,,,,,,37.0569616,37.3632939,"https://www.google.com/maps/search/?api=1&query=37.0569616,37.3632939",node/13718472301
Gaziantep,Onat Kutlar Şehir Tiyatrosu,theatre,,,,,,,,,,,37.0659686,37.3729980,"https://www.google.com/maps/search/?api=1&query=37.0659686,37.3729980",node/1654249476
Gaziantep,Panorama Müzesi,museum,,,,,,,,,,,37.0661528,37.3798790,"https://www.google.com/maps/search/?api=1&query=37.0661528,37.3798790",node/9278237309
Gaziantep,Paribu Cineverse,cinema,,,,,,,,,,,37.0700374,37.3812826,"https://www.google.com/maps/search/?api=1&query=37.0700374,37.3812826",node/11337126641
Gaziantep,Premium Plaza Düğün Salonu,events_venue,,,,,,,,,,,37.1155161,37.3939881,"https://www.google.com/maps/search/?api=1&query=37.1155161,37.3939881",way/1139464368
Gaziantep,Prestij Sineması,cinema,,,,,,,,,,,37.0626303,37.3800669,"https://www.google.com/maps/search/?api=1&query=37.0626303,37.3800669",way/237176120
Gaziantep,tiyatro,theatre,,,,,,,,,,,37.0484471,37.8770595,"https://www.google.com/maps/search/?api=1&query=37.0484471,37.8770595",way/281398075
Gaziantep,Udma Peynir Müzesi & Restoran,museum,,,,,,,,,,,37.0614233,37.3887008,"https://www.google.com/maps/search/?api=1&query=37.0614233,37.3887008",way/1143707470
Gaziantep,Yesemek Açıkhava Heykel Atölyesi,museum,,,,,,,,,,,36.9039925,36.7469637,"https://www.google.com/maps/search/?api=1&query=36.9039925,36.7469637",way/174944218
Gaziantep,Zeugma Mozaik Müzesi,museum,,,,,Mo-Sa 09:00-16:00,,,Sani Konukoğlu Bulvarı,,,37.0756171,37.3859035,"https://www.google.com/maps/search/?api=1&query=37.0756171,37.3859035",way/322631331
Gaziantep,Şahinbey Kongre ve Sanat Merkezi,arts_centre,,4442701,https://sahinbeyksm.com/,,Mo-Fr 08:00-17:00,,,400. Cadde,,,37.0148179,37.3589897,"https://www.google.com/maps/search/?api=1&query=37.0148179,37.3589897",node/13361203601
Gaziantep,Şahinbey Milli Mücadele Müzesi,museum,,,,,,,,,,,37.0579450,37.3909795,"https://www.google.com/maps/search/?api=1&query=37.0579450,37.3909795",way/1144332746
Gaziantep,Şehitkamil Sanat Merkezi,arts_centre,,,,,Mo-Fr 08:00-17:00,,,,,,37.0662836,37.3722085,"https://www.google.com/maps/search/?api=1&query=37.0662836,37.3722085",relation/15579379
Giresun,Prestij Düğün Salonu,dance,,,,,,,,Nihatbey Caddesi,Merkez,Gedikkaya Mahallesi,40.9106270,38.4197082,"https://www.google.com/maps/search/?api=1&query=40.9106270,38.4197082",node/5890442990
Giresun,Üniversite Sosyal Tesisleri,events_venue,,,,,,,,,,,40.9149822,38.3347226,"https://www.google.com/maps/search/?api=1&query=40.9149822,38.3347226",way/302890957
Giresun,Şebinkarahisar Atatürk Evi Müzesi,museum,,,,,,,,,,,40.2887453,38.4229390,"https://www.google.com/maps/search/?api=1&query=40.2887453,38.4229390",way/222340484
Gumushane,Sema Doğan  Oyun Salonu,amusement_arcade,,,,,,,,,,,40.4279832,39.5192512,"https://www.google.com/maps/search/?api=1&query=40.4279832,39.5192512",node/11672534827
Gumushane,Sema Doğan Sinema Salonu,cinema,,,,,,,,,,,40.4279930,39.5191949,"https://www.google.com/maps/search/?api=1&query=40.4279930,39.5191949",node/11672534826
Hakkari,AFK ART STUDIO,arts_centre,,,,,Mo-Su 09:00-21:00,,,Kültür Sanat Caddesi,Yüksekova,Güngör,37.5699009,44.2837486,"https://www.google.com/maps/search/?api=1&query=37.5699009,44.2837486",node/13743541360
Hakkari,Doski Meydanı,events_venue,,,,,,,,,,,37.5374488,44.2447576,"https://www.google.com/maps/search/?api=1&query=37.5374488,44.2447576",node/8643736739
Hakkari,Düğün Yeri,dance,,,,,,,,,,,37.5374513,44.2448255,"https://www.google.com/maps/search/?api=1&query=37.5374513,44.2448255",way/1256917298
Hatay,Deniz Davet Evi,events_venue,,+90 532 059 93 29,,,,,,Şehit Umut Sakaroğlu Caddesi 7/A,Arsuz,Karaağaç Övündük,36.5515028,36.1112078,"https://www.google.com/maps/search/?api=1&query=36.5515028,36.1112078",node/13103158485
Hatay,Deniz Müzesi,museum,,+90 326 613 14 25,https://iskenderundenizmuzesi.dzkk.tsk.tr,,Tu-Su 09:00-17:00,,,Atatürk Bulvarı 1,İskenderun,Süleymaniye,36.5939393,36.1635733,"https://www.google.com/maps/search/?api=1&query=36.5939393,36.1635733",way/1112311488
Hatay,Grand Plaza,dance,,,,,,,,,,,36.5607382,36.1579872,"https://www.google.com/maps/search/?api=1&query=36.5607382,36.1579872",node/9836156654
Hatay,Hatay Arkeoloji Müzesi,museum,,,https://muze.gov.tr/muze-detay?SectionId=HTY01&DistId=HTY,,,,,Maşuklu Mahallesi Atatürk Caddesi,,,36.2213602,36.1836824,"https://www.google.com/maps/search/?api=1&query=36.2213602,36.1836824",way/1039441368
Hatay,Hatay Şehir Müzesi,museum,,,,,,,,,,,36.2019181,36.1601524,"https://www.google.com/maps/search/?api=1&query=36.2019181,36.1601524",way/330559956
Hatay,Isabelle Cafe Oyun Salonu,amusement_arcade,,,,,,,,Şefik Seyfettin Bulvarı,Antakya,Serinyol,36.3350930,36.2002666,"https://www.google.com/maps/search/?api=1&query=36.3350930,36.2002666",node/11371254717
Hatay,Meclis Kültür Sanat Merkezi,arts_centre,,,https://www.meclis.com.tr,,Mo-Su 08:30-18:30,,,Cumhuriyet Meydanı 2,Antakya,General Şükrü Kanatlı Mahallesi,36.2029068,36.1607137,"https://www.google.com/maps/search/?api=1&query=36.2029068,36.1607137",way/330559957
Hatay,Musadağ Müzesi,museum,,,,,Tu-Su 09:00-17:00,,,,,,36.1156220,35.9751502,"https://www.google.com/maps/search/?api=1&query=36.1156220,35.9751502",node/12128073038
Hatay,Necmi Asfuroglu Antakya Museum,museum,,,,,,,,,,,36.2110662,36.1741994,"https://www.google.com/maps/search/?api=1&query=36.2110662,36.1741994",node/12840609718
Hatay,Palmira Konteyner Kenti,events_venue,,,,,,,,,,,36.0975911,35.9377594,"https://www.google.com/maps/search/?api=1&query=36.0975911,35.9377594",node/13233568889
Hatay,Sümerler Amfi Tiyatro,theatre,,,,,,,,,,,36.1932339,36.1537052,"https://www.google.com/maps/search/?api=1&query=36.1932339,36.1537052",way/311098780
Hatay,Uğur Mumcu Meydanı,events_venue,,,,,,,,,,,36.1953097,36.1476806,"https://www.google.com/maps/search/?api=1&query=36.1953097,36.1476806",way/1288257654
Igdir,Amfi tiyatro,theatre,,,,,,,,ığdır üniversitesi,suveren,suveren /Iğdır,39.8102562,44.0729568,"https://www.google.com/maps/search/?api=1&query=39.8102562,44.0729568",way/1526066038
Igdir,Tuzluca Tuz Terapi Merkezi,museum,,,,,,,,"Orta, Ortamahalle, Tuz İşletme Tesisleri, 76900 Tuzluca/Iğdır",,,40.0492563,43.6687817,"https://www.google.com/maps/search/?api=1&query=40.0492563,43.6687817",node/10279510009
Isparta,19 Mayıs Açık Amfisi,theatre,,,,,,,,,,,37.8275278,30.5316138,"https://www.google.com/maps/search/?api=1&query=37.8275278,30.5316138",way/478732202
Isparta,Bediüzzaman Said Nursi'nin Evi,museum,,,,,,,,,,,37.7643238,30.5595928,"https://www.google.com/maps/search/?api=1&query=37.7643238,30.5595928",way/653664520
Isparta,cineGold,cinema,,,,,,,,,,,37.7819345,30.5646903,"https://www.google.com/maps/search/?api=1&query=37.7819345,30.5646903",node/13252948006
Isparta,CinemaPink,cinema,,,,,,,,,,,37.7811486,30.5444333,"https://www.google.com/maps/search/?api=1&query=37.7811486,30.5444333",node/12536664873
Isparta,Etnografya Müzesi,museum,,,,,,,,,,,37.7548480,30.5505464,"https://www.google.com/maps/search/?api=1&query=37.7548480,30.5505464",way/1054494723
Isparta,Eğirdir Seramik,gallery,,+90 537 280 8950,,,Mo-Sa 08:30-20:00,,,,,,37.8684571,30.8472696,"https://www.google.com/maps/search/?api=1&query=37.8684571,30.8472696",node/13311188103
Isparta,Misparta Koku Müzesi,museum,,,,,,,,,,,37.7567717,30.5526469,"https://www.google.com/maps/search/?api=1&query=37.7567717,30.5526469",way/1541296466
Isparta,Türkiye Sucul Canlılar Müzesi,museum,,,,,,,,,,,37.8377235,30.5384109,"https://www.google.com/maps/search/?api=1&query=37.8377235,30.5384109",way/1345166918
Isparta,Yalvaç Müzesi,museum,,,https://kvmgm.ktb.gov.tr/TR-44093/isparta-yalvac-muze-mudurlugu.html,,,,,,Yalvaç,,38.2981147,31.1786473,"https://www.google.com/maps/search/?api=1&query=38.2981147,31.1786473",way/1218266237
Istanbul,19 Mayıs Düğün Salonu,events_venue,,+90 212 521 13 15,,,,,,Yekta Efendi Sokak,Fatih,,41.0110500,28.9461422,"https://www.google.com/maps/search/?api=1&query=41.0110500,28.9461422",node/5081264684
Istanbul,27 Mayıs Müzesi,museum,,,,,,,,,,,40.8655541,28.9947982,"https://www.google.com/maps/search/?api=1&query=40.8655541,28.9947982",way/230152881
Istanbul,500. Yıl Vakfı Türk Musevileri Müzesi,museum,,+90 212 292 63 33,https://www.muze500.com/,,10:00-16:00; Fr 10:00-13:00; Su 10:00-14:00,,,Bereketzade Mahallesi Büyük Hendek Cadessi 39,Beyoğlu,,41.0267866,28.9727283,"https://www.google.com/maps/search/?api=1&query=41.0267866,28.9727283",node/5506396363
Istanbul,6Yol Bilardo Salonu,amusement_arcade,,,,,Mo-Su 08:00-24:00,,,,,,40.9904099,29.0270683,"https://www.google.com/maps/search/?api=1&query=40.9904099,29.0270683",node/9594510404
Istanbul,Abdulmecit Efendi Köşkü,museum,,,,,,,,,,,41.0282408,29.0415462,"https://www.google.com/maps/search/?api=1&query=41.0282408,29.0415462",node/5209904925
Istanbul,Ada PS,amusement_arcade,,,,,,,,,,,40.9347353,29.1257707,"https://www.google.com/maps/search/?api=1&query=40.9347353,29.1257707",node/6171207688
Istanbul,Adalar Müzesi,museum,,,http://www.adalarmuzesi.org/cms/english,,Tu-Su 09:00-18:00,,,Aya Nikola Mevkii,,,40.8564329,29.1251424,"https://www.google.com/maps/search/?api=1&query=40.8564329,29.1251424",way/1000250944
Istanbul,Adam Mickiewicz Müzesi,museum,,,https://muze.gen.tr/muze-detay/adam,,Tu-Su 09:00-16:30,,,Tatlı Badem Sokak 10,,,41.0387821,28.9771474,"https://www.google.com/maps/search/?api=1&query=41.0387821,28.9771474",node/3254468506
Istanbul,Adnan Menderes Müzesi,museum,,,,,,,,,,,40.8640523,28.9943118,"https://www.google.com/maps/search/?api=1&query=40.8640523,28.9943118",way/230152867
Istanbul,Ahmet Mithat Efendi Kültür Merkezi,theatre,,,https://kultursanat.beykoz.bel.tr/etkinlik/etkinlikliste?arama=&kategori_id=&tarih_id=&mekan_id=3,,,,,,,,41.0809359,29.0781602,"https://www.google.com/maps/search/?api=1&query=41.0809359,29.0781602",relation/21223736
Istanbul,Ahır Köşkü,museum,,,,,,,,,,,41.0409539,29.0388540,"https://www.google.com/maps/search/?api=1&query=41.0409539,29.0388540",way/1209845848
Istanbul,AK Bank Sanat Galerisi,museum,,,,,"Tu-Sa 14:00-19:00; Su,Mo off",,,,,,41.0359382,28.9831097,"https://www.google.com/maps/search/?api=1&query=41.0359382,28.9831097",node/4889959432
Istanbul,Ak'la Kara Tiyatro,theatre,,,https://www.tiyatroaklakara.com/,,,,,,,,40.9853447,29.0275368,"https://www.google.com/maps/search/?api=1&query=40.9853447,29.0275368",node/2449655754
Istanbul,Aktaş Playstation,events_venue,,,,,,,,Şan Sokağı,Sultanbeyli,,40.9680073,29.2751225,"https://www.google.com/maps/search/?api=1&query=40.9680073,29.2751225",node/5329298442
Istanbul,Alay Köşkü,museum,,,,,,,,,,,41.0110425,28.9783910,"https://www.google.com/maps/search/?api=1&query=41.0110425,28.9783910",way/303491953
Istanbul,Albatros,dance,,,,,,,,,,,40.8988613,29.2056879,"https://www.google.com/maps/search/?api=1&query=40.8988613,29.2056879",node/6813551232
Istanbul,Albino Akvaryum,aquarium,,,,,,,,,,,41.0728753,28.9041047,"https://www.google.com/maps/search/?api=1&query=41.0728753,28.9041047",node/6176125982
Istanbul,Albüm Club,nightclub,,+90 212 236 72 55,https://instagram.com/album.club,,Mo-Su 22:00-05:00,,,Muallim Naci Caddesi 71,Beşiktaş,Ortaköy,41.0513256,29.0328523,"https://www.google.com/maps/search/?api=1&query=41.0513256,29.0328523",node/7559728517
Istanbul,Ali Emiri Efendi Nikah Salonu,events_venue,,,,,,,,Kocasinan Caddesi,Fatih,,41.0196641,28.9398225,"https://www.google.com/maps/search/?api=1&query=41.0196641,28.9398225",node/5106125537
Istanbul,Ali Poyrazoğlu Tiyatrosu,theatre,,,,,,,,,,,41.0618405,28.9872524,"https://www.google.com/maps/search/?api=1&query=41.0618405,28.9872524",node/7112413418
Istanbul,Altkat Sanat,theatre,,,https://www.altkatsanat.com/,,,,,,,,40.9877917,29.0254083,"https://www.google.com/maps/search/?api=1&query=40.9877917,29.0254083",node/9806141079
Istanbul,Altunizade Kültür ve Sanat Merkezi,arts_centre,,,https://www.uskudar.bel.tr/tr/main/pages/altunizade-kultur-ve-sanat-merkezi/85,,,,,Sırmaperde Sokağı,Üsküdar,Altunizade Mahallesi,41.0184527,29.0387671,"https://www.google.com/maps/search/?api=1&query=41.0184527,29.0387671",way/733054283
Istanbul,Amcazade Külliyesi,museum,,,,,,,,,,,41.0152743,28.9520598,"https://www.google.com/maps/search/?api=1&query=41.0152743,28.9520598",way/329094469
Istanbul,Amfi Tiyatro,theatre,,,,,,,,,,,41.0254751,28.7838848,"https://www.google.com/maps/search/?api=1&query=41.0254751,28.7838848",way/1146953364
Istanbul,Amfi Tiyatro Alanı,theatre,,,,,,,,,,,41.0339664,28.7864717,"https://www.google.com/maps/search/?api=1&query=41.0339664,28.7864717",way/478110588
Istanbul,Anfitiyatro,theatre,,,,,,,,,,,41.2041541,29.0422307,"https://www.google.com/maps/search/?api=1&query=41.2041541,29.0422307",way/274460077
Istanbul,Angels Club,nightclub,,,,,,,,,,,40.9536149,29.0943172,"https://www.google.com/maps/search/?api=1&query=40.9536149,29.0943172",node/2469886147
Istanbul,Apartman Sahne,theatre,,+90 216 339 93 39,https://apartmansahne.com/,,,,,Gül Sokak 2/2,Kadıkoy,Koşuyolu Mahallesi,41.0021615,29.0308648,"https://www.google.com/maps/search/?api=1&query=41.0021615,29.0308648",node/5601212240
Istanbul,Aqua Club Dolphin,water_park,,+90 212 672 61 61,,,,,,,Esenyurt,,41.0581792,28.6861229,"https://www.google.com/maps/search/?api=1&query=41.0581792,28.6861229",way/510118086
Istanbul,Ara Güler Müzesi,museum,,,,,Mo-Sa 10:00-18:00; Su 12:00-18:00,,,Birahane Sokak 1,,,41.0583124,28.9803794,"https://www.google.com/maps/search/?api=1&query=41.0583124,28.9803794",node/11985288314
Istanbul,Arif Nihat Asya Kültür Merkezi,arts_centre,,,,,,,,Anibal Sokak 28,Pendik,Fevzi Çakmak Mahallesi,40.8743530,29.2671576,"https://www.google.com/maps/search/?api=1&query=40.8743530,29.2671576",way/678926059
Istanbul,ARTER,museum,,,https://www.arter.org.tr,,,,,Irmak Caddesi 13,Beyoğlu,Yenişehir Mahallesi,41.0408994,28.9787641,"https://www.google.com/maps/search/?api=1&query=41.0408994,28.9787641",node/9698150917
Istanbul,Artistanbul Feshane,arts_centre,,,,,,,,,,,41.0442388,28.9377122,"https://www.google.com/maps/search/?api=1&query=41.0442388,28.9377122",way/1068175210
Istanbul,Askerî Müze,museum,,+90 212 233 27 20,http://www.askerimuze.tsk.tr/INGILIZCE/military_museum.htm,,We-Su 9:00-17:00,,,,,,41.0488755,28.9882427,"https://www.google.com/maps/search/?api=1&query=41.0488755,28.9882427",node/1346157990
Istanbul,Asmina Davet ve Balo Salonları,events_venue,,+90 216 909 7819,https://www.asminadavet.com/,,,,,Sütçü İmam Caddesi 88,Ümraniye,Namık Kemal,41.0236082,29.0921847,"https://www.google.com/maps/search/?api=1&query=41.0236082,29.0921847",node/13649519670
Istanbul,Atatürk Devrimleri Müzesi,museum,,,,,Salı-Pazar 09:30-17:00,,,Piyade Sokağı 7,Büyükçekmece,"Fatih Mah. Piyade Sok. No:7, 34500 Belediye Kent Meydanı",41.0181895,28.5826466,"https://www.google.com/maps/search/?api=1&query=41.0181895,28.5826466",node/12561204075
Istanbul,Atatürk Evi Müzesi,museum,,,,,,,,,,,40.9717933,28.7142712,"https://www.google.com/maps/search/?api=1&query=40.9717933,28.7142712",way/1183800508
Istanbul,Atatürk Kültür Merkezi,arts_centre,,,,,,,,,,,40.9937930,28.9037480,"https://www.google.com/maps/search/?api=1&query=40.9937930,28.9037480",node/6362219312
Istanbul,Atatürk Kültür Merkezi,theatre,,,https://akmistanbul.gov.tr/tr/iletisim,,,,,Inonü Caddesi 2,Beyoğlu,Gümüşsuyu,41.0365654,28.9882459,"https://www.google.com/maps/search/?api=1&query=41.0365654,28.9882459",way/1033333873
Istanbul,"Atatürk Museum, Şişli",museum,,,,,"Mo-We,Fr-Sa 09:00-16:00",,,Halaskargazi Caddesi 250,,,41.0564045,28.9872127,"https://www.google.com/maps/search/?api=1&query=41.0564045,28.9872127",way/698165879
Istanbul,Ataşehir Mustafa Saffet Kültür Merkezi,arts_centre,,,https://kultursanat.atasehir.bel.tr/mskm,,,,,Şehit Cahar Dudayev Caddesi 111,Ataşehir,Örnek Mahallesi,40.9958266,29.0813799,"https://www.google.com/maps/search/?api=1&query=40.9958266,29.0813799",way/361214606
Istanbul,Atlas,cinema,,,,,,,,,,,41.0341825,28.9791733,"https://www.google.com/maps/search/?api=1&query=41.0341825,28.9791733",node/5665713222
Istanbul,Atlıkarınca,theme_park,,,,,,,,,,,41.0541289,28.7700202,"https://www.google.com/maps/search/?api=1&query=41.0541289,28.7700202",way/1545657562
Istanbul,Atmacalar,events_venue,,,,,,,,yildirim Caddesi,Sultanbeyli,,40.9761559,29.2677069,"https://www.google.com/maps/search/?api=1&query=40.9761559,29.2677069",node/5542883387
Istanbul,Atılım Aquarium,aquarium,,,,,,,,,,,41.0188844,29.1765548,"https://www.google.com/maps/search/?api=1&query=41.0188844,29.1765548",node/5257521054
Istanbul,Aya İrini Kilisesi,museum,,,https://muze.gen.tr/,,,,,,,,41.0098292,28.9809477,"https://www.google.com/maps/search/?api=1&query=41.0098292,28.9809477",relation/4742554
Istanbul,Ayasofya Tarih ve Deneyim Müzesi,museum,,+90 212 227 30 35;+90 212 227 30 36,https://www.demmuseums.com/museums/hagia-sophia-museum/,,Mo-Su 09:00-19:00,,,,,,41.0064549,28.9753667,"https://www.google.com/maps/search/?api=1&query=41.0064549,28.9753667",node/11867279469
Istanbul,Ayasofya-i Kebir Câmi-i Şerifi,museum,,,https://www.geziyerler.com/ayasofya-muzesi,,,,,,,,41.0084634,28.9798633,"https://www.google.com/maps/search/?api=1&query=41.0084634,28.9798633",relation/1555271
Istanbul,Aziz Mahmud Hüdayi Vakfı Gazanfer Ağa Medresesi Eğitim ve Kültür Merkezi,museum,,,,,,,,,,,41.0163425,28.9554380,"https://www.google.com/maps/search/?api=1&query=41.0163425,28.9554380",way/329089871
Istanbul,Açık Hava Müzesi,museum,,,,,,,,,,,41.0720156,28.9651553,"https://www.google.com/maps/search/?api=1&query=41.0720156,28.9651553",way/1467139675
Istanbul,Ağ trambolin,trampoline_park,,,,,,,,,,,41.0715996,28.9238190,"https://www.google.com/maps/search/?api=1&query=41.0715996,28.9238190",way/1292673226
Istanbul,Aşiyan Müzesi,museum,,,,,,,,,Beşiktaş,Bebek Mahallesi,41.0826576,29.0534519,"https://www.google.com/maps/search/?api=1&query=41.0826576,29.0534519",way/746788646
Istanbul,Bab Bowling Cafe,amusement_arcade,,,,,,,,,,,41.0353869,28.9795780,"https://www.google.com/maps/search/?api=1&query=41.0353869,28.9795780",node/1915390143
Istanbul,Baba Sahne,theatre,,,,,,,,,,,40.9873301,29.0279241,"https://www.google.com/maps/search/?api=1&query=40.9873301,29.0279241",node/4833359922
Istanbul,Babylon Bomonti,nightclub,,,,,,,,,,,41.0582648,28.9800506,"https://www.google.com/maps/search/?api=1&query=41.0582648,28.9800506",node/4889959129
Istanbul,Bade76,nightclub,,,,,,,,Kırtasiyeci Sokak,,,40.9903284,29.0276034,"https://www.google.com/maps/search/?api=1&query=40.9903284,29.0276034",node/10178075387
Istanbul,Bahariye Sanat,gallery,,,,,,,,,,,40.9871819,29.0270039,"https://www.google.com/maps/search/?api=1&query=40.9871819,29.0270039",node/6531889028
Istanbul,Bahçelievler Evlendirme Dairesi&Kültür Merkezi,theatre,,,,,,,,,,,40.9999995,28.8616335,"https://www.google.com/maps/search/?api=1&query=40.9999995,28.8616335",node/976476780
Istanbul,Bahçelievler Tiyatrosu Nurettin Topçu Sahnesi,theatre,,+902124843821,,,,,,Barbaros Caddesi 9,,,40.9978366,28.8512973,"https://www.google.com/maps/search/?api=1&query=40.9978366,28.8512973",node/13528861701
Istanbul,Banquet Deluxe,events_venue,,,,,,,,,,,41.0647263,28.7000512,"https://www.google.com/maps/search/?api=1&query=41.0647263,28.7000512",node/6437117451
Istanbul,Baruthane Müze,museum,,,,,,,,,,,40.9756297,28.8594952,"https://www.google.com/maps/search/?api=1&query=40.9756297,28.8594952",way/1059149610
Istanbul,Baruthane Sahne,arts_centre,,,,,,,,,,,40.9760789,28.8596691,"https://www.google.com/maps/search/?api=1&query=40.9760789,28.8596691",way/1256603245
Istanbul,Barış Manço Evi,museum,,+902163379413,https://barismanco.kadikoy.bel.tr/,,Tu-Su 09:00-16:00,,,Yusuf Kamil Paşa Sokağı 5,Kadıköy,Caferağa,40.9817446,29.0249322,"https://www.google.com/maps/search/?api=1&query=40.9817446,29.0249322",way/235271667
Istanbul,Barış Manço Kültür Merkezi,arts_centre,,,,,,,,,,,40.9799615,28.7202124,"https://www.google.com/maps/search/?api=1&query=40.9799615,28.7202124",way/493674427
Istanbul,Batı İstanbul Sergi Salonu,gallery,,,,,,,,,,,41.0015887,28.6416218,"https://www.google.com/maps/search/?api=1&query=41.0015887,28.6416218",node/7654975432
Istanbul,BEAT,nightclub,,,,,,,,,,,41.0353030,28.9793984,"https://www.google.com/maps/search/?api=1&query=41.0353030,28.9793984",node/4770577021
Istanbul,berk’s,nightclub,,,,,,,,,,,41.0302416,29.1819902,"https://www.google.com/maps/search/?api=1&query=41.0302416,29.1819902",node/6173319585
Istanbul,Beyazıt Türk Hamam Kültürü Müzesi,museum,,,https://muzeyum.istanbul.edu.tr/,,,,,Ordu Caddesi 02124400000,Fatih,,41.0099458,28.9615545,"https://www.google.com/maps/search/?api=1&query=41.0099458,28.9615545",node/5112732265
Istanbul,Beykent Üniversitesi Sanat Merkezi,theatre,,,,,,,,,,,41.0181350,28.6267327,"https://www.google.com/maps/search/?api=1&query=41.0181350,28.6267327",way/218490478
Istanbul,Beylerbeyi Sarayı,museum,,+90 216 321 93 20,https://www.millisaraylar.gov.tr/en/saray-kosk-ve-kasirlar/beylerbeyi-sarayi,,Tu-Su 09:00-18:00,,,,Üsküdar,Beylerbeyi Mahallesi,41.0427184,29.0400359,"https://www.google.com/maps/search/?api=1&query=41.0427184,29.0400359",way/61736367
Istanbul,Beylerbeyi Sarayı Haremlik Sahil Köşkü,museum,,,,,,,,,,,41.0433636,29.0406460,"https://www.google.com/maps/search/?api=1&query=41.0433636,29.0406460",way/61736406
Istanbul,Beylerbeyi Sarayı Selamlık Sahil Köşkü,museum,,,,,,,,,,,41.0424015,29.0389426,"https://www.google.com/maps/search/?api=1&query=41.0424015,29.0389426",way/61736405
Istanbul,Bigudi,nightclub,,,,,,,,,,,41.0361431,28.9806079,"https://www.google.com/maps/search/?api=1&query=41.0361431,28.9806079",node/3657448724
Istanbul,Bilim Üsküdar,museum,,,https://www.bilimuskudar.org/,,,,,Ünalan Caddesi 11,Üsküdar,Ünalan Mahallesi,40.9974599,29.0642331,"https://www.google.com/maps/search/?api=1&query=40.9974599,29.0642331",way/729921210
Istanbul,Binbirdirek Sarnıcı,museum,,,,,,,,,,,41.0076060,28.9744173,"https://www.google.com/maps/search/?api=1&query=41.0076060,28.9744173",node/2472730735
Istanbul,Bizans Zindanları,museum,,,,,,,,,,,40.8650138,28.9930175,"https://www.google.com/maps/search/?api=1&query=40.8650138,28.9930175",node/9252958276
Istanbul,BKM,theatre,,,https://bkmonline.net/,,,,,,,,41.0433080,29.0060981,"https://www.google.com/maps/search/?api=1&query=41.0433080,29.0060981",node/7656296101
Istanbul,BKM Mutfak,theatre,,,,,,,,,,,41.0431639,29.0057548,"https://www.google.com/maps/search/?api=1&query=41.0431639,29.0057548",node/9255335169
Istanbul,Blacksea PlayStation Cafe,amusement_arcade,,+90 212 703 1384,,,09:30-00:00,,,Hamidiye Caddesi 11/C,Gaziosmanpaşa,Karadeniz,41.0761136,28.8816355,"https://www.google.com/maps/search/?api=1&query=41.0761136,28.8816355",node/11214202184
Istanbul,Blind Istanbul,music_venue,,,,,,,,Şehbender Sokağı 3,Beyoğlu,Asmalı Mescit Mahallesi,41.0296279,28.9743287,"https://www.google.com/maps/search/?api=1&query=41.0296279,28.9743287",way/501764233
Istanbul,Boa,nightclub,,,,,,,,,,,40.9896463,29.0274614,"https://www.google.com/maps/search/?api=1&query=40.9896463,29.0274614",node/12849131859
Istanbul,Boda Davet,events_venue,,,,,,,,,,,40.9247310,29.1255857,"https://www.google.com/maps/search/?api=1&query=40.9247310,29.1255857",node/9180098694
Istanbul,Borusan Art Center,arts_centre,,,http://www.borusan.com.tr/en-us/SocialResponsibility/CultureAndArts/Pages/ArtCenterIstanbul.aspx,,,,,,,,41.0338150,28.9803923,"https://www.google.com/maps/search/?api=1&query=41.0338150,28.9803923",node/796862400
Istanbul,Borusan Holding,museum,,,,,,,,,,,41.0892526,29.0565723,"https://www.google.com/maps/search/?api=1&query=41.0892526,29.0565723",node/5872511485
Istanbul,Borusan Sanat,museum,,+902127058700,,,Mo-Fr 09:30-18:00,,,İstiklal Caddesi 160A,,,41.0303466,28.9754498,"https://www.google.com/maps/search/?api=1&query=41.0303466,28.9754498",node/4889958232
Istanbul,Bostanci Lunapark,theme_park,,,,,,,,Mehmet Şevki Paşa Caddesi,Kadıköy,Bostancı Mahallesi,40.9564981,29.1010632,"https://www.google.com/maps/search/?api=1&query=40.9564981,29.1010632",way/143519804
Istanbul,Bostancı Gösteri Merkezi,arts_centre,,+90 216 384 72 10,https://bgmonline.net/,,,,,,Kadıköy,Bostancı Mahallesi,40.9567383,29.1023609,"https://www.google.com/maps/search/?api=1&query=40.9567383,29.1023609",way/499316052
Istanbul,Bowling,theme_park,,,,,,,,,,,41.0512423,28.7695338,"https://www.google.com/maps/search/?api=1&query=41.0512423,28.7695338",node/14061510588
Istanbul,Boy Davet Palace,events_venue,,,,,,,,,,,41.0603575,28.6748055,"https://www.google.com/maps/search/?api=1&query=41.0603575,28.6748055",node/6437116902
Istanbul,Bucak Düğün Salonu,events_venue,,,,,,,,,,,40.9253184,29.1321429,"https://www.google.com/maps/search/?api=1&query=40.9253184,29.1321429",node/12512781225
Istanbul,Bulgur Palas,arts_centre,,,https://kultursanat.istanbul/mekanlarimiz/bulgur-palas,,Tu-Su 10:00-21:00,,,Kargı Sokağı 5,Fatih,Aksaray Mahallesi,41.0070276,28.9439222,"https://www.google.com/maps/search/?api=1&query=41.0070276,28.9439222",way/1258091773
Istanbul,Buyukcekmece Kervansaray,museum,,,,,sunrise-sunset,,,,,,41.0218871,28.5758757,"https://www.google.com/maps/search/?api=1&query=41.0218871,28.5758757",way/219002350
Istanbul,Bülent 2 Playstation,amusement_arcade,,,,,,,,,,,41.0105926,29.2149816,"https://www.google.com/maps/search/?api=1&query=41.0105926,29.2149816",node/11658244447
Istanbul,Bülent Ecevit Kültür Merkezi,arts_centre,,,https://kultur.istanbul/ibb-bulent-ecevit-kultur-merkezi/,,,,,Ankara Caddesi 142,Kartal,Kordonboyu Mahallesi,40.8863445,29.1963939,"https://www.google.com/maps/search/?api=1&query=40.8863445,29.1963939",node/6314755085
Istanbul,Bülent Playstation,amusement_arcade,,,,,,,,,,,41.0109640,29.2127590,"https://www.google.com/maps/search/?api=1&query=41.0109640,29.2127590",node/11658247426
Istanbul,Büyük Mabeyn Köşkü,museum,,,,,,,,,,,41.0502671,29.0109260,"https://www.google.com/maps/search/?api=1&query=41.0502671,29.0109260",way/324022454
Istanbul,Büyük Saray Mozaikleri Müzesi,museum,,,https://muze.gen.tr/,,closed,,,,,,41.0042947,28.9774330,"https://www.google.com/maps/search/?api=1&query=41.0042947,28.9774330",way/1153966162
Istanbul,Büyükçekmece Atatürk Kültür Merkezi,theatre,,,,,,,,Gazi Mustafa Kemal Caddesi,,,41.0177991,28.5924772,"https://www.google.com/maps/search/?api=1&query=41.0177991,28.5924772",node/4959676224
Istanbul,Caddebostan Kültür Merkezi,arts_centre,,,https://kultursanat.kadikoy.bel.tr/tr/kultur-merkezleri/caddebostan-kultur-merkezi,,,,,Haldun Taner Sokağı 11,Kadıköy,Caddebostan Mahallesi,40.9674514,29.0647334,"https://www.google.com/maps/search/?api=1&query=40.9674514,29.0647334",way/164108939
Istanbul,Cafe Theatre,theatre,,,,,,,,Bekir Sıtkı Sezgin Sk.,,,41.0116183,29.0357885,"https://www.google.com/maps/search/?api=1&query=41.0116183,29.0357885",node/13449988311
Istanbul,Cam ve Billur Müzesi,museum,,,,,,,,Kaymakdonduran Caddesi,Beykoz,Şahinkaya Mahallesi,41.1385096,29.1039692,"https://www.google.com/maps/search/?api=1&query=41.1385096,29.1039692",way/1112685777
Istanbul,Camlı Köşk,museum,,,,,,,,,,,41.0401269,28.9995100,"https://www.google.com/maps/search/?api=1&query=41.0401269,28.9995100",way/1423624917
Istanbul,Can Art Akademi,arts_centre,,,https://canartakademi.com/,,,,,,Pendik,Yenişehir Mahallesi,40.9239709,29.3051154,"https://www.google.com/maps/search/?api=1&query=40.9239709,29.3051154",node/12022501609
Istanbul,Casa Botter - Sanat ve Tasarim Merkezi,gallery,,,,,,,,,,,41.0292735,28.9752816,"https://www.google.com/maps/search/?api=1&query=41.0292735,28.9752816",node/12770077501
Istanbul,Cat Museum,museum,,,https://catmuseum.co,,,,,,,,41.0265284,28.9749954,"https://www.google.com/maps/search/?api=1&query=41.0265284,28.9749954",way/569707977
Istanbul,Cemal Reşit Rey Konser Salonu,theatre,,,http://www.crrkonsersalonu.org/,,,,,,,,41.0481782,28.9901456,"https://www.google.com/maps/search/?api=1&query=41.0481782,28.9901456",way/59595670
Istanbul,Cennet Kültür Merkezi,theatre,,,,,,,,,,,40.9920869,28.7833474,"https://www.google.com/maps/search/?api=1&query=40.9920869,28.7833474",way/176141135
Istanbul,Cheeky Club,nightclub,,,,,,,,,,,41.0375046,28.9833779,"https://www.google.com/maps/search/?api=1&query=41.0375046,28.9833779",node/12510989060
Istanbul,Cine Majestic,cinema,,,https://www.cinemajestic.com/,,,,,Ayhan Isık Sokak 10,,,41.0343222,28.9800826,"https://www.google.com/maps/search/?api=1&query=41.0343222,28.9800826",node/3785285730
Istanbul,Cinema Pink,cinema,,,,,,,,,,,41.0757710,29.0122579,"https://www.google.com/maps/search/?api=1&query=41.0757710,29.0122579",node/4053855696
Istanbul,Cinema Pink,cinema,,,,,,,,,,,41.0772693,29.0273237,"https://www.google.com/maps/search/?api=1&query=41.0772693,29.0273237",node/4053860157
Istanbul,Cinemarine,cinema,,,,,,,,,,,41.0478334,28.8092251,"https://www.google.com/maps/search/?api=1&query=41.0478334,28.8092251",node/6754172889
Istanbul,Cinematica,cinema,,,,,,,,,,,40.9934785,29.1199261,"https://www.google.com/maps/search/?api=1&query=40.9934785,29.1199261",node/12307405302
Istanbul,Cinemaximum,cinema,,,,,,,,,,,40.9973067,29.0996407,"https://www.google.com/maps/search/?api=1&query=40.9973067,29.0996407",node/6089536350
Istanbul,Cinetech,cinema,,,,,,,,,,,41.0044732,28.6899384,"https://www.google.com/maps/search/?api=1&query=41.0044732,28.6899384",node/11577256269
Istanbul,cinetime,cinema,,,,,Mo-Su 10:00-00:00,,,,,,41.0773059,29.0099222,"https://www.google.com/maps/search/?api=1&query=41.0773059,29.0099222",node/4580155456
Istanbul,CineVIP,cinema,,,,,,,,,,,40.9961062,28.8646599,"https://www.google.com/maps/search/?api=1&query=40.9961062,28.8646599",node/6139099428
Istanbul,Club İmza,nightclub,,,,,,,,,,,41.0762319,29.0201155,"https://www.google.com/maps/search/?api=1&query=41.0762319,29.0201155",node/4053740053
Istanbul,Dart,theme_park,,,,,,,,,,,41.0511307,28.7697360,"https://www.google.com/maps/search/?api=1&query=41.0511307,28.7697360",node/14061510587
Istanbul,Darüşşafaka Açıkhava Tiyatrosu,theatre,,,,,,,,,,,41.1261297,29.0303028,"https://www.google.com/maps/search/?api=1&query=41.1261297,29.0303028",way/1539513167
Istanbul,DasDas,theatre,,,,,,,,,,,40.9941037,29.1249199,"https://www.google.com/maps/search/?api=1&query=40.9941037,29.1249199",node/13598331749
Istanbul,Decollage Art Space,arts_centre,,,https://decollageartspace.com,,,,,Müzeyyen Sokağı 4,Kadıköy,Suadiye Mahallesi,40.9592658,29.0854444,"https://www.google.com/maps/search/?api=1&query=40.9592658,29.0854444",node/10202740898
Istanbul,Dedikodu Club,nightclub,,,,,,,,,,,40.9924050,28.8443012,"https://www.google.com/maps/search/?api=1&query=40.9924050,28.8443012",node/9550933528
Istanbul,Dedikodulu,nightclub,,,,,,,,,,,40.9528849,29.0961842,"https://www.google.com/maps/search/?api=1&query=40.9528849,29.0961842",node/2469886152
Istanbul,Demokrasi ve Özgürlük Müzesi,museum,,,,,,,,,,,40.8650346,28.9932236,"https://www.google.com/maps/search/?api=1&query=40.8650346,28.9932236",way/808535276
Istanbul,Deniz Müzesi,museum,,+90 212 327 43 45,https://denizmuzesi.dzkk.tsk.tr/tr,,Tu-Fr 09:00-17:00; Sa-Su 09:00-18:00,,,,,,41.0410687,29.0056763,"https://www.google.com/maps/search/?api=1&query=41.0410687,29.0056763",way/498861869
Istanbul,Depo Taksim,nightclub,,,,,03:00-12:00,,,Atıf Yılmaz Caddesi 9,,,41.0354287,28.9802016,"https://www.google.com/maps/search/?api=1&query=41.0354287,28.9802016",node/1915390157
Istanbul,Dereboyu Meydanı,events_venue,,,,,,,,,,,41.1575613,28.8842912,"https://www.google.com/maps/search/?api=1&query=41.1575613,28.8842912",node/11047659341
Istanbul,Derince Sanat Evi,gallery,,,,,,,,,,,40.9372809,29.1346821,"https://www.google.com/maps/search/?api=1&query=40.9372809,29.1346821",node/13306014864
Istanbul,Devlet Tiyatroları Tekel Sahnesi,theatre,,,,,,,,,,,41.0313467,29.0215314,"https://www.google.com/maps/search/?api=1&query=41.0313467,29.0215314",way/164328435
Istanbul,Dilek Varlı Sanat Merkezi,arts_centre,,+90 507 837 4904,,,,,,Yeşil Sokağı 34A,,Atatürk Mahallesi,41.0247606,29.0954258,"https://www.google.com/maps/search/?api=1&query=41.0247606,29.0954258",node/13641173285
Istanbul,Discovery Museum,museum,,,,,,,,,,,41.0673647,28.6914690,"https://www.google.com/maps/search/?api=1&query=41.0673647,28.6914690",node/7580601342
Istanbul,Divan Kuruçeşme,events_venue,,+90 212 708 6060,https://www.divan.com.tr/toplanti-davet/divan-kurucesme,,,,,Arnavutköy Kuruçeşme Caddesi 61,Beşiktaş,Kuruçeşme,41.0624286,29.0388207,"https://www.google.com/maps/search/?api=1&query=41.0624286,29.0388207",way/1105629355
Istanbul,Diyar Saz Evi,arts_centre,,,,,,,,,,,41.0098825,29.2145757,"https://www.google.com/maps/search/?api=1&query=41.0098825,29.2145757",node/4571545295
Istanbul,Dogançay Müzesi,museum,,,,,Tu-Su 10:00-18:00,,,Balo Sokağı 42,,,41.0357703,28.9783705,"https://www.google.com/maps/search/?api=1&query=41.0357703,28.9783705",node/4889959434
Istanbul,Dolmabahçe Saat Müzesi,museum,,,https://www.millisaraylar.gov.tr/Lokasyon/16/Dolmabahce-Clock-Museum,,,,,,,,41.0376899,28.9963411,"https://www.google.com/maps/search/?api=1&query=41.0376899,28.9963411",node/12248507560
Istanbul,Dolmabahçe Sarayı Harem Bölümü,museum,,,https://www.millisaraylar.gov.tr/Lokasyon/3/Dolmabahce-Palace,,,,,,,,41.0397895,29.0015991,"https://www.google.com/maps/search/?api=1&query=41.0397895,29.0015991",way/263949137
Istanbul,Dolmabahçe Sarayı İç Hazine Dairesi,museum,,,,,,,,,,,41.0404788,29.0004493,"https://www.google.com/maps/search/?api=1&query=41.0404788,29.0004493",way/914394417
Istanbul,Dolmabahçe Sarayı Muayede Salonu,museum,,,,,,,,,,,41.0391296,29.0005456,"https://www.google.com/maps/search/?api=1&query=41.0391296,29.0005456",way/263949162
Istanbul,Dolmabahçe Sarayı Selamlık Bölümü,museum,,,https://www.millisaraylar.gov.tr/Lokasyon/3/Dolmabahce-Palace,,"Tu-We, Fr-Su 09:00-16:00",,,,,,41.0387836,28.9995191,"https://www.google.com/maps/search/?api=1&query=41.0387836,28.9995191",way/175516451
Istanbul,Don Kişot Sanat Suadiye,arts_centre,,,https://www.donkisotsanat.com,,,,,,Kadıköy,Suadiye Mahallesi,40.9625124,29.0791036,"https://www.google.com/maps/search/?api=1&query=40.9625124,29.0791036",node/10925257578
Istanbul,Dorock XL,nightclub,,,,,,,,,,,40.9895600,29.0225269,"https://www.google.com/maps/search/?api=1&query=40.9895600,29.0225269",node/4831213353
Istanbul,Dorock XL Venue,music_venue,,,https://www.instagram.com/dorockxlvenue/?hl=en,,,,,İstiklal Caddesi 12/1,Beyoğlu,,41.0358758,28.9829264,"https://www.google.com/maps/search/?api=1&query=41.0358758,28.9829264",node/10978103307
Istanbul,Dostlar Tiyatrosu,theatre,,,,,,,,Kıble Çeşme Caddesi,Fatih,,41.0189781,28.9648174,"https://www.google.com/maps/search/?api=1&query=41.0189781,28.9648174",node/5244812070
Istanbul,Duru Tiyatro,theatre,,,https://www.durutiyatro.com/,,,,,Kızıl Begonya Sokağı 10,Ataşehir,Barbaros Mahallesi,40.9968979,29.1001297,"https://www.google.com/maps/search/?api=1&query=40.9968979,29.1001297",node/12244864779
Istanbul,Dönmedolap,theme_park,,,,,,,,,,,41.0529068,28.7696939,"https://www.google.com/maps/search/?api=1&query=41.0529068,28.7696939",way/1545832306
Istanbul,Düğün Salonu,dance,,,,,,,,,,,41.1567352,28.1704780,"https://www.google.com/maps/search/?api=1&query=41.1567352,28.1704780",node/7026502639
Istanbul,Düğün sarayı,events_venue,,+90 535 356 24 76,,,,,,Fatih bulvarı,Pendik,,40.9470135,29.2995286,"https://www.google.com/maps/search/?api=1&query=40.9470135,29.2995286",node/5542883659
Istanbul,Düştepe Oyun Müzesi,museum,,,https://www.atasehir.bel.tr/dustepe-oyun-muzesi,,Tu-Fr 08:30-17:00; Sa-Su 09:30-18:00,,,Ataşehir Bulvarı,Ataşehir,Barbaros Mahallesi,40.9936089,29.1124414,"https://www.google.com/maps/search/?api=1&query=40.9936089,29.1124414",node/12456058886
Istanbul,EBRU DÜĞÜN SARAYI,events_venue,,4361143,,,,,,Namık Kemal Caddesi,,,41.0441922,28.8505709,"https://www.google.com/maps/search/?api=1&query=41.0441922,28.8505709",node/5667727243
Istanbul,Edebiyat Müzesi,museum,,,,,,,,,,,41.0488041,29.0111404,"https://www.google.com/maps/search/?api=1&query=41.0488041,29.0111404",way/349521414
Istanbul,Ege Menteş Seramik Atölyesi,arts_centre,,,https://egementes.com,,Mo-Fr 09:00-18:00,,,Canan Sokağı 37,Kadıköy,Osmanağa Mahallesi,40.9878411,29.0302086,"https://www.google.com/maps/search/?api=1&query=40.9878411,29.0302086",way/694706380
Istanbul,Eirene Tower Sanat Galerisi,gallery,,,,,,,,,,,41.0145102,28.9686969,"https://www.google.com/maps/search/?api=1&query=41.0145102,28.9686969",node/11794180669
Istanbul,Ekol Sanat Akademisi,gallery,,,,,,,,,,,40.9726564,29.1190550,"https://www.google.com/maps/search/?api=1&query=40.9726564,29.1190550",node/9908190428
Istanbul,Ekstrem akvaryum,aquarium,,,,,Mo-Sa 09:00-20:00,,,Üst Çeşme Sokak 25,,,40.9853294,29.0795857,"https://www.google.com/maps/search/?api=1&query=40.9853294,29.0795857",node/13828461502
Istanbul,El Hamra Düğün Sarayı,dance,,,,,,,,,,,41.0217559,28.8986513,"https://www.google.com/maps/search/?api=1&query=41.0217559,28.8986513",node/6752791257
Istanbul,Elif düğün Salonu,events_venue,,,,,,,,58. Bulvar Caddesi,Zeytinburnu,,40.9869191,28.9045564,"https://www.google.com/maps/search/?api=1&query=40.9869191,28.9045564",node/5667658458
Istanbul,ENKA Eşref Denizhan Açıkhava Tiyatrosu,theatre,,,,,,,,,,,41.1129650,29.0373175,"https://www.google.com/maps/search/?api=1&query=41.1129650,29.0373175",way/1540340113
Istanbul,ENKA İbrahim Betil Oditoryumu,arts_centre,,,,,,,,,,,41.1143988,29.0353220,"https://www.google.com/maps/search/?api=1&query=41.1143988,29.0353220",way/1540340111
Istanbul,Erguvan Barış Parkı Amfitiyatrosu,theatre,,,,,,,,,,,40.9874891,29.1197071,"https://www.google.com/maps/search/?api=1&query=40.9874891,29.1197071",way/866665353
Istanbul,Esenkent Rıfat Ilgaz Anfi Tiyatro,theatre,,,http://www.eksev.org.tr/,,,,,Süleyman Demirel Caddesi 15G,Esenyurt,Aşık Veysel Mahallesi,41.0605904,28.6757231,"https://www.google.com/maps/search/?api=1&query=41.0605904,28.6757231",way/662240760
Istanbul,Esenler Belediyesi Dr. Kadir Topbaş Kültür Sanat Merkezi,theatre,,,,,,,,Kemal Hatipoğlu Cd.,,,41.0355827,28.8824873,"https://www.google.com/maps/search/?api=1&query=41.0355827,28.8824873",node/4467639090
Istanbul,Eski Açık Tribün,museum,,,,,,,,,,,41.0385496,28.9953909,"https://www.google.com/maps/search/?api=1&query=41.0385496,28.9953909",way/489743779
Istanbul,Eski Şark Eserleri Müzesi,museum,,+90 212 520 77 40,http://www.istanbularkeoloji.gov.tr/,,Tu-Su 09:00-19:00,,,,,,41.0113930,28.9804023,"https://www.google.com/maps/search/?api=1&query=41.0113930,28.9804023",way/103339340
Istanbul,Eventime,events_venue,,,https://eventimezone.com/,eventimezone,,,,,,,41.1669574,28.9904027,"https://www.google.com/maps/search/?api=1&query=41.1669574,28.9904027",node/13858320648
Istanbul,Evopita Organizasyon & Davet,events_venue,,,,,,,,,,,41.0652591,28.8873287,"https://www.google.com/maps/search/?api=1&query=41.0652591,28.8873287",node/11427627315
Istanbul,Evrensel Değerler Çocuk Müzesi,museum,,,https://www.atasehir.bel.tr/haber/evrensel-degerler-cocuk-muzesi-kapilarini-ziyaretcilere-acti,,Mo-Fr 8.30 - 17.00; Sa-Su 09.30 - 18.00,,,Atapark Caddesi,Ataşehir,Atatürk,40.9901826,29.1457921,"https://www.google.com/maps/search/?api=1&query=40.9901826,29.1457921",way/1120989069
Istanbul,Eylül Sanat Galerisi,gallery,,,,,,,,,,,41.0561477,28.9937295,"https://www.google.com/maps/search/?api=1&query=41.0561477,28.9937295",node/6559241038
Istanbul,Eyüboğlu Eğitim Kurumları Tiyatrosu,theatre,,,,,,,,,,,41.0167703,29.0879413,"https://www.google.com/maps/search/?api=1&query=41.0167703,29.0879413",node/7132870066
Istanbul,Eyüpsultan Kültür Sanat Merkezi,arts_centre,,+90 212 440 0584,,,,,,Silahtarağa Caddesi 18,Eyüpsultan,Silahtarağa,41.0601625,28.9441721,"https://www.google.com/maps/search/?api=1&query=41.0601625,28.9441721",way/467181507
Istanbul,Fatih Ormanı Orman Bahçe Etkinlik Merkezi,events_venue,,,https://www.ormanbahce.com.tr/,,,,,,,,41.1466045,29.0168266,"https://www.google.com/maps/search/?api=1&query=41.1466045,29.0168266",node/10074451842
Istanbul,Fatih Parkorman Tabiat Parkı Etkinlik Alanı,events_venue,,,,,,,,,,,41.1271053,29.0212461,"https://www.google.com/maps/search/?api=1&query=41.1271053,29.0212461",way/1044341618
Istanbul,Favori Sinemaları,cinema,,,,,,,,,,,41.0115191,28.6492713,"https://www.google.com/maps/search/?api=1&query=41.0115191,28.6492713",node/1874206353
Istanbul,Fethiye Müzesi,museum,,,https://muze.gen.tr/,,,,,,,,41.0292105,28.9465180,"https://www.google.com/maps/search/?api=1&query=41.0292105,28.9465180",node/12243524937
Istanbul,Fikret Otyam Müzesi,museum,,,,,,,,,,,40.9470515,29.1071746,"https://www.google.com/maps/search/?api=1&query=40.9470515,29.1071746",way/459849112
Istanbul,Film Platosu,theatre,,,,,,,,,,,40.9618013,29.1918024,"https://www.google.com/maps/search/?api=1&query=40.9618013,29.1918024",way/462312505
Istanbul,Film Platosu B,theatre,,,,,,,,,,,40.9608873,29.1903905,"https://www.google.com/maps/search/?api=1&query=40.9608873,29.1903905",way/544485868
Istanbul,Florya Atatürk Deniz Köşkü,museum,,,,,,,,,,,40.9726583,28.7825007,"https://www.google.com/maps/search/?api=1&query=40.9726583,28.7825007",way/1115171156
Istanbul,Fly Ride Helikopter Turu Simülasyonu,cinema,,,,,,,,,,,41.0478267,28.8960604,"https://www.google.com/maps/search/?api=1&query=41.0478267,28.8960604",way/580821890
Istanbul,Flyride - Helikopter turu simülasyonu,cinema,,+90 0112 6036888,http://www.flyride.com.tr,,,,,,,,41.0596999,28.9495798,"https://www.google.com/maps/search/?api=1&query=41.0596999,28.9495798",way/400650595
Istanbul,Forest Garden Aydos Kır Düğünü ve Etkinlik Alanı,events_venue,,,,,,,,,,,40.9434072,29.2188878,"https://www.google.com/maps/search/?api=1&query=40.9434072,29.2188878",way/1383969805
Istanbul,Forest Kemerburgaz Macera Parkı,theme_park,,,,,,,,,,,41.1984109,28.9129364,"https://www.google.com/maps/search/?api=1&query=41.1984109,28.9129364",node/12091286692
Istanbul,Fotografevi,gallery,,,,,,,,,,,41.0303890,28.9863503,"https://www.google.com/maps/search/?api=1&query=41.0303890,28.9863503",node/13167206101
Istanbul,Fransız Kültür Merkezi,museum,,+90 850 755 6800,https://ifturquie.org/,,,,,,,,41.0362806,28.9841655,"https://www.google.com/maps/search/?api=1&query=41.0362806,28.9841655",node/3195027800
Istanbul,Fun Crown,amusement_arcade,,,,,,,,Arayıcıbaşı Sokağı 4,,,40.9878170,29.0270352,"https://www.google.com/maps/search/?api=1&query=40.9878170,29.0270352",node/10211334155
Istanbul,Funny Day,amusement_arcade,,,,,,,,,,,41.0804246,28.9270707,"https://www.google.com/maps/search/?api=1&query=41.0804246,28.9270707",node/9682630999
Istanbul,Galata Mevlevihanesi Müzesi,museum,,+90 212 245 41 41,https://muze.gen.tr/,,Tu-Su 09:00-16:30,,,Galip Dede Caddesi,Beyoğlu,Müeyyedzade Mahallesi,41.0280128,28.9751142,"https://www.google.com/maps/search/?api=1&query=41.0280128,28.9751142",way/165718178
Istanbul,GalataArt,gallery,,,,,,,,,,,41.0265217,28.9746896,"https://www.google.com/maps/search/?api=1&query=41.0265217,28.9746896",node/6185844109
Istanbul,Galatasaray Müzesi,museum,,,,,,,,,,,41.0334816,28.9769398,"https://www.google.com/maps/search/?api=1&query=41.0334816,28.9769398",node/3386270532
Istanbul,Galeri ARK,gallery,,,"http://sanat.burada.com.tr/rehber/istanbul,kadikoy,goztepe/sanat-mekanlari,sanat-galerileri/ozel-isletmeler/44/galeri-ark",,,,,,,,40.9702667,29.0534687,"https://www.google.com/maps/search/?api=1&query=40.9702667,29.0534687",node/10992689132
Istanbul,Galleria Mavist,gallery,,,,,,,,,,,40.9952479,29.0283998,"https://www.google.com/maps/search/?api=1&query=40.9952479,29.0283998",node/5450459406
Istanbul,Ganyan,adult_gaming_centre,,,,,,,,,,,40.9805443,29.0748986,"https://www.google.com/maps/search/?api=1&query=40.9805443,29.0748986",node/8956737864
Istanbul,Ganyan,adult_gaming_centre,,,,,,,,,,,40.9805933,29.1189194,"https://www.google.com/maps/search/?api=1&query=40.9805933,29.1189194",node/9139890352
Istanbul,Ganyan Bayi 274,adult_gaming_centre,,,,,,,,,,,40.9798170,29.1139038,"https://www.google.com/maps/search/?api=1&query=40.9798170,29.1139038",node/8611074075
Istanbul,Ganyan Bayi 331,adult_gaming_centre,,,,,,,,,,,40.9804491,29.1125488,"https://www.google.com/maps/search/?api=1&query=40.9804491,29.1125488",node/9139890360
Istanbul,Ganyan Bayi 395,adult_gaming_centre,,,,,,,,,,,40.9921898,28.8446068,"https://www.google.com/maps/search/?api=1&query=40.9921898,28.8446068",node/9550928888
Istanbul,Ganyan Bayi 697,adult_gaming_centre,,,,,,,,,,,41.0242045,29.1072905,"https://www.google.com/maps/search/?api=1&query=41.0242045,29.1072905",node/9452545900
Istanbul,Garaj Istanbul,theatre,,+90 212 244 44 99,,,,,,,,,41.0323770,28.9774536,"https://www.google.com/maps/search/?api=1&query=41.0323770,28.9774536",node/654189927
Istanbul,Gaziosmanpaşa Kültür ve Sanat Merkezi,arts_centre,,444 0 467,https://www.gaziosmanpasa.bel.tr/,,,,,Cumhuriyet Meydanı 20,Gaziosmanpaşa,Merkez,41.0575046,28.9146609,"https://www.google.com/maps/search/?api=1&query=41.0575046,28.9146609",way/227701869
Istanbul,Gece Nakkaştepe,nightclub,,,,,,,,,,,41.0345453,29.0403854,"https://www.google.com/maps/search/?api=1&query=41.0345453,29.0403854",node/6879165600
Istanbul,Glory Wedding Venue,events_venue,,,,,,,,,,,40.9822657,29.1067188,"https://www.google.com/maps/search/?api=1&query=40.9822657,29.1067188",node/9685610404
Istanbul,Gondol,theme_park,,,,,,,,,,,41.0512089,28.7708340,"https://www.google.com/maps/search/?api=1&query=41.0512089,28.7708340",way/1545832307
Istanbul,Grand Factory Tersane Istanbul,events_venue,,,,,,,,Taşkızak Tersanesi Caddesi 39,Beyoğlu,Camiikebir,41.0362390,28.9556345,"https://www.google.com/maps/search/?api=1&query=41.0362390,28.9556345",way/1525064655
Istanbul,Grand Royal VIP,events_venue,,,,,,,,,,,41.0342599,28.6485246,"https://www.google.com/maps/search/?api=1&query=41.0342599,28.6485246",node/13916596390
Istanbul,Gökkuşağı Düğün Salonu,events_venue,,,,,,,,,,,40.8495884,29.3055899,"https://www.google.com/maps/search/?api=1&query=40.8495884,29.3055899",node/6767532883
Istanbul,Güneşli Köyü,events_venue,,,,,,,,Ali Rıza Sokağı,Pendik,,40.9479535,29.2689157,"https://www.google.com/maps/search/?api=1&query=40.9479535,29.2689157",node/5329311670
Istanbul,Hababam Sınıfı Müzesi,museum,,,,,,,,,,,41.0136158,29.0419533,"https://www.google.com/maps/search/?api=1&query=41.0136158,29.0419533",node/10543470929
Istanbul,Hafıza 15 Temmuz Müzesi,museum,,,,,,,,,,,41.0371844,29.0415520,"https://www.google.com/maps/search/?api=1&query=41.0371844,29.0415520",way/1114859805
Istanbul,Haldun Taner Müze Evi,museum,,,https://muzeler.org/haldun-taner-muze-evi--462411,,Tu-Sa 10:00-18:00,,,Dr. Faruk Ayanoğlu Caddesi 10,Kadıköy,Fenerbahçe,40.9762221,29.0472216,"https://www.google.com/maps/search/?api=1&query=40.9762221,29.0472216",way/1069354101
Istanbul,Haldun Taner Sahnesi,theatre,,,,,,,,Rıhtım Caddesi,Kadıköy,Caferağa,40.9918880,29.0234485,"https://www.google.com/maps/search/?api=1&query=40.9918880,29.0234485",way/102190100
Istanbul,Halı Müzesi,museum,,+90 212 512 69 93,http://www.halimuzesi.com,,,,,Soğukçeşme Sokak 14,Fatih,Cankurtaran Mahallesi,41.0087318,28.9809561,"https://www.google.com/maps/search/?api=1&query=41.0087318,28.9809561",node/4990028128
Istanbul,Hamid Aytaç Kültür Merkezi,arts_centre,,,,,,,,,,,40.8953809,29.2556665,"https://www.google.com/maps/search/?api=1&query=40.8953809,29.2556665",way/682905608
Istanbul,Hamidiye Kültür Merkezi,arts_centre,,,,,,,,,,,41.0223578,29.1896982,"https://www.google.com/maps/search/?api=1&query=41.0223578,29.1896982",node/4503022471
Istanbul,Hamidiye Kültür Ve Eğitim Vakfı Topkapı Nusret,museum,,,,,,,,Topkapı Caddesi,Fatih,,41.0196249,28.9277844,"https://www.google.com/maps/search/?api=1&query=41.0196249,28.9277844",node/5103810789
Istanbul,Harbiye Cemil Topuzlu Açık Hava Tiyatrosu,theatre,,,,,,,,,,,41.0461296,28.9900538,"https://www.google.com/maps/search/?api=1&query=41.0461296,28.9900538",way/1039501845
Istanbul,Harbiye Muhsin Ertuğrul Tiyatrosu,theatre,,,,,,,,,,,41.0464522,28.9886516,"https://www.google.com/maps/search/?api=1&query=41.0464522,28.9886516",way/59595672
Istanbul,Harmony,gallery,,,,,,,,,,,41.0351745,29.0302142,"https://www.google.com/maps/search/?api=1&query=41.0351745,29.0302142",node/6879045345
Istanbul,Has Köşk Düğün salonu ALIXAN,events_venue,,,,,,,,Recep Yazıcıoğlu Sokağı,Fatih,,41.0085045,28.9485655,"https://www.google.com/maps/search/?api=1&query=41.0085045,28.9485655",node/5107305834
Istanbul,Hastane Müze,museum,,,,,,,,,Bakırköy,Zuhuratbaba Mahallesi,40.9876324,28.8642457,"https://www.google.com/maps/search/?api=1&query=40.9876324,28.8642457",way/1388626967
Istanbul,Hat davet salonu,events_venue,,+90 533 216 45 17,,,,,,Kahalbaşı Sokağı,Fatih,,41.0219983,28.9306525,"https://www.google.com/maps/search/?api=1&query=41.0219983,28.9306525",node/5100823673
Istanbul,Hobby Galeri,gallery,,,,,,,,,,,40.9875595,29.0252700,"https://www.google.com/maps/search/?api=1&query=40.9875595,29.0252700",node/11007651644
Istanbul,Hodjapasha,theatre,,+90 212 511 46 26,https://www.hodjapasha.com/,,,,,Hocapaşa Hamamı Sokak 3B,Sirkeci,,41.0141839,28.9756525,"https://www.google.com/maps/search/?api=1&query=41.0141839,28.9756525",node/5108837437
Istanbul,Hodjapasta,museum,,,,,,,,Hocapaşa Hamamı Sokağı,Fatih,,41.0142713,28.9756894,"https://www.google.com/maps/search/?api=1&query=41.0142713,28.9756894",node/5108837436
Istanbul,Hopi Popi Kids,amusement_arcade,,,,,,,,,,,40.9248296,29.1343662,"https://www.google.com/maps/search/?api=1&query=40.9248296,29.1343662",node/13397816902
Istanbul,Hoş Atölye Cafe,arts_centre,,,,,,,,,,,40.9963049,29.0288039,"https://www.google.com/maps/search/?api=1&query=40.9963049,29.0288039",node/9823730539
Istanbul,Hız Treni,theme_park,,,,,,,,,,,41.0514898,28.7716493,"https://www.google.com/maps/search/?api=1&query=41.0514898,28.7716493",way/1545832309
Istanbul,If Performance Hall,nightclub,,,,,,,,Akmazçeşme Sokağı 26,Beşiktaş,"Cihannüma Mahallesi,",41.0443827,29.0066032,"https://www.google.com/maps/search/?api=1&query=41.0443827,29.0066032",node/4852111522
Istanbul,Ihlamur Kasrı (Merasim Köşkü),museum,,,,,,,,,,,41.0507255,29.0011953,"https://www.google.com/maps/search/?api=1&query=41.0507255,29.0011953",way/312484207
Istanbul,Illusion Museum,museum,,+90 212 244 06 64,https://museumofillusions.com.tr/,,,,,İstiklal Caddesi 180,Beyoğlu,Asmalı Mescit Mahallesi,41.0291700,28.9749298,"https://www.google.com/maps/search/?api=1&query=41.0291700,28.9749298",node/9597969110
Istanbul,Istanbul Photography Museum,museum,,,,,Tu-Su 10:00-18:00,,,,,,41.0046397,28.9677540,"https://www.google.com/maps/search/?api=1&query=41.0046397,28.9677540",node/1807703751
Istanbul,ISTANBUL'74,museum,,,,,,,,,,,41.0332891,28.9795904,"https://www.google.com/maps/search/?api=1&query=41.0332891,28.9795904",node/4889958234
Istanbul,Ivory Wedding Venue,events_venue,,,,,,,,,,,41.0951600,29.0912401,"https://www.google.com/maps/search/?api=1&query=41.0951600,29.0912401",node/13935323006
Istanbul,İBB Erdem Beyazıt Kültür Merkezi,theatre,,,,,,,,,,,41.0285948,28.8768668,"https://www.google.com/maps/search/?api=1&query=41.0285948,28.8768668",way/1052807618
Istanbul,İBB İdris Güllüce Kültür Merkezi,theatre,,,https://kultur.istanbul/ibb-idris-gulluce-kultur-merkezi/,,,,,Aydınlı Yolu Caddesi 20,Tuzla,İçmeler Mahallesi,40.8498276,29.3028055,"https://www.google.com/maps/search/?api=1&query=40.8498276,29.3028055",way/1124768880
Istanbul,İbrahim Çallı Sanat Galerisi,gallery,,,,,,,,,,,41.0175729,28.5930461,"https://www.google.com/maps/search/?api=1&query=41.0175729,28.5930461",node/7227145644
Istanbul,İddaa,adult_gaming_centre,,,,,,,,,,,41.0181207,28.5871438,"https://www.google.com/maps/search/?api=1&query=41.0181207,28.5871438",node/8178569352
Istanbul,İkizler İnternet,amusement_arcade,,,,,,,,30/A,,,41.0195272,28.7875017,"https://www.google.com/maps/search/?api=1&query=41.0195272,28.7875017",node/12738926652
Istanbul,İklim Müzesi,museum,,,https://muzegazhane.istanbul/mekanlar/iklim-muzesi/,,Mo-Fr 09:00-18:00; Sa-Su 10:00-18:00,,,,Kadiköy,Hasanpaşa Mahallesi,40.9963286,29.0418136,"https://www.google.com/maps/search/?api=1&query=40.9963286,29.0418136",way/880807812
Istanbul,İsfanbul Tema Park,theme_park,,,,,,,,Şehit Metin Kaya Sokak 11/1,Eyüpsultan,Yeşilpınar Mahallesi,41.0707133,28.9215171,"https://www.google.com/maps/search/?api=1&query=41.0707133,28.9215171",node/5105090523
Istanbul,İSKİ Terkos Su Medeniyetleri Müzesi,museum,,,,,,,,,,,41.3007516,28.6735305,"https://www.google.com/maps/search/?api=1&query=41.3007516,28.6735305",node/11421909485
Istanbul,İslam bilim ve teknoloji tarihi müzesi,museum,,+90 212 528 80 65,https://muze.gen.tr,,Mo-Su 09:00-16:00,,,cankurtaran mahallesi,Fatih,,41.0132188,28.9789678,"https://www.google.com/maps/search/?api=1&query=41.0132188,28.9789678",node/5113620695
Istanbul,İsmet İnönü House Museum,museum,,,https://www.ismetinonu.org.tr/heybeliada-ismet-inonu-evi/,,,,,Refah Şehitleri Caddesi 67,Adalar,Heybeliada Mahallesi,40.8781563,29.0935365,"https://www.google.com/maps/search/?api=1&query=40.8781563,29.0935365",node/9967223417
Istanbul,İstanbul Akvaryum,aquarium,,4449744,https://www.istanbulakvaryum.com/,,,,,Yeşilköy Halkalı Caddesi,,,40.9642174,28.8000444,"https://www.google.com/maps/search/?api=1&query=40.9642174,28.8000444",way/315607041
Istanbul,İstanbul Arkeoloji Müzeleri,museum,,+90 212 520 7740,https://muze.gen.tr/,,09:00-21:00,,,,,,41.0116941,28.9812131,"https://www.google.com/maps/search/?api=1&query=41.0116941,28.9812131",way/335374188
Istanbul,İstanbul Arkeoloji Müzesi,museum,,,https://muze.gen.tr/,,Tu-Su 09:00-19:00,,,,Fatih,Cankurtaran Mahallesi,41.0116433,28.9813725,"https://www.google.com/maps/search/?api=1&query=41.0116433,28.9813725",way/319020883
Istanbul,İstanbul Büyükşehir Belediyesi Silivrikapı Buz Pisti,ice_rink,,,,,,,,,Fatih,,41.0034276,28.9223884,"https://www.google.com/maps/search/?api=1&query=41.0034276,28.9223884",way/527491530
Istanbul,İstanbul Cumhuriyet Eğitim Müzesi,museum,,,,,,,,Şehit Mehmet Paşa Yokuşu,Fatih,,41.0049596,28.9739331,"https://www.google.com/maps/search/?api=1&query=41.0049596,28.9739331",node/5244801844
Istanbul,İstanbul Demiryolu Müzesi,museum,,+90 212 520 65 75,,,"Mo,PH off; Tu-Su 09:30-17:00",,,Sirkeci İstasyon Caddesi,Fatih,,41.0151993,28.9766829,"https://www.google.com/maps/search/?api=1&query=41.0151993,28.9766829",node/5108828680
Istanbul,İstanbul Dolphinarium,zoo,,+90 530 511 4516,http://www.istanbuldolphinarium.com/,,,,,Silahtarağa Caddesi 20,Eyüpsultan,Silahtarağa,41.0617625,28.9430599,"https://www.google.com/maps/search/?api=1&query=41.0617625,28.9430599",way/1074754970
Istanbul,İstanbul Havacılık Müzesi,museum,,+90 212 663 24 90,http://www.hho.edu.tr/muze/muze.htm,,Tu-Fr 09:00-16:30; Sa-Su 10:00-17:30,,,Eski Havaalanı Caddesi,Bakırköy,,40.9642032,28.8255069,"https://www.google.com/maps/search/?api=1&query=40.9642032,28.8255069",way/1508373585
Istanbul,İstanbul Havalimanı Müzesi,museum,,+90 212 520 7740,https://muze.gen.tr/muze-detay/havaalani,,08:30-23:00,,,,,,41.2613157,28.7418358,"https://www.google.com/maps/search/?api=1&query=41.2613157,28.7418358",node/8071687535
Istanbul,İstanbul Kuş Cenneti,zoo,,,,,,,,,,,41.0623982,29.1063906,"https://www.google.com/maps/search/?api=1&query=41.0623982,29.1063906",way/1080728907
Istanbul,İstanbul Modern Sanat Müzesi,museum,,+902123347300,https://www.istanbulmodern.org/,,"Tu-Th, Sa-Su 10:00-18:00; Fr 10:00-20:00",,,Tophane İskele Caddesi 1/1,Beyoğlu,Kılıç Ali Paşa Mahallesi,41.0259110,28.9828120,"https://www.google.com/maps/search/?api=1&query=41.0259110,28.9828120",node/5640069827
Istanbul,İstanbul Oyuncak Müzesi,museum,,+90 216 359 45 50,https://istanbuloyuncakmuzesi.com/,,Tu-Fr 10:00-18:00; Sa-Su 10.00-18.30,,,Dr. Zeki Zeren Sokağı 17,Kadıköy,Göztepe Mahallesi,40.9759534,29.0707066,"https://www.google.com/maps/search/?api=1&query=40.9759534,29.0707066",way/573564519
Istanbul,İstanbul Robot Müzesi,museum,,,,,,,,,,,40.9825453,28.7285492,"https://www.google.com/maps/search/?api=1&query=40.9825453,28.7285492",node/12395478630
Istanbul,İstanbul Üniversitesi Rıdvan Çelikel Arkeoloji Müzesi,museum,,+90 212 440 00 00,https://arkeolojimuzesi.istanbul.edu.tr/,,,,,Ordu Caddesi,Fatih,,41.0098561,28.9601156,"https://www.google.com/maps/search/?api=1&query=41.0098561,28.9601156",node/9217099231
Istanbul,İZÜ Golf Sahası,miniature_golf,,,,,,,,,,,41.0294857,28.7891332,"https://www.google.com/maps/search/?api=1&query=41.0294857,28.7891332",way/563051656
Istanbul,İŞ Sanat,theatre,,,,,,,,,,,41.0820052,29.0120445,"https://www.google.com/maps/search/?api=1&query=41.0820052,29.0120445",node/5653363122
Istanbul,Kadıköy Belediyesi Halis Kurtça Çocuk Kültür Merkezi,events_venue,,,,,,,,,,,40.9860110,29.0714674,"https://www.google.com/maps/search/?api=1&query=40.9860110,29.0714674",node/9452704956
Istanbul,Kadıköy Sineması,cinema,,,http://www.kadikoysinemasi.com/iletisim/,,,,,General Asım Gündüz Caddesi 25,Kadıköy,Osmanağa Mahallesi,40.9884436,29.0288541,"https://www.google.com/maps/search/?api=1&query=40.9884436,29.0288541",node/2446513062
Istanbul,Kadıköy Theatron,theatre,,+90 541 739 47 24,https://kadikoytheatron.org/,,,,,Söğütlüçeşme Caddesi 64,,,40.9906354,29.0275925,"https://www.google.com/maps/search/?api=1&query=40.9906354,29.0275925",node/4317668391
Istanbul,Kafes,nightclub,,,https://www.facebook.com/kafesistanbul/,,,,,Tatlısu Caddesi 4,Sarıyer,Kumköy Mahallesi,41.2448208,29.0256253,"https://www.google.com/maps/search/?api=1&query=41.2448208,29.0256253",node/6253587388
Istanbul,Kaizen Balo ve Davet Salonu,events_venue,,+90 532 013 11 63,http://kaizenbalodavet.com,,,,,Göksu Caddesi,Ümraniye,Tatlısu Mahallesi,41.0032448,29.1346332,"https://www.google.com/maps/search/?api=1&query=41.0032448,29.1346332",way/693119807
Istanbul,Kapali Carsi,museum,,,,,,,,,,,41.0101095,28.9699630,"https://www.google.com/maps/search/?api=1&query=41.0101095,28.9699630",node/4721808990
Istanbul,Karikatür Evi,arts_centre,,,https://karikaturevi.kadikoy.bel.tr/,,,,,Kurbağalıdere Caddesi 69,Kadıköy,Hasanpaşa Mahallesi,40.9945600,29.0378421,"https://www.google.com/maps/search/?api=1&query=40.9945600,29.0378421",way/686814918
Istanbul,Kartal Belediyesi Hasan Ali Yücel Kültür Merkezi,theatre,,,,,,,,,,,40.8890738,29.1895307,"https://www.google.com/maps/search/?api=1&query=40.8890738,29.1895307",way/750977630
Istanbul,Kartal Belediyesi Masal Müzesi,museum,,,https://www.kartal.bel.tr/KulturSanat/MasalMuzesi,,,,,,,,40.9167456,29.2203114,"https://www.google.com/maps/search/?api=1&query=40.9167456,29.2203114",way/972288159
Istanbul,Kartonpiyer Müzesi,museum,,,,,,,,,,,41.0295810,28.9789875,"https://www.google.com/maps/search/?api=1&query=41.0295810,28.9789875",node/3811143694
Istanbul,Kastel,nightclub,,+905332153096,https://kastel.com.tr,,Tu-Su 21:00-04:00,,,Kamer Hatun Caddesi 10,,,41.0346691,28.9768130,"https://www.google.com/maps/search/?api=1&query=41.0346691,28.9768130",node/12520147701
Istanbul,Kavacık Nikah Salonu,events_venue,,+90 216 444 666 1-8701,https://beykoz.bel.tr/nikah-islemleri,,"Mo-Su 09:00-12:00,13:00-16:00",,,,,,41.0949597,29.0917421,"https://www.google.com/maps/search/?api=1&query=41.0949597,29.0917421",node/13942664033
Istanbul,Kayıkhane,events_venue,,,https://modakayikhane.com,,,,,Moda Caddesi 194,Kadıköy,Caferağa Mahallesi,40.9797577,29.0244381,"https://www.google.com/maps/search/?api=1&query=40.9797577,29.0244381",node/5486283021
Istanbul,Kazlıçeşme Kültür Merkezi,arts_centre,,,,,,,,,Zeytinburnu,,40.9868427,28.9090650,"https://www.google.com/maps/search/?api=1&query=40.9868427,28.9090650",node/5667661210
Istanbul,Kazım Karabekir Paşa Müzesi,museum,,+90 216 302 91 26,https://www.kazimkarabekirvakfi.org.tr/,,,,,Kazım Karabekir Sokağı 4,Kadıköy,Erenköy Mahallesi,40.9682691,29.0785930,"https://www.google.com/maps/search/?api=1&query=40.9682691,29.0785930",way/550086138
Istanbul,Kemal Sunal Müzesi,museum,,,https://gezilmesigerekenyerler.com/kemal-sunal-muzesi-istanbul/,,,,,,Kadıköy,Caddebostan Mahallesi,40.9708911,29.0578153,"https://www.google.com/maps/search/?api=1&query=40.9708911,29.0578153",way/314202173
Istanbul,Kemerburgaz Adventure Land,events_venue,,,,,,,,,,Göktürk Merkez,41.1610175,28.8866883,"https://www.google.com/maps/search/?api=1&query=41.1610175,28.8866883",node/12160868261
Istanbul,Kerem Yılmazer Sahnesi,theatre,,,,,,,,Doktor Fahri Atabey Caddesi 79,Üsküdar,Zeynep Kamil Mahallesi,41.0170572,29.0238064,"https://www.google.com/maps/search/?api=1&query=41.0170572,29.0238064",node/6872755505
Istanbul,kidzania,theme_park,,,,,,,,,,,41.0005774,29.0549259,"https://www.google.com/maps/search/?api=1&query=41.0005774,29.0549259",node/5619042727
Istanbul,klas bilardo salonu,amusement_arcade,,,,,,,,,,,41.1006610,28.8100069,"https://www.google.com/maps/search/?api=1&query=41.1006610,28.8100069",node/8319639880
Istanbul,Kreas Sanat Akademisi,arts_centre,,,,,Mo-Su 10:00-17:30,,,,,,40.9937365,28.6273218,"https://www.google.com/maps/search/?api=1&query=40.9937365,28.6273218",node/12337895782
Istanbul,Kristal Düğün Salonu,events_venue,,,,,,,,,,,40.9769294,29.2652442,"https://www.google.com/maps/search/?api=1&query=40.9769294,29.2652442",node/5777772976
Istanbul,Kristal Salonları,events_venue,,,,,,,,Cerrah Paşa Caddesi,Fatih,,41.0085847,28.9466940,"https://www.google.com/maps/search/?api=1&query=41.0085847,28.9466940",node/5113590311
Istanbul,Kuzey Makedonya Kültür Merkezi,arts_centre,,,https://www.kultura.gov.mk/,,Mo-Fr 09:00-17:00,,,Mete Caddesi 6,Beyoğlu,,41.0371795,28.9876038,"https://www.google.com/maps/search/?api=1&query=41.0371795,28.9876038",node/9141045603
Istanbul,Kâğıthane Belediyesi Sadabad Kültür Merkezi ve Nikâh Sarayı,theatre,,,,,,,,,,,41.0796089,28.9717418,"https://www.google.com/maps/search/?api=1&query=41.0796089,28.9717418",node/9933668478
Istanbul,Kâğıthane Belediyesi Şehir Müzesi,museum,,,,,,,,,,,41.0810779,28.9722841,"https://www.google.com/maps/search/?api=1&query=41.0810779,28.9722841",node/9933672047
Istanbul,Köşe,theatre,,,,,,,,,,,40.9952014,29.0278017,"https://www.google.com/maps/search/?api=1&query=40.9952014,29.0278017",node/5450459404
Istanbul,Kübra düğün salonu,events_venue,,+90 536 318 88 40,,,,,,Esenli sokak شارع ايسينلي,Sultanbeyli,,40.9710850,29.2486140,"https://www.google.com/maps/search/?api=1&query=40.9710850,29.2486140",node/5542884534
Istanbul,Külliye kına evi,events_venue,,,,,,,,Gül Cami Sokak,Fatih,,41.0269217,28.9565909,"https://www.google.com/maps/search/?api=1&query=41.0269217,28.9565909",node/5086061044
Istanbul,Kültür Park Amfi,theatre,,,,,,,,,,,41.0228987,28.5745907,"https://www.google.com/maps/search/?api=1&query=41.0228987,28.5745907",way/1051524357
Istanbul,Küçüksu Kasrı,museum,,,https://www.millisaraylar.gov.tr/Lokasyon/6/kucuksu-kasri,,Tu-Su 09:00-17:00,,,Küçüksu Caddesi,Beykoz,Göksü Mahallesi,41.0784115,29.0648848,"https://www.google.com/maps/search/?api=1&query=41.0784115,29.0648848",way/230687140
Istanbul,Küçükçekmece Nikah Sarayı,events_venue,,444 4 360,https://kucukcekmece.istanbul/icerikler/merkezler/nik-h-sarayi/31707,,,,,Hisar Sokağı 2,Küçükçekmece,Kartaltepe,41.0013594,28.8066786,"https://www.google.com/maps/search/?api=1&query=41.0013594,28.8066786",way/781383403
Istanbul,Küçükçiftlik Park,theme_park,,,https://kucukciftlikpark.com,,,,,,,,41.0431685,28.9932875,"https://www.google.com/maps/search/?api=1&query=41.0431685,28.9932875",way/822871646
Istanbul,LEGOLAND Discovery Center,theme_park,,,https://www.legolanddiscoverycentre.com/istanbul/,,Mo-Su 10:00-20:00,,,Kocatepe Mahallesi 54,Bayrampaşa,Kocatepe Mahallesi,41.0457795,28.8963566,"https://www.google.com/maps/search/?api=1&query=41.0457795,28.8963566",node/4472338000
Istanbul,Leroz Lunapark Florya,theme_park,,,,,,,,,,,40.9622284,28.8044504,"https://www.google.com/maps/search/?api=1&query=40.9622284,28.8044504",way/720510758
Istanbul,Levent Kültür Merkezi,arts_centre,,+90 212 325 73 71,http://www.besiktas.bel.tr/altsayfa.aspx?ID=5450,,,,,Çalıkuşu Sk. 2,,,41.0762602,29.0187939,"https://www.google.com/maps/search/?api=1&query=41.0762602,29.0187939",way/219760444
Istanbul,Lions Rug and kilims Art Gallery,museum,,+90 212 512 71 23,,,,,,Hüdavendigar Caddesi,Fatih,,41.0128714,28.9778917,"https://www.google.com/maps/search/?api=1&query=41.0128714,28.9778917",node/5108828006
Istanbul,Living Room,arts_centre,,,,,,,,,,,40.9880550,29.0269692,"https://www.google.com/maps/search/?api=1&query=40.9880550,29.0269692",node/2446513065
Istanbul,Macera Parkuru,theme_park,,,,,,,,,,,41.0517571,28.7691637,"https://www.google.com/maps/search/?api=1&query=41.0517571,28.7691637",way/1545832311
Istanbul,Machine,nightclub,,+90 212 249 25 31,http://www.machineistanbul.com,,"We, Fr, Sa 22:00-05:00",,,Balo Sokak 31/B,,,41.0351885,28.9781246,"https://www.google.com/maps/search/?api=1&query=41.0351885,28.9781246",node/2509874539
Istanbul,Maltepe Düğün Salonu,events_venue,,,,,,,,,,,40.9234313,29.1338667,"https://www.google.com/maps/search/?api=1&query=40.9234313,29.1338667",node/11415460174
Istanbul,Maltepe Üniversitesi Açık Hava Amfisi,theatre,,,,,,,,,,,40.9605816,29.1869375,"https://www.google.com/maps/search/?api=1&query=40.9605816,29.1869375",way/1396061322
Istanbul,Marina Aquapark,water_park,,,,,,,,,,,40.8141679,29.3138295,"https://www.google.com/maps/search/?api=1&query=40.8141679,29.3138295",way/1032893455
Istanbul,Marmara Üniversitesi Cumhuriyet Müzesi,museum,,,https://cumhuriyetmuzesi.marmara.edu.tr/,,,,,,,,41.0048417,28.9741300,"https://www.google.com/maps/search/?api=1&query=41.0048417,28.9741300",relation/4742207
Istanbul,Marmara Üniversitesi Cumhuriyet Müzesi ve Sanat Galerisi,museum,,,,,Tu-Su 10:00-16:00,,,Şehit Mehmet Paşa Yokuşu,Fatih,,41.0051858,28.9743891,"https://www.google.com/maps/search/?api=1&query=41.0051858,28.9743891",node/5244801843
Istanbul,Martini meyhanesi,nightclub,,,,,,,,,,,41.0087229,28.9540904,"https://www.google.com/maps/search/?api=1&query=41.0087229,28.9540904",node/5262249021
Istanbul,Maslak Kasrı,museum,,+90 212 346 1907,https://millisaraylar.gov.tr/Lokasyon/10/maslak-kasri,,Tu-Su 09:00-17:00,,,Büyükdere Caddesi 194,Sarıyer,Darüşşafaka Mahallesi,41.1191757,29.0261277,"https://www.google.com/maps/search/?api=1&query=41.1191757,29.0261277",way/48733129
Istanbul,Masumiyet Müzesi,museum,,,https://www.masumiyetmuzesi.org/,,Tu-Su 10:00-18:00,,,,,,41.0308716,28.9797952,"https://www.google.com/maps/search/?api=1&query=41.0308716,28.9797952",node/3279398393
Istanbul,Masumiyet Müzesi,museum,,,,,,,,,,,41.0308530,28.9798332,"https://www.google.com/maps/search/?api=1&query=41.0308530,28.9798332",way/247442912
Istanbul,Mavi Ay Düğün Salonu,events_venue,,,,,,,,,,,40.9082151,29.2233383,"https://www.google.com/maps/search/?api=1&query=40.9082151,29.2233383",way/548728968
Istanbul,Mermer Köşk,museum,,,,,,,,,,,41.0408462,29.0402107,"https://www.google.com/maps/search/?api=1&query=41.0408462,29.0402107",way/1209843521
Istanbul,Meşher,museum,,+902127085900,https://www.mesher.org,,Tu-Su 11:00-19:00,,,İstiklal Caddesi 211,,,41.0304385,28.9757547,"https://www.google.com/maps/search/?api=1&query=41.0304385,28.9757547",node/4889959431
Istanbul,Milli Saraylar Resim Müzesi;Resim Müzesi,museum,,,https://www.millisaraylar.gov.tr/Lokasyon/11/Painting-Museum,,Tu-Su 09:00-17:00,,,,,,41.0396619,29.0027225,"https://www.google.com/maps/search/?api=1&query=41.0396619,29.0027225",way/175523076
Istanbul,Mimar Sinan Kent Ormanı Amfitiyatro Alanı,theatre,,,,,,,,,,,41.1188817,28.9003027,"https://www.google.com/maps/search/?api=1&query=41.1188817,28.9003027",way/975228351
Istanbul,Miniatürk,theme_park,,,https://miniaturk.com.tr/,,,,,,,,41.0598618,28.9487611,"https://www.google.com/maps/search/?api=1&query=41.0598618,28.9487611",way/1041976901
Istanbul,Miniatürk Açıkhava Müzesi,museum,,+90 212 222 28 82,https://www.miniaturk.com.tr/,,Mo-Su 09:00-19:00,,,İmrahor Caddesi,,,41.0590050,28.9490675,"https://www.google.com/maps/search/?api=1&query=41.0590050,28.9490675",node/1352425761
Istanbul,Minimüzikhol,nightclub,,,,,,,,Sogancı Sk. 3,,,41.0324648,28.9846458,"https://www.google.com/maps/search/?api=1&query=41.0324648,28.9846458",node/6271723391
Istanbul,Movieplex,cinema,,,,,,,,,,,41.0082942,28.9712832,"https://www.google.com/maps/search/?api=1&query=41.0082942,28.9712832",node/1909210980
Istanbul,MSGSÜ Istanbul Resim ve Heykel Müzesi,museum,,,https://irhm.msgsu.edu.tr/,,,,,,,,41.0274396,28.9842810,"https://www.google.com/maps/search/?api=1&query=41.0274396,28.9842810",node/8050489585
Istanbul,MSGSÜ Kültür ve Sanat Merkezi,museum,,,,,,,,Defterdar Yokuşu Sokağı 2,,,41.0276465,28.9815954,"https://www.google.com/maps/search/?api=1&query=41.0276465,28.9815954",way/498861884
Istanbul,Muhibbi Sanat,arts_centre,,,,,,,,,,,41.0213050,29.0667579,"https://www.google.com/maps/search/?api=1&query=41.0213050,29.0667579",node/14049168977
Istanbul,Museum of Turkish & Islamic Arts,museum,,,,,,,,,,,41.0343138,29.0708259,"https://www.google.com/maps/search/?api=1&query=41.0343138,29.0708259",node/12997285701
Istanbul,Mutlu Villa,events_venue,,,https://www.mutluvilla.net/,,,,,Mediha Turhan Tansel Sokağı 16,Kadıköy,Suadiye Mahallesi,40.9635969,29.0806289,"https://www.google.com/maps/search/?api=1&query=40.9635969,29.0806289",node/10257969901
Istanbul,Mutluluğa açılankapı,events_venue,,+90 532 632 60 47,,,,,,Nadide,Pendik,,40.9507249,29.2982411,"https://www.google.com/maps/search/?api=1&query=40.9507249,29.2982411",node/5542883689
Istanbul,Muzeum Adama Mickiewicza,museum,,,,,,,,,,,41.0387821,28.9771474,"https://www.google.com/maps/search/?api=1&query=41.0387821,28.9771474",node/3580821812
Istanbul,Müjdat Gezen Sanat Merkezi,arts_centre,,,https://www.mujdatgezensanatmerkezi.com.tr/,,,,,Fahrettin Kerim Gökay Caddesi 48/1,Kadıköy,Feneryolu Mahallesi,40.9879399,29.0435093,"https://www.google.com/maps/search/?api=1&query=40.9879399,29.0435093",way/1059349962
Istanbul,Müjdat Gezen Tiyatrosu,theatre,,,,,,,,,,,40.9898480,29.0283566,"https://www.google.com/maps/search/?api=1&query=40.9898480,29.0283566",node/9866890847
Istanbul,Müze Gazhane,museum,,,https://muzegazhane.istanbul/,,,,,,Kadiköy,Hasanpaşa Mahallesi,40.9967248,29.0429089,"https://www.google.com/maps/search/?api=1&query=40.9967248,29.0429089",way/286321642
Istanbul,Müze Girişi,museum,,,,,,,,,,,41.0352023,29.0708351,"https://www.google.com/maps/search/?api=1&query=41.0352023,29.0708351",node/10032971940
Istanbul,Nazım Hikmet Kültür Merkezi,arts_centre,,,https://www.nhkm.org.tr/,,,,,,,,40.9894273,29.0301784,"https://www.google.com/maps/search/?api=1&query=40.9894273,29.0301784",way/236009664
Istanbul,Nejat Uygur Sahnesi,theatre,,,,,,,,,,,41.1707061,29.0537848,"https://www.google.com/maps/search/?api=1&query=41.1707061,29.0537848",node/2201696929
Istanbul,Nispet,nightclub,,,https://nispet.com.tr/,nispetclub,,,,Erenköy Camii Sokağı 17,Kadıköy,Caddebostan Mahallesi,40.9636705,29.0684251,"https://www.google.com/maps/search/?api=1&query=40.9636705,29.0684251",node/10075851913
Istanbul,Nota Düğün Salonu,dance,,,,,,,,,,,41.1023382,28.8632995,"https://www.google.com/maps/search/?api=1&query=41.1023382,28.8632995",node/5297777508
Istanbul,Oben Düğün salonu,events_venue,,,,,,,,Fevzi paşa Caddesi,Fatih,,41.0256597,28.9404980,"https://www.google.com/maps/search/?api=1&query=41.0256597,28.9404980",node/5113609509
Istanbul,Odeon,theatre,,,,,,,,,,,41.2055893,29.0744612,"https://www.google.com/maps/search/?api=1&query=41.2055893,29.0744612",way/280666844
Istanbul,Oditorium,theatre,,,,,,,,,,,41.1690515,29.5641577,"https://www.google.com/maps/search/?api=1&query=41.1690515,29.5641577",node/13371919682
Istanbul,Oramiral Sadık Altıncan Kütüphanesi,museum,,,,,,,,,,,40.8647327,28.9927972,"https://www.google.com/maps/search/?api=1&query=40.8647327,28.9927972",way/1002590675
Istanbul,Orhan Kemal Müzesi,museum,,,,,,,,,,,41.0305186,28.9836008,"https://www.google.com/maps/search/?api=1&query=41.0305186,28.9836008",node/9909824529
Istanbul,Orhan Kemal Müzesi,museum,,+90 212 2929245,http://www.orhankemal.org/,,10:00-18:00; Su off,,,,,,41.0305795,28.9836082,"https://www.google.com/maps/search/?api=1&query=41.0305795,28.9836082",way/24533505
Istanbul,Ortaköy Sanat Galerisi,gallery,,,,,,,,,,,41.0491901,29.0263591,"https://www.google.com/maps/search/?api=1&query=41.0491901,29.0263591",node/581990954
Istanbul,Ortaoyuncular Tiyatrosu,theatre,,+90 212 251 18 65,https://www.ortaoyuncular.com/,,,,,İstiklal Caddesi,Beyoğlu,Şehit Muhtar,41.0343668,28.9791891,"https://www.google.com/maps/search/?api=1&query=41.0343668,28.9791891",node/6432240559
Istanbul,Osmanlı Bankası Müzesi,museum,,+90 212 334 22 00,https://obmuze.com/,,,,,Bankalar Caddesi 11,Karaköy,,41.0238356,28.9736169,"https://www.google.com/maps/search/?api=1&query=41.0238356,28.9736169",node/1770612643
Istanbul,Otto Doğa Okulu,theme_park,,+90 533 934 68 86,https://www.ottodogaokulu.com/,https://www.instagram.com/ottodogaokulu/,Mo-Fr 09:00-18:00,,,Kurtdoğmuş Yolu Caddesi 65,Pendik,Kurna Mahallesi,40.9647050,29.3770216,"https://www.google.com/maps/search/?api=1&query=40.9647050,29.3770216",way/1532879912
Istanbul,Oyun Atölyesi,theatre,,+90 216 345 39 39,http://www.oyunatolyesi.com/,,,,,,,,40.9863265,29.0257731,"https://www.google.com/maps/search/?api=1&query=40.9863265,29.0257731",node/6525497699
Istanbul,Pablo,nightclub,,,,,,,,,,,41.0309043,28.9737224,"https://www.google.com/maps/search/?api=1&query=41.0309043,28.9737224",node/6185570322
Istanbul,Panorama 1453 Tarih Müzesi,museum,,,https://www.panoramikmuze.com/,,08:00 - 18:30,,,,,,41.0181549,28.9204100,"https://www.google.com/maps/search/?api=1&query=41.0181549,28.9204100",way/1153649968
Istanbul,Panorama Zafer Müzesi,museum,,,,,,,,,,,41.0607508,28.9478460,"https://www.google.com/maps/search/?api=1&query=41.0607508,28.9478460",node/4031869601
Istanbul,Paraf Kuruçeşme Açıkhava,theatre,,,,,,,,Muallim Naci Caddesi 50,Beşiktaş,Ortaköy,41.0518806,29.0337521,"https://www.google.com/maps/search/?api=1&query=41.0518806,29.0337521",way/1106158059
Istanbul,Parc marriage,events_venue,,,,,,,,,Zeytinburnu,,40.9988500,28.9158304,"https://www.google.com/maps/search/?api=1&query=40.9988500,28.9158304",node/5667642074
Istanbul,Paribu Cineverse,cinema,,,,,,,,,,,40.9790187,28.8500956,"https://www.google.com/maps/search/?api=1&query=40.9790187,28.8500956",node/1934789119
Istanbul,Paribu Cineverse,cinema,,,,,,,,,,,41.0100561,28.6582639,"https://www.google.com/maps/search/?api=1&query=41.0100561,28.6582639",node/2277590506
Istanbul,Paribu Cineverse,cinema,,,,,,,,,,,40.9818911,29.1316542,"https://www.google.com/maps/search/?api=1&query=40.9818911,29.1316542",node/2514747641
Istanbul,Paribu Cineverse,cinema,,,,,,,,,,,41.0159048,28.8780441,"https://www.google.com/maps/search/?api=1&query=41.0159048,28.8780441",node/3128898835
Istanbul,Paribu Cineverse,cinema,,,,,,,,,,,41.0782927,29.0114996,"https://www.google.com/maps/search/?api=1&query=41.0782927,29.0114996",node/4580129252
Istanbul,Paribu Cineverse,cinema,,,,,Mo-Su 10:00-22:00,,,,,,41.0463895,28.8977874,"https://www.google.com/maps/search/?api=1&query=41.0463895,28.8977874",node/5558958199
Istanbul,Paribu Cineverse,cinema,,,,,,,,,,,41.0352223,28.9207529,"https://www.google.com/maps/search/?api=1&query=41.0352223,28.9207529",node/6920203485
Istanbul,Paribu Cineverse,cinema,,,,,,,,,,,41.0146132,28.9449588,"https://www.google.com/maps/search/?api=1&query=41.0146132,28.9449588",node/9490592455
Istanbul,Paribu Cineverse,cinema,,,,,,,,,,,41.1100333,29.1319287,"https://www.google.com/maps/search/?api=1&query=41.1100333,29.1319287",node/11335763865
Istanbul,Paribu Cineverse,cinema,,,,,,,,,,,41.0018042,29.0549234,"https://www.google.com/maps/search/?api=1&query=41.0018042,29.0549234",node/11335763866
Istanbul,Paribu Cineverse,cinema,,,,,,,,,,,41.0563297,28.6679681,"https://www.google.com/maps/search/?api=1&query=41.0563297,28.6679681",node/11335763867
Istanbul,Paribu Cineverse,cinema,,,,,,,,,,,41.0336750,29.1125641,"https://www.google.com/maps/search/?api=1&query=41.0336750,29.1125641",node/11335763868
Istanbul,Paribu Cineverse,cinema,,,,,,,,,,,40.9187816,29.1755365,"https://www.google.com/maps/search/?api=1&query=40.9187816,29.1755365",node/11335770669
Istanbul,Paribu Cineverse,cinema,,,,,,,,,,,40.9657864,28.7975449,"https://www.google.com/maps/search/?api=1&query=40.9657864,28.7975449",node/11335770671
Istanbul,Paribu Cineverse,cinema,,,,,,,,,,,41.1834648,28.7352965,"https://www.google.com/maps/search/?api=1&query=41.1834648,28.7352965",node/11335770673
Istanbul,Paribu Cineverse,cinema,,,,,,,,,,,41.0864610,28.9823002,"https://www.google.com/maps/search/?api=1&query=41.0864610,28.9823002",node/11335770674
Istanbul,Paribu Cineverse,cinema,,,,,,,,,,,40.9528690,29.1222033,"https://www.google.com/maps/search/?api=1&query=40.9528690,29.1222033",node/11337126242
Istanbul,Paribu Cineverse,cinema,,,,,,,,,,,41.1101241,29.0322823,"https://www.google.com/maps/search/?api=1&query=41.1101241,29.0322823",node/11337126243
Istanbul,Paribu Cineverse,cinema,,,,,,,,,,,40.9191705,29.1673085,"https://www.google.com/maps/search/?api=1&query=40.9191705,29.1673085",node/11337126249
Istanbul,Paribu Cineverse,cinema,,,,,,,,,,,41.0157590,29.1789358,"https://www.google.com/maps/search/?api=1&query=41.0157590,29.1789358",node/11337126254
Istanbul,Paribu Cineverse,cinema,,,,,,,,,,,40.9776189,28.8711932,"https://www.google.com/maps/search/?api=1&query=40.9776189,28.8711932",node/11337126635
Istanbul,Paribu Cineverse,cinema,,,,,,,,,,,41.0032995,29.0706567,"https://www.google.com/maps/search/?api=1&query=41.0032995,29.0706567",node/11337126638
Istanbul,Paribu Cineverse,cinema,,,,,,,,,,,40.8657053,29.2750766,"https://www.google.com/maps/search/?api=1&query=40.8657053,29.2750766",node/11337177533
Istanbul,Paribu Cineverse,cinema,,,,,,,,,,,40.9998894,29.0316855,"https://www.google.com/maps/search/?api=1&query=40.9998894,29.0316855",node/11337177540
Istanbul,Paribu Cineverse,cinema,,,,,,,,,,,41.1077444,28.9877780,"https://www.google.com/maps/search/?api=1&query=41.1077444,28.9877780",node/11337177542
Istanbul,Paribu Cineverse,cinema,,,,,,,,,,,41.0746076,28.9227481,"https://www.google.com/maps/search/?api=1&query=41.0746076,28.9227481",node/11337177544
Istanbul,Paribu Cineverse,cinema,,,,,,,,,,,41.0666179,29.0167336,"https://www.google.com/maps/search/?api=1&query=41.0666179,29.0167336",node/11337177546
Istanbul,Paribu Cineverse Cevahir,cinema,,+90 212 380 03 42,https://www.paribucineverse.com/sinemalar/cevahir,,,,,Büyükdere Caddesi 22,Şişli,,41.0619269,28.9934544,"https://www.google.com/maps/search/?api=1&query=41.0619269,28.9934544",node/932238554
Istanbul,Paribu Cineverse Trump,cinema,,,https://www.paribucineverse.com/sinemalar/trump,,,,,Mecidiyeköy Yolu Caddesi 12,,,41.0685114,28.9923228,"https://www.google.com/maps/search/?api=1&query=41.0685114,28.9923228",node/11337177541
Istanbul,Paribu Cineverse Viaport,cinema,,,https://www.paribucineverse.com/viaport-sinema-salonu,,,,,,,,40.9378231,29.3246288,"https://www.google.com/maps/search/?api=1&query=40.9378231,29.3246288",node/1680035725
Istanbul,"Park Of İstanbul - Hayvanat Bahçesi, Mesire Alanı, Rehabilitasyon Merkezi, Kır Düğünü",zoo,,,https://parkofistanbul.com/,,Mo-Su 09:00-23:00,,,,,,41.0511065,29.2488144,"https://www.google.com/maps/search/?api=1&query=41.0511065,29.2488144",node/12302797101
Istanbul,Pasha Club İstanbul,nightclub,,,https://pashaistanbul.com/,,Mo-Su 22:00-05:00,,,Muallim Naci Caddesi 58/A,Beşiktaş,Kuruçeşme,41.0560633,29.0347180,"https://www.google.com/maps/search/?api=1&query=41.0560633,29.0347180",way/1106158079
Istanbul,Pembe Köşk Düğün Salonu,events_venue,,,,,,,,,,,41.0812221,28.9734309,"https://www.google.com/maps/search/?api=1&query=41.0812221,28.9734309",node/9933684485
Istanbul,Pendik Güney Sineması,cinema,,+90 216 354 1388,,,,,,19 Mayıs Caddesi 10/1,Pendik,Batı Mahallesi,40.8788682,29.2304448,"https://www.google.com/maps/search/?api=1&query=40.8788682,29.2304448",node/6387281492
Istanbul,Pendik Mehmet Akif Ersoy Sanat Merkezi,arts_centre,,,,,,,,,,,40.8788241,29.2323748,"https://www.google.com/maps/search/?api=1&query=40.8788241,29.2323748",way/681604229
Istanbul,Pendik Oscar Sineması,cinema,,+90 216 390 0970,http://www.oscarsinemagrup.com,,,,,Akasya Sokak 11,Pendik,Batı Mahallesi,40.8789832,29.2290013,"https://www.google.com/maps/search/?api=1&query=40.8789832,29.2290013",node/6387281157
Istanbul,Pera Müzesi,museum,,+90 212 334 99 00,https://www.peramuzesi.org.tr,,"Tu-Su 10:00-19:00, Su 12:00-18:00",,,Meşrutiyet Caddesi 141,,,41.0318037,28.9752040,"https://www.google.com/maps/search/?api=1&query=41.0318037,28.9752040",way/112676117
Istanbul,Peyote,nightclub,,,,,,,,,,,41.0351309,28.9772861,"https://www.google.com/maps/search/?api=1&query=41.0351309,28.9772861",node/654207749
Istanbul,Pir Sultan Abdal Kültür Derneği,events_venue,,,,,,,,Nar Sokağı,Pendik,,40.9487700,29.2730877,"https://www.google.com/maps/search/?api=1&query=40.9487700,29.2730877",node/5329298055
Istanbul,Pireci Studio,museum,,+90 535 891 36 39,http://denizpireci.blogspot.com.tr,,Mo-Fr 10:00-18:00,,,145.Sokak 5-7,,,41.0526945,29.2379176,"https://www.google.com/maps/search/?api=1&query=41.0526945,29.2379176",node/5645608922
Istanbul,Playland,theme_park,,,,,,,,,,,41.0477819,28.8104059,"https://www.google.com/maps/search/?api=1&query=41.0477819,28.8104059",node/6754151953
Istanbul,Playland,amusement_arcade,,,,,,,,,,,41.2624750,28.7425594,"https://www.google.com/maps/search/?api=1&query=41.2624750,28.7425594",node/13202550560
Istanbul,Polonezköy Ağaç Oyma Heykel Sergisi,museum,,,,,,,,,,,41.1098409,29.2111389,"https://www.google.com/maps/search/?api=1&query=41.1098409,29.2111389",node/13633237834
Istanbul,Pond Bahçeşehir,nightclub,,,,,,,,Doğa Parkı Caddesi 13/15 ln,bahçeşehir,"Doğa Parkı Caddesi 1. Kısım NO:13 Gölet,  Istanbul, Turkey",41.0658987,28.6953571,"https://www.google.com/maps/search/?api=1&query=41.0658987,28.6953571",node/12556019801
Istanbul,Pray Tiyatro - ADT Sahne,theatre,,,https://praytiyatro.com/,praytiyatro,,,,Akay Aralığı 6,,,41.0715548,29.0004760,"https://www.google.com/maps/search/?api=1&query=41.0715548,29.0004760",node/11968975869
Istanbul,Prenses,events_venue,,,,,,,,Osmangazi Caddesi,Bağcılar,,41.0446398,28.8594935,"https://www.google.com/maps/search/?api=1&query=41.0446398,28.8594935",node/5667722117
Istanbul,Prof.Dr.Necmettin Erbakan Kültür Merkezi,arts_centre,,,,,,,,,,,40.9709632,29.2585467,"https://www.google.com/maps/search/?api=1&query=40.9709632,29.2585467",way/682986042
Istanbul,PTT Müzesi,museum,,,,,"Mo-Fr 09:00-12:00,12:30-16:00",,,,,,41.0147153,28.9738991,"https://www.google.com/maps/search/?api=1&query=41.0147153,28.9738991",node/8699169212
Istanbul,Rahmi M. Koç Müzesi,museum,,,,,,,,,,,41.0416506,28.9492884,"https://www.google.com/maps/search/?api=1&query=41.0416506,28.9492884",way/988346544
Istanbul,Rahmi M. Koç Müzesi,museum,,+90 212 369 66 00,http://www.rmk-museum.org.tr/default.aspx,,,,,,,,41.0420763,28.9484777,"https://www.google.com/maps/search/?api=1&query=41.0420763,28.9484777",relation/4297527
Istanbul,Rezan Has Museum,museum,,,https://www.rhm.org.tr/,,,,,Nalıncı Kasım Sokağı,Fatih,,41.0252799,28.9584325,"https://www.google.com/maps/search/?api=1&query=41.0252799,28.9584325",node/5081442512
Istanbul,Reşat Nuri Sahnesi,theatre,,,,,,,,,,,41.0158476,28.9562363,"https://www.google.com/maps/search/?api=1&query=41.0158476,28.9562363",way/314677393
Istanbul,Ritim,nightclub,,,,,,,,,,,41.0348151,28.9770760,"https://www.google.com/maps/search/?api=1&query=41.0348151,28.9770760",node/4889905039
Istanbul,Royal Düğün Salonu,events_venue,,,,,,,,Büklü Sk. 2A,Kartal,Atalar Mahallesi,40.8995658,29.1701518,"https://www.google.com/maps/search/?api=1&query=40.8995658,29.1701518",node/5958357513
Istanbul,Rumeli Hisarı,museum,,,https://muze.gen.tr/muze-detay/rumeli,,Th-Tu 09:00-17:00,,,,,,41.0849152,29.0560944,"https://www.google.com/maps/search/?api=1&query=41.0849152,29.0560944",relation/7318154
Istanbul,Sabanci Universitesi Kasa Galerisi,museum,,+90 212 292 49 39,http://kasagaleri.sabanciuniv.edu,,,,,Bankalar Caddesi,,,41.0238431,28.9750813,"https://www.google.com/maps/search/?api=1&query=41.0238431,28.9750813",node/6185937305
Istanbul,Sabancı Üniversitesi Sakıp Sabancı Müzesi,museum,,+90 212 277 22 00,https://www.sakipsabancimuzesi.org/en/,,"Tu, Th, Fr, Su 10:00-18:00; We, Sa 10:00-22:00",,,,,,41.1060190,29.0556289,"https://www.google.com/maps/search/?api=1&query=41.1060190,29.0556289",node/554083364
Istanbul,Sabancı Ünivertsitesi Amfitiyatrosu,theatre,,,,,,,,,,,40.8931559,29.3792160,"https://www.google.com/maps/search/?api=1&query=40.8931559,29.3792160",way/339372953
Istanbul,Sadberk Hanım Müzesi,museum,,+90 212 242 3813,https://www.sadberkhanimmuzesi.org.tr,,Th-Tu 10:00-17:00,,,Piyasa Caddesi 25,Sarıyer,Büyükdere Mahallesi,41.1630055,29.0481636,"https://www.google.com/maps/search/?api=1&query=41.1630055,29.0481636",way/1112132469
Istanbul,Sahne74,arts_centre,,,,,,,,,,,40.9790693,28.8735409,"https://www.google.com/maps/search/?api=1&query=40.9790693,28.8735409",node/11642440880
Istanbul,Sait Faik Abasıyanık Museum,museum,,,https://saitfaikmuzesi.org/,,,,,,Adalar,Burgazada Mahallesi,40.8810298,29.0674547,"https://www.google.com/maps/search/?api=1&query=40.8810298,29.0674547",node/9967219116
Istanbul,Salon Altın Köşk,events_venue,,,,,,,,kubbe Caddesi,Sultanbeyli,,40.9784349,29.2657546,"https://www.google.com/maps/search/?api=1&query=40.9784349,29.2657546",node/5542884523
Istanbul,Salon Anadolu,events_venue,,+90 537 829 70 24,,,Mo-Fr 07:00-13:30; Mo-Fr 17:00-20:00,,,Şanlıurfa Caddesi,Sultanbeyli,,40.9685050,29.2550683,"https://www.google.com/maps/search/?api=1&query=40.9685050,29.2550683",node/5542883546
Istanbul,Salon Büklü,events_venue,,,,,,,,Büklü Sk. 2B,Kartal,Atalar Mahallesi,40.8996462,29.1704552,"https://www.google.com/maps/search/?api=1&query=40.8996462,29.1704552",node/5958357514
Istanbul,Salon esra yıldız,events_venue,,,,,,,,faith bulvarı Caddesi,Sultanbeyli,,40.9685018,29.2536587,"https://www.google.com/maps/search/?api=1&query=40.9685018,29.2536587",node/5542883571
Istanbul,Salon Hanedan,events_venue,,,,,,,,özdemlr sokğı,Sultanbeyli,,40.9649837,29.2761630,"https://www.google.com/maps/search/?api=1&query=40.9649837,29.2761630",node/5542883543
Istanbul,Salon semazen,events_venue,,+90 216 313 27 28,,,,,,faith bulvarı Caddesi,Sultanbeyli,,40.9685635,29.2540274,"https://www.google.com/maps/search/?api=1&query=40.9685635,29.2540274",node/5542883537
Istanbul,Salon Seramoni,dance,,,,,,,,Firuzköy Bulvarı,Avcılar,Üniversite Mahallesi,40.9987200,28.7140585,"https://www.google.com/maps/search/?api=1&query=40.9987200,28.7140585",node/7592958770
Istanbul,Salon Vizyon Davet Salonu,events_venue,,,https://www.salonvizyon.com,,,,,Mustafa Akyol Sokağı,Pendik,Yenişehir Mahallesi,40.9276572,29.3081680,"https://www.google.com/maps/search/?api=1&query=40.9276572,29.3081680",node/12462523827
Istanbul,Salon Yeditepe,events_venue,,,,,,,,,,,40.9803090,29.1124738,"https://www.google.com/maps/search/?api=1&query=40.9803090,29.1124738",node/9685610312
Istanbul,Salon Zigana,events_venue,,+90 216 335 7368,https://www.salonzigana.org/,,,,,Reşitpaşa Caddesi 75/A,Ümraniye,Atakent,41.0148754,29.1036558,"https://www.google.com/maps/search/?api=1&query=41.0148754,29.1036558",node/13649459597
Istanbul,Salon Öz Peri,events_venue,,,,,,,,,,,40.8806421,29.3392203,"https://www.google.com/maps/search/?api=1&query=40.8806421,29.3392203",node/5933949347
Istanbul,SALT Beyoğlu,gallery,,+90 212 334 22 00,https://saltonline.org/,,Tu-Sa 11:00-19:00; Su 11:00-18:00,,,,,,41.0320737,28.9760955,"https://www.google.com/maps/search/?api=1&query=41.0320737,28.9760955",node/6968819062
Istanbul,SALT Galata,museum,,+90 212 334 22 00,https://saltonline.org/,,Tu-Sa 11:00-19:00; Su 11:00-18:00,,,Bankalar Caddesi 11,Karaköy,,41.0238724,28.9734736,"https://www.google.com/maps/search/?api=1&query=41.0238724,28.9734736",node/4889905032
Istanbul,Sanat Evi ve Kent Müzesi,museum,,,,,,,,Yeşilköy İskele Caddesi 34,Bakırköy,Yeşilköy Mah.,40.9559888,28.8211794,"https://www.google.com/maps/search/?api=1&query=40.9559888,28.8211794",way/1243524836
Istanbul,Sanat Performans,music_venue,,,,,,,,,,,41.0351155,28.9779192,"https://www.google.com/maps/search/?api=1&query=41.0351155,28.9779192",node/14104181766
Istanbul,santralistanbul Enerji Müzesi,museum,,,,,,,,,,,41.0665855,28.9466640,"https://www.google.com/maps/search/?api=1&query=41.0665855,28.9466640",way/685291099
Istanbul,Saray Düğün Salonu,events_venue,,,,,,,,58. Bulvar Caddesi,Zeytinburnu,,40.9860834,28.9045059,"https://www.google.com/maps/search/?api=1&query=40.9860834,28.9045059",node/5667661137
Istanbul,Saray Koleksiyonları Müzesi,museum,,,https://www.millisaraylar.gov.tr/Lokasyon/15/Saray-Koleksiyonlari-Museum,,Tu-Su 09:00-17:00,,,,,,41.0412100,29.0041190,"https://www.google.com/maps/search/?api=1&query=41.0412100,29.0041190",node/6180706492
Istanbul,Saray Tiyatrosu ve Sahne Sanatları Müzesi,museum,,,,,,,,,,,41.0514006,29.0120193,"https://www.google.com/maps/search/?api=1&query=41.0514006,29.0120193",way/326370631
Istanbul,Sarı Köşk,museum,,,,,,,,,,,41.0415083,29.0411035,"https://www.google.com/maps/search/?api=1&query=41.0415083,29.0411035",way/401282988
Istanbul,Sağlık Müzesi,museum,,,,,,,,Divanyolu Caddesi,,,41.0083138,28.9752897,"https://www.google.com/maps/search/?api=1&query=41.0083138,28.9752897",way/311681431
Istanbul,Sağır Han,arts_centre,,,,,,,,,,,41.0143847,28.9683382,"https://www.google.com/maps/search/?api=1&query=41.0143847,28.9683382",node/13350370301
Istanbul,Seaside Bowling,bowling_alley,,,,,,,,,,,40.8913222,29.1747862,"https://www.google.com/maps/search/?api=1&query=40.8913222,29.1747862",node/5288063323
Istanbul,Semaver Kumpanya Çevre Tiyatrosu,theatre,,,,,,,,Çevre Tiyatrosu Sokak,Fatih,,41.0067414,28.9304091,"https://www.google.com/maps/search/?api=1&query=41.0067414,28.9304091",node/5107247591
Istanbul,Sepetçiler Kasrı,museum,,,,,,,,Kennedy Cd,Fatih,Cankurtaran Mahallesi,41.0163283,28.9816446,"https://www.google.com/maps/search/?api=1&query=41.0163283,28.9816446",way/112174319
Istanbul,Sergi Alanı,gallery,,,,,,,,Kennedy Caddesi 152,Fatih,Cankurtaran Mahallesi,41.0136624,28.9873099,"https://www.google.com/maps/search/?api=1&query=41.0136624,28.9873099",way/1530895640
Istanbul,Set Köşkü,museum,,,,,,,,,,,41.0501024,29.0106360,"https://www.google.com/maps/search/?api=1&query=41.0501024,29.0106360",way/324173876
Istanbul,Sevda Şener Sahnesi - Gazometre,theatre,,,https://sehirtiyatrolari.ibb.istanbul/sahne/muze-gazhane-prof-dr-sevda-sener-sahnesi,,,,,,,,40.9977744,29.0438298,"https://www.google.com/maps/search/?api=1&query=40.9977744,29.0438298",way/963182762
Istanbul,Seven,events_venue,,4960354,,,,,,yeni sokak ييني سوكاك( الشارع الجديد),Sultanbeyli,,40.9725798,29.2510545,"https://www.google.com/maps/search/?api=1&query=40.9725798,29.2510545",node/5542883739
Istanbul,Seven Kuruçeşme,nightclub,,+90 532 383 4070,,,,,,Arnavutköy Kuruçeşme Caddesi 7,Beşiktaş,Kuruçeşme,41.0599219,29.0360742,"https://www.google.com/maps/search/?api=1&query=41.0599219,29.0360742",way/1123578579
Istanbul,Sinemasal House,arts_centre,,+90 212 282 82 95,https://sinemasal.org,,Mo-Su 09:00-19:00,,yes,Yıldırım Caddesi 128,Fatih,Balat,41.0318935,28.9486674,"https://www.google.com/maps/search/?api=1&query=41.0318935,28.9486674",node/13026654305
Istanbul,Sinematek,cinema,,,https://sinematek.kadikoy.bel.tr/,,,,,Hasırcı Sokağı 16,Kadıköy,Osmanağa Mahallesi,40.9864836,29.0326796,"https://www.google.com/maps/search/?api=1&query=40.9864836,29.0326796",way/1087432624
Istanbul,Siyavuşpaşa Kasrı,museum,,,,,,,,,,,41.0005858,28.8514348,"https://www.google.com/maps/search/?api=1&query=41.0005858,28.8514348",node/1026149721
Istanbul,Sky Club,nightclub,,,,,,,,,,,41.0069809,28.6612027,"https://www.google.com/maps/search/?api=1&query=41.0069809,28.6612027",node/2277175973
Istanbul,Spectrum Cineplex,cinema,,,,,,,,,,,41.0208943,29.0401988,"https://www.google.com/maps/search/?api=1&query=41.0208943,29.0401988",node/6098354643
Istanbul,SPX Park,events_venue,,,,,,,,,,,41.1620039,28.8827133,"https://www.google.com/maps/search/?api=1&query=41.1620039,28.8827133",node/12160868287
Istanbul,Stay  Club Istanbul,nightclub,,,,,,,,Sıraselviler Caddesi 35,,,41.0349462,28.9847491,"https://www.google.com/maps/search/?api=1&query=41.0349462,28.9847491",node/12040590369
Istanbul,Studyo İpek Tarabya,arts_centre,,+90 212 2625867,www.studyoipek.com,,,,,Şalcıkır Caddesi 6B,,,41.1380720,29.0527440,"https://www.google.com/maps/search/?api=1&query=41.1380720,29.0527440",node/2367070867
Istanbul,Su Sarnıcı,museum,,,,,,,,,,,40.8649929,28.9952895,"https://www.google.com/maps/search/?api=1&query=40.8649929,28.9952895",way/1002590674
Istanbul,Suadiye Ps Cafe,adult_gaming_centre,,,,,,,,Şemsettin Günaltay Caddesi,Kadıköy,Suadiye Mahallesi,40.9626781,29.0905032,"https://www.google.com/maps/search/?api=1&query=40.9626781,29.0905032",node/5296377524
Istanbul,Suadiye Sanat Galerisi,gallery,,,,suadiyesanatgalerisi,,,,Şehit Evliya Sokağı 2,Kadıköy,Suadiye Mahallesi,40.9615830,29.0889802,"https://www.google.com/maps/search/?api=1&query=40.9615830,29.0889802",node/11176108252
Istanbul,Sultangazi Belediyesi Nikah Salonu,events_venue,,,,,,,,,,,41.0955923,28.8983920,"https://www.google.com/maps/search/?api=1&query=41.0955923,28.8983920",way/226768674
Istanbul,Sultangazi Kent Ormanı Amfi Alanı,theatre,,,,,,,,,,,41.1120871,28.9143994,"https://www.google.com/maps/search/?api=1&query=41.1120871,28.9143994",way/965232142
Istanbul,Supperclub,nightclub,,,http://www.supperclub.com/html/istanbul/,,Tu-Su 23:00-05:00,,,Muallim Naci Caddesi 65,Beşiktaş,Ortaköy,41.0501286,29.0310538,"https://www.google.com/maps/search/?api=1&query=41.0501286,29.0310538",node/2246674749
Istanbul,SUSAM,gallery,,,,,,,,,,,40.8898461,29.3783148,"https://www.google.com/maps/search/?api=1&query=40.8898461,29.3783148",way/840492223
Istanbul,Süreyya Operası,theatre,,,https://www.sureyyaoperasi.kadikoy.bel.tr/,,,,,General Asım Gündüz Caddesi 29,Kadıköy,Caferağa Mahallesi,40.9880219,29.0290267,"https://www.google.com/maps/search/?api=1&query=40.9880219,29.0290267",way/491935728
Istanbul,Süslü Konak;Ataşehir Tenis Spor Kulübü,nightclub,,,,,,,,,,,40.9923274,29.1117165,"https://www.google.com/maps/search/?api=1&query=40.9923274,29.1117165",node/6935785932
Istanbul,Taksim Park Club,nightclub,,,,,,,,,,,41.0405655,28.9843973,"https://www.google.com/maps/search/?api=1&query=41.0405655,28.9843973",node/12510989011
Istanbul,Tan Sağtürk Akademi,dance,,,,,,,,,,,41.0571771,28.9946629,"https://www.google.com/maps/search/?api=1&query=41.0571771,28.9946629",node/7131265038
Istanbul,Tarabya Kulturakademie,arts_centre,,,https://kulturakademie-tarabya.de/de/kulturakademie/,,,,,Yeniköy Tarabya Caddesi 88,,,41.1353312,29.0598532,"https://www.google.com/maps/search/?api=1&query=41.1353312,29.0598532",node/12912957001
Istanbul,Tarçıncı davet salonu,events_venue,,+90 212 521 71 93,,,,,,Dedepaşa sokak,Fatih,,41.0119850,28.9420813,"https://www.google.com/maps/search/?api=1&query=41.0119850,28.9420813",node/5081264701
Istanbul,Tarık Akan Kültür Merkezi,arts_centre,,,,,,,,,,,40.9809852,28.8541913,"https://www.google.com/maps/search/?api=1&query=40.9809852,28.8541913",node/8296306989
Istanbul,Tasarim parki,gallery,,,,,,,,,,,40.9830013,29.0330422,"https://www.google.com/maps/search/?api=1&query=40.9830013,29.0330422",node/11366737594
Istanbul,Tasciri Spettacolo,museum,,,,,,,,Hoca Paşa Sokak,Fatih,,41.0140444,28.9756133,"https://www.google.com/maps/search/?api=1&query=41.0140444,28.9756133",node/5108837438
Istanbul,Taç Düğün Salonu,events_venue,,,,,,,,Doktor Adnan Adıvar Caddesi,Fatih,,41.0091859,28.9450078,"https://www.google.com/maps/search/?api=1&query=41.0091859,28.9450078",node/5113599514
Istanbul,TCDD Kültür Sanat Merkezi,arts_centre,,,,,,,,,,,40.9790851,29.0666538,"https://www.google.com/maps/search/?api=1&query=40.9790851,29.0666538",node/10740154304
Istanbul,Tekfur Sarayı Müzesi,museum,,,,,,,,,,,41.0339273,28.9406735,"https://www.google.com/maps/search/?api=1&query=41.0339273,28.9406735",way/1335767641
Istanbul,Tektekçi,nightclub,,,,,,,,,,,41.0326057,28.9769834,"https://www.google.com/maps/search/?api=1&query=41.0326057,28.9769834",node/2509874516
Istanbul,Terziler Sinagogu  / Schneidertempel Sanat Merkezi,arts_centre,,,,,,,,,,,41.0240764,28.9740665,"https://www.google.com/maps/search/?api=1&query=41.0240764,28.9740665",way/569917144
Istanbul,Tevfik Onater Sanat Evi,arts_centre,,,,,,,,,,,41.0715448,28.2466153,"https://www.google.com/maps/search/?api=1&query=41.0715448,28.2466153",node/6590919110
Istanbul,Time Güzel Sanatlar Çekmeköy,arts_centre,,,,,,,,,,,41.0407156,29.1765167,"https://www.google.com/maps/search/?api=1&query=41.0407156,29.1765167",node/5279766081
Istanbul,TIrmanma Duvarı,theme_park,,,,,,,,,,,41.0514215,28.7697194,"https://www.google.com/maps/search/?api=1&query=41.0514215,28.7697194",node/14061510580
Istanbul,TiyArt,theatre,,,,,,,,,,,41.0577192,28.9940729,"https://www.google.com/maps/search/?api=1&query=41.0577192,28.9940729",node/11992305500
Istanbul,Tiyatro Çocuk,theatre,,+90 212 422 20 62,http://www.tiyatrococuk.com.tr,,,,,,,,40.9887873,28.7040295,"https://www.google.com/maps/search/?api=1&query=40.9887873,28.7040295",node/4588974089
Istanbul,Tiyatro Çocuk Atölye,theatre,,,http://www.tiyatrococuk.com.tr,,,,,,,,40.9895743,28.7056446,"https://www.google.com/maps/search/?api=1&query=40.9895743,28.7056446",node/4588972792
Istanbul,TİM-Turker Inanoglu Gosteri Merkezi,theatre,,,,,,,,,,,41.1262989,29.0271713,"https://www.google.com/maps/search/?api=1&query=41.1262989,29.0271713",way/1539513170
Istanbul,Topkapi Sarayı,museum,,+902125285991,https://muze.gen.tr/muze-detay/topkapi,,"Mo, We-Su 09:00-18:00",,,,,,41.0113440,28.9832034,"https://www.google.com/maps/search/?api=1&query=41.0113440,28.9832034",node/10284696709
Istanbul,Torium Sahne,arts_centre,,,,,,,,,,,41.0042063,28.6900831,"https://www.google.com/maps/search/?api=1&query=41.0042063,28.6900831",node/11577274607
Istanbul,Torium Sanat Galerisi,gallery,,,,,,,,,,,41.0042185,28.6880570,"https://www.google.com/maps/search/?api=1&query=41.0042185,28.6880570",node/11577257333
Istanbul,Trambolin,theme_park,,,,,,,,,,,41.0512980,28.7694128,"https://www.google.com/maps/search/?api=1&query=41.0512980,28.7694128",node/14061510578
Istanbul,Turkcell Basketbol Gelişim Merkezi,events_venue,,,,,24/7,,,10. Yıl Caddesi No: 2/1,,Kazlıçeşme Mahallesi,40.9963868,28.9192663,"https://www.google.com/maps/search/?api=1&query=40.9963868,28.9192663",node/12324658347
Istanbul,Turkcell Platinum Offroad Park,theme_park,,,,,,,,,,,41.1153848,28.9941859,"https://www.google.com/maps/search/?api=1&query=41.1153848,28.9941859",node/11055158049
Istanbul,Turkcell Vadi,theatre,,+90 212 219 6030,,,,,,,,,41.1097813,28.9877532,"https://www.google.com/maps/search/?api=1&query=41.1097813,28.9877532",way/1168091406
Istanbul,Turkiano Art Gallery,gallery,,,,,,,,,,,40.9809408,29.1249776,"https://www.google.com/maps/search/?api=1&query=40.9809408,29.1249776",node/9117490175
Istanbul,Turkuazoo Akvaryum,aquarium,,,www.turkuazoo.com,,,,,,,,41.0455872,28.8961328,"https://www.google.com/maps/search/?api=1&query=41.0455872,28.8961328",node/2514747643
Istanbul,Tuzla Ahmet Yesevi Kültür Merkezi,arts_centre,,,,,,,,,,,40.8338575,29.3617370,"https://www.google.com/maps/search/?api=1&query=40.8338575,29.3617370",node/6249003093
Istanbul,Tuzla Belediyesi Rumeli Kültür Merkezi,arts_centre,,,,,,,,,,,40.8182841,29.3006606,"https://www.google.com/maps/search/?api=1&query=40.8182841,29.3006606",node/6150305347
Istanbul,Tuzla Belediyesi Tuzla Sahil Sahnesi,theatre,,,,,,,,,,,40.8162333,29.3035954,"https://www.google.com/maps/search/?api=1&query=40.8162333,29.3035954",node/8520247746
Istanbul,Tuğra Sanat Galerisi,gallery,,,,,,,,,,,41.0171323,29.0728150,"https://www.google.com/maps/search/?api=1&query=41.0171323,29.0728150",node/12832899856
Istanbul,Türk Eczacılık Tarihi İhtisas Müzesi,museum,,+90 212 440 00 00,https://muzeyum.istanbul.edu.tr/tr/content/muzeler/istanbul-universitesi-turk-eczacilik-tarihi-ihtisas-muzesi,,,,,,,,41.0108493,28.9631157,"https://www.google.com/maps/search/?api=1&query=41.0108493,28.9631157",node/9217070484
Istanbul,Türk İslam Sanatları Merkezi,arts_centre,,,,,,,,,,,41.0414499,28.9078757,"https://www.google.com/maps/search/?api=1&query=41.0414499,28.9078757",node/8740625372
Istanbul,Türk Vakıf Hat Sanatları Müzesi,museum,,+90 212 527 58 51,,,closed,,,Ordu Caddesi,Fatih,,41.0099999,28.9632173,"https://www.google.com/maps/search/?api=1&query=41.0099999,28.9632173",way/110234148
Istanbul,Türk ve İslam Eserleri Müzesi,museum,,+90 212 518 18 05,https://muze.gen.tr/,,Mo-Su 09:00-18:30,,wlan,Atmeydanı Caddesi,Fatih,,41.0062801,28.9749150,"https://www.google.com/maps/search/?api=1&query=41.0062801,28.9749150",node/5113500256
Istanbul,Türkiye Gazeteciler Cemiyeti Basın Müzesi,museum,,,,,,,,Boyacı Ahmet Sokak,Fatih,Molla Fenari Mahallesi,41.0085619,28.9722162,"https://www.google.com/maps/search/?api=1&query=41.0085619,28.9722162",node/5244807623
Istanbul,Türkiye İş Bankası Müzesi,museum,,,https://muze.isbank.com.tr/,,Tu-Su 10:00-18:00,,,,Fatih,Hobyar Mahallesi,41.0160939,28.9726009,"https://www.google.com/maps/search/?api=1&query=41.0160939,28.9726009",way/260976707
Istanbul,Türkiye İş Bankası Resim Heykel Müzesi,museum,,,,,,,,İstiklal Caddesi 144,,,41.0315115,28.9759016,"https://www.google.com/maps/search/?api=1&query=41.0315115,28.9759016",node/12347693517
Istanbul,Türvak Türker Inanoglu Vakfi,museum,,,,,,,,,,,41.0326418,28.9777224,"https://www.google.com/maps/search/?api=1&query=41.0326418,28.9777224",node/4889959435
Istanbul,Ucar dugun salonu,cinema,,,,,,,,MahsenSokağı,Pendik,,40.9454900,29.3056440,"https://www.google.com/maps/search/?api=1&query=40.9454900,29.3056440",node/5542883578
Istanbul,Ulusal Bağımsızlık ve Kuruluş Müzesi,museum,,,,,Salı-Pazar 09:30-17:00,,,Piyade Sokağı 9,Büyükçekmece,Fatih Mah. Belediye Kent Meydanı,41.0179076,28.5827468,"https://www.google.com/maps/search/?api=1&query=41.0179076,28.5827468",node/12561201962
Istanbul,Ulusal Bağımsızlık ve Kuruluş Müzesi ve Atatürk Devrimleri Müzesi,museum,,,,,,,,,,,41.0180261,28.5827620,"https://www.google.com/maps/search/?api=1&query=41.0180261,28.5827620",way/1510748500
Istanbul,Ural Ataman Classic Car Museum,museum,,,https://www.atamanmuseum.com/,,,,,Nuripaşa Caddesi 107,Sarıyer,Ferahevler Mahallesi,41.1281086,29.0478419,"https://www.google.com/maps/search/?api=1&query=41.1281086,29.0478419",way/1112073568
Istanbul,Uçan Salıncak,theme_park,,,,,,,,,,,41.0530648,28.7703560,"https://www.google.com/maps/search/?api=1&query=41.0530648,28.7703560",way/1545832305
Istanbul,Vegas Game Arena,amusement_arcade,,,,,,,,,,,40.9312674,29.2142531,"https://www.google.com/maps/search/?api=1&query=40.9312674,29.2142531",node/13752681807
Istanbul,Vehbi Koç Evi,museum,,,,,,,,Piyasa Caddesi 109,Sarıyer,Büyükdere,41.1652679,29.0527977,"https://www.google.com/maps/search/?api=1&query=41.1652679,29.0527977",way/1211940084
Istanbul,Velibaba Akşemseddin Kültür Merkezi,arts_centre,,,https://www.sporadeger.com/spor-salonu/aksemseddin-spor-merkezi,,,,,Mehmet Akif Ersoy Caddesi 18,Pendik,Velibaba Mahallesi,40.9050620,29.2554147,"https://www.google.com/maps/search/?api=1&query=40.9050620,29.2554147",way/682668696
Istanbul,Venüs Sanat,gallery,,,,,,,,Pınar Sokak,Kadıköy,Göztepe,40.9804051,29.0594218,"https://www.google.com/maps/search/?api=1&query=40.9804051,29.0594218",node/5820895204
Istanbul,Vezir Hanı,museum,,,,,,,,,,,41.0092573,28.9720052,"https://www.google.com/maps/search/?api=1&query=41.0092573,28.9720052",way/111862615
Istanbul,Vialand Açık Hava Sahnesi,theatre,,,,,,,,,,,41.0695448,28.9232023,"https://www.google.com/maps/search/?api=1&query=41.0695448,28.9232023",way/1100952030
Istanbul,Vialand E-sport Centre,amusement_arcade,,,,,,,,,,,41.0693440,28.9239773,"https://www.google.com/maps/search/?api=1&query=41.0693440,28.9239773",way/1100952035
Istanbul,Vialand İsfanbul Tema Park,theme_park,,,https://vialand.com/,,Mo-Fr 10:00-18:00,,,Şehit Metin Kaya Sokak 11/1,Eyüpsultan,Yeşilpınar Mahallesi,41.0713314,28.9228874,"https://www.google.com/maps/search/?api=1&query=41.0713314,28.9228874",way/315886959
Istanbul,Viaport Outlet,theme_park,,,,,,,,,,,40.9393504,29.3241426,"https://www.google.com/maps/search/?api=1&query=40.9393504,29.3241426",way/421469048
Istanbul,Viasea Theme Park,theme_park,,+90 216 560 18 00,,,,,,29,,,40.8183446,29.3170121,"https://www.google.com/maps/search/?api=1&query=40.8183446,29.3170121",way/840205740
Istanbul,Vitasand Akvaryum Kumu ve Güvercin Minerali Sanayi,aquarium,,+902126400979,https://vitasand.com/,,Mo-Sa 09:00-18:00,,,Ordu Caddesi,Bayrampaşa,Kartaltepe,41.0531912,28.8992525,"https://www.google.com/maps/search/?api=1&query=41.0531912,28.8992525",node/13939188489
Istanbul,Wake Up Call,nightclub,,+90 212 293 76 39,,,Mo-Sa 22:00-05:00,,,Zambak Sokak 7,,,41.0358910,28.9826250,"https://www.google.com/maps/search/?api=1&query=41.0358910,28.9826250",node/2509875588
Istanbul,Wapiyon Parti Evi,theme_park,,,,,,,,,,,41.0515117,28.7695728,"https://www.google.com/maps/search/?api=1&query=41.0515117,28.7695728",node/14061510581
Istanbul,watam,gallery,,,https://wearetheartmakers.com,,,,,,,,40.9901716,29.0282267,"https://www.google.com/maps/search/?api=1&query=40.9901716,29.0282267",node/10585980354
Istanbul,White pavilion hall,events_venue,,+90 532 702 65 04,,,,,,Kuran kursu caddesi,Sultanbeyli,,40.9665086,29.2671441,"https://www.google.com/maps/search/?api=1&query=40.9665086,29.2671441",node/5329335386
Istanbul,World Cinezone Marmara Forum,cinema,,,https://www.worldcinezone.com.tr/marmaraforum,,,,,,,,40.9973787,28.8854275,"https://www.google.com/maps/search/?api=1&query=40.9973787,28.8854275",node/11337126253
Istanbul,X Media Art Müsesi,museum,,,https://xmediaartmuseum.com,,,,,Ataşehir Bulvarı,Ataşehir,Atatürk Mahallesi,40.9932220,29.1253363,"https://www.google.com/maps/search/?api=1&query=40.9932220,29.1253363",node/10945908788
Istanbul,x-ist,gallery,,,,,,,,Mumhane Caddesi 50,Karaköy,Kemankeş Karamustafa Paşa,41.0257391,28.9804665,"https://www.google.com/maps/search/?api=1&query=41.0257391,28.9804665",node/6915418404
Istanbul,Yahya Kemal Beyatlı Gösteri Merkezi,theatre,,,,,,,,,,,41.0305481,28.8030040,"https://www.google.com/maps/search/?api=1&query=41.0305481,28.8030040",way/281772475
Istanbul,Yahya Kemal Museum,museum,,,,,,,,Yeniçeriler Caddesi,Fatih,,41.0087410,28.9676140,"https://www.google.com/maps/search/?api=1&query=41.0087410,28.9676140",node/5244807883
Istanbul,Yedi Kule Hisarı Müzesi,museum,,,,,Mo-Su 08:30-17:00,,,,,,40.9935689,28.9239308,"https://www.google.com/maps/search/?api=1&query=40.9935689,28.9239308",node/3400112453
Istanbul,Yedikule Çok Amaçlı Salonu,events_venue,,,,,,,,İmam Aşir Sokak,Fatih,,40.9964729,28.9283193,"https://www.google.com/maps/search/?api=1&query=40.9964729,28.9283193",node/5088190904
Istanbul,Yeldeğirmeni Sanat Merkezi,arts_centre,,,,,,,,İskele Sokağı,Kadıköy,,40.9964275,29.0278838,"https://www.google.com/maps/search/?api=1&query=40.9964275,29.0278838",way/648540797
Istanbul,Yenidoğan Sanat Galerisi,arts_centre,,,,,,,,,,,40.9625320,29.0852424,"https://www.google.com/maps/search/?api=1&query=40.9625320,29.0852424",node/5296377623
Istanbul,Yeşilpınar Parkı mini lunaparkı,theme_park,,,,,,,,,,,41.0811260,28.9210637,"https://www.google.com/maps/search/?api=1&query=41.0811260,28.9210637",way/1029631653
Istanbul,yiğiz oğlu düğün salonu,events_venue,,+90 212 415 13 25,,,,,,56. sokak,Zeytinburnu,,40.9905860,28.8989412,"https://www.google.com/maps/search/?api=1&query=40.9905860,28.8989412",node/5667659224
Istanbul,Yunus Emre Kültür Merkezi,theatre,,,,,,,,,,,40.9886069,28.8483084,"https://www.google.com/maps/search/?api=1&query=40.9886069,28.8483084",node/795683753
Istanbul,Yunus Emre Kültür ve Sanat Merkezi,arts_centre,,+90 216 483 2010,https://www.pendik.bel.tr/yer/detay/yunus-emre-kultur-ve-sanat-merkezi,,,,,Erol Kaya Caddesi 21,Pendik,Batı Mahallesi,40.8795745,29.2217808,"https://www.google.com/maps/search/?api=1&query=40.8795745,29.2217808",way/683534961
Istanbul,Yıldız Dans ve Müzik Okulu,dance,,+90 216 450 66 88,,,Mo-Su 10:00-22:00,,,,Kadıköy,Koşuyolu Mahallesi,41.0019197,29.0313325,"https://www.google.com/maps/search/?api=1&query=41.0019197,29.0313325",node/5601215980
Istanbul,Yıldız Düğün davet,events_venue,,,,,,,,Recep Yazıcıoğlu Sokağı,Fatih,,41.0088624,28.9485256,"https://www.google.com/maps/search/?api=1&query=41.0088624,28.9485256",node/5107305829
Istanbul,Yıldız Düğün Salonları,events_venue,,+90 212 589 61 39,,,,,,Cerrahpaşa caddesi,Fatih,,41.0089542,28.9482233,"https://www.google.com/maps/search/?api=1&query=41.0089542,28.9482233",node/5099065449
Istanbul,Yıldız Sarayı Müze Müdürlüğü,museum,,,,,,,,,,,41.0499954,29.0115888,"https://www.google.com/maps/search/?api=1&query=41.0499954,29.0115888",way/326372295
Istanbul,Yıldız Seramik Fabrikası,museum,,,https://www.millisaraylar.gov.tr/Lokasyon/18/Yildiz-Cini-ve-Porselen-Fabrikasi,,,,,,,,41.0482849,29.0188194,"https://www.google.com/maps/search/?api=1&query=41.0482849,29.0188194",node/3254396169
Istanbul,Zamba Oyuncak Müzesi,museum,,,https://www.zambaoyuncakmuzesi.com/,https://www.instagram.com/zambaoyuncakmuzesi/,Mo-Su 10:00-19:00,,,Saray Caddesi 319A,Çekmeköy,Nişantepe Mahallesi,41.0459991,29.2684019,"https://www.google.com/maps/search/?api=1&query=41.0459991,29.2684019",node/13849744569
Istanbul,Zeray düğün ve kongre sarayı,events_venue,,+90 216 398 52 95,,,,,,Özel sokak,Sultanbeyli,,40.9674646,29.2702769,"https://www.google.com/maps/search/?api=1&query=40.9674646,29.2702769",node/5329335925
Istanbul,Zettina Düğün Salonu,events_venue,,+90 212 616 6494,https://www.salonzettina.com/,,"Mo-Fr 09:00-21:00; Sa,Su 09:00-23:30",,,Uluyol Caddesi 31,Bayrampaşa,Muratpaşa,41.0507598,28.9109977,"https://www.google.com/maps/search/?api=1&query=41.0507598,28.9109977",way/1282039249
Istanbul,Zeytinburnu İzci Evi,amusement_arcade,,,,,,,,,,,41.0207580,28.9045024,"https://www.google.com/maps/search/?api=1&query=41.0207580,28.9045024",way/560170611
Istanbul,Zosia Teyze'nin Anı Evi,museum,,,,,,,,,,,41.1100143,29.2099873,"https://www.google.com/maps/search/?api=1&query=41.1100143,29.2099873",node/6410833306
Istanbul,Çapa Düğün Salonu,events_venue,,,,,,,,Börekçe veli Sokağı,Fatih,,41.0152596,28.9320177,"https://www.google.com/maps/search/?api=1&query=41.0152596,28.9320177",node/5109654701
Istanbul,Çarpışan Arabalar,theme_park,,,,,,,,,,,41.0511905,28.7695775,"https://www.google.com/maps/search/?api=1&query=41.0511905,28.7695775",node/14061510577
Istanbul,Çağteks Gelinlik & Abiye,events_venue,,,,,,,,,Zeytinburnu,,40.9987690,28.9158090,"https://www.google.com/maps/search/?api=1&query=40.9987690,28.9158090",node/5667641597
Istanbul,Çevre Tiyatrosu,theatre,,,,,,,,,,,41.0067810,28.9305970,"https://www.google.com/maps/search/?api=1&query=41.0067810,28.9305970",node/4042485225
Istanbul,Çinili Köşk,museum,,,,,Tu-Su 09:00-19:00,,,,,,41.0120223,28.9812383,"https://www.google.com/maps/search/?api=1&query=41.0120223,28.9812383",way/103339339
Istanbul,Çirkin Disko,nightclub,,,,,,,,,,,40.8891158,29.1843060,"https://www.google.com/maps/search/?api=1&query=40.8891158,29.1843060",node/13708203216
Istanbul,Çınar,theatre,,+90 544 408 47 17,,,,,,Mürşit caddesi,Pendik,,40.9522335,29.2968549,"https://www.google.com/maps/search/?api=1&query=40.9522335,29.2968549",node/5329319826
Istanbul,çınar düğün.davet.organizasyon,events_venue,,+90 544 408 47 17,,,,,,Mürşit caddsi,Pendik,,40.9524184,29.2967391,"https://www.google.com/maps/search/?api=1&query=40.9524184,29.2967391",node/5542883614
Istanbul,Öz Paşabahçe Organizasyon,events_venue,,+90 535 463 3492,,,,,,,Beykoz,Gümüşsuyu Mahallesi,41.1243164,29.1004433,"https://www.google.com/maps/search/?api=1&query=41.1243164,29.1004433",way/734738447
Istanbul,Öz uzunlar düğün salonu,events_venue,,+90 536 318 88 40,,,,,,Esenli sokak شارع ايسينلي,Sultanbeyli,,40.9709651,29.2487755,"https://www.google.com/maps/search/?api=1&query=40.9709651,29.2487755",node/5542883392
Istanbul,Öz yılmaz düğün salon,events_venue,,,,,,,,Kadıköy sokağı,Sultanbeyli,,40.9685984,29.2666817,"https://www.google.com/maps/search/?api=1&query=40.9685984,29.2666817",node/5329337992
Istanbul,Özlem Güzel Bale Okulu,dance,,,,,,,,Sayım Sokak 17,Kadıköy,Merdivenköy,40.9870960,29.0758495,"https://www.google.com/maps/search/?api=1&query=40.9870960,29.0758495",node/6362811303
Istanbul,Üsküdar Musahipzade Celal Sahnesi,theatre,,,https://sehirtiyatrolari.ibb.istanbul/sahne/uskudar-musahipzade-cell-sahnesi,,,,,Halk Caddesi 74,Üskudar,Aziz Mahmut Hüdayi Mahallesi,41.0196747,29.0128135,"https://www.google.com/maps/search/?api=1&query=41.0196747,29.0128135",way/310110171
Istanbul,Şale Kasrı,museum,,,,,,,,,,,41.0520986,29.0126133,"https://www.google.com/maps/search/?api=1&query=41.0520986,29.0126133",way/327560146
Istanbul,Şan Düğün Salonu,events_venue,,,,,,,,Ereğli Camii Sokağı,Fatih,,41.0165670,28.9299819,"https://www.google.com/maps/search/?api=1&query=41.0165670,28.9299819",node/5106135567
Istanbul,Şehir Müzesi,museum,,,,,,,,,,,41.0514836,29.0131585,"https://www.google.com/maps/search/?api=1&query=41.0514836,29.0131585",way/326354955
Istanbul,Şehir Tiyatroları Gaziosmanpaşa Sahnesi,theatre,,,,,,,,,,,41.0576163,28.9159764,"https://www.google.com/maps/search/?api=1&query=41.0576163,28.9159764",node/2381740780
Istanbul,Şehir Tiyatroları Sadabad Sahnesi,theatre,,,,,,,,,,,41.0798384,28.9716845,"https://www.google.com/maps/search/?api=1&query=41.0798384,28.9716845",way/812871587
Istanbul,Şerefiye Sarnıcı,museum,,,https://www.facebook.com/serefiyesarnici/,,Mo-Su 09:00-18:00,,,Piyer Loti Caddesi 4,,,41.0074148,28.9723954,"https://www.google.com/maps/search/?api=1&query=41.0074148,28.9723954",way/1154702450
Istanbul,Şile Lunapark,theme_park,,,,,Mo-Su 08:00-23:00,,,5,Şile,,41.1754489,29.6048505,"https://www.google.com/maps/search/?api=1&query=41.1754489,29.6048505",node/13896978399
Izmir,Academy Özgür,arts_centre,,,,,,,,,,,38.4138977,27.1225990,"https://www.google.com/maps/search/?api=1&query=38.4138977,27.1225990",node/13476187436
Izmir,Adapark Lunapark,theme_park,,,,,,,,,Gaziemir,Dokuz Eylül Mahallesi,38.3119296,27.1441048,"https://www.google.com/maps/search/?api=1&query=38.3119296,27.1441048",node/12750526244
Izmir,Agora Açık Hava Müzesi,museum,,,,,,,,,Konak,Namazgah Mahallesi,38.4189814,27.1384144,"https://www.google.com/maps/search/?api=1&query=38.4189814,27.1384144",way/256317190
Izmir,Ahmet Piriştina Kent Arşivi ve Müzesi,museum,,,,,,,,,,,38.4249804,27.1379175,"https://www.google.com/maps/search/?api=1&query=38.4249804,27.1379175",way/955410254
Izmir,Alaçatı Açıkhava Tiyatrosu,theatre,,,https://www.cesme.bel.tr/alacati-acikhava-tiyatrosu,,,,,Atatürk Blv.,Çeşme,Tokoğlu Mahallesi,38.2867509,26.3741217,"https://www.google.com/maps/search/?api=1&query=38.2867509,26.3741217",way/302276523
Izmir,Alder Aquapark,water_park,,,,,,,,,,,39.0861915,26.8849167,"https://www.google.com/maps/search/?api=1&query=39.0861915,26.8849167",way/686015925
Izmir,Aliağa Belediyesi Ulaş Bayam Açık Hava Tiyatrosu,theatre,,,,,,,,,,,38.8040594,26.9735961,"https://www.google.com/maps/search/?api=1&query=38.8040594,26.9735961",way/761921888
Izmir,altin Oran Akademi,gallery,,,,,,,,1437. Sokak 22,Konak,,38.4343479,27.1445734,"https://www.google.com/maps/search/?api=1&query=38.4343479,27.1445734",way/873325907
Izmir,Amfi,theatre,,,,,,,,,,,38.4557592,27.2123404,"https://www.google.com/maps/search/?api=1&query=38.4557592,27.2123404",way/552591218
Izmir,Amfiteatr,theatre,,,,,,,,,,,38.4097870,27.0398570,"https://www.google.com/maps/search/?api=1&query=38.4097870,27.0398570",way/635601731
Izmir,Amfiteatr,theatre,,,,,,,,,,,38.3893354,27.0445865,"https://www.google.com/maps/search/?api=1&query=38.3893354,27.0445865",way/637305653
Izmir,Amfiteatr,theatre,,,,,,,,,,,38.4686878,27.2084511,"https://www.google.com/maps/search/?api=1&query=38.4686878,27.2084511",way/866017492
Izmir,Ancient theater of Erythrae,theatre,,,,,,,,,,,38.3827324,26.4807116,"https://www.google.com/maps/search/?api=1&query=38.3827324,26.4807116",way/232145916
Izmir,Aqua Fantasy,theme_park,,+90 232 850 85 00,https://park.aquafantasy.com/tr/,,,,,Ephesus Beach (Pamucak),,,37.9214101,27.2793764,"https://www.google.com/maps/search/?api=1&query=37.9214101,27.2793764",way/397590912
Izmir,Aqua Park,water_park,,,https://aquaparkizmir.com/,,Mo-Su 10:00-18:00,,,Vali Hüseyin Öğütçen Cd 3,Balçova,Korutürk Mahallesi,38.3888252,27.0346180,"https://www.google.com/maps/search/?api=1&query=38.3888252,27.0346180",node/9972599196
Izmir,Aqua Toy City,water_park,,,,,,,,,,,38.3171785,26.3470802,"https://www.google.com/maps/search/?api=1&query=38.3171785,26.3470802",way/128419925
Izmir,Arditi Köşkü,museum,,,,,,,,,,,38.3226431,26.7682207,"https://www.google.com/maps/search/?api=1&query=38.3226431,26.7682207",way/358286588
Izmir,Arkas Art Center,museum,,,http://www.arkassanatmerkezi.com/en/,,Tu-Su 10:00-18:00,,,,,,38.4319227,27.1369584,"https://www.google.com/maps/search/?api=1&query=38.4319227,27.1369584",node/4815177744
Izmir,Arkas Deniz Tarih Müzesi ( Viktor Whitalle Evi ),museum,,,,,,,,,,,38.4635554,27.2199767,"https://www.google.com/maps/search/?api=1&query=38.4635554,27.2199767",way/870506937
Izmir,Arkas Sanat Alaçatı,museum,,,,,"Mo-We,Fr-Su 11:00-19:00; Th 11:00-21:00; PH closed",,,,,,38.2847893,26.3697615,"https://www.google.com/maps/search/?api=1&query=38.2847893,26.3697615",way/772148116
Izmir,Arkas Sanat Urla,museum,,,,,"Tu,Th-Sa 10:00-18:00",,,Sefaköy Caddesi 23,Urla,Yenice Mahallesi,38.3303746,26.7953134,"https://www.google.com/maps/search/?api=1&query=38.3303746,26.7953134",node/12997796262
Izmir,Atatürk Açık Hava Tiyatrosu,theatre,,,,,,,,,,,38.4286440,27.1480567,"https://www.google.com/maps/search/?api=1&query=38.4286440,27.1480567",way/501242101
Izmir,Atatürk Açık Hava Tiyatrosu,theatre,,,,,,,,,,,38.4840104,27.1289008,"https://www.google.com/maps/search/?api=1&query=38.4840104,27.1289008",way/879785254
Izmir,Atatürk Müzesi,museum,,,,,,,,,,,38.4356930,27.1405674,"https://www.google.com/maps/search/?api=1&query=38.4356930,27.1405674",node/4167431689
Izmir,Atatürk Müzesi,museum,,,,,Mo-Fr 08:00-17:00,,,,,,38.4356319,27.1406401,"https://www.google.com/maps/search/?api=1&query=38.4356319,27.1406401",way/872781004
Izmir,Atlantis Gaming,amusement_arcade,,,https://www.instagram.com/atlantisgaming35/,,,,,8911/2. Sokak,Çiğli,Balatçık,38.5103681,27.0383578,"https://www.google.com/maps/search/?api=1&query=38.5103681,27.0383578",node/13647332981
Izmir,Atmos Gallery,gallery,,,,,,,,,,,38.4401702,27.1425042,"https://www.google.com/maps/search/?api=1&query=38.4401702,27.1425042",node/5287447540
Izmir,Ayfer Feray Açıkhava Tiyatrosu,theatre,,,,,,,,,,,38.4630585,27.2165472,"https://www.google.com/maps/search/?api=1&query=38.4630585,27.2165472",way/757066396
Izmir,Ayhan Işık Production Actor Studio,arts_centre,,,,,,,,,,,38.4103266,27.1211857,"https://www.google.com/maps/search/?api=1&query=38.4103266,27.1211857",node/13476187441
Izmir,Bayrakbilim ve Türk Bayrakları Müzesi,museum,,+90 232 301 04 12,https://bayrakmuzesi.deu.edu.tr,deubayrakmuzesi,Tu-Sa 09:00-17:00; Th[-1] 10:00-21:00,,,24. Sokak 2,Buca,Adatepe Mahallesi,38.3863779,27.1809026,"https://www.google.com/maps/search/?api=1&query=38.3863779,27.1809026",way/686494186
Izmir,Bayındır Müzesi,museum,,,,,,,,,,,38.2226878,27.6445863,"https://www.google.com/maps/search/?api=1&query=38.2226878,27.6445863",way/502145381
Izmir,Bergama Belediyesi Aquapark,water_park,,,,,,,,,,,39.1004135,27.1523541,"https://www.google.com/maps/search/?api=1&query=39.1004135,27.1523541",way/382674830
Izmir,Bergamalı Kadri Eğitim Tarihi Müzesi,museum,,,,,,,,,,,39.1237989,27.1828503,"https://www.google.com/maps/search/?api=1&query=39.1237989,27.1828503",way/386192820
Izmir,Berna Özdoğan Güzel Sanatlar Merkezi,arts_centre,,+902322432929,,,Mo-Su 10:00-20:00,,,İnönü Caddesi 459,,,38.3992960,27.0969653,"https://www.google.com/maps/search/?api=1&query=38.3992960,27.0969653",node/4402369089
Izmir,Beyza Düğün Salonu,events_venue,,,,,,,,,,,38.4618993,27.1648589,"https://www.google.com/maps/search/?api=1&query=38.4618993,27.1648589",node/13077706208
Izmir,Bornova Anadolu Lisesi Ahmet Piriştina Kültür Merkezi,arts_centre,,,,,,,,15H,,,38.4479584,27.2225258,"https://www.google.com/maps/search/?api=1&query=38.4479584,27.2225258",way/748857237
Izmir,Bornova Anadolu Lisesi Hulusi Ünlüönen Resim Atölyesi,arts_centre,,,,,,,,15M,,,38.4469846,27.2220837,"https://www.google.com/maps/search/?api=1&query=38.4469846,27.2220837",way/755276086
Izmir,Bornova Aşık Veysel Amfi Tiyatrosu,theatre,,,,,,,,,,,38.4688813,27.2084304,"https://www.google.com/maps/search/?api=1&query=38.4688813,27.2084304",way/866017493
Izmir,Bornova Belediyesi Şehir Tiyatrosu,theatre,,,,,,,,,,,38.4359303,27.1811055,"https://www.google.com/maps/search/?api=1&query=38.4359303,27.1811055",node/13750307203
Izmir,Bornova Devlet Tiyatrosu,theatre,,+90 232 504 06 97,,,,,wlan,Mustafa Kemal Caddesi 60,,,38.4640995,27.2115590,"https://www.google.com/maps/search/?api=1&query=38.4640995,27.2115590",way/1488606207
Izmir,Bostanlı Açık Hava Müzesi,museum,,,,,,,,,,,38.4548583,27.0991964,"https://www.google.com/maps/search/?api=1&query=38.4548583,27.0991964",way/377719864
Izmir,Buca Belediyesi Kültür Sanat Merkezi,arts_centre,,,,,,,,,,,38.3863758,27.1714141,"https://www.google.com/maps/search/?api=1&query=38.3863758,27.1714141",node/13589144448
Izmir,Buharlı Lokomotif Müzesi,museum,,+90232 894 81 16,,,"Mo-Fr 08:00-17:00,Weekend 08:00 -19:00",,,,,,37.8843399,27.3817346,"https://www.google.com/maps/search/?api=1&query=37.8843399,27.3817346",way/150332205
Izmir,Casa Mandarino,events_venue,,,,,,,,,,,38.3733673,26.9093119,"https://www.google.com/maps/search/?api=1&query=38.3733673,26.9093119",node/10178086919
Izmir,Cine1Can Sinemaları,cinema,,,,,,,,,,,38.2283420,27.9763369,"https://www.google.com/maps/search/?api=1&query=38.2283420,27.9763369",node/11199692930
Izmir,Cix club,nightclub,,,,,,,,,,,38.4358123,27.1419691,"https://www.google.com/maps/search/?api=1&query=38.4358123,27.1419691",node/1663426078
Izmir,Cix Club,nightclub,,,,,,,,1448. Sokak 5,Konak,Alsancak,38.4359301,27.1415822,"https://www.google.com/maps/search/?api=1&query=38.4359301,27.1415822",node/8068723608
Izmir,Club Şahika,nightclub,,,,,,,,,,,37.9989859,27.1218215,"https://www.google.com/maps/search/?api=1&query=37.9989859,27.1218215",way/456756013
Izmir,Cumhuriyet Eğitim Müzesi,museum,,+90 232 484 74 89,,,,,,305. Sokak 50,Konak,Turgut Reis Mahallesi,38.4095462,27.1204520,"https://www.google.com/maps/search/?api=1&query=38.4095462,27.1204520",node/9802707314
Izmir,Demiryolu Müzesi,museum,,,,,,,,,,,38.4387639,27.1472178,"https://www.google.com/maps/search/?api=1&query=38.4387639,27.1472178",way/865676479
Izmir,Donkeys Place,zoo,,,,,,,,,,,38.4320072,26.3420463,"https://www.google.com/maps/search/?api=1&query=38.4320072,26.3420463",way/236855942
Izmir,Dora's Ceramic House,arts_centre,,,https://dorasceramichouse.com,,24/7,,,2168. Sokak 16,Urla,Atatürk,38.3552660,26.7865548,"https://www.google.com/maps/search/?api=1&query=38.3552660,26.7865548",node/7900101894
Izmir,Efes Deneyimi Müzesi,museum,,,https://www.demmuseums.com/,,Mo-Fr 08:00-18:00,,,,,,37.9409109,27.3406529,"https://www.google.com/maps/search/?api=1&query=37.9409109,27.3406529",way/1411430425
Izmir,Ege Üniversitesi Etnografya Müzesi,museum,,,,,,,,,,,38.4607552,27.2170412,"https://www.google.com/maps/search/?api=1&query=38.4607552,27.2170412",node/11141615450
Izmir,Ege Üniversitesi Kampüs Sineması,cinema,,,,,,,,,,,38.4562917,27.2277277,"https://www.google.com/maps/search/?api=1&query=38.4562917,27.2277277",node/1252207328
Izmir,Ege Üniversitesi Kağıt ve Kitap Sanatları Müzesi,museum,,374 59 31 - 311 25 01,,,,,,,,,38.4620181,27.2186002,"https://www.google.com/maps/search/?api=1&query=38.4620181,27.2186002",node/13114559201
Izmir,Ege Üniversitesi Tabiat Tarihi Müzesi,museum,,,https://tabiattarihi.ege.edu.tr/tr-0/anasayfa.html,,,,,,,,38.4621568,27.2196992,"https://www.google.com/maps/search/?api=1&query=38.4621568,27.2196992",node/8425950751
Izmir,El Sanatları Müzesi (Mattheys Köşkü),museum,,,https://arkasarcademia.com/bornova-koskleri/,,,,,,,,38.4631780,27.2214032,"https://www.google.com/maps/search/?api=1&query=38.4631780,27.2214032",way/867652876
Izmir,Elit Garden,events_venue,,,,,,,,,,,38.4564681,27.1766100,"https://www.google.com/maps/search/?api=1&query=38.4564681,27.1766100",node/14073045833
Izmir,Esinti dans ve sanat merkezi,dance,,,,,,,,,,,38.3792190,27.1737388,"https://www.google.com/maps/search/?api=1&query=38.3792190,27.1737388",node/11526070380
Izmir,Eskiz Art Gallery,gallery,,,,,,,,,,,38.4171043,27.1308951,"https://www.google.com/maps/search/?api=1&query=38.4171043,27.1308951",node/13473177787
Izmir,Fly-Inn Beach,nightclub,,,https://www.flyinnbeach.com/,,,,,,,,38.2690390,26.2494634,"https://www.google.com/maps/search/?api=1&query=38.2690390,26.2494634",node/4996650524
Izmir,Fuar Gençlik Tiyatrosu,theatre,,,,,,,,,,,38.4292234,27.1487383,"https://www.google.com/maps/search/?api=1&query=38.4292234,27.1487383",way/466734730
Izmir,Ganyan,adult_gaming_centre,,,,,,,,,,,38.4589364,27.2127107,"https://www.google.com/maps/search/?api=1&query=38.4589364,27.2127107",node/7824886373
Izmir,Ganyan,adult_gaming_centre,,,,,,,,,,,38.4608029,27.1027942,"https://www.google.com/maps/search/?api=1&query=38.4608029,27.1027942",node/11069621443
Izmir,Ganyan,adult_gaming_centre,,,,,,,,,,,38.4909845,27.0689922,"https://www.google.com/maps/search/?api=1&query=38.4909845,27.0689922",node/11076377385
Izmir,Ganyan Bayi 661,adult_gaming_centre,,,,,,,,,,,38.1485264,27.3611957,"https://www.google.com/maps/search/?api=1&query=38.1485264,27.3611957",node/11199078893
Izmir,Gazeteciler Cemiyeti Basin Muzesi,museum,,,,,,,,,,,38.4216780,27.1437858,"https://www.google.com/maps/search/?api=1&query=38.4216780,27.1437858",node/13112626659
Izmir,Gösteri Merkezi,theatre,,,,,,,,,,,38.3699679,27.2038080,"https://www.google.com/maps/search/?api=1&query=38.3699679,27.2038080",way/665881382
Izmir,Göç ve Mübadele Evi,museum,,,,,,,,,,,38.3880670,27.1749818,"https://www.google.com/maps/search/?api=1&query=38.3880670,27.1749818",way/893436161
Izmir,Güzelbahçe Amfi Tiyatro,theatre,,,,,,,,Kazım Dirik,,,38.3602185,26.8884131,"https://www.google.com/maps/search/?api=1&query=38.3602185,26.8884131",way/501749458
Izmir,Hanedan Beach Otel etkinlik alanı,events_venue,,,,,,,,,foça,İsmetpaşa Mahallesi,38.6983498,26.7318673,"https://www.google.com/maps/search/?api=1&query=38.6983498,26.7318673",way/1016576359
Izmir,Hang Out,theatre,,,https://www.hangout.com.tr/,,,,,Üniversite Caddesi 92,,,38.4504611,27.1930736,"https://www.google.com/maps/search/?api=1&query=38.4504611,27.1930736",way/865512468
Izmir,HANGAR,amusement_arcade,,,,https://www.instagram.com/hangarespor/,,,,8911/5. Sokak,Çiğli,Balatçık,38.5109389,27.0385113,"https://www.google.com/maps/search/?api=1&query=38.5109389,27.0385113",node/13689497289
Izmir,HANGAR ESPOR MERKEZ,amusement_arcade,,,,https://www.instagram.com/hangarespor/,,,,8911/5. Sokak,Çiğli,Balatçık,38.5109078,27.0386415,"https://www.google.com/maps/search/?api=1&query=38.5109078,27.0386415",node/13689497288
Izmir,Hanife Çetiner ve Esin Yılmaz Anı Evi,museum,,,,,,,,,,,38.4214528,27.1472032,"https://www.google.com/maps/search/?api=1&query=38.4214528,27.1472032",way/867958835
Izmir,Hasan Hulki Yönt Kültür Merkezi,museum,,,,,,,,,,,38.2230945,27.6502809,"https://www.google.com/maps/search/?api=1&query=38.2230945,27.6502809",way/502223035
Izmir,Inönü Kültür Merkezi,arts_centre,,,,,,,,,,,38.4810101,27.1246910,"https://www.google.com/maps/search/?api=1&query=38.4810101,27.1246910",node/1821574406
Izmir,Izmir Archaeology Museum,museum,,,https://muze.gov.tr/muze-detay?DistId=MRK&SectionId=IZA01,,08:30-18:30,,,,,,38.4139347,27.1280671,"https://www.google.com/maps/search/?api=1&query=38.4139347,27.1280671",node/4815186885
Izmir,İddaa,adult_gaming_centre,,,,,,,,,,,38.4694808,27.0975369,"https://www.google.com/maps/search/?api=1&query=38.4694808,27.0975369",node/9004094497
Izmir,İl Eğitim Tarihi Müzesi,museum,,,,,,,,,,,38.4287828,27.1405152,"https://www.google.com/maps/search/?api=1&query=38.4287828,27.1405152",way/866732643
Izmir,İnciraltı Açık Hava Tiyatrosu,theatre,,,,,,,,,,,38.4093790,27.0372189,"https://www.google.com/maps/search/?api=1&query=38.4093790,27.0372189",way/387585324
Izmir,İsmail Cem Kültür Merkezi,arts_centre,,,,,,,,,,,38.4959453,27.1121247,"https://www.google.com/maps/search/?api=1&query=38.4959453,27.1121247",way/388941466
Izmir,İsmet İnönü Sanat Merkezi,theatre,,,,,,,,,,,38.4306688,27.1437925,"https://www.google.com/maps/search/?api=1&query=38.4306688,27.1437925",way/256317187
Izmir,İzmir Arena,nightclub,,,,,,,,,,,38.4649997,27.1447642,"https://www.google.com/maps/search/?api=1&query=38.4649997,27.1447642",way/153771668
Izmir,İzmir Basın Anı Evi,museum,,,,,,,,,,,38.4213984,27.1473401,"https://www.google.com/maps/search/?api=1&query=38.4213984,27.1473401",way/1425646740
Izmir,İzmir Bergama Müzesi,museum,,,,,,,,,,,39.1164308,27.1757876,"https://www.google.com/maps/search/?api=1&query=39.1164308,27.1757876",way/377274260
Izmir,İzmir Bergama Müzesi,museum,,,,,,,,Cumhuriyet Caddesi,Bergama,Zafer Mahallesi,39.1164798,27.1756930,"https://www.google.com/maps/search/?api=1&query=39.1164798,27.1756930",relation/18734984
Izmir,İzmir Bergama SineGama,cinema,,,,,,,,,,,39.1140887,27.1759638,"https://www.google.com/maps/search/?api=1&query=39.1140887,27.1759638",node/12587817282
Izmir,İzmir Büyükşehir Belediyesi Şehir Tiyatroları Elhamra Sahnesi,theatre,,,,,,,,,Konak,,38.4165917,27.1293237,"https://www.google.com/maps/search/?api=1&query=38.4165917,27.1293237",node/8440636435
Izmir,İzmir Cumhuriyet Eğitim Müzesi,museum,,,,,,,,,,,38.4068830,27.1079870,"https://www.google.com/maps/search/?api=1&query=38.4068830,27.1079870",way/1446716844
Izmir,İzmir Cumhuriyet Eğitim Müzesi,museum,,,https://turkmia.org,,,,,,,,38.4069234,27.1079423,"https://www.google.com/maps/search/?api=1&query=38.4069234,27.1079423",way/1446716845
Izmir,İzmir Devlet Tiyatrosu Konak Sahnesi,theatre,,+90 232 445 34 55,,,,,,,,,38.4147516,27.1235531,"https://www.google.com/maps/search/?api=1&query=38.4147516,27.1235531",way/867065417
Izmir,İzmir Doğal Yaşam Parkı,zoo,,,,,,,,,,,38.4901276,26.9635197,"https://www.google.com/maps/search/?api=1&query=38.4901276,26.9635197",way/82627305
Izmir,İzmir Etnografya Müzesi,museum,,,,,off,,,,,,38.4137488,27.1284837,"https://www.google.com/maps/search/?api=1&query=38.4137488,27.1284837",node/4815186884
Izmir,İzmir İş Sanat Galerisi,gallery,,,,,,,,,,,38.4181945,27.1291843,"https://www.google.com/maps/search/?api=1&query=38.4181945,27.1291843",node/5286100431
Izmir,İzmir Kadın Müzesi,museum,,,,,,,,,,,38.4210971,27.1423240,"https://www.google.com/maps/search/?api=1&query=38.4210971,27.1423240",way/866758590
Izmir,İzmir Kültür Sanat Fabrikası,arts_centre,,,https://izmirkultursanatfabrikasi.gov.tr,,09:00-23:00,,,Ziya Gökalp Bulvarı 36,Konak,Mimar Sinan Mahallesi,38.4361852,27.1484597,"https://www.google.com/maps/search/?api=1&query=38.4361852,27.1484597",way/1167760456
Izmir,İzmir Memleket Sağlık Müzesi,museum,,,,,,,,,,,38.4150644,27.1293065,"https://www.google.com/maps/search/?api=1&query=38.4150644,27.1293065",node/12814101381
Izmir,İzmir Müze Gemiler Müdürlüğü,museum,,+90 232 278 52 34,http://izmirmuzegemiler.dzkk.tsk.tr/,,Tu-Su 09:00-17:00,,,,,,38.4121444,27.0339596,"https://www.google.com/maps/search/?api=1&query=38.4121444,27.0339596",node/5494664308
Izmir,İzmir Resim ve Heykel Müzesi,museum,,,https://izmirkultursanatfabrikasi.gov.tr/en/muzeler/izmir-resim-heykel-muzesi,,Mo-Su 09:00-21:00,,,Ziya Gökalp Bulvarı 36,Konak,Mimar Sinan Mahallesi,38.4356677,27.1484966,"https://www.google.com/maps/search/?api=1&query=38.4356677,27.1484966",node/12972876696
Izmir,İzmir Resim ve Heykel Müzesi,museum,,,,,,,,,,,38.4356395,27.1485694,"https://www.google.com/maps/search/?api=1&query=38.4356395,27.1485694",way/182778344
Izmir,İzmir Tarih ve Sanat Müzesi,museum,,,https://izmirkultursanatfabrikasi.gov.tr/en/muzeler/iksf,,Mo-Su 09:00-21:00,,,Ziya Gökalp Bulvarı 36,Konak,Mimar Sinan Mahallesi,38.4362074,27.1481599,"https://www.google.com/maps/search/?api=1&query=38.4362074,27.1481599",node/12972876695
Izmir,Jackson's,nightclub,,,,,,,,,,,38.4373219,27.1427217,"https://www.google.com/maps/search/?api=1&query=38.4373219,27.1427217",node/5217518522
Izmir,Kardeşler Bay & Bayan Oyun Salonu,adult_gaming_centre,,,,,,,,,,,38.4922680,27.0715653,"https://www.google.com/maps/search/?api=1&query=38.4922680,27.0715653",node/11294851283
Izmir,Karşıyaka Belediyesi Bilim Müzesi,museum,,,,,,,,,,,38.4753617,27.0803730,"https://www.google.com/maps/search/?api=1&query=38.4753617,27.0803730",way/911768245
Izmir,Karşıyaka Belediyesi Hamza Rüstem Fotoğraf Evi,museum,,,,,Mo-Sa 08:00-17:00,,,6522. Sokak No:8,Karşıyaka,Yalı Mahallesi,38.4795473,27.0762221,"https://www.google.com/maps/search/?api=1&query=38.4795473,27.0762221",way/1085552447
Izmir,Karşıyaka Belediyesi Suat Taşer Sanat Merkezi,theatre,,,,,,,,,,,38.4543012,27.0996585,"https://www.google.com/maps/search/?api=1&query=38.4543012,27.0996585",way/377719863
Izmir,Karşıyaka Spor Tarihi Müzesi,museum,,,,,,,,2040.Sokak No:19,Karşıyaka,Mavişehir Mahallesi,38.4677091,27.0688861,"https://www.google.com/maps/search/?api=1&query=38.4677091,27.0688861",way/383189685
Izmir,Kent Belleği Müzesi,museum,,,,,Sa 10:00-15:00; Mo-Fr 08:30-17:30,,,,,,37.9508873,27.3711882,"https://www.google.com/maps/search/?api=1&query=37.9508873,27.3711882",way/277610264
Izmir,Key Museum,museum,,,https://keymuseum.com,,,,,,,,38.2015403,27.3487915,"https://www.google.com/maps/search/?api=1&query=38.2015403,27.3487915",way/155462550
Izmir,Kristal Düğün Salonu,dance,,,,,,,,,,,38.3855840,27.1755874,"https://www.google.com/maps/search/?api=1&query=38.3855840,27.1755874",way/690091304
Izmir,Kurtuluşumuzun 100. Yılı Anı Evi,museum,,,,,,,,,,,38.4156134,27.1343152,"https://www.google.com/maps/search/?api=1&query=38.4156134,27.1343152",node/11760328979
Izmir,Köstem Zeytinyağı Müzesi,museum,,,,,,,,,,,38.2901113,26.5551474,"https://www.google.com/maps/search/?api=1&query=38.2901113,26.5551474",way/912209889
Izmir,Köy Enstitüleri Anı ve Kültür Evi,museum,,,,,,,,,,,38.4154116,27.1343628,"https://www.google.com/maps/search/?api=1&query=38.4154116,27.1343628",node/11760328980
Izmir,Kültür ve Sanat Evi,arts_centre,,,,,,,,,,,38.4571213,27.2165824,"https://www.google.com/maps/search/?api=1&query=38.4571213,27.2165824",way/738172392
Izmir,LetsPlaystation,amusement_arcade,,,,,,,,,,,38.4315166,27.2055377,"https://www.google.com/maps/search/?api=1&query=38.4315166,27.2055377",node/13456816568
Izmir,Lunapark ve Fuar Alanı,theme_park,,,,,,,,,,,38.2299763,27.9920696,"https://www.google.com/maps/search/?api=1&query=38.2299763,27.9920696",way/110948888
Izmir,Mask Müzesi,museum,,,,,,,,,,,38.4357339,27.1421208,"https://www.google.com/maps/search/?api=1&query=38.4357339,27.1421208",node/8425783259
Izmir,Mega Night Club,nightclub,,,,,,,,,,,38.4273811,27.1337207,"https://www.google.com/maps/search/?api=1&query=38.4273811,27.1337207",node/7834102979
Izmir,Mehmet Tüzüm Kızılcan Sanat Galerisi,gallery,,,,,,,,,,,38.4270329,27.1429705,"https://www.google.com/maps/search/?api=1&query=38.4270329,27.1429705",node/13201429457
Izmir,Monk Artroom,gallery,,,,,,,,,,,38.4195263,27.1339746,"https://www.google.com/maps/search/?api=1&query=38.4195263,27.1339746",node/13124851328
Izmir,My Cinelife,cinema,,,,,,,,,,,38.3355571,26.7703637,"https://www.google.com/maps/search/?api=1&query=38.3355571,26.7703637",node/11626920103
Izmir,Nasreddin Hoca Çocuk Kültür Bilim Merkezi,museum,,,https://nasreddinhocackbm.karabaglar.bel.tr/,,10:00-16:00,,,3945/6 Sokak 11,Karabağlar,,38.3561055,27.0952662,"https://www.google.com/maps/search/?api=1&query=38.3561055,27.0952662",node/12169547592
Izmir,Necati Cumalı Müzesi,museum,,,,,,,,,,,38.3230699,26.7639569,"https://www.google.com/maps/search/?api=1&query=38.3230699,26.7639569",node/5265478638
Izmir,Oasis Aquapark,water_park,,,,,,,,,,,38.2959029,26.3804486,"https://www.google.com/maps/search/?api=1&query=38.2959029,26.3804486",way/687101043
Izmir,Okaliptuslandsafari,zoo,,,,,,,,Kuşadası - Selçuk Eski Yolu,Selçuk,Atatürk Mahallesi,37.9487883,27.2847931,"https://www.google.com/maps/search/?api=1&query=37.9487883,27.2847931",node/2871240687
Izmir,Olgunlaşma Enstitüleri İzmir Kültür Sanat Merkezi,arts_centre,,,,,,,,,,,38.4556174,27.1199982,"https://www.google.com/maps/search/?api=1&query=38.4556174,27.1199982",node/7814490107
Izmir,Orkide Düğün Bahçeleri,dance,,,,,,,,,,,38.4948137,26.9998148,"https://www.google.com/maps/search/?api=1&query=38.4948137,26.9998148",node/11083891780
Izmir,osmangazi dugun salonu,events_venue,,,,,,,,,,,38.4707659,27.1856492,"https://www.google.com/maps/search/?api=1&query=38.4707659,27.1856492",node/3609960777
Izmir,Paribu Cineverse,cinema,,,,,,,,,,,38.4503198,27.2088185,"https://www.google.com/maps/search/?api=1&query=38.4503198,27.2088185",node/6818063229
Izmir,Paribu Cineverse,cinema,,,,,,,,,,,38.4229030,27.1296554,"https://www.google.com/maps/search/?api=1&query=38.4229030,27.1296554",node/10031675870
Izmir,Paribu Cineverse,cinema,,,,,,,,,,,38.4035191,27.1286139,"https://www.google.com/maps/search/?api=1&query=38.4035191,27.1286139",node/11337126244
Izmir,Paribu Cineverse,cinema,,,,,,,,,,,38.4788622,27.0738637,"https://www.google.com/maps/search/?api=1&query=38.4788622,27.0738637",node/11337126245
Izmir,Paribu Cineverse,cinema,,,,,,,,,,,38.3389605,27.1348607,"https://www.google.com/maps/search/?api=1&query=38.3389605,27.1348607",node/11337177530
Izmir,Paribu Cineverse,cinema,,,,,,,,,,,38.4306865,27.2097803,"https://www.google.com/maps/search/?api=1&query=38.4306865,27.2097803",node/11337177536
Izmir,Paribu Cineverse İzmir Optimum,cinema,,,,,,,,,,,38.3364971,27.1354848,"https://www.google.com/maps/search/?api=1&query=38.3364971,27.1354848",node/11624037267
Izmir,Paribu Cineverse Mavibahçe,cinema,,,,,Mo-Su 10:00-22:00,,,Cahar Dudayev Bulvarı Kat:3,Karşıyaka,Mavişehir Mah.,38.4746178,27.0748585,"https://www.google.com/maps/search/?api=1&query=38.4746178,27.0748585",node/4581182721
Izmir,Phoenix,gallery,,,,,,,,,,,37.9518763,27.3658604,"https://www.google.com/maps/search/?api=1&query=37.9518763,27.3658604",node/3561570126
Izmir,Play Bowling,bowling_alley,,,,,,,,,,,38.3365140,27.1354509,"https://www.google.com/maps/search/?api=1&query=38.3365140,27.1354509",node/11624047677
Izmir,Play Park,amusement_arcade,,,www.ps5cafe.com,,,,yes,167. Sokak 12A,Bornova,Kazim Dirik Mahallesi,38.4590347,27.2123848,"https://www.google.com/maps/search/?api=1&query=38.4590347,27.2123848",node/9023659671
Izmir,Playland,amusement_arcade,,,,,,,,,,,38.3365105,27.1354894,"https://www.google.com/maps/search/?api=1&query=38.3365105,27.1354894",node/11624047678
Izmir,Profesör Doktor Yusuf Vardar Mötbe Kültür Merkezi,arts_centre,,,,,,,,,,,38.4578339,27.2316559,"https://www.google.com/maps/search/?api=1&query=38.4578339,27.2316559",way/738172398
Izmir,RHYTHM Dance Academy,dance,,+90 552 219 68 69,,,,,,1480. Sokak,,,38.4388360,27.1426293,"https://www.google.com/maps/search/?api=1&query=38.4388360,27.1426293",node/9425818758
Izmir,Sahne Tozu Tiyatrosu,theatre,,,,,,,,,,,38.4162393,27.1285009,"https://www.google.com/maps/search/?api=1&query=38.4162393,27.1285009",node/9838495599
Izmir,Sahne Tozu Tiyatrosu Göksel Kortay Sahnesi,theatre,,,,,,,,,,,38.4237721,27.1324290,"https://www.google.com/maps/search/?api=1&query=38.4237721,27.1324290",node/9009802250
Izmir,Sanat Galerisi,gallery,,,,,,,,,,,38.4174762,27.1282704,"https://www.google.com/maps/search/?api=1&query=38.4174762,27.1282704",node/10311961457
Izmir,Selahattin Akçiçek Kültür Merkezi,theatre,,,,,,,,,,,38.4108375,27.1279377,"https://www.google.com/maps/search/?api=1&query=38.4108375,27.1279377",node/3144241958
Izmir,Selçuk Efes Müzesi,museum,,,,,Mo-Su 08:00-18:00,,,,,,37.9489945,27.3678537,"https://www.google.com/maps/search/?api=1&query=37.9489945,27.3678537",node/785102629
Izmir,Sergül Okay Sanat Galerisi,gallery,,,,,,,,,,,38.4298607,27.1351328,"https://www.google.com/maps/search/?api=1&query=38.4298607,27.1351328",node/13082152452
Izmir,Seyir Tepe Park Alanı,theme_park,,,,,,,,,,,38.4905127,27.1243919,"https://www.google.com/maps/search/?api=1&query=38.4905127,27.1243919",way/387245824
Izmir,Site Sinemaları,cinema,,+90232 373 73 20,https://www.sitesinemalari.com/,,,,,,,,38.4567798,27.2465435,"https://www.google.com/maps/search/?api=1&query=38.4567798,27.2465435",node/2870789533
Izmir,Sokak Sanatçıları Derneği,arts_centre,,,,,,,,Cumhuriyet Bulvarı 54,Konak,Akdeniz Mah.,38.4230362,27.1316179,"https://www.google.com/maps/search/?api=1&query=38.4230362,27.1316179",node/6044029560
Izmir,Su Ürünleri Fakültesi Deniz Canlıları Koleksiyon Merkezi,museum,,,,,,,,,Çiğli,Balatçık Mahallesi,38.5090145,27.0323272,"https://www.google.com/maps/search/?api=1&query=38.5090145,27.0323272",way/868505901
Izmir,Sığacık Tema Lunapark,theme_park,,,,,,,,,,,38.1913715,26.7845758,"https://www.google.com/maps/search/?api=1&query=38.1913715,26.7845758",node/5058271392
Izmir,Tarihi Bıçakçı Han,museum,,,,,,,,,,,38.4221382,27.1453068,"https://www.google.com/maps/search/?api=1&query=38.4221382,27.1453068",node/13112626676
Izmir,Taş Mektep Müzesi,museum,,,,,,,,,,,37.9445451,27.4327603,"https://www.google.com/maps/search/?api=1&query=37.9445451,27.4327603",way/92004685
Izmir,TCDD Resim Sergi Salonu,gallery,,,,,,,,,,,38.4385142,27.1479383,"https://www.google.com/maps/search/?api=1&query=38.4385142,27.1479383",node/11197213174
Izmir,TCG Ege,museum,,,,,,,,,,,38.4124810,27.0347994,"https://www.google.com/maps/search/?api=1&query=38.4124810,27.0347994",way/173066984
Izmir,TCG Pirireis,museum,,,,,,,,,,,38.4123673,27.0348246,"https://www.google.com/maps/search/?api=1&query=38.4123673,27.0348246",way/173066986
Izmir,Teos Tiyatrosu,theatre,,,,,,,,,,,38.1800073,26.7875709,"https://www.google.com/maps/search/?api=1&query=38.1800073,26.7875709",way/183300994
Izmir,Tren Port Alaçati,nightclub,,,,,,,,,,,38.2512724,26.3838944,"https://www.google.com/maps/search/?api=1&query=38.2512724,26.3838944",node/8751593617
Izmir,Tuti & Hayalgraf Atölye,arts_centre,,,,,,,,,,,38.4662096,27.0946887,"https://www.google.com/maps/search/?api=1&query=38.4662096,27.0946887",node/8100486061
Izmir,Unreal Espor Salonu,amusement_arcade,,,,,,,,,,,38.4616689,27.2113695,"https://www.google.com/maps/search/?api=1&query=38.4616689,27.2113695",node/14048828990
Izmir,Urla Belediyesi Kent Tarihi ve Arşivi,museum,,,https://ukta.com.tr/,,,,,,,,38.3231507,26.7687072,"https://www.google.com/maps/search/?api=1&query=38.3231507,26.7687072",way/1540964911
Izmir,Urla Bilim ve Sanat Merkezi,arts_centre,,,,,,,,,,,38.3250863,26.7570988,"https://www.google.com/maps/search/?api=1&query=38.3250863,26.7570988",way/232145840
Izmir,Viski Müzesi,museum,,,,,,,,,,,38.3604062,26.7791517,"https://www.google.com/maps/search/?api=1&query=38.3604062,26.7791517",way/891435527
Izmir,Yalı Castle Aquapark,water_park,,+90 232 793 11 00,https://gumulduraquapark.com.tr/,,Mo-Su 10:00-18:00,,,Sahil Cd. No:47,Menderes,Gümüldür Atatürk Mahallesi,38.0641653,27.0027022,"https://www.google.com/maps/search/?api=1&query=38.0641653,27.0027022",way/461860303
Izmir,Yalın,nightclub,,,,,24/7,,,,,,38.4308924,27.1404811,"https://www.google.com/maps/search/?api=1&query=38.4308924,27.1404811",node/9815721520
Izmir,Yaşar Müzesi,museum,,,,,,,,Şehitler Caddesi,Konak,Umurbey Mahallesi,38.4379857,27.1617874,"https://www.google.com/maps/search/?api=1&query=38.4379857,27.1617874",way/152758467
Izmir,Yeni Vesile,nightclub,,,,,,,,1469 Sk 32,,,38.4391022,27.1444778,"https://www.google.com/maps/search/?api=1&query=38.4391022,27.1444778",node/5287461186
Izmir,Yıldız Kent Arşivi ve Müzesi,museum,,,,,,,,,,,38.2271277,27.9698115,"https://www.google.com/maps/search/?api=1&query=38.2271277,27.9698115",node/7881034486
Izmir,Ziya Gökalp Sanat ve Kültür Merkezi,theatre,,,,,,,,,,,38.4683011,27.1129125,"https://www.google.com/maps/search/?api=1&query=38.4683011,27.1129125",way/163074177
Izmir,Zübeyde Hanım Eğitim ve Müze Gemisi,museum,,,,,,,,,,,38.4255223,27.1315859,"https://www.google.com/maps/search/?api=1&query=38.4255223,27.1315859",node/12593565908
Izmir,Çakırağa Konağı,museum,,,,,,,,,,,38.2559846,28.0653638,"https://www.google.com/maps/search/?api=1&query=38.2559846,28.0653638",way/1289268763
Izmir,Çetin Emeç Sanat Galerisi,gallery,,,,,,,,,,,38.4218751,27.1329183,"https://www.google.com/maps/search/?api=1&query=38.4218751,27.1329183",node/627688511
Izmir,Çeşme Açık Hava Tiyatrosu,theatre,,,,,,,,,,,38.3226215,26.3086718,"https://www.google.com/maps/search/?api=1&query=38.3226215,26.3086718",way/505136132
Izmir,Çeşme Kent Belleği,museum,,,,,Tu-Su 10:00-18:30,,,13,Çeşme,16 Eylül Mahallesi,38.3241149,26.3024769,"https://www.google.com/maps/search/?api=1&query=38.3241149,26.3024769",way/1154328814
Izmir,Çeşme Müzesi,museum,,,,,,,,,,,38.3235446,26.3031973,"https://www.google.com/maps/search/?api=1&query=38.3235446,26.3031973",node/2435585670
Izmir,Çocuk Müzesi,museum,,,,,,,,,,,38.4749945,27.0834495,"https://www.google.com/maps/search/?api=1&query=38.4749945,27.0834495",way/911768244
Izmir,Çıngırock,events_venue,,,,,,,,,,,38.4593456,27.2132578,"https://www.google.com/maps/search/?api=1&query=38.4593456,27.2132578",node/11141559289
Izmir,Ödemiş Müzesi,museum,,,,,,,,,,,38.2278813,27.9888054,"https://www.google.com/maps/search/?api=1&query=38.2278813,27.9888054",node/1256873528
Izmir,Ümran Baradan Oyun ve Oyuncak Müzesi,museum,,,,,,,,,,,38.4134967,27.1267439,"https://www.google.com/maps/search/?api=1&query=38.4134967,27.1267439",way/882959220
Kahramanmaras,Afşin Kültür Merkezi Sineması,cinema,,,,,,,,,,,38.2453118,36.9157828,"https://www.google.com/maps/search/?api=1&query=38.2453118,36.9157828",node/2092245958
Kahramanmaras,Almina Gazinosu,nightclub,,,,,,,,,,,37.5592309,36.9272950,"https://www.google.com/maps/search/?api=1&query=37.5592309,36.9272950",way/761748882
Kahramanmaras,Amfiteatr,theatre,,,,,,,,,,,37.5840083,36.8271716,"https://www.google.com/maps/search/?api=1&query=37.5840083,36.8271716",way/583782739
Kahramanmaras,Blueland Aquapark,water_park,,,,,,,,,,,37.6044794,36.7803943,"https://www.google.com/maps/search/?api=1&query=37.6044794,36.7803943",way/707875357
Kahramanmaras,Blueland Lunapark,theme_park,,,,,,,,,,,37.6060188,36.7811447,"https://www.google.com/maps/search/?api=1&query=37.6060188,36.7811447",way/771569080
Kahramanmaras,Dondurma Müzesi,museum,,,,,,,,,,,37.5841344,36.9270195,"https://www.google.com/maps/search/?api=1&query=37.5841344,36.9270195",way/746340575
Kahramanmaras,Edebiyat Müzesi,museum,,,,,,,,,,,37.5939379,36.9296415,"https://www.google.com/maps/search/?api=1&query=37.5939379,36.9296415",way/740816861
Kahramanmaras,Germanica,museum,,,,,,,,,,,37.5761425,36.9457561,"https://www.google.com/maps/search/?api=1&query=37.5761425,36.9457561",way/1098727919
Kahramanmaras,Germanica,museum,,,,,,,,,,,37.5782729,36.9521165,"https://www.google.com/maps/search/?api=1&query=37.5782729,36.9521165",way/1098727920
Kahramanmaras,Germanica,museum,,,,,,,,,,,37.5775102,36.9465577,"https://www.google.com/maps/search/?api=1&query=37.5775102,36.9465577",way/1098727921
Kahramanmaras,Gölge Sanat Kahramanmaraş,arts_centre,,,,,,,,36009. Sokak,Dulkadiroğlu,ismetpaşa mahallesi,37.5770856,36.9305120,"https://www.google.com/maps/search/?api=1&query=37.5770856,36.9305120",node/12686802692
Kahramanmaras,Katre Garden Düğün Salonu,events_venue,,,,,,,,,,,38.0034377,36.4980892,"https://www.google.com/maps/search/?api=1&query=38.0034377,36.4980892",way/1548333421
Kahramanmaras,Kurtuluş Müzesi,museum,,,,,,,,,,,37.5888578,36.9269360,"https://www.google.com/maps/search/?api=1&query=37.5888578,36.9269360",way/749221675
Kahramanmaras,Narlı Pazar Alanı ve Etkinlik Meydanı,events_venue,,,,,,,,,,,37.3909695,37.1410848,"https://www.google.com/maps/search/?api=1&query=37.3909695,37.1410848",way/1346363764
Kahramanmaras,Paribu Cineverse,cinema,,,,,,,,,,,37.5705641,36.9231642,"https://www.google.com/maps/search/?api=1&query=37.5705641,36.9231642",node/11337177535
Kahramanmaras,Pırlanta Gazinosu,nightclub,,,,,,,,,,,37.5601665,36.9280691,"https://www.google.com/maps/search/?api=1&query=37.5601665,36.9280691",way/761748886
Kahramanmaras,Senem Ayşe Konferans Salonu,arts_centre,,,,,,,,,,,37.5875682,36.8183659,"https://www.google.com/maps/search/?api=1&query=37.5875682,36.8183659",node/8820216693
Kahramanmaras,Yaprak Gazinosu,nightclub,,,,,,,,,,,37.5595876,36.9265791,"https://www.google.com/maps/search/?api=1&query=37.5595876,36.9265791",way/761748883
Kahramanmaras,Yeni Nil Gazinosu,nightclub,,,,,,,,,,,37.5595377,36.9269284,"https://www.google.com/maps/search/?api=1&query=37.5595377,36.9269284",way/761748884
Kahramanmaras,Öz Ayışığı Gazinosu,nightclub,,,,,,,,,,,37.5593783,36.9281318,"https://www.google.com/maps/search/?api=1&query=37.5593783,36.9281318",way/761748885
Karabuk,Kares Sinema,cinema,,,,,,,,,,,41.1964648,32.6174457,"https://www.google.com/maps/search/?api=1&query=41.1964648,32.6174457",node/6480432452
Karabuk,Kaymakamlar Muze,museum,,,,,,,,,,,41.2441314,32.6942259,"https://www.google.com/maps/search/?api=1&query=41.2441314,32.6942259",node/4460520394
Karabuk,Onel Sinema,cinema,,,,,,,,,,,41.1959396,32.6158520,"https://www.google.com/maps/search/?api=1&query=41.1959396,32.6158520",node/6480438021
Karabuk,Tabakhane Müzesi,museum,,+90 551 110 90 19,,,Mo-Su 10:00-22:00,,,aşağı tabakhane sokak 11,,Camikebir mahallesi,41.2424896,32.6911252,"https://www.google.com/maps/search/?api=1&query=41.2424896,32.6911252",node/9761729305
Karabuk,Tarihi Yenişehir Sineması,cinema,,,,,,,,,,,41.2023074,32.6174288,"https://www.google.com/maps/search/?api=1&query=41.2023074,32.6174288",node/13702140101
Karabuk,Tayfun Talipoglu Bam Teli Muzesi,museum,,,,,,,,,,,41.2461415,32.6901100,"https://www.google.com/maps/search/?api=1&query=41.2461415,32.6901100",node/6612926185
Karaman,15 Temmuz Konferans Salonu,cinema,,,,,,,,,,,37.1753785,33.2513444,"https://www.google.com/maps/search/?api=1&query=37.1753785,33.2513444",node/6937243985
Karaman,Amfi Tiyatro,theatre,,,,,,,,,,,37.1768183,33.2575391,"https://www.google.com/maps/search/?api=1&query=37.1768183,33.2575391",way/1388994291
Karaman,Belediye D.Salonu,theatre,,,,,,,,,,,37.1967718,33.0306126,"https://www.google.com/maps/search/?api=1&query=37.1967718,33.0306126",node/1876603303
Karaman,Hisar Düğün Salonu,dance,,,,,,,,,,,37.2273130,32.9557256,"https://www.google.com/maps/search/?api=1&query=37.2273130,32.9557256",way/477453720
Karaman,Karaman Müzesi,museum,,,,,,,,,,,37.1825601,33.2116818,"https://www.google.com/maps/search/?api=1&query=37.1825601,33.2116818",way/998973655
Karaman,Tol Medrese,museum,,,https://www.ermenek.gov.tr/tolmedrese,,,,,,,,36.6390131,32.8878496,"https://www.google.com/maps/search/?api=1&query=36.6390131,32.8878496",way/993683702
Kars,Kafkas Cephesi Harp Tarihi Müzesi,museum,,,,,Tu-Su 08:00-17:00,,,,,,40.5908890,43.0957367,"https://www.google.com/maps/search/?api=1&query=40.5908890,43.0957367",way/1058901042
Kars,Kars Müzesi̇,museum,,+90 474 212 38 17,"http://www.karskulturturizm.gov.tr/TR,54869/muzeler.html",,"Tu-Su 08:30-12:30,13:30-17:00",,,Cumhuriyet Caddesi,,,40.6133509,43.1101093,"https://www.google.com/maps/search/?api=1&query=40.6133509,43.1101093",way/455450081
Kars,Peynir Müzesi,museum,,,https://www.karspeynirmuzesi.org/,,Mo-Su 09:00-18:00,,,,,,40.6015803,43.0904907,"https://www.google.com/maps/search/?api=1&query=40.6015803,43.0904907",node/9860883418
Kastamonu,İsmail Bey Külliyesi,museum,,,,,,,,,,,41.3839431,33.7775382,"https://www.google.com/maps/search/?api=1&query=41.3839431,33.7775382",way/310949903
Kastamonu,Kastamonu Arkeoloji Müzesi,museum,,,,,,,,,,,41.3736185,33.7756367,"https://www.google.com/maps/search/?api=1&query=41.3736185,33.7756367",way/217743159
Kastamonu,Kastamonu CineGold,cinema,,,,,,,,,,,41.3640695,33.7671255,"https://www.google.com/maps/search/?api=1&query=41.3640695,33.7671255",node/10126682807
Kastamonu,Kastamonu Kent Tarihi Müzesi,museum,,,http://www.kastamonukentmuzesi.gov.tr/index.php,,Mo-Su 08:30-17:30,,,10 Aralık Caddesi 24/3,Merkez,Cebrail Mahallesi,41.3756800,33.7785684,"https://www.google.com/maps/search/?api=1&query=41.3756800,33.7785684",node/12005804834
Kastamonu,Konser Alanı,events_venue,,,,,,,,,,,41.9799110,34.0071437,"https://www.google.com/maps/search/?api=1&query=41.9799110,34.0071437",way/909156166
Kastamonu,Liva Paşa Etnografya Müzesi,museum,,,,,,,,,,,41.3750651,33.7754999,"https://www.google.com/maps/search/?api=1&query=41.3750651,33.7754999",way/225418788
Kastamonu,Osmanlı Cafe & Bilardo,amusement_arcade,,,,,,,,,,,41.0102736,34.0476936,"https://www.google.com/maps/search/?api=1&query=41.0102736,34.0476936",node/6621138713
Kastamonu,pompeipolis,museum,,,,,,,,,,,41.5210971,34.2160942,"https://www.google.com/maps/search/?api=1&query=41.5210971,34.2160942",node/8486952317
Kastamonu,Rıfat Ilgaz Kültür Merkezi,arts_centre,,,,,,,,,,,41.3756013,33.7782326,"https://www.google.com/maps/search/?api=1&query=41.3756013,33.7782326",way/175354757
Kastamonu,Saat Kulesi,museum,,,,,,,,,,,41.3746097,33.7787673,"https://www.google.com/maps/search/?api=1&query=41.3746097,33.7787673",way/217398148
Kastamonu,Saray Hamamı Kültür ve Sanat Merkezi,arts_centre,,,,,,,,,,,41.3753114,33.7780663,"https://www.google.com/maps/search/?api=1&query=41.3753114,33.7780663",way/277512767
Kastamonu,Şeyh Şaban-I Veli Külliyesi,museum,,,,,,,,,,,41.3746211,33.7643242,"https://www.google.com/maps/search/?api=1&query=41.3746211,33.7643242",way/225426624
Kayseri,Alice Deluxe Balo ve Ziyafet Salonları,events_venue,,,https://alicedeluxe.com/,,,,,Murat Caddesi 45,Kocasinan,Mimarsinan,38.7354403,35.5094603,"https://www.google.com/maps/search/?api=1&query=38.7354403,35.5094603",node/13077633014
Kayseri,Atatürk Evi Müzesi,museum,,,,,,,,,,,38.7191523,35.4904137,"https://www.google.com/maps/search/?api=1&query=38.7191523,35.4904137",way/407744366
Kayseri,Açık Hava Tiyatro,theatre,,,,,,,,,,,38.7258593,35.4822684,"https://www.google.com/maps/search/?api=1&query=38.7258593,35.4822684",way/406605679
Kayseri,B.Belediye Konservatuarı,arts_centre,,,,,,,,,,,38.7164369,35.4863655,"https://www.google.com/maps/search/?api=1&query=38.7164369,35.4863655",way/887847714
Kayseri,Bird museum,museum,,,,,,,,,,,38.2432727,35.1985123,"https://www.google.com/maps/search/?api=1&query=38.2432727,35.1985123",node/10108354284
Kayseri,Cinefora,cinema,,,,,,,,,,,38.7865245,35.6061344,"https://www.google.com/maps/search/?api=1&query=38.7865245,35.6061344",node/9277698328
Kayseri,Erciyes Kültür Merkezi,arts_centre,,,,,,,,,,,38.6993897,35.5291505,"https://www.google.com/maps/search/?api=1&query=38.6993897,35.5291505",way/662135718
Kayseri,Eski Kayseri Arkeoloji Müzesi,museum,,,,,,,,,,,38.7166742,35.4994027,"https://www.google.com/maps/search/?api=1&query=38.7166742,35.4994027",way/254493424
Kayseri,Gevher Nesibe Medresesi,museum,,,,,Tu-Su 09:00-17:00,,,,,,38.7241141,35.4840739,"https://www.google.com/maps/search/?api=1&query=38.7241141,35.4840739",relation/7641623
Kayseri,Gezegen Premium Düğün Salonu,events_venue,,,,,,,,Çakır Sok. 11,Talas,Yenidoğan Mah.,38.6975448,35.5471888,"https://www.google.com/maps/search/?api=1&query=38.6975448,35.5471888",way/411417359
Kayseri,Gültepe kültür merkezi,theatre,,,,,,,,ORG. HULUSİ AKAR BULVARI,,,38.7144482,35.5025960,"https://www.google.com/maps/search/?api=1&query=38.7144482,35.5025960",node/12432328702
Kayseri,Kadir Has Kent Müzesi,museum,,,,,,,,,,,38.7468838,35.4914337,"https://www.google.com/maps/search/?api=1&query=38.7468838,35.4914337",way/403858215
Kayseri,Kayseri Arkeoloji Müzesi,museum,,+90 352 222 21 48,https://muze.gov.tr/muze-detay?SectionId=KAR01&DistId=MRK,,Mo-Su 08:30-17:00,,,Kazancılar Çarşısı 2,Melikgazi,"Kayseri Kalesi içi Cumhuriyet Meydanı, Kazancılar Caddesi No:2 Melikgazi/Kayseri",38.7210638,35.4884747,"https://www.google.com/maps/search/?api=1&query=38.7210638,35.4884747",node/12025416061
Kayseri,Kayseri Devlet Tiyatrosu,theatre,,,,,,,,,,,38.7257915,35.4859593,"https://www.google.com/maps/search/?api=1&query=38.7257915,35.4859593",way/407185685
Kayseri,Kumarlı Parkı,theme_park,,,,,,,,,,,38.7648193,35.5635088,"https://www.google.com/maps/search/?api=1&query=38.7648193,35.5635088",way/127786272
Kayseri,Merve Düğün Salonu,dance,,,,,,,,,,,38.7172677,35.4849926,"https://www.google.com/maps/search/?api=1&query=38.7172677,35.4849926",node/5272592521
Kayseri,Milli Mücadele Müzesi,museum,,,,,,,,,,,38.7167162,35.4889900,"https://www.google.com/maps/search/?api=1&query=38.7167162,35.4889900",way/531536531
Kayseri,Paribu Cineverse,cinema,,,,,,,,,,,38.7271358,35.5180148,"https://www.google.com/maps/search/?api=1&query=38.7271358,35.5180148",node/11337126246
Kayseri,Paribu Cineverse,cinema,,,,,,,,,,,38.7237660,35.4974367,"https://www.google.com/maps/search/?api=1&query=38.7237660,35.4974367",node/11337126642
Kayseri,Playland,theme_park,,,,,,,,,,,38.7236903,35.4974653,"https://www.google.com/maps/search/?api=1&query=38.7236903,35.4974653",node/12874102291
Kayseri,Sanat Akademisi,arts_centre,,,,,,,,,,,38.6987519,35.5271908,"https://www.google.com/maps/search/?api=1&query=38.6987519,35.5271908",way/883202323
Kayseri,Sanayi Müzesi,museum,,,,,,,,,,,38.7381319,35.4734854,"https://www.google.com/maps/search/?api=1&query=38.7381319,35.4734854",way/531524670
Kayseri,Şirin Aqua Park,water_park,,,,,,,,,,,38.7406590,35.5871071,"https://www.google.com/maps/search/?api=1&query=38.7406590,35.5871071",way/260640590
Kirikkale,Paribu Cineverse Podium,cinema,,,,,,,,,,,39.8560382,33.4824486,"https://www.google.com/maps/search/?api=1&query=39.8560382,33.4824486",node/10120800744
Kirikkale,Silah Sanayi Müzesi,museum,,,,,,,,"Merkez Yahşiyan Yolu 4. Km. Makina Ve Kimya Endüstrisi Kurumu, Makina Ve Kimya Endüstrisi Kurumu İçinde",,,39.8468570,33.5153435,"https://www.google.com/maps/search/?api=1&query=39.8468570,33.5153435",node/3658121554
Kirklareli,Ali Rıza Efendi Kültür Evi,museum,,,,,,,,,,,41.7397437,27.2237566,"https://www.google.com/maps/search/?api=1&query=41.7397437,27.2237566",way/584248854
Kirklareli,Atatürk Kültür Merkezi,arts_centre,,,,,,,,,Lüleburgaz,Gündoğu Mahallesi,41.4358847,27.5844819,"https://www.google.com/maps/search/?api=1&query=41.4358847,27.5844819",way/557149828
Kirklareli,Aşağı Pınar Open-Air Museum,museum,,,,,,,,,,,41.7209727,27.2258622,"https://www.google.com/maps/search/?api=1&query=41.7209727,27.2258622",way/250296804
Kirklareli,By Prestige,cinema,,,,,,,,,,,41.7386105,27.2166386,"https://www.google.com/maps/search/?api=1&query=41.7386105,27.2166386",node/4552363431
Kirklareli,Büyükkarıştıran Etnografya Müzesi,museum,,,,,,,,Kervan Sokak,Lüleburgaz,Yeni Mahalle,41.2987774,27.5462619,"https://www.google.com/maps/search/?api=1&query=41.2987774,27.5462619",node/12031132580
Kirklareli,Büyükkarıştıran Kütüphanesi,museum,,,,,,,,Kervan Sokak,Lüleburgaz,Yeni Mahalle,41.2987271,27.5462618,"https://www.google.com/maps/search/?api=1&query=41.2987271,27.5462618",node/5468568077
Kirklareli,Cahit Irgat Salonu,theatre,,,,,,,,,,,41.3961873,27.3735314,"https://www.google.com/maps/search/?api=1&query=41.3961873,27.3735314",way/1498438081
Kirklareli,Düğün Salonu,dance,,,,,,,,,,,41.9435985,27.1542679,"https://www.google.com/maps/search/?api=1&query=41.9435985,27.1542679",way/1238916133
Kirklareli,Ergene Köşkü,museum,,,,,,,,,,,41.3666427,27.1494874,"https://www.google.com/maps/search/?api=1&query=41.3666427,27.1494874",way/1047545459
Kirklareli,Green Aquapark,water_park,,,https://aquaparka.com/green-aquapark.html,,,,,,,,41.4287887,27.3356774,"https://www.google.com/maps/search/?api=1&query=41.4287887,27.3356774",way/1423382446
Kirklareli,Kerim Budak Çal Salonu,theatre,,,,,,,,,,,41.3957856,27.3739623,"https://www.google.com/maps/search/?api=1&query=41.3957856,27.3739623",way/1498438080
Kirklareli,Kırklareli Atatürk Evi,museum,,,,,,,,,,,41.7384903,27.2227017,"https://www.google.com/maps/search/?api=1&query=41.7384903,27.2227017",way/1235214148
Kirklareli,Kırklareli Müzesi,museum,,,,,,,,Mustafa Kemal Bulvarı,,,41.7337075,27.2248335,"https://www.google.com/maps/search/?api=1&query=41.7337075,27.2248335",way/584248875
Kirklareli,Lüleburgaz Yıldızları Sanat Akademisi,arts_centre,,+90 288 417 10 12,https://lysa.luleburgaz.bel.tr/tr/,,24/7,,wlan,,,,41.3961075,27.3742025,"https://www.google.com/maps/search/?api=1&query=41.3961075,27.3742025",way/1498438108
Kirklareli,SS. Yeni Sanayi Kooperatifi Yazlık Düğün Salonu,nightclub,,,,,,,,,Lüleburgaz,,41.3989905,27.3770526,"https://www.google.com/maps/search/?api=1&query=41.3989905,27.3770526",node/6600867967
Kirklareli,Çakıllı Belediyesi Düğün Salonu,nightclub,,,,,,,,,,,41.5127068,27.8727423,"https://www.google.com/maps/search/?api=1&query=41.5127068,27.8727423",node/5585462912
Kirklareli,Çeşmeköy Düğün Salonu,dance,,,,,,,,,,,41.8703546,26.9940218,"https://www.google.com/maps/search/?api=1&query=41.8703546,26.9940218",way/1338844041
Kirklareli,Çok Amaçlı Sosyal Tesis,events_venue,,,,,,,,Mehmet Efendi Caddesi 43,Pınarhisar,Beylik,41.6258916,27.5240178,"https://www.google.com/maps/search/?api=1&query=41.6258916,27.5240178",way/1245062950
Kirklareli,Ürünlü Köyü Düğün Salonu,events_venue,,,,,,,,,,,41.6715425,26.9836772,"https://www.google.com/maps/search/?api=1&query=41.6715425,26.9836772",node/12236447701
Kirsehir,Ardıçlar Düğün Salonu,events_venue,,,,,,,,685.Sokak 1,Merkez,Ahievran,39.1582081,34.1570086,"https://www.google.com/maps/search/?api=1&query=39.1582081,34.1570086",way/1260615527
Kirsehir,Kalehöyük Arkeoloji Müzesi,museum,,,,,,,,,,,39.3456999,33.7909518,"https://www.google.com/maps/search/?api=1&query=39.3456999,33.7909518",way/170316520
Kirsehir,Klas Sinemaları,cinema,,,,,,,,,,,39.1484707,34.1609178,"https://www.google.com/maps/search/?api=1&query=39.1484707,34.1609178",way/448810216
Kirsehir,Neşet Ertaş Kültür Ve Sanat Merkezi,arts_centre,,,,,,,,,,,39.1386306,34.1574830,"https://www.google.com/maps/search/?api=1&query=39.1386306,34.1574830",node/12332227052
Kirsehir,Neşet Ertaş Kültür Ve Sanat Merkezi,arts_centre,,,,,,,,,,,39.1385734,34.1575784,"https://www.google.com/maps/search/?api=1&query=39.1385734,34.1575784",way/1332987055
Kocaeli,1071 Anadolu Kongre Merkezi,arts_centre,,,,,,,,,Derince,,40.7578446,29.8259509,"https://www.google.com/maps/search/?api=1&query=40.7578446,29.8259509",node/14091326547
Kocaeli,3D Yazıcı ve Tasarım Merkezi,arts_centre,,,,,,,,,İzmit,,40.7608657,29.9567582,"https://www.google.com/maps/search/?api=1&query=40.7608657,29.9567582",node/14091326548
Kocaeli,41 Burda Cinemaximum Sineması,cinema,,,,,,,,,İzmit,,40.7566084,29.9466194,"https://www.google.com/maps/search/?api=1&query=40.7566084,29.9466194",node/14091267853
Kocaeli,90+ Playstation House,amusement_arcade,,,,,,,,,,,40.7662653,29.9389357,"https://www.google.com/maps/search/?api=1&query=40.7662653,29.9389357",node/13153873513
Kocaeli,Acısu Kültür Merkezi,arts_centre,,,,,,,,,Kartepe,,40.7176218,30.1125466,"https://www.google.com/maps/search/?api=1&query=40.7176218,30.1125466",node/14091326546
Kocaeli,Alikahya Sabancı Kültür Merkezi ve Nikah Salonu,arts_centre,,,,,,,,,İzmit,,40.7710270,30.0073301,"https://www.google.com/maps/search/?api=1&query=40.7710270,30.0073301",node/14091326545
Kocaeli,AliRıza Veziroğlu Açık Hava Amfi Tiyatro Salonu,theatre,,,,,,,,,,,40.7771754,29.7341864,"https://www.google.com/maps/search/?api=1&query=40.7771754,29.7341864",way/1315337604
Kocaeli,Altınkemer Kültür Merkezi,arts_centre,,,,,,,,,Karamürsel,,40.6952004,29.6314876,"https://www.google.com/maps/search/?api=1&query=40.6952004,29.6314876",node/14091326544
Kocaeli,Amfi Tiyatro,theatre,,,,,,,,,İzmit,,40.7615344,29.9035866,"https://www.google.com/maps/search/?api=1&query=40.7615344,29.9035866",node/14091267845
Kocaeli,Amfi Tiyatro,theatre,,,,,,,,,Gölcük,,40.7206831,29.7799008,"https://www.google.com/maps/search/?api=1&query=40.7206831,29.7799008",node/14091267846
Kocaeli,Amfi Tiyatro,theatre,,,,,,,,,Körfez,,40.7761601,29.6434608,"https://www.google.com/maps/search/?api=1&query=40.7761601,29.6434608",node/14091267847
Kocaeli,Amfitiyatro,theatre,,,,,,,,,,,40.8210091,29.9240274,"https://www.google.com/maps/search/?api=1&query=40.8210091,29.9240274",way/627879414
Kocaeli,Antikkapı Düğün Salonu,dance,,,,,,,,,,,40.7586140,29.9339373,"https://www.google.com/maps/search/?api=1&query=40.7586140,29.9339373",way/1050116440
Kocaeli,Arslanbey Hasan Yılmaz Kültür Merkezi,arts_centre,,,,,,,,,Kartepe,,40.6917284,30.0301855,"https://www.google.com/maps/search/?api=1&query=40.6917284,30.0301855",node/14091326542
Kocaeli,Arızlı Kültür Merkezi,arts_centre,,,,,,,,,İzmit,,40.8007109,29.9085332,"https://www.google.com/maps/search/?api=1&query=40.8007109,29.9085332",node/14091326543
Kocaeli,Asel Sanat Okulu,arts_centre,,,,,,,,,,,40.7723415,29.9816351,"https://www.google.com/maps/search/?api=1&query=40.7723415,29.9816351",node/9861940590
Kocaeli,"Atatürk, Redif ve Etnografya Müzesi",museum,,,,,,,,,,,40.7640136,29.9213553,"https://www.google.com/maps/search/?api=1&query=40.7640136,29.9213553",way/1080801378
Kocaeli,Atölye Sanat Evi,gallery,,,,,,,,,İzmit,,40.7637169,29.9164642,"https://www.google.com/maps/search/?api=1&query=40.7637169,29.9164642",node/14091267863
Kocaeli,Aydemir Düğün Salonu,dance,,,,,,,,,,,40.7918329,29.3765259,"https://www.google.com/maps/search/?api=1&query=40.7918329,29.3765259",node/5296503822
Kocaeli,Açık Hava Tiyatrosu,theatre,,,,,,,,,,,40.7860809,29.3411944,"https://www.google.com/maps/search/?api=1&query=40.7860809,29.3411944",way/439133904
Kocaeli,BahanePlus Düğün Evi,dance,,+90 262 331 93 05,,,,,,,,,40.7620760,29.9206904,"https://www.google.com/maps/search/?api=1&query=40.7620760,29.9206904",node/9906315013
Kocaeli,Bahçecik Kültür Merkezi,arts_centre,,,,,,,,,Başiskele,,40.6752417,29.9107136,"https://www.google.com/maps/search/?api=1&query=40.6752417,29.9107136",node/14091326541
Kocaeli,Beylikbağı Kültür Sanat Merkezi,arts_centre,,,,,,,,,,,40.8060658,29.3837298,"https://www.google.com/maps/search/?api=1&query=40.8060658,29.3837298",way/1159726460
Kocaeli,Beşdivanlı Rıza Bey Amfi Tiyatrosu,theatre,,,,,,,,,,,40.9102692,29.9030963,"https://www.google.com/maps/search/?api=1&query=40.9102692,29.9030963",way/1301288238
Kocaeli,Cinebonus Sineması,cinema,,+90 2626416656,,,,,,,Gebze,,40.7954823,29.4415341,"https://www.google.com/maps/search/?api=1&query=40.7954823,29.4415341",node/14091267852
Kocaeli,CinemaPink,cinema,,+90 262 311 7743,,,,,,,,,40.7669332,29.9772080,"https://www.google.com/maps/search/?api=1&query=40.7669332,29.9772080",node/6443611525
Kocaeli,Cinepark Sineması,cinema,,+90 2623117743,,,,,,,İzmit,,40.7668653,29.9771716,"https://www.google.com/maps/search/?api=1&query=40.7668653,29.9771716",node/14091267851
Kocaeli,Cinetime Özdilek,cinema,,+90 262 371 1926,,,,,,,,,40.7450760,30.0632906,"https://www.google.com/maps/search/?api=1&query=40.7450760,30.0632906",node/6443611529
Kocaeli,Cinewest NCity,cinema,,+90 262 325 2000,,,,,,,,,40.7599966,29.9344267,"https://www.google.com/maps/search/?api=1&query=40.7599966,29.9344267",node/6443611528
Kocaeli,Deniz Düğün Salonu,events_venue,,,,,,,,,,,40.7709959,29.7913905,"https://www.google.com/maps/search/?api=1&query=40.7709959,29.7913905",way/1304308627
Kocaeli,Derbent Kültür Merkezi,arts_centre,,,,,,,,,Kartepe,,40.7088796,30.1028875,"https://www.google.com/maps/search/?api=1&query=40.7088796,30.1028875",node/14091326537
Kocaeli,Derince Belediyesi Gösteri Merkezi,theatre,,,,,,,,,,,40.7500426,29.8122575,"https://www.google.com/maps/search/?api=1&query=40.7500426,29.8122575",way/1148982753
Kocaeli,Değirmendere Açık Amfi Tiyatro,theatre,,,,,,,,,,,40.7182229,29.7710316,"https://www.google.com/maps/search/?api=1&query=40.7182229,29.7710316",way/1307046225
Kocaeli,Değirmendere Kültür Merkezi,arts_centre,,,,,,,,,Gölcük,,40.7178012,29.7717675,"https://www.google.com/maps/search/?api=1&query=40.7178012,29.7717675",node/14091326538
Kocaeli,DEĞİRMENDERE AQUAPARK,water_park,,,,,Tu-Fr 09:00-18:00; Sa-Su 09:00-18:15; PH closed,,,,,,40.7180285,29.7704474,"https://www.google.com/maps/search/?api=1&query=40.7180285,29.7704474",way/1304263616
Kocaeli,Dilovası Kültür Merkezi,arts_centre,,,,,,,,,Dilovası,,40.7848305,29.5407949,"https://www.google.com/maps/search/?api=1&query=40.7848305,29.5407949",node/14091326536
Kocaeli,Dolphin Sineması,cinema,,+90 2623235024,,,,,,,İzmit,,40.7643639,29.9398063,"https://www.google.com/maps/search/?api=1&query=40.7643639,29.9398063",node/14091267850
Kocaeli,Drama Odası,theatre,,,,,,,,,,,40.7807223,29.4841282,"https://www.google.com/maps/search/?api=1&query=40.7807223,29.4841282",node/7229187909
Kocaeli,Enjoy Bowling,bowling_alley,,,,,,,,,,,40.7666302,29.9771780,"https://www.google.com/maps/search/?api=1&query=40.7666302,29.9771780",node/9714011215
Kocaeli,Eski İzmit Tren Garı,museum,,,,,,,,,,,40.7619714,29.9162868,"https://www.google.com/maps/search/?api=1&query=40.7619714,29.9162868",way/263320866
Kocaeli,Faruk Yalçın Hayvanat Bahçesi ve Botanik Parkı,zoo,,+90 262 653 66 66,https://www.farukyalcinzoo.com/,,Mo-Su 10:00-17:00,,,Tuzla Caddesi 297,,,40.7850106,29.3686871,"https://www.google.com/maps/search/?api=1&query=40.7850106,29.3686871",way/356164174
Kocaeli,Filiz Özar Bale ve Müzik Kursu,dance,,,,,,,,,,,40.7736816,29.9784587,"https://www.google.com/maps/search/?api=1&query=40.7736816,29.9784587",node/10729925605
Kocaeli,Funny Center,amusement_arcade,,,,,,,,,,,40.7581492,29.8488896,"https://www.google.com/maps/search/?api=1&query=40.7581492,29.8488896",node/10719348571
Kocaeli,Gayret Gemi Müzesi,museum,,,https://www.kulturportali.gov.tr/turkiye/kocaeli/gezilecekyer/tcg-gayret-muzesi---zmit,,,,,,,,40.7603838,29.9168329,"https://www.google.com/maps/search/?api=1&query=40.7603838,29.9168329",node/6443611521
Kocaeli,Gebze Buz Pateni,ice_rink,,,,,,,,,,,40.8202048,29.4168981,"https://www.google.com/maps/search/?api=1&query=40.8202048,29.4168981",way/1137724581
Kocaeli,Gebze Lunapark,theme_park,,,,,,,,,,,40.8016846,29.4393265,"https://www.google.com/maps/search/?api=1&query=40.8016846,29.4393265",way/1159983768
Kocaeli,Geleneksel Türk Süsleme Sanatları Merkezi,gallery,,,,,,,,,İzmit,,40.7609316,29.9066426,"https://www.google.com/maps/search/?api=1&query=40.7609316,29.9066426",node/14091267862
Kocaeli,Gölcük Belediyesi Kazıklı Kervansaray Kültür Merkezi,arts_centre,,,,,,,,,Gölcük,,40.6941730,29.8292467,"https://www.google.com/maps/search/?api=1&query=40.6941730,29.8292467",node/14091326535
Kocaeli,Gölcük Belediyesi Sanat Galerisi,gallery,,,,,,,,,Gölcük,,40.7186345,29.8210293,"https://www.google.com/maps/search/?api=1&query=40.7186345,29.8210293",node/14091267861
Kocaeli,Güleryüz Game Arena,amusement_arcade,,,,,,,,,,,40.7553170,30.0261122,"https://www.google.com/maps/search/?api=1&query=40.7553170,30.0261122",node/10045374611
Kocaeli,Güzel Sanatlar Eğitim Merkezi,gallery,,,,,,,,,İzmit,,40.7669363,29.9406973,"https://www.google.com/maps/search/?api=1&query=40.7669363,29.9406973",node/14091267860
Kocaeli,Güzel Sanatlar Sergi Salonu,gallery,,,,,,,,,,,40.7620953,29.9173399,"https://www.google.com/maps/search/?api=1&query=40.7620953,29.9173399",way/1050116413
Kocaeli,Hanımeli Kültür Merkezi,arts_centre,,,,,,,,,İzmit,,40.7675544,29.9764287,"https://www.google.com/maps/search/?api=1&query=40.7675544,29.9764287",node/14091326534
Kocaeli,Harikalar Sahili Lunaparkı,theme_park,,,,,,,,,,,40.7495071,29.8101107,"https://www.google.com/maps/search/?api=1&query=40.7495071,29.8101107",way/1148982769
Kocaeli,Hereke Halısı Müzesi,museum,,,,,,,,,,,40.7833897,29.6149598,"https://www.google.com/maps/search/?api=1&query=40.7833897,29.6149598",way/896753178
Kocaeli,Hereke Kalesi Amfi Tiyatrosu,theatre,,,,,,,,,,,40.7842102,29.6127345,"https://www.google.com/maps/search/?api=1&query=40.7842102,29.6127345",way/1291250314
Kocaeli,HiiKids!,amusement_arcade,,,,,,,,,,,40.7722995,29.9815475,"https://www.google.com/maps/search/?api=1&query=40.7722995,29.9815475",node/9861940591
Kocaeli,İzmit Deprem Anma ve Farkındalık Müzesi,museum,,+90 2623292900,,,,,,,İzmit,,40.7825944,29.9537003,"https://www.google.com/maps/search/?api=1&query=40.7825944,29.9537003",node/14091267869
Kocaeli,İzmit Deprem Farkındalık ve Anma Müzesi,museum,,,,,,,,,,,40.7823132,29.9515469,"https://www.google.com/maps/search/?api=1&query=40.7823132,29.9515469",way/1154009694
Kocaeli,İzmit Elektronik Kent Müzesi,museum,,,,,,,,,İzmit,,40.7643990,29.9392482,"https://www.google.com/maps/search/?api=1&query=40.7643990,29.9392482",node/14091267868
Kocaeli,İzmit Sanat Galerisi,gallery,,,,,,,,,İzmit,,40.7666335,29.9285197,"https://www.google.com/maps/search/?api=1&query=40.7666335,29.9285197",node/14091267859
Kocaeli,Kaiser 2. Wilhelm Köşkü,museum,,,,,,,,,Körfez,,40.7831460,29.6156946,"https://www.google.com/maps/search/?api=1&query=40.7831460,29.6156946",node/14091267867
Kocaeli,Kandıra Akçakese Kültür Merkezi,arts_centre,,,,,,,,,Kandıra,,41.0696478,30.1535030,"https://www.google.com/maps/search/?api=1&query=41.0696478,30.1535030",node/14091326533
Kocaeli,Kandıra Belediyesi Kültür Merkezi,arts_centre,,,,,,,,,Kandıra,,41.0671091,30.1509745,"https://www.google.com/maps/search/?api=1&query=41.0671091,30.1509745",node/14091326532
Kocaeli,Karamürsel Belediyesi Kültür Merkezi,arts_centre,,,,,,,,,Karamürsel,,40.6941632,29.6154936,"https://www.google.com/maps/search/?api=1&query=40.6941632,29.6154936",node/14091326531
Kocaeli,Kasr-ı Hümayun Saray Müzesi,museum,,0,,,,,,,İzmit,,40.7630439,29.9206158,"https://www.google.com/maps/search/?api=1&query=40.7630439,29.9206158",node/14091267866
Kocaeli,Kasr-ı Hümayün Av Köşkü,museum,,,,,,,,,,,40.7630880,29.9206077,"https://www.google.com/maps/search/?api=1&query=40.7630880,29.9206077",way/223406450
Kocaeli,KBB Şehir Tiyatrosu,theatre,,,,,,,,,İzmit,,40.7658898,29.9759084,"https://www.google.com/maps/search/?api=1&query=40.7658898,29.9759084",node/14091267844
Kocaeli,Kipa Cinens,cinema,,+90 262 239 0099,,,,,,,,,40.7573761,29.8494433,"https://www.google.com/maps/search/?api=1&query=40.7573761,29.8494433",node/6443611527
Kocaeli,Kocaeli Bölge Tiyatrosu,theatre,,,,,,,,,,,40.7631832,29.9255831,"https://www.google.com/maps/search/?api=1&query=40.7631832,29.9255831",node/6443611532
Kocaeli,Kocaeli Büyükşehir Belediyesi Sanat Galerisi,gallery,,,,,,,,,İzmit,,40.7668294,29.9285590,"https://www.google.com/maps/search/?api=1&query=40.7668294,29.9285590",node/14091267858
Kocaeli,Kocaeli Etnografya ve Arkeoloji Müzesi,museum,,,,,,,,,,,40.7625259,29.9158925,"https://www.google.com/maps/search/?api=1&query=40.7625259,29.9158925",way/737391255
Kocaeli,Kocaeli Olimpik Buz Sporları Salonu,ice_rink,,,,,Mo-Fr 08:00-17:00,,,Cahide Sokak,,,40.7624289,29.8570179,"https://www.google.com/maps/search/?api=1&query=40.7624289,29.8570179",way/1060832084
Kocaeli,Kocaeli Sanat Merkezi (KSM),gallery,,,,,,,,,Körfez,,40.7724714,29.7405658,"https://www.google.com/maps/search/?api=1&query=40.7724714,29.7405658",node/14091267857
Kocaeli,Kocaeli Serbest Muhasebeci Mali Müşavirler Odası,events_venue,,,,,,,,,,,40.7764855,29.9790100,"https://www.google.com/maps/search/?api=1&query=40.7764855,29.9790100",node/9398023837
Kocaeli,Kocaeli Üniversitesi Konferans Salonu,arts_centre,,,,,,,,,İzmit,,40.8223689,29.9208347,"https://www.google.com/maps/search/?api=1&query=40.8223689,29.9208347",node/14091326530
Kocaeli,Kumru Sanat,arts_centre,,,,,,,,,,,40.7762589,29.9786092,"https://www.google.com/maps/search/?api=1&query=40.7762589,29.9786092",node/9858682202
Kocaeli,Körfez Belediyesi Kültür Merkezi,arts_centre,,,,,,,,,Körfez,,40.7784703,29.7038008,"https://www.google.com/maps/search/?api=1&query=40.7784703,29.7038008",node/14091326529
Kocaeli,Langırt ve Masa Tenisi,amusement_arcade,,,,,,,,,,,40.7805558,29.4838164,"https://www.google.com/maps/search/?api=1&query=40.7805558,29.4838164",node/7229184198
Kocaeli,Legend Playstation,amusement_arcade,,,,,,,,,,,40.7631904,29.9297323,"https://www.google.com/maps/search/?api=1&query=40.7631904,29.9297323",node/9852857386
Kocaeli,Leyla Atakan Kültür Merkezi,events_venue,,,,,,,,,,,40.7601590,29.9401227,"https://www.google.com/maps/search/?api=1&query=40.7601590,29.9401227",relation/14103090
Kocaeli,Leyla Düğün & Organizasyon,dance,,,,,,,,,,,40.7736964,29.8105190,"https://www.google.com/maps/search/?api=1&query=40.7736964,29.8105190",node/10776669570
Kocaeli,Magic Bilardo Salonu,amusement_arcade,,,,,,,,,,,40.7654823,29.9471706,"https://www.google.com/maps/search/?api=1&query=40.7654823,29.9471706",way/1060312110
Kocaeli,Maide Düğün Salonu,dance,,,,,,,,,,,40.7600389,29.8906925,"https://www.google.com/maps/search/?api=1&query=40.7600389,29.8906925",way/589009795
Kocaeli,Mevlana Kültür Merkezi,arts_centre,,,,,,,,,İzmit,,40.7737554,29.9511430,"https://www.google.com/maps/search/?api=1&query=40.7737554,29.9511430",node/14091326528
Kocaeli,Mikav Eğitim ve Kültür Merkezi,arts_centre,,,,,,,,,Başiskele,,40.7114762,29.9318481,"https://www.google.com/maps/search/?api=1&query=40.7114762,29.9318481",node/14091326527
Kocaeli,Müze,museum,,,,,,,,,,,40.7805850,29.4838683,"https://www.google.com/maps/search/?api=1&query=40.7805850,29.4838683",node/7229187905
Kocaeli,Naim Süleymanoğlu Kültür Merkezi,arts_centre,,,,,,,,,,,40.8610415,29.3731226,"https://www.google.com/maps/search/?api=1&query=40.8610415,29.3731226",node/6596338842
Kocaeli,Namazgah Kültür Merkezi,arts_centre,,,,,,,,,Kandıra,,41.0696619,30.1461040,"https://www.google.com/maps/search/?api=1&query=41.0696619,30.1461040",node/14091326526
Kocaeli,Ncity Umut Sanat Sineması,cinema,,+90 2623252000,,,,,,,İzmit,,40.7596468,29.9345039,"https://www.google.com/maps/search/?api=1&query=40.7596468,29.9345039",node/14091267849
Kocaeli,Necati Gençoğlu Kültür Merkezi,arts_centre,,,,,,,,,İzmit,,40.7807247,29.9316116,"https://www.google.com/maps/search/?api=1&query=40.7807247,29.9316116",node/14091326525
Kocaeli,Necip Fazıl Kısa Kürek Kültür Merkezi,arts_centre,,,,,,,,,Kartepe,,40.7460995,30.0143925,"https://www.google.com/maps/search/?api=1&query=40.7460995,30.0143925",node/14091326524
Kocaeli,Nill Sanat Merkezi,arts_centre,,+90 262 331 28 29,,,,,,,,,40.7698574,29.9677019,"https://www.google.com/maps/search/?api=1&query=40.7698574,29.9677019",node/12079101857
Kocaeli,Ormanya Tabiat Parkı,zoo,,,,,,,,,,,40.7329020,30.1624368,"https://www.google.com/maps/search/?api=1&query=40.7329020,30.1624368",node/6039042199
Kocaeli,Osman Hamdi Bey Kültür Merkezi,arts_centre,,,,,,,,Namık Kemal Caddesi,Gebze,Güzeller Mahallesi,40.8059992,29.4395172,"https://www.google.com/maps/search/?api=1&query=40.8059992,29.4395172",node/10605913570
Kocaeli,Osman Hamdi Bey Müzesi,museum,,,,,,,,,,,40.7693108,29.4268421,"https://www.google.com/maps/search/?api=1&query=40.7693108,29.4268421",way/457940153
Kocaeli,Osman Hamdi Bey Müzesi,museum,,,,,,,,,,,40.7695086,29.4272324,"https://www.google.com/maps/search/?api=1&query=40.7695086,29.4272324",way/457940156
Kocaeli,Oyun Salonu,amusement_arcade,,,,,,,,,,,40.7461497,30.0632470,"https://www.google.com/maps/search/?api=1&query=40.7461497,30.0632470",node/10649933085
Kocaeli,Paribu Cineverse,cinema,,,,,,,,,,,40.7955188,29.4412539,"https://www.google.com/maps/search/?api=1&query=40.7955188,29.4412539",node/6443611524
Kocaeli,Paribu Cineverse,cinema,,,,,,,,,,,40.7568511,29.9466964,"https://www.google.com/maps/search/?api=1&query=40.7568511,29.9466964",node/9576020371
Kocaeli,Paribu Cineverse,cinema,,,,,,,,,,,40.7571052,29.9459909,"https://www.google.com/maps/search/?api=1&query=40.7571052,29.9459909",node/11335763864
Kocaeli,Park Lunasan,theme_park,,+90 262 321 52 74,https://www.parklunasan.com.tr,,,,,,,,40.7590102,29.9402354,"https://www.google.com/maps/search/?api=1&query=40.7590102,29.9402354",way/587590243
Kocaeli,Pitbull Playstation,amusement_arcade,,,,,,,,,,,40.7641945,29.9293720,"https://www.google.com/maps/search/?api=1&query=40.7641945,29.9293720",node/9852857396
Kocaeli,Pişman Çocuk Aquapark,water_park,,,,,,,,,,,40.8022424,29.9680806,"https://www.google.com/maps/search/?api=1&query=40.8022424,29.9680806",way/1069421894
Kocaeli,Playpark,amusement_arcade,,,,,,,,,,,40.7572876,29.9800353,"https://www.google.com/maps/search/?api=1&query=40.7572876,29.9800353",node/9648348011
Kocaeli,Playpark,amusement_arcade,,,,,,,,,,,40.7605094,29.9343090,"https://www.google.com/maps/search/?api=1&query=40.7605094,29.9343090",node/10674686650
Kocaeli,Playpark Center,amusement_arcade,,,,,,,,,,,40.7668377,29.9773438,"https://www.google.com/maps/search/?api=1&query=40.7668377,29.9773438",node/9531897812
Kocaeli,Radio Beach,nightclub,,,,,,,,,,,41.1969169,30.2606982,"https://www.google.com/maps/search/?api=1&query=41.1969169,30.2606982",node/11278532758
Kocaeli,Resim Evi,gallery,,,,,,,,,Gölcük,,40.7209698,29.7797174,"https://www.google.com/maps/search/?api=1&query=40.7209698,29.7797174",node/14091267855
Kocaeli,Rıdvan Çetin Kültür Merkezi,arts_centre,,,,,,,,,Kartepe,,40.7147636,30.0149773,"https://www.google.com/maps/search/?api=1&query=40.7147636,30.0149773",node/14091326523
Kocaeli,Sabancı Kültür Merkezi,arts_centre,,,,,,,,,,,40.7605174,29.9316978,"https://www.google.com/maps/search/?api=1&query=40.7605174,29.9316978",way/375837436
Kocaeli,Sabancı Kültür Sitesi,arts_centre,,,,,,,,,İzmit,,40.7606858,29.9318222,"https://www.google.com/maps/search/?api=1&query=40.7606858,29.9318222",node/14091326522
Kocaeli,Salon Grand Toplak Mutlukent,events_venue,,,,,,,,,,,40.8267065,29.4176520,"https://www.google.com/maps/search/?api=1&query=40.8267065,29.4176520",node/10778111587
Kocaeli,Salon İlbeyoğlu,dance,,,,,,,,,,,40.7815896,29.3951211,"https://www.google.com/maps/search/?api=1&query=40.7815896,29.3951211",node/5296343848
Kocaeli,Salon Royal Toprak,events_venue,,,,,,,,,,,40.8269531,29.4178731,"https://www.google.com/maps/search/?api=1&query=40.8269531,29.4178731",node/10778111597
Kocaeli,Sanat Galerisi,gallery,,,,,,,,,Gebze,,40.7694252,29.4271992,"https://www.google.com/maps/search/?api=1&query=40.7694252,29.4271992",node/14091267854
Kocaeli,Sanatçı Ali Efendi Konağı Etnografya Müzesi,museum,,,,,,,,,,,40.7680977,29.9246994,"https://www.google.com/maps/search/?api=1&query=40.7680977,29.9246994",way/1091820948
Kocaeli,Seka Kağıt Müzesi Dokümantasyon Merkezi,museum,,,,,,,,,İzmit,,40.7607106,29.9065862,"https://www.google.com/maps/search/?api=1&query=40.7607106,29.9065862",node/14091267865
Kocaeli,Seka Mehmet Ali Kağıtçı Kağıt Müzesi,museum,,,https://sekakagitmuzesi.com/,,,,,,,Kozluk Mahallesi,40.7626766,29.9079641,"https://www.google.com/maps/search/?api=1&query=40.7626766,29.9079641",way/1157956158
Kocaeli,Seka Park Otel Düğün Salonu,dance,,,,,,,,,,,40.7602348,29.9074229,"https://www.google.com/maps/search/?api=1&query=40.7602348,29.9074229",way/1050126446
Kocaeli,Sergi Salonu ve Atölyeler,events_venue,,,,,,,,,,,40.7646637,29.9427483,"https://www.google.com/maps/search/?api=1&query=40.7646637,29.9427483",node/12199234285
Kocaeli,Suadiye Kültür Merkezi,arts_centre,,,,,,,,,Kartepe,,40.6961585,30.0539619,"https://www.google.com/maps/search/?api=1&query=40.6961585,30.0539619",node/14091326521
Kocaeli,Symbol Cinemarine Sineması,cinema,,+90 262 502 0777,,,,,,,,,40.7575515,29.9801210,"https://www.google.com/maps/search/?api=1&query=40.7575515,29.9801210",node/6443611530
Kocaeli,Süleyman Demirel Kültür Merkezi,arts_centre,,,,,,,,Akasyalar Caddesi,,,40.7658201,29.9758276,"https://www.google.com/maps/search/?api=1&query=40.7658201,29.9758276",way/205802844
Kocaeli,TCG Gayret,museum,,,,,,,,,,,40.7601422,29.9167612,"https://www.google.com/maps/search/?api=1&query=40.7601422,29.9167612",way/173068033
Kocaeli,TCG Hızırreis,museum,,,,,,,,,,,40.7601320,29.9166123,"https://www.google.com/maps/search/?api=1&query=40.7601320,29.9166123",way/173068031
Kocaeli,Teknopark Playstation Cafe,amusement_arcade,,,,,,,,,,,40.7651571,29.9399526,"https://www.google.com/maps/search/?api=1&query=40.7651571,29.9399526",node/9968615370
Kocaeli,Tepeköy Kültür Merkezi,arts_centre,,,,,,,,,İzmit,,40.7949807,29.9735198,"https://www.google.com/maps/search/?api=1&query=40.7949807,29.9735198",node/14091326520
Kocaeli,Tepeköy Kültür Merkezi Düğün Salonu,arts_centre,,,,,,,,,Karamürsel,,40.6907638,29.6596091,"https://www.google.com/maps/search/?api=1&query=40.6907638,29.6596091",node/14091326519
Kocaeli,Thököly İmre Anı Evi,museum,,0,,,,,,,İzmit,,40.7619728,29.9000498,"https://www.google.com/maps/search/?api=1&query=40.7619728,29.9000498",node/14091267864
Kocaeli,Titanik,events_venue,,,,,,,,,,,40.7787829,29.4838713,"https://www.google.com/maps/search/?api=1&query=40.7787829,29.4838713",node/7229187886
Kocaeli,Tiyatro(Amfi Tiyatro),theatre,,,,,,,,,Derince,,40.7499809,29.8121643,"https://www.google.com/maps/search/?api=1&query=40.7499809,29.8121643",node/14091267843
Kocaeli,Turan Güneş Kültür Merkezi,arts_centre,,,,,,,,,Körfez,,40.7768607,29.7339278,"https://www.google.com/maps/search/?api=1&query=40.7768607,29.7339278",node/14091326518
Kocaeli,Tütünçiftlik Kültür Merkezi,arts_centre,,,,,,,,,Körfez,,40.7601671,29.7844718,"https://www.google.com/maps/search/?api=1&query=40.7601671,29.7844718",node/14091326517
Kocaeli,Yarhisar Gemisi Müzesi,museum,,,,,,,,,,,40.7233975,29.8352121,"https://www.google.com/maps/search/?api=1&query=40.7233975,29.8352121",way/1340311843
Kocaeli,Yarımca Kültür Merkezi,arts_centre,,,,,,,,,Körfez,,40.7743342,29.7344716,"https://www.google.com/maps/search/?api=1&query=40.7743342,29.7344716",node/14091326516
Kocaeli,Yunus Emre Kültür Merkezi,arts_centre,,,,,,,,,İzmit,,40.7729524,29.9086338,"https://www.google.com/maps/search/?api=1&query=40.7729524,29.9086338",node/14091326515
Kocaeli,Yuvacık Kültür Merkezi,arts_centre,,,,,,,,,Başiskele,,40.6878394,29.9645207,"https://www.google.com/maps/search/?api=1&query=40.6878394,29.9645207",node/14091326514
Kocaeli,Çatı Düğün Salonu,dance,,,,,,,,,,,40.7585457,29.8443379,"https://www.google.com/maps/search/?api=1&query=40.7585457,29.8443379",node/12092289066
Kocaeli,Çayırova Akvaryum,aquarium,,,,,,,,Fatih Caddesi 52,,,40.8162199,29.3686552,"https://www.google.com/maps/search/?api=1&query=40.8162199,29.3686552",node/12751913803
Kocaeli,Çayırova Belediyesi Kültür Merkezi,arts_centre,,,,,,,,,Çayırova,,40.8161962,29.3676916,"https://www.google.com/maps/search/?api=1&query=40.8161962,29.3676916",node/14091326540
Kocaeli,Çerkeşli Kültür Merkezi,arts_centre,,,,,,,,,Dilovası,,40.8141798,29.5786989,"https://www.google.com/maps/search/?api=1&query=40.8141798,29.5786989",node/14091326539
Kocaeli,Özdilek Burç Sineması,cinema,,+90 2623711926,,,,,,,Kartepe,,40.7451490,30.0636501,"https://www.google.com/maps/search/?api=1&query=40.7451490,30.0636501",node/14091267848
Kocaeli,Özel İzmit Sanat Merkezi,gallery,,,,,,,,,İzmit,,40.7757632,29.9793564,"https://www.google.com/maps/search/?api=1&query=40.7757632,29.9793564",node/14091267856
Konya,Adile Baysal Kültür ve Sanat Evi Seydişehir Kent Müzesi,museum,,,,,,,,,,,37.4195194,31.8437956,"https://www.google.com/maps/search/?api=1&query=37.4195194,31.8437956",node/13166589194
Konya,Atatürk Evi Müzesi,museum,,,,,,,,,,,37.8702122,32.4877042,"https://www.google.com/maps/search/?api=1&query=37.8702122,32.4877042",way/290648759
Konya,Atlantis Kültür Sanat,arts_centre,,,https://atlantiskultursanat.com,,,,,Aziz Mahmut Hudai Caddesi 199,Meram,Yaka Mahallesi,37.8807848,32.4331808,"https://www.google.com/maps/search/?api=1&query=37.8807848,32.4331808",node/7288872412
Konya,Avşar Sinemaları,cinema,,,,,,,,,,,37.5063773,34.0496770,"https://www.google.com/maps/search/?api=1&query=37.5063773,34.0496770",node/6957496685
Konya,Batı Cephesi Karargahı müzesi,museum,,,,,,,,,,,38.3581450,31.4150875,"https://www.google.com/maps/search/?api=1&query=38.3581450,31.4150875",way/441675118
Konya,Dar'ül Mülk Müze ve Sergi  Salonu,museum,,,,,,,,,,,37.8761668,32.4920825,"https://www.google.com/maps/search/?api=1&query=37.8761668,32.4920825",way/1087346530
Konya,Depo No.4,arts_centre,,,,,,,,,,,37.8722541,32.4951455,"https://www.google.com/maps/search/?api=1&query=37.8722541,32.4951455",node/13202488663
Konya,Emirler Pınarı,museum,,,,,,,,,,,36.9250006,32.4927248,"https://www.google.com/maps/search/?api=1&query=36.9250006,32.4927248",way/1116958871
Konya,Ereğli Kültür ve Spor Merkezi,events_venue,,,,,,,,Alparslan Türkeş Bulvarı,,,37.5027152,34.0428119,"https://www.google.com/maps/search/?api=1&query=37.5027152,34.0428119",node/13732969801
Konya,Ereğli Müzesi,museum,,,,,,,,,,,37.5159669,34.0477119,"https://www.google.com/maps/search/?api=1&query=37.5159669,34.0477119",node/2654297042
Konya,Etnografya Müzesi,museum,,,,,,,,,,,37.8666980,32.4916795,"https://www.google.com/maps/search/?api=1&query=37.8666980,32.4916795",way/287702175
Konya,İnce Minare Müzesi,museum,,,,,,,,Alaaddin Bulvarı,,,37.8728882,32.4900076,"https://www.google.com/maps/search/?api=1&query=37.8728882,32.4900076",way/264740887
Konya,İstiklal Harbi Şehitliği ve Müzesi,museum,,,,,,,,,,,37.8704834,32.5097114,"https://www.google.com/maps/search/?api=1&query=37.8704834,32.5097114",way/491583507
Konya,İzzet Koyunoğlu Şehir Müzesi,museum,,,,,,,,Kerimler Caddesi,,,37.8664712,32.5108072,"https://www.google.com/maps/search/?api=1&query=37.8664712,32.5108072",way/281983893
Konya,Karatay Müzesi,museum,,,,,,,,,,,37.8749827,32.4929364,"https://www.google.com/maps/search/?api=1&query=37.8749827,32.4929364",way/366443606
Konya,Konya Arkeoloji Müzesi,museum,,+90 332 351 3207,https://muze.gov.tr/muze-detay?sectionId=KAM01&distId=MRK,,,,,Sahipata Caddesi 91,Meram,Sahibiata,37.8679280,32.4935124,"https://www.google.com/maps/search/?api=1&query=37.8679280,32.4935124",way/366780475
Konya,Konya Devlet Tiyatrosu,theatre,,,,,,,,Atatürk Caddesi,,,37.8678958,32.4868972,"https://www.google.com/maps/search/?api=1&query=37.8678958,32.4868972",way/525412139
Konya,Konya Hayvanat Bahçesi,zoo,,,,,,,,,,,37.8773535,32.5518990,"https://www.google.com/maps/search/?api=1&query=37.8773535,32.5518990",way/260415199
Konya,Konya İl Eğitim Tarihi Müzesi,museum,,,,,,,,Sultan Veled Caddesi 52E,Karatay,Sultan Mesud Mahallesi,37.8787990,32.4950802,"https://www.google.com/maps/search/?api=1&query=37.8787990,32.4950802",way/1341630814
Konya,Konya Tropikal Kelebek Bahçesi,zoo,,+90 332 211 11 20,http://www.konyakelebeklervadisi.com/,,,,,İsmail Kaya Caddesi 244,Selçuklu,Parsana Mah.,37.9485845,32.4618719,"https://www.google.com/maps/search/?api=1&query=37.9485845,32.4618719",way/823558298
Konya,Konya Velespit Müzesi,museum,,,,,,,,Sultan Mesut Sokak 13,Selçuklu,Ferhuniye Mahallesi,37.8761436,32.4906659,"https://www.google.com/maps/search/?api=1&query=37.8761436,32.4906659",way/1432522805
Konya,Kültürpark Tiyatro-Konser Alanı,theatre,,,,,,,,,,,37.8744850,32.4893443,"https://www.google.com/maps/search/?api=1&query=37.8744850,32.4893443",way/527785948
Konya,Luna Park,theme_park,,,,,,,,,,,37.5040678,34.0523418,"https://www.google.com/maps/search/?api=1&query=37.5040678,34.0523418",way/447377514
Konya,Mahmudiye Medresesi,museum,,,,,,,,Karatay Sokak,,,37.8765060,32.4926881,"https://www.google.com/maps/search/?api=1&query=37.8765060,32.4926881",way/366463740
Konya,Mevlana Kültür Merkezi,arts_centre,,,,,,,,,,,37.8694148,32.5159919,"https://www.google.com/maps/search/?api=1&query=37.8694148,32.5159919",node/5341935623
Konya,Mevlâna Müzesi,museum,,,,,,,,,Karatay,,37.8706981,32.5049853,"https://www.google.com/maps/search/?api=1&query=37.8706981,32.5049853",way/491583514
Konya,Mevlâna Müzesi,museum,,,,,,,,,Karatay,,37.8709400,32.5052862,"https://www.google.com/maps/search/?api=1&query=37.8709400,32.5052862",relation/13763858
Konya,Nar-ı Aşk Sanat Galerisi,gallery,,,,,,,,,,,37.8694694,32.5031318,"https://www.google.com/maps/search/?api=1&query=37.8694694,32.5031318",node/4225856398
Konya,Nasreddin Hoca Arkeoloji ve Etnoğrafya Müzesi,museum,,,,,,,,,,,38.3567101,31.4113127,"https://www.google.com/maps/search/?api=1&query=38.3567101,31.4113127",way/465251723
Konya,Nil Düğün Salonu,events_venue,,+90 551 598 86 75,https://wa.me/nildugunsalonu.comm,,24/7,,yes,90455. Sokak 3/A,Ereğli,Hacı Mütahir Mahallesi,37.5108672,34.0495550,"https://www.google.com/maps/search/?api=1&query=37.5108672,34.0495550",way/683608383
Konya,Panorama Konya Müzesi,museum,,,,,,,,,,,37.8697476,32.5119710,"https://www.google.com/maps/search/?api=1&query=37.8697476,32.5119710",way/1527936720
Konya,Paribu Cineverse,cinema,,,,,,,,,,,37.9053591,32.4948870,"https://www.google.com/maps/search/?api=1&query=37.9053591,32.4948870",node/11337126247
Konya,Sahib-i Ata Müzesi,museum,,,,,,,,Taş Cami Uzun Hamamlar Caddesi,,Sahibiata,37.8674322,32.4942121,"https://www.google.com/maps/search/?api=1&query=37.8674322,32.4942121",way/287702168
Konya,Selçuk Üniversitesi Amfitiyatro,theatre,,,,,,,,,,,38.0223884,32.5060180,"https://www.google.com/maps/search/?api=1&query=38.0223884,32.5060180",way/526515278
Konya,Selçuk Üniversitesi Müzesi,museum,,,,,,,,,,,38.0243901,32.5132426,"https://www.google.com/maps/search/?api=1&query=38.0243901,32.5132426",node/6281890889
Konya,Sille Müzesi,museum,,,,,,,,,,,37.9279628,32.4194029,"https://www.google.com/maps/search/?api=1&query=37.9279628,32.4194029",way/1436390490
Konya,Subatan Müzesi,museum,,,,,,,,,,,38.4192790,31.5856427,"https://www.google.com/maps/search/?api=1&query=38.4192790,31.5856427",way/494460597
Konya,Sırçalı Medrese Mezar Anıtları Müzesi,museum,,,,,,,,,Meram,,37.8700080,32.4939933,"https://www.google.com/maps/search/?api=1&query=37.8700080,32.4939933",relation/5813421
Konya,Vizyon Garden Düğün ve Kongre Merkezi,events_venue,,,,,,,,,,,37.8084608,32.5319365,"https://www.google.com/maps/search/?api=1&query=37.8084608,32.5319365",way/1411553541
Konya,Yalıhüyük Belediyesi Düğün Salonu,dance,,,,,,,,,,,37.2972442,32.0845137,"https://www.google.com/maps/search/?api=1&query=37.2972442,32.0845137",way/1237768297
Konya,Yalıhüyük Belediyesi Düğün Salonu,dance,,,,,,,,,,,37.2972469,32.0843088,"https://www.google.com/maps/search/?api=1&query=37.2972469,32.0843088",way/1237768298
Kutahya,Aizanoi Müzesi,museum,,,,,,,,,,,39.2025521,29.6091858,"https://www.google.com/maps/search/?api=1&query=39.2025521,29.6091858",way/1089388423
Kutahya,Atatürk Karargah Evi,museum,,,,,,,,,,,38.8535318,29.9791205,"https://www.google.com/maps/search/?api=1&query=38.8535318,29.9791205",way/1395662128
Kutahya,Bimpaş Kültür ve Toplantı Salonu,events_venue,,,,,,,,,,,39.5469919,29.4763608,"https://www.google.com/maps/search/?api=1&query=39.5469919,29.4763608",node/12236400805
Kutahya,Cinetech,cinema,,+90 274 225 1313,http://www.cinetech.com.tr/,,,,,,,,39.4366507,29.9956174,"https://www.google.com/maps/search/?api=1&query=39.4366507,29.9956174",node/9091583234
Kutahya,Cini Muzesi,museum,,,,,,,,,,,39.4174299,29.9751242,"https://www.google.com/maps/search/?api=1&query=39.4174299,29.9751242",way/192214686
Kutahya,Dumlupınar Müzesi,museum,,,,,,,,,,,38.8432676,29.9609090,"https://www.google.com/maps/search/?api=1&query=38.8432676,29.9609090",way/1380003816
Kutahya,Jeoloji Müzesi,museum,,,,,,,,,,,39.4161467,29.9744599,"https://www.google.com/maps/search/?api=1&query=39.4161467,29.9744599",way/1149403130
Kutahya,Kent Tarihi Müzesi,museum,,,,,,,,,,,39.4216507,29.9789799,"https://www.google.com/maps/search/?api=1&query=39.4216507,29.9789799",way/1433995046
Kutahya,Kossuth Evi,museum,,,,,,,,,,,39.4165672,29.9736988,"https://www.google.com/maps/search/?api=1&query=39.4165672,29.9736988",node/2967996766
Kutahya,Kutahya Arkeoloji Muzesi,museum,,,,,,,,,,,39.4170381,29.9760834,"https://www.google.com/maps/search/?api=1&query=39.4170381,29.9760834",node/3775135688
Kutahya,Kutahya Evliya Celebi Kultur Sanat Evi,museum,,,,,,,,,,,39.4161641,29.9884696,"https://www.google.com/maps/search/?api=1&query=39.4161641,29.9884696",node/3776547694
Kutahya,Kültür ve Etnografya Müzesi,museum,,,,,,,,,,,39.6315536,29.3976784,"https://www.google.com/maps/search/?api=1&query=39.6315536,29.3976784",node/6816099086
Kutahya,Kütahya Hava Müzesi,museum,,,,,24/7,,,,Merkez,Cumhuriyet Mahallesi,39.4120386,30.0199451,"https://www.google.com/maps/search/?api=1&query=39.4120386,30.0199451",way/562923093
Kutahya,Masal Düğün Salonu,dance,,,,,,,,,,,39.4417782,29.9809793,"https://www.google.com/maps/search/?api=1&query=39.4417782,29.9809793",way/1275423109
Kutahya,Maviay Düğün - Konferans Plazı,events_venue,,,,,,,,Kütahya-Balıkesir yolu,,,39.5559233,29.4668776,"https://www.google.com/maps/search/?api=1&query=39.5559233,29.4668776",node/12236232701
Kutahya,NG Museum,museum,,,,,,,,,,,39.4771872,30.0332912,"https://www.google.com/maps/search/?api=1&query=39.4771872,30.0332912",way/1423304988
Kutahya,Pazar Alanı,events_venue,,,,,Sa 08:00-20:00,,,Cumhuriyet Meydanı,,,39.5431516,29.4904918,"https://www.google.com/maps/search/?api=1&query=39.5431516,29.4904918",node/12236313901
Kutahya,Ressam Ahmet Yakupoğlu Müzesi,museum,,,,,,,,,,,39.4122862,29.9898423,"https://www.google.com/maps/search/?api=1&query=39.4122862,29.9898423",way/1434014809
Kutahya,Safir Düğün Salonu,events_venue,,,,,,,,,,,39.5541921,29.4698381,"https://www.google.com/maps/search/?api=1&query=39.5541921,29.4698381",node/12236249401
Kutahya,Sıtkı Olçar Çini Müzesi,museum,,,,,,,,,,,39.4215660,29.9788799,"https://www.google.com/maps/search/?api=1&query=39.4215660,29.9788799",way/374267453
Kutahya,Tavşanlı Açık Hava Tiyatrosu,theatre,,,,,,,,,,,39.5343359,29.4869976,"https://www.google.com/maps/search/?api=1&query=39.5343359,29.4869976",way/1090467186
Kutahya,Vizyon Düğün Salonu,events_venue,,,http://kutahyasalonvizyon.com/,,,,,,,,39.4099587,30.0198056,"https://www.google.com/maps/search/?api=1&query=39.4099587,30.0198056",way/889616206
Malatya,Arslantepe,museum,,,,,,,,,,,38.3815255,38.3607149,"https://www.google.com/maps/search/?api=1&query=38.3815255,38.3607149",node/5575727225
Malatya,Arya Sanat Akademisi,arts_centre,,,,,,,,,,,38.3349652,38.2730563,"https://www.google.com/maps/search/?api=1&query=38.3349652,38.2730563",node/12681393501
Malatya,Açık Hava Sineması,events_venue,,,,,,,,,,,38.3263123,38.2645653,"https://www.google.com/maps/search/?api=1&query=38.3263123,38.2645653",node/13715758629
Malatya,Açık Hava Tiyatrosu,theatre,,,,,,,,,,,38.3465355,38.2924467,"https://www.google.com/maps/search/?api=1&query=38.3465355,38.2924467",way/1502650407
Malatya,Divan Park Düğün Salonu,nightclub,,,,,,,,,,,38.3433162,38.4259079,"https://www.google.com/maps/search/?api=1&query=38.3433162,38.4259079",node/4687284690
Malatya,Kamera Müzesi,museum,,,,,,,,,,,38.3483021,38.2918162,"https://www.google.com/maps/search/?api=1&query=38.3483021,38.2918162",way/1520639830
Malatya,Malatya Hayvanat Bahçesi,zoo,,,,,,,,,,,38.3588509,38.3793199,"https://www.google.com/maps/search/?api=1&query=38.3588509,38.3793199",way/1498671648
Malatya,Malatya Kongre ve Kültür Merkezi,arts_centre,,,,,,,,İnönü Caddesi,Yeşilyurt,İnnönü Mahallesi,38.3466766,38.2872305,"https://www.google.com/maps/search/?api=1&query=38.3466766,38.2872305",way/557382170
Malatya,Malatya Müzesi,museum,,+90 422 321 30 06,https://malatya.ktb.gov.tr/TR-58294/malatya-muzesi.html,,,,,,,,38.3428785,38.3247025,"https://www.google.com/maps/search/?api=1&query=38.3428785,38.3247025",way/729254849
Malatya,Radyo Gramofon Müzesi,museum,,,,,,,,,,,38.3467147,38.2884072,"https://www.google.com/maps/search/?api=1&query=38.3467147,38.2884072",way/750175471
Malatya,Sanat Sokağı,arts_centre,,,,,,,,,,,38.3487590,38.2919100,"https://www.google.com/maps/search/?api=1&query=38.3487590,38.2919100",way/759230149
Malatya,Savaş Makineleri Açık Hava Müzesi,museum,,,,,,,,,,,38.3341587,38.2130583,"https://www.google.com/maps/search/?api=1&query=38.3341587,38.2130583",way/860842588
Malatya,Tahtalı Hamamı,museum,,,,,,,,,,,38.3459854,38.3057151,"https://www.google.com/maps/search/?api=1&query=38.3459854,38.3057151",way/791730941
Malatya,Yeşil Sinema,cinema,,,,,,,,,,,38.3499087,38.2963569,"https://www.google.com/maps/search/?api=1&query=38.3499087,38.2963569",node/4905920224
Malatya,Yeşilyurt Hapishane Müzesi,museum,,,https://www.malatya.gov.tr/cezaevi-muzesi,,,,,,,,38.3023171,38.2479782,"https://www.google.com/maps/search/?api=1&query=38.3023171,38.2479782",way/1140925445
Manisa,Akhisar Lunapark,theme_park,,,,,,,,,,,38.9109955,27.8191632,"https://www.google.com/maps/search/?api=1&query=38.9109955,27.8191632",way/497385483
Manisa,Akhisar Müzesi,museum,,,,,,,,,,,38.9202925,27.8372582,"https://www.google.com/maps/search/?api=1&query=38.9202925,27.8372582",way/1411083878
Manisa,Akhisar Zeytin ve Zeytincilik Müzesi,museum,,,,,,,,,,,38.9204072,27.8400580,"https://www.google.com/maps/search/?api=1&query=38.9204072,27.8400580",way/1372425193
Manisa,Cinens Sinemaları,cinema,,,,,,,,,,,38.6161667,27.3997568,"https://www.google.com/maps/search/?api=1&query=38.6161667,27.3997568",node/13019009454
Manisa,Cinens Sinemaları Akhisar Şubesi,cinema,,+90 236 412 00 12,,,,,,,,,38.9427653,27.8341185,"https://www.google.com/maps/search/?api=1&query=38.9427653,27.8341185",node/11519638031
Manisa,Dory's Playstation Cafe,amusement_arcade,,,,,,,,,,,38.6143674,27.4238307,"https://www.google.com/maps/search/?api=1&query=38.6143674,27.4238307",node/12409746748
Manisa,Düğün Salonu,dance,,,,,,,,,,,38.6081734,27.4405064,"https://www.google.com/maps/search/?api=1&query=38.6081734,27.4405064",way/1366175581
Manisa,Elmas Aqua Park,water_park,,,,,,,,,,,38.2389705,28.6677617,"https://www.google.com/maps/search/?api=1&query=38.2389705,28.6677617",node/6269633251
Manisa,Hollywood Sineması,cinema,,,,,,,,,,,38.4825873,28.1246148,"https://www.google.com/maps/search/?api=1&query=38.4825873,28.1246148",node/3945509177
Manisa,Lunapark,theme_park,,,,,,,,,,,38.6171160,27.4002370,"https://www.google.com/maps/search/?api=1&query=38.6171160,27.4002370",way/1340403750
Manisa,Manisa Belediyesi Açık Hava Tiyatrosu,theatre,,,,,,,,,,,38.6049429,27.4239242,"https://www.google.com/maps/search/?api=1&query=38.6049429,27.4239242",way/1392112255
Manisa,Manisa Büyükşehir Belediyesi Şehir Tiyatrosu,theatre,,,,,,,,,,,38.6151615,27.4286423,"https://www.google.com/maps/search/?api=1&query=38.6151615,27.4286423",way/1213163917
Manisa,Manisa Kurtuluş Müzesi,museum,,,,,,,,,,,38.6156824,27.3964672,"https://www.google.com/maps/search/?api=1&query=38.6156824,27.3964672",way/1213166985
Manisa,Manisa Kültür Merkezi,theatre,,,,,,,,,,,38.6151744,27.4280312,"https://www.google.com/maps/search/?api=1&query=38.6151744,27.4280312",way/1213163916
Manisa,Manisa Mevevihane Müzesi,museum,,,,,,,,,,,38.6084309,27.4399814,"https://www.google.com/maps/search/?api=1&query=38.6084309,27.4399814",way/1238848505
Manisa,Manisa Müzesi,museum,,,,,,,,Mimar Sinan Bulvarı 159,Yunusemre,Akmescit Mahallesi,38.6148454,27.4010631,"https://www.google.com/maps/search/?api=1&query=38.6148454,27.4010631",relation/18387490
Manisa,Manisa Şehzadeler Müzesi,museum,,,,,,,,,,,38.6136690,27.4287406,"https://www.google.com/maps/search/?api=1&query=38.6136690,27.4287406",node/13645126611
Manisa,Salihli Sinema,cinema,,,,,,,,,,,38.4854981,28.1367169,"https://www.google.com/maps/search/?api=1&query=38.4854981,28.1367169",node/5744647464
Manisa,Tayyare Sineması,cinema,,,,,,,,144 Sokak 76,Akhisar,İnönü Mahallesi,38.9187166,27.8415181,"https://www.google.com/maps/search/?api=1&query=38.9187166,27.8415181",way/1295694667
Manisa,Telliköy Çokamaçlı Salon,events_venue,,,,,,,,,,,38.7339142,28.8942277,"https://www.google.com/maps/search/?api=1&query=38.7339142,28.8942277",way/1427077836
Manisa,Uğur Mumcu Kültür Merkezi,arts_centre,,,,,,,,,,,38.9199247,27.8413929,"https://www.google.com/maps/search/?api=1&query=38.9199247,27.8413929",node/8846333914
Manisa,Yunusemre Kültür Park,museum,,,,,,,,,,,38.6040815,27.3842041,"https://www.google.com/maps/search/?api=1&query=38.6040815,27.3842041",way/1210558638
Manisa,Çamlık Düğün Salonu,events_venue,,,,,,,,,,,38.4967640,27.8724845,"https://www.google.com/maps/search/?api=1&query=38.4967640,27.8724845",node/2472087331
Mardin,Aqua Parkı,water_park,,,,,,,,,,,37.4365941,41.3067305,"https://www.google.com/maps/search/?api=1&query=37.4365941,41.3067305",node/4405679415
Mardin,Cinemaximum,cinema,,,,,,,,,Artuklu,,37.3317493,40.7111477,"https://www.google.com/maps/search/?api=1&query=37.3317493,40.7111477",node/6567531957
Mardin,Dayman Düğün Salonu,events_venue,,,,,,,,,Midyat,,37.4335440,41.3660501,"https://www.google.com/maps/search/?api=1&query=37.4335440,41.3660501",node/12330327688
Mardin,Devlet Konuk Evi,museum,,,https://www.kulturportali.gov.tr/turkiye/mardin/gezilecekyer/midyat-devlet-konukevi,,,,,İbrahim Şabo Kültü ve Sanat Sokak,Midyat,Akçakaya Mah.,37.4177131,41.3765940,"https://www.google.com/maps/search/?api=1&query=37.4177131,41.3765940",node/4895085621
Mardin,El - Cezeri Müzesi,museum,,,,,,,,,,,37.3075047,40.7202120,"https://www.google.com/maps/search/?api=1&query=37.3075047,40.7202120",node/2407661108
Mardin,Green Aqua Park Yüzme Havuzu,water_park,,,,,,,,,,,37.4387079,41.3104096,"https://www.google.com/maps/search/?api=1&query=37.4387079,41.3104096",way/515662398
Mardin,Mardin Müzesi,museum,,,,,,,,,,,37.3137820,40.7346344,"https://www.google.com/maps/search/?api=1&query=37.3137820,40.7346344",node/11980754538
Mardin,Mardin Yaşayan Müze,museum,,,,,,,,,,,37.3140260,40.7415855,"https://www.google.com/maps/search/?api=1&query=37.3140260,40.7415855",node/13067628515
Mardin,Midyat Kent Müzesi,museum,,,,,,,,Dr. Alaaettin Aslan Caddesi,,,37.4252135,41.3359233,"https://www.google.com/maps/search/?api=1&query=37.4252135,41.3359233",node/4663019858
Mardin,Musa Anter Evi,museum,,,,,,,,,Nusaybin,Akarsu Köyü,37.2330269,41.0597551,"https://www.google.com/maps/search/?api=1&query=37.2330269,41.0597551",way/1455714060
Mardin,Sabancı Kent Müzesi,museum,,,,,Tu-Su 08:00-17:00,,,,,,37.3144862,40.7461212,"https://www.google.com/maps/search/?api=1&query=37.3144862,40.7461212",way/219001206
Mardin,Telkari Müzesi,museum,,,,,,,,,,,37.4153134,41.3756663,"https://www.google.com/maps/search/?api=1&query=37.4153134,41.3756663",node/11915867173
Mersin,Akdeniz Belediyesi Sanat Parkı,theme_park,,,,,,,,,,,36.7951806,34.6267827,"https://www.google.com/maps/search/?api=1&query=36.7951806,34.6267827",node/6200812408
Mersin,Amfitiyatro,theatre,,,,,,,,Atatürk Parkı,Akdeniz,,36.7974971,34.6323252,"https://www.google.com/maps/search/?api=1&query=36.7974971,34.6323252",way/1223154018
Mersin,Anamur Müzesi,museum,,,,,,,,,,,36.0699011,32.8658006,"https://www.google.com/maps/search/?api=1&query=36.0699011,32.8658006",way/1116878741
Mersin,Arap fatih yengeç restaurant,nightclub,,,,,24/7,,,İnönü Bulvarı,,,36.3775274,33.9260753,"https://www.google.com/maps/search/?api=1&query=36.3775274,33.9260753",node/6448670791
Mersin,Arkum Düğün Salonu,events_venue,,,,,Mo-Su 09:00-00:00,,,Arkum Köyü Altınkum Mahallesi,,,36.3462646,34.0598242,"https://www.google.com/maps/search/?api=1&query=36.3462646,34.0598242",node/5313815431
Mersin,Aura Wedding Center,dance,,,,,,,,,,,36.7824099,34.6082923,"https://www.google.com/maps/search/?api=1&query=36.7824099,34.6082923",node/13926848199
Mersin,Babaların Merkez Üstü,theatre,,+90 507 455 50 50,,,24/7,,,03246245701,,,36.9231631,34.8863473,"https://www.google.com/maps/search/?api=1&query=36.9231631,34.8863473",node/4830864421
Mersin,Bahçesaray Kır Düğün Salonu,events_venue,,,,,,,,,,,36.3616039,33.9238399,"https://www.google.com/maps/search/?api=1&query=36.3616039,33.9238399",node/11931186374
Mersin,Cinemaximum,cinema,,,,,,,,,Yenişehir,,36.7700563,34.5665000,"https://www.google.com/maps/search/?api=1&query=36.7700563,34.5665000",way/1221482291
Mersin,Cinemaximum Marina,cinema,,,https://www.cinemaximum.com.tr/,,Mo-Su 10:00-22:00,,,Adnan Menderes Bulvarı 33,Yenişehir,Eğriçam Mahallesi,36.7701781,34.5665927,"https://www.google.com/maps/search/?api=1&query=36.7701781,34.5665927",node/6318964092
Mersin,Gözne Kalesi,museum,,,,,,,,,Toroslar,,36.9918611,34.5749916,"https://www.google.com/maps/search/?api=1&query=36.9918611,34.5749916",way/1418266870
Mersin,İçel Sanat Klubü,arts_centre,,,,,,,,5226. Sokak,Akdeniz,,36.7992889,34.6297031,"https://www.google.com/maps/search/?api=1&query=36.7992889,34.6297031",node/11309129065
Mersin,Kent Tarihi Müzesi,museum,,,,,,,,,,,36.8001247,34.6282126,"https://www.google.com/maps/search/?api=1&query=36.8001247,34.6282126",node/8315417318
Mersin,La Bella Concept,dance,,,,,,,,Rıfat Uslu Caddesi,Toroslar,Portakal,36.8169898,34.5967921,"https://www.google.com/maps/search/?api=1&query=36.8169898,34.5967921",way/1156904227
Mersin,Mersin Arkeoloji Müzesi,museum,,,https://sanalmuze.gov.tr/muzeler/MERSIN_ARKEOLOJI_MUZESI/,,Tu-Su 09:00-17:00,,,Adnan Menderes Bulvarı 54,Yenişehir,,36.7814697,34.6012681,"https://www.google.com/maps/search/?api=1&query=36.7814697,34.6012681",way/830804707
Mersin,Mersin Atatürk Evi,museum,,,,,Tu-Su 09:00-17:00; Mo 09:00-09:00,,,Atatürk Caddesi 34,,,36.7950456,34.6266205,"https://www.google.com/maps/search/?api=1&query=36.7950456,34.6266205",way/473703078
Mersin,Mersin Deniz Müzesi,museum,,,,,,,,Adnan Menderes Bulvarı,,,36.7813452,34.6001058,"https://www.google.com/maps/search/?api=1&query=36.7813452,34.6001058",way/830804708
Mersin,Mersin Kongre ve Sergi Sarayı,theatre,,,,,,,,İsmet İnönü Bulvarı,Akdeniz,,36.7989988,34.6338482,"https://www.google.com/maps/search/?api=1&query=36.7989988,34.6338482",way/309924610
Mersin,Mersin Marina Lunapark,theme_park,,,,,,,,Mersin Marina,Yenişehir,,36.7698879,34.5656322,"https://www.google.com/maps/search/?api=1&query=36.7698879,34.5656322",way/1221482366
Mersin,Mezitli Belediyesi Su Parkı,water_park,,,,,,,,33151 Sk.,Mezitli,Yeni,36.7499387,34.5372633,"https://www.google.com/maps/search/?api=1&query=36.7499387,34.5372633",way/600745869
Mersin,Narlıkuyu Mozaik Müzesi,museum,,,,,,,,,,,36.4439865,34.1134900,"https://www.google.com/maps/search/?api=1&query=36.4439865,34.1134900",way/1005778353
Mersin,Nergis Festivali Alanı,events_venue,,,,,,,,,Tarsus,Pirömerli,37.0368186,34.6666902,"https://www.google.com/maps/search/?api=1&query=37.0368186,34.6666902",node/13534312501
Mersin,Paribu Cineverse,cinema,,,,,,,,,,,36.7853076,34.5884091,"https://www.google.com/maps/search/?api=1&query=36.7853076,34.5884091",node/11337126643
Mersin,Paribu Cineverse,cinema,,,,,,,,,,,36.9205111,34.9044697,"https://www.google.com/maps/search/?api=1&query=36.9205111,34.9044697",node/11337177539
Mersin,Pasifik Aquapark,water_park,,,,,Mo-Su 10:00-20:00,,,Necip Fazıl Caddesi,Erdemli,Alata Mahallesi,36.6111839,34.3223743,"https://www.google.com/maps/search/?api=1&query=36.6111839,34.3223743",node/9975254410
Mersin,Safir Residence Sinema,cinema,,,,,Mo-Su 09:00-00:00,,,Fatih Sultan Mehmet Bulvarı,,,36.9329072,34.8711335,"https://www.google.com/maps/search/?api=1&query=36.9329072,34.8711335",node/7024709299
Mersin,Salon Ay Düğün Salonu,events_venue,,,,,,,,,,,36.8507201,34.7821955,"https://www.google.com/maps/search/?api=1&query=36.8507201,34.7821955",node/12453447583
Mersin,Seferoğlu,gallery,,,,,,,,Gazi Mustafa Kemal Bulvarı,,,36.7810114,34.5866521,"https://www.google.com/maps/search/?api=1&query=36.7810114,34.5866521",node/13472898001
Mersin,Silifke Belediye Sineması,cinema,,,,,Mo-Fr 09:00-20:00,,,Taşköprü,,,36.3784037,33.9256244,"https://www.google.com/maps/search/?api=1&query=36.3784037,33.9256244",node/5340870223
Mersin,Silifke Müzesi,museum,,,,,,,,,,,36.3735130,33.9423927,"https://www.google.com/maps/search/?api=1&query=36.3735130,33.9423927",node/1926010966
Mersin,Silifke Müzesi,museum,,,,,,,,,Silifke,Toros,36.3735839,33.9423623,"https://www.google.com/maps/search/?api=1&query=36.3735839,33.9423623",way/1009147922
Mersin,Tarsus Doğa Park,zoo,,,,,,,,Tarsusu Doğa Park,Tarsus,,36.9603000,34.8941744,"https://www.google.com/maps/search/?api=1&query=36.9603000,34.8941744",node/13377629356
Mersin,Tarsus Doğa Park,zoo,,+90 324 626 33 34,,,Tu-Su 10:00-15:00,,,Tarsus Doğa Park,Tarsus,Bolatlı,36.9599559,34.8942606,"https://www.google.com/maps/search/?api=1&query=36.9599559,34.8942606",way/1458743202
Mersin,Tarsus Müzesi,museum,,,,,,,,,,,36.9171734,34.8921656,"https://www.google.com/maps/search/?api=1&query=36.9171734,34.8921656",relation/5311706
Mersin,Taşucu Aslan Eyce Amfora Müzesi,museum,,,,,,,,,,,36.3177212,33.8780141,"https://www.google.com/maps/search/?api=1&query=36.3177212,33.8780141",node/13202607298
Mersin,Çukurbağ Seyirlik Oyunları,theatre,,,,,,,,,,,36.6920549,33.6027567,"https://www.google.com/maps/search/?api=1&query=36.6920549,33.6027567",way/296609421
Mersin,Ümit Yaşar Oğuzcan Parkı,water_park,,,,,,,,,,,36.8072384,34.6383682,"https://www.google.com/maps/search/?api=1&query=36.8072384,34.6383682",way/1211570048
Mersin,Şah Düğün Salonu,dance,,,,,,,,141. Cadde,Akdeniz,,36.8182569,34.6425797,"https://www.google.com/maps/search/?api=1&query=36.8182569,34.6425797",node/11348166900
Mugla,A4 Candy Land,theme_park,,,https://a4candyland.com/,,,,,,,,37.0813609,27.4794388,"https://www.google.com/maps/search/?api=1&query=37.0813609,27.4794388",relation/16470646
Mugla,Ambiance,nightclub,,,,,,,,,,,36.7999743,28.2290893,"https://www.google.com/maps/search/?api=1&query=36.7999743,28.2290893",node/10128492669
Mugla,Amfi Tiyatro,theatre,,,,,,,,,,,37.2780535,27.5863052,"https://www.google.com/maps/search/?api=1&query=37.2780535,27.5863052",way/361123361
Mugla,Amfitiyatro,theatre,,,,,,,,,,,36.7224879,27.6906922,"https://www.google.com/maps/search/?api=1&query=36.7224879,27.6906922",node/928527280
Mugla,Amphitheater,theatre,,,,,,,,,,,36.6985553,28.6883430,"https://www.google.com/maps/search/?api=1&query=36.6985553,28.6883430",way/219767532
Mugla,Anjelique Bodrum,nightclub,,,,,,,,,,,37.1062035,27.2818798,"https://www.google.com/maps/search/?api=1&query=37.1062035,27.2818798",node/4911844195
Mugla,Antik Balık Pazarı,museum,,,,,,,,,,,37.2817785,27.5828043,"https://www.google.com/maps/search/?api=1&query=37.2817785,27.5828043",way/1165379133
Mugla,Aquapark,water_park,,,,,,,,,,,36.8435754,28.2483018,"https://www.google.com/maps/search/?api=1&query=36.8435754,28.2483018",way/161227106
Mugla,Aquapark,water_park,,,,,,,,,,,36.8432480,28.2545236,"https://www.google.com/maps/search/?api=1&query=36.8432480,28.2545236",way/161227583
Mugla,Aquapark,water_park,,,,,,,,,,,36.5851536,29.1481557,"https://www.google.com/maps/search/?api=1&query=36.5851536,29.1481557",way/1132129120
Mugla,Aquapark Bodrum,water_park,,,,,,,,,,,37.0550765,27.3620551,"https://www.google.com/maps/search/?api=1&query=37.0550765,27.3620551",way/503289672
Mugla,Aytuğ,amusement_arcade,,,,,,,,,,,36.6254487,29.1327080,"https://www.google.com/maps/search/?api=1&query=36.6254487,29.1327080",node/11393163438
Mugla,Blue Port,cinema,,,,,,,,,,,36.8456571,28.2560868,"https://www.google.com/maps/search/?api=1&query=36.8456571,28.2560868",node/1408269685
Mugla,Bodrum Antik Tiyatrosu,theatre,,,,,,,,,,,37.0402196,27.4215082,"https://www.google.com/maps/search/?api=1&query=37.0402196,27.4215082",way/1211500967
Mugla,Bodrum Deniz Müzesi,museum,,,https://bodrumdenizmuzesi.org/,,,,,,,,37.0318540,27.4290001,"https://www.google.com/maps/search/?api=1&query=37.0318540,27.4290001",node/4956815983
Mugla,Bodrum Kalesi Sahnesi,theatre,,,,,,,,,,,37.0324260,27.4291612,"https://www.google.com/maps/search/?api=1&query=37.0324260,27.4291612",way/504006669
Mugla,Bodrum Sualtı Arkeoloji Müzesi,museum,,,https://www.bodrum-museum.com/,,,,,,,,37.0317966,27.4295810,"https://www.google.com/maps/search/?api=1&query=37.0317966,27.4295810",node/4955303815
Mugla,Cinemarine,cinema,,,,,,,,,,,37.0025768,27.2579303,"https://www.google.com/maps/search/?api=1&query=37.0025768,27.2579303",node/4412293404
Mugla,Cinemarine,cinema,,,,,,,,,,,37.0419602,27.4103281,"https://www.google.com/maps/search/?api=1&query=37.0419602,27.4103281",node/4936246132
Mugla,Club Catamaran,nightclub,,,,,,,,,,,37.0329551,27.4309862,"https://www.google.com/maps/search/?api=1&query=37.0329551,27.4309862",node/4944623477
Mugla,Club Nimara Resort,nightclub,,,,,,,,,,,36.8295393,28.3026786,"https://www.google.com/maps/search/?api=1&query=36.8295393,28.3026786",node/10822211570
Mugla,Dalaman kültür merkezi,arts_centre,,,,,,,,,,,36.7716863,28.8141292,"https://www.google.com/maps/search/?api=1&query=36.7716863,28.8141292",way/512576152
Mugla,dolphinarium Bodrum,theatre,,,,,Mo-Th 09:00-18:00; Fr-Su 09:00-16:00,,,,,,37.1262777,27.5531909,"https://www.google.com/maps/search/?api=1&query=37.1262777,27.5531909",node/6684063786
Mugla,East Enders dance club,nightclub,,,,,,,,,,,36.7997896,28.2321616,"https://www.google.com/maps/search/?api=1&query=36.7997896,28.2321616",node/10169272196
Mugla,Enver Yalçın Yörük Müzesi,museum,,,,,,,,,,,36.7110513,29.0795519,"https://www.google.com/maps/search/?api=1&query=36.7110513,29.0795519",node/1964687237
Mugla,Fethiye Müzesi,museum,,,,,,,,505. Sokak 4,Fethiye,Kesikkapı Mahallesi,36.6229977,29.1171810,"https://www.google.com/maps/search/?api=1&query=36.6229977,29.1171810",way/1051235983
Mugla,Fink,nightclub,,,,,,,,,,,37.0358645,27.4290600,"https://www.google.com/maps/search/?api=1&query=37.0358645,27.4290600",node/310402631
Mugla,Gallery Art Port,gallery,,,,,,,,,,,37.0247148,27.4397454,"https://www.google.com/maps/search/?api=1&query=37.0247148,27.4397454",node/11194808520
Mugla,Greenhouse-,nightclub,,,https://greenhouse.com.tr/,,,,,,,,36.8530449,28.2757656,"https://www.google.com/maps/search/?api=1&query=36.8530449,28.2757656",node/2766907131
Mugla,Güneş Lunapark,theme_park,,,https://guneslunapark.com.tr,,,,,,,,36.8542846,28.2790855,"https://www.google.com/maps/search/?api=1&query=36.8542846,28.2790855",way/1107720437
Mugla,Hadigari,nightclub,,,,,,,,,,,37.0325845,27.4303910,"https://www.google.com/maps/search/?api=1&query=37.0325845,27.4303910",node/4942257002
Mugla,Halikarnas Balıkçısı Müzesi,museum,,,,,,,,,,,37.0404498,27.4058279,"https://www.google.com/maps/search/?api=1&query=37.0404498,27.4058279",way/1159471852
Mugla,Hangar,arts_centre,,,,,,,,,,,37.0999293,27.2780952,"https://www.google.com/maps/search/?api=1&query=37.0999293,27.2780952",node/7317128468
Mugla,Joker Saloon PlayStation,amusement_arcade,,,,,,,,,,,37.2159042,28.3617408,"https://www.google.com/maps/search/?api=1&query=37.2159042,28.3617408",node/9610736555
Mugla,Kavaklıdere Amfi Tiyatro,theatre,,,,,,,,,,,37.4457345,28.3609876,"https://www.google.com/maps/search/?api=1&query=37.4457345,28.3609876",way/603518931
Mugla,Kerimoglu Türküsü Evi,museum,,,,,,,,,,,37.1181474,28.2639019,"https://www.google.com/maps/search/?api=1&query=37.1181474,28.2639019",node/1411943935
Mugla,Kids Paradise,water_park,,,,,,,,,,,36.5226035,29.1313045,"https://www.google.com/maps/search/?api=1&query=36.5226035,29.1313045",way/713917338
Mugla,Kumbara,nightclub,,,,,,,,Üniversite Cad.,Muğla,Beçin Mah.,37.2861332,27.7806318,"https://www.google.com/maps/search/?api=1&query=37.2861332,27.7806318",node/5754272598
Mugla,Kuyucak Mahallesi Sosyo-Kültürel Alan,events_venue,,,,,,,,,,,37.0743302,28.2917078,"https://www.google.com/maps/search/?api=1&query=37.0743302,28.2917078",node/10809268358
Mugla,Küba,nightclub,,,,,,,,,,,37.0363660,27.4277564,"https://www.google.com/maps/search/?api=1&query=37.0363660,27.4277564",node/310402619
Mugla,Kültür Sanat Evi,arts_centre,,,,,,,,,Menteşe,,37.2188464,28.3627095,"https://www.google.com/maps/search/?api=1&query=37.2188464,28.3627095",way/698156375
Mugla,Letoon theatre,theatre,,,,,,,,,,,36.3319585,29.2900214,"https://www.google.com/maps/search/?api=1&query=36.3319585,29.2900214",way/437018387
Mugla,Lunapark,theme_park,,,,,,,,,,,36.5731712,29.1371147,"https://www.google.com/maps/search/?api=1&query=36.5731712,29.1371147",way/971211911
Mugla,Lunapark,theme_park,,,,,,,,,,,37.1902877,28.3697016,"https://www.google.com/maps/search/?api=1&query=37.1902877,28.3697016",way/1216500433
Mugla,Mandalin Bodrum,nightclub,,,,instagram.com/mandalinsound,"Sa,Su 22:00-04:00",,,1025 8,Bodrum,çarşı mahallesi,37.0328799,27.4308309,"https://www.google.com/maps/search/?api=1&query=37.0328799,27.4308309",node/4942257004
Mugla,Marina Yacht Club,nightclub,,,,,Mo-Su 09:00-24:00,,,,Bodrum,,37.0341095,27.4222491,"https://www.google.com/maps/search/?api=1&query=37.0341095,27.4222491",way/260904217
Mugla,Marlowe,nightclub,,,,,,,,,,,36.6213398,29.1100057,"https://www.google.com/maps/search/?api=1&query=36.6213398,29.1100057",node/13929831601
Mugla,Marmaris Amfitiyatro,theatre,,,,,,,,,,,36.8549466,28.2583870,"https://www.google.com/maps/search/?api=1&query=36.8549466,28.2583870",way/511760069
Mugla,Marmaris Bal Evi,museum,,+902544881050,https://www.marmarisbalevi.com.tr/,,Mo-Su 09:00-17:00,,,Bozburun Yolu,Marmaris,,36.7584179,28.2045875,"https://www.google.com/maps/search/?api=1&query=36.7584179,28.2045875",way/578325624
Mugla,Marmaris Kültür ve Sanat Evi,arts_centre,,,,,,,,,,,36.8548823,28.2680532,"https://www.google.com/maps/search/?api=1&query=36.8548823,28.2680532",relation/7431938
Mugla,Marmaris Müzesi,museum,,,https://muze.gov.tr/muze-detay?DistId=MRK&SectionId=MRM01,,Apr-Oct 08:30-19:30; Nov-Mar 08:30-17:30,,,Barbaros Caddesi,Marmaris,,36.8506284,28.2742990,"https://www.google.com/maps/search/?api=1&query=36.8506284,28.2742990",node/6532291920
Mugla,Marmaris Resort. Amphitheater guest zone,theatre,,,,,,,,,,,36.8049539,28.1193379,"https://www.google.com/maps/search/?api=1&query=36.8049539,28.1193379",way/522278935
Mugla,MAS AKADEMİ,arts_centre,,,https://www.masakademi.com/,,,,wlan,,,,37.0575103,27.3555469,"https://www.google.com/maps/search/?api=1&query=37.0575103,27.3555469",node/6794161486
Mugla,MAS Sanat ve Tasarım Galerisi,gallery,,,https://www.masakademi.com/,,Mo-Su 10:00-22:00,,wlan,,,,37.0575840,27.3556231,"https://www.google.com/maps/search/?api=1&query=37.0575840,27.3556231",node/6794161485
Mugla,Metreküp Gallery,arts_centre,,,,,,,,,,,37.0574698,27.3565087,"https://www.google.com/maps/search/?api=1&query=37.0574698,27.3565087",node/6794125382
Mugla,Metreküp Terrace,arts_centre,,,,,22:00-01:00,,,,,,37.0577256,27.3565117,"https://www.google.com/maps/search/?api=1&query=37.0577256,27.3565117",node/6794125381
Mugla,Milas Müzesi,museum,,+90 252 512 39 73,,,,,,Köprüler Meydanı 13,Muğla,Ahmet Çavuş Hayıtlı Mah.,37.3132404,27.7842170,"https://www.google.com/maps/search/?api=1&query=37.3132404,27.7842170",way/600905942
Mugla,Mona Titti Art,arts_centre,,,,,,,,,,,36.8532782,28.2789348,"https://www.google.com/maps/search/?api=1&query=36.8532782,28.2789348",node/10135354525
Mugla,Muğla Müzesi,museum,,+90 252 214 69 48,,,,,,,Menteşe,,37.2174073,28.3683932,"https://www.google.com/maps/search/?api=1&query=37.2174073,28.3683932",relation/9685368
Mugla,Orka Theatre,theatre,,,,,,,,,,,36.5630943,29.1317413,"https://www.google.com/maps/search/?api=1&query=36.5630943,29.1317413",way/372601457
Mugla,Ortaca Belediyesi Bahçelievler Düğün Salonu,events_venue,,,,,,,,,,,36.8324548,28.7761525,"https://www.google.com/maps/search/?api=1&query=36.8324548,28.7761525",way/1161993640
Mugla,Otantik Royal Garden,events_venue,,,,,,,,,,,36.8214384,28.7959692,"https://www.google.com/maps/search/?api=1&query=36.8214384,28.7959692",way/1189571859
Mugla,Pacha,nightclub,,,,,,,,,,,37.0338525,27.4030221,"https://www.google.com/maps/search/?api=1&query=37.0338525,27.4030221",node/2400785200
Mugla,Paribu Cineverse,cinema,,,,,,,,,,,37.0583536,27.3587090,"https://www.google.com/maps/search/?api=1&query=37.0583536,27.3587090",node/4937456759
Mugla,Park Beyaz Düğün ve Etkinlik,events_venue,,,,parkbeyaz,,,,,,,36.8172566,28.7629970,"https://www.google.com/maps/search/?api=1&query=36.8172566,28.7629970",way/1539843401
Mugla,Pasha on the Bay,nightclub,,,,,,,,,,,36.6136061,29.0734993,"https://www.google.com/maps/search/?api=1&query=36.6136061,29.0734993",way/277391141
Mugla,Piranha,amusement_arcade,,,,,,,,,,,36.6225922,29.1135107,"https://www.google.com/maps/search/?api=1&query=36.6225922,29.1135107",node/10704538352
Mugla,Posh,nightclub,,,,,,,,,,,37.0337328,27.4034945,"https://www.google.com/maps/search/?api=1&query=37.0337328,27.4034945",node/2400785201
Mugla,Pozzo Bitez,gallery,,,,,,,,Atatürk Bulvarı,Bodrum,Bitez Mahallesi,37.0415507,27.3777305,"https://www.google.com/maps/search/?api=1&query=37.0415507,27.3777305",node/8568450073
Mugla,Pınara amfi tiyatro,theatre,,,,,,,,,,,36.4921491,29.2589719,"https://www.google.com/maps/search/?api=1&query=36.4921491,29.2589719",way/183321150
Mugla,Su Parkı,water_park,,,,,,,,,,,36.5810011,29.1550715,"https://www.google.com/maps/search/?api=1&query=36.5810011,29.1550715",way/637090761
Mugla,Telmessos Antik Tiyatrosu,theatre,,,,,,,,,,,36.6209227,29.1058209,"https://www.google.com/maps/search/?api=1&query=36.6209227,29.1058209",way/183321156
Mugla,Theatre of Cnidus [Knidos],theatre,,,,,,,,,,,36.6859998,27.3752444,"https://www.google.com/maps/search/?api=1&query=36.6859998,27.3752444",way/119812031
Mugla,tiyatro,theatre,,,,,,,,,,,37.5050067,28.3497029,"https://www.google.com/maps/search/?api=1&query=37.5050067,28.3497029",way/257890812
Mugla,Uluslararasi Marmaris Akademisi / Internationale Akademie Marmaris IAM,arts_centre,,,,,,,,,,,36.7811588,28.2445949,"https://www.google.com/maps/search/?api=1&query=36.7811588,28.2445949",node/1503458335
Mugla,White House,nightclub,,,,,,,,,,,37.0322949,27.4375085,"https://www.google.com/maps/search/?api=1&query=37.0322949,27.4375085",node/4936333524
Mugla,x-Bar,nightclub,,,,,24/7,,,,,,37.0339895,27.4029578,"https://www.google.com/maps/search/?api=1&query=37.0339895,27.4029578",node/2400785199
Mugla,Zeki Müren Sanat Müzesi,museum,,,,,,,,,,,37.0302623,27.4397318,"https://www.google.com/maps/search/?api=1&query=37.0302623,27.4397318",node/4942649709
Mugla,Zeybek Sinaması,cinema,,+90 252 214 09 26,,,,,,,Menteşe,,37.2163882,28.3636200,"https://www.google.com/maps/search/?api=1&query=37.2163882,28.3636200",node/6550825883
Mugla,Çağatay,amusement_arcade,,,,,,,,,,,36.6234532,29.1139001,"https://www.google.com/maps/search/?api=1&query=36.6234532,29.1139001",node/10704538354
Mugla,Özer Olgun Kültür Merkezi,events_venue,,,,,,,,,,,36.6228239,29.1126748,"https://www.google.com/maps/search/?api=1&query=36.6228239,29.1126748",way/241628882
Mugla,Дельфинарий,zoo,,,,,,,,,,,36.8249217,28.2428962,"https://www.google.com/maps/search/?api=1&query=36.8249217,28.2428962",node/10135155719
Mugla,Пляж,aquarium,,,,,,,,,,,36.7045533,27.6813597,"https://www.google.com/maps/search/?api=1&query=36.7045533,27.6813597",node/12228267101
Mugla,Пляж,aquarium,,,,,,,,,,,36.6874108,27.6740260,"https://www.google.com/maps/search/?api=1&query=36.6874108,27.6740260",node/12228286601
Mus,Ceylan Sinema,cinema,,,,,,,,,,,38.7356201,41.4913406,"https://www.google.com/maps/search/?api=1&query=38.7356201,41.4913406",node/1793084205
Mus,Muş Atatürk Şehir Müzesi,museum,,,,,,,,,,,38.7329225,41.4904430,"https://www.google.com/maps/search/?api=1&query=38.7329225,41.4904430",way/168719534
Mus,Yeni Muş Düğün Salonu,events_venue,,,,,,,,,,,38.7422734,41.4968129,"https://www.google.com/maps/search/?api=1&query=38.7422734,41.4968129",node/6775495259
Nevsehir,Amfitiyatro,theatre,,,,,,,,,,,38.7169168,34.8493898,"https://www.google.com/maps/search/?api=1&query=38.7169168,34.8493898",way/41843787
Nevsehir,Arkeoloji ve Etnografya Müzesi,museum,,,,,,,,,,,38.9415858,34.5597698,"https://www.google.com/maps/search/?api=1&query=38.9415858,34.5597698",way/168407991
Nevsehir,Atatürk Evi,museum,,,,,,,,,,,38.9430360,34.5603451,"https://www.google.com/maps/search/?api=1&query=38.9430360,34.5603451",node/3188509274
Nevsehir,C+,gallery,,,https://karikaturluev.com/,,,,,,,,38.7206426,34.8489492,"https://www.google.com/maps/search/?api=1&query=38.7206426,34.8489492",node/3114689801
Nevsehir,Cappadocia Art & History Museum,museum,,+90 384 353 52 21,https://kapadokyasanattarihmuzesi.com/,,,,,,,,38.5836104,34.8946971,"https://www.google.com/maps/search/?api=1&query=38.5836104,34.8946971",node/4629775975
Nevsehir,Chez Galip,museum,,,https://www.chezgalip.com/hair-museum-avanos/,,,,,,,,38.7198416,34.8486053,"https://www.google.com/maps/search/?api=1&query=38.7198416,34.8486053",node/842223798
Nevsehir,Coffee museum Cappadocia,museum,,,,,,,,,,,38.5942229,34.9051463,"https://www.google.com/maps/search/?api=1&query=38.5942229,34.9051463",node/10880582593
Nevsehir,Doğa Tarihi Müzesi,museum,,,,,,,,,,,38.6200082,34.7141220,"https://www.google.com/maps/search/?api=1&query=38.6200082,34.7141220",node/13077952474
Nevsehir,Etnoğrafya Müzesi,museum,,,,,,,,,,,38.6213041,34.8648523,"https://www.google.com/maps/search/?api=1&query=38.6213041,34.8648523",node/314659421
Nevsehir,Göre Müze / Ören Yeri,museum,,,,,sunrise-sunset,,,,,Afatevler Mahallesi,38.5964105,34.7152045,"https://www.google.com/maps/search/?api=1&query=38.5964105,34.7152045",way/678104361
Nevsehir,Göreme Açık Hava Müzesi,museum,,,,,,,,Müze Caddesi,,,38.6390817,34.8455909,"https://www.google.com/maps/search/?api=1&query=38.6390817,34.8455909",way/26045752
Nevsehir,Güray Yeraltı Seramik Müzesi,museum,,+90 384 511 2374,https://www.guraymuze.com/,,,,,,,,38.7099942,34.8346834,"https://www.google.com/maps/search/?api=1&query=38.7099942,34.8346834",node/2905381216
Nevsehir,Hanem,arts_centre,,,,,,,,,,,38.6312472,34.7978078,"https://www.google.com/maps/search/?api=1&query=38.6312472,34.7978078",node/600915288
Nevsehir,Home museum (cave house),museum,,,,,,,,,,,38.6317581,34.9108929,"https://www.google.com/maps/search/?api=1&query=38.6317581,34.9108929",node/9392821183
Nevsehir,Kaymaklı Yeraltı Şehri,museum,,,,,,,,,,,38.4602241,34.7525275,"https://www.google.com/maps/search/?api=1&query=38.4602241,34.7525275",node/939100433
Nevsehir,Kültür Merkezi Müdürlüğü,arts_centre,,,,,,,,,,,38.9416141,34.5618057,"https://www.google.com/maps/search/?api=1&query=38.9416141,34.5618057",way/298285260
Nevsehir,Labirent,nightclub,,,,,,,,,,,38.7204898,34.8470622,"https://www.google.com/maps/search/?api=1&query=38.7204898,34.8470622",node/344392065
Nevsehir,Nevşehir Müzesi,museum,,,,,,,,,,,38.6278368,34.7251567,"https://www.google.com/maps/search/?api=1&query=38.6278368,34.7251567",way/233586090
Nevsehir,Perili Ozanlar Vadisi,theme_park,,,,,,,,,,,38.6464603,34.8227289,"https://www.google.com/maps/search/?api=1&query=38.6464603,34.8227289",node/6727086859
Nevsehir,Uçhisar Kalesi,museum,,,,,,,,,,,38.6299908,34.8053716,"https://www.google.com/maps/search/?api=1&query=38.6299908,34.8053716",node/6192482574
Nevsehir,Zelve Açık Hava Müzesi,museum,,,,,,,,,,,38.6681280,34.8647905,"https://www.google.com/maps/search/?api=1&query=38.6681280,34.8647905",node/87819399
Nevsehir,Ürgüp Müzesi,museum,,,,,,,,,,,38.6321090,34.9128330,"https://www.google.com/maps/search/?api=1&query=38.6321090,34.9128330",way/133728196
Nigde,Altınköşk Eğlence Merkezi,nightclub,,,,,,,,,Sazlıca Beldesi Aşağı Mahallesi,,37.9123658,34.6005965,"https://www.google.com/maps/search/?api=1&query=37.9123658,34.6005965",node/12409059779
Nigde,Nigde Archeological Museum,museum,,,,,,,,,,,37.9683151,34.6723658,"https://www.google.com/maps/search/?api=1&query=37.9683151,34.6723658",node/9609299619
Nigde,Niğde Belediyesi Kültürevi,museum,,,,,,,,Akmedrese Caddesi 2,Niğde,Saruhan,37.9665420,34.6748704,"https://www.google.com/maps/search/?api=1&query=37.9665420,34.6748704",way/570406731
Nigde,Niğde Kültür Merkezi,events_venue,,,,,,,,Dr. Sami Yağız Caddesi,Niğde,Selçuk,37.9659554,34.6727338,"https://www.google.com/maps/search/?api=1&query=37.9659554,34.6727338",node/11429042772
Nigde,Yeni Sinema,cinema,,,,,,,,,,,37.9678586,34.6779484,"https://www.google.com/maps/search/?api=1&query=37.9678586,34.6779484",node/11429078420
Ordu,Cinemaximum,cinema,,,,,,,,,,,40.9785817,37.8989339,"https://www.google.com/maps/search/?api=1&query=40.9785817,37.8989339",node/3125265094
Ordu,Cinevizyon,cinema,,,,,,,,,,,40.9838932,37.8822527,"https://www.google.com/maps/search/?api=1&query=40.9838932,37.8822527",node/9489887552
Ordu,Fatsa Belediyesi Kültür Ve Sanat Merkezi,arts_centre,,,,,,,,,,,41.0355735,37.4934420,"https://www.google.com/maps/search/?api=1&query=41.0355735,37.4934420",way/1161311006
Ordu,Fatsa City Sinemaları,cinema,,,,,Mo-Su 10:00-22:00,,,Samsun-Ordu yolu,,,41.0315010,37.4991848,"https://www.google.com/maps/search/?api=1&query=41.0315010,37.4991848",node/12246255005
Ordu,Fatsa Lunapark,theme_park,,,,,,,,,,,41.0368747,37.4939059,"https://www.google.com/maps/search/?api=1&query=41.0368747,37.4939059",way/1102699682
Ordu,Fatsa Matematik Müzesi,museum,,,,,,,,,,,41.0319716,37.4873526,"https://www.google.com/maps/search/?api=1&query=41.0319716,37.4873526",node/10090459814
Ordu,Ganyan,adult_gaming_centre,,,,,,,,,,,40.9782608,37.9112125,"https://www.google.com/maps/search/?api=1&query=40.9782608,37.9112125",node/8252654752
Ordu,Playland,amusement_arcade,,,,,,,,,,,41.1277308,37.2885067,"https://www.google.com/maps/search/?api=1&query=41.1277308,37.2885067",node/8493984156
Ordu,World Vizyon Sinemaları,cinema,,,,,,,,,,,41.1282868,37.2882342,"https://www.google.com/maps/search/?api=1&query=41.1282868,37.2882342",node/8493984157
Ordu,Yaşayan Kültürel Miras Müzesi,museum,,,,,,,,,,,41.1307672,37.2833197,"https://www.google.com/maps/search/?api=1&query=41.1307672,37.2833197",node/5578318719
Ordu,Ünye Belediyesi Yaşayan Kültürel Miras Müzesi,museum,,,,,,,,,,,41.1307179,37.2833482,"https://www.google.com/maps/search/?api=1&query=41.1307179,37.2833482",way/875601844
Osmaniye,2023 Açıkhava Müzesi,museum,,,,,,,,,,,37.0755682,36.2491081,"https://www.google.com/maps/search/?api=1&query=37.0755682,36.2491081",way/1053558454
Osmaniye,Fıstık Müzesi,museum,,,,,,,,,,,37.0538205,36.2306859,"https://www.google.com/maps/search/?api=1&query=37.0538205,36.2306859",way/1053558457
Osmaniye,Hayal Park,theme_park,,,,,,,,,,,37.0642005,36.2291168,"https://www.google.com/maps/search/?api=1&query=37.0642005,36.2291168",way/1004365108
Osmaniye,Karatepe Müzesi,museum,,,,,,,,,,,37.2965414,36.2508356,"https://www.google.com/maps/search/?api=1&query=37.2965414,36.2508356",node/723107094
Osmaniye,Osmaniye Müzesi,museum,,,,,,,,,,,37.0546573,36.2230297,"https://www.google.com/maps/search/?api=1&query=37.0546573,36.2230297",way/328237690
Osmaniye,Paribu Cineverse,cinema,,,,,,,,,,,37.0643623,36.2344271,"https://www.google.com/maps/search/?api=1&query=37.0643623,36.2344271",node/11337177531
Rize,Armağan Köyü Düğün Salonu ve Sosyal Tesisi,events_venue,,,,,,,,,,,41.1667279,41.0407841,"https://www.google.com/maps/search/?api=1&query=41.1667279,41.0407841",way/1447681090
Rize,Atatürk Müzesi,museum,,,,,,,,,,,41.0249492,40.5154037,"https://www.google.com/maps/search/?api=1&query=41.0249492,40.5154037",way/247789324
Rize,Grand Güven Düğün Salonu,events_venue,,,,,,,,,,,41.2754788,41.1583805,"https://www.google.com/maps/search/?api=1&query=41.2754788,41.1583805",node/10081682393
Rize,Hasan Karyal Gösteri Merkezi,arts_centre,,,,,,,,,,,41.2753049,41.1451767,"https://www.google.com/maps/search/?api=1&query=41.2753049,41.1451767",way/1101691389
Rize,Pembeköşk,cinema,,,,,,,,,,,41.0236533,40.5298031,"https://www.google.com/maps/search/?api=1&query=41.0236533,40.5298031",node/11573885015
Rize,Rize Atatürk Evi Müzesi,museum,,,,,,,,,,,41.0233935,40.5341521,"https://www.google.com/maps/search/?api=1&query=41.0233935,40.5341521",way/1223946040
Sakarya,Adapazarı Kültür Merkezi (AKM),cinema,,+90 264 282 1999,,,,,,,,,40.7772352,30.4018328,"https://www.google.com/maps/search/?api=1&query=40.7772352,30.4018328",way/238055419
Sakarya,Deprem Müzesi,museum,,,,,,,,,,,40.7771903,30.4024180,"https://www.google.com/maps/search/?api=1&query=40.7771903,30.4024180",way/824625647
Sakarya,Duygular Düğün Salonu,dance,,+90 532 573 31 61,,,,,,,,,40.7791211,30.4021132,"https://www.google.com/maps/search/?api=1&query=40.7791211,30.4021132",node/9707047553
Sakarya,Ekşioğlu Aqua City,water_park,,,https://www.karasueksiogluinsaat.com,,,,,,,,41.0895405,30.7433609,"https://www.google.com/maps/search/?api=1&query=41.0895405,30.7433609",way/1086965282
Sakarya,Ercan Park,theme_park,,+90 531 369 90 92,,,,,,,,,40.6969704,30.2686203,"https://www.google.com/maps/search/?api=1&query=40.6969704,30.2686203",node/9956504211
Sakarya,Ev,events_venue,,,,,,,wlan,Ada Caddesi 110,,,40.6826490,30.6216290,"https://www.google.com/maps/search/?api=1&query=40.6826490,30.6216290",way/1412533123
Sakarya,FairLab Racing Simulation,amusement_arcade,,+90 544 536 81 82,,,,,,Çark Caddesi 24,Adapazarı,Semerciler Mah. Anbarlı Sok.,40.7758876,30.3938626,"https://www.google.com/maps/search/?api=1&query=40.7758876,30.3938626",way/1151276906
Sakarya,FairLab Racing Simulation & Playstation,amusement_arcade,,,,,,,,Çark Caddesi 17,Adapazarı,Semerciler Mah. Parlak Sok.,40.7755302,30.3921277,"https://www.google.com/maps/search/?api=1&query=40.7755302,30.3921277",way/1151277014
Sakarya,Go-Kart Karasu,theme_park,,,,,Mittag-Mitternacht,,,,,,41.1114925,30.6875743,"https://www.google.com/maps/search/?api=1&query=41.1114925,30.6875743",way/385764032
Sakarya,İddaa,adult_gaming_centre,,,,,,,,,,,40.7773048,30.3941210,"https://www.google.com/maps/search/?api=1&query=40.7773048,30.3941210",node/8937399998
Sakarya,karasu lunaparkı,theme_park,,,,,,,,,,,41.1092424,30.6931736,"https://www.google.com/maps/search/?api=1&query=41.1092424,30.6931736",way/279591558
Sakarya,Konser Alanı,theatre,,,,,,,,,,,40.7431679,30.3312844,"https://www.google.com/maps/search/?api=1&query=40.7431679,30.3312844",way/389712322
Sakarya,Kulüp Doğa,events_venue,,,,,,,,,,,41.0966975,30.7250400,"https://www.google.com/maps/search/?api=1&query=41.0966975,30.7250400",node/9056358819
Sakarya,Kırkpınar Açık Hava Tiyatrosu,theatre,,,,,,,,Mimar Sinan Caddesi 31,Sapanca,Kırkpınar Soğuksu Mahallesi,40.6931110,30.2087875,"https://www.google.com/maps/search/?api=1&query=40.6931110,30.2087875",node/13565572374
Sakarya,Naturland Sapanca,theme_park,,,https://www.naturlandsapanca.com/,,Mo-Su 10:00-20:00,,,Dere İçi Mevki Ceylan Sokak,Sapanca,Mahmudiye Köyü,40.6717747,30.2227005,"https://www.google.com/maps/search/?api=1&query=40.6717747,30.2227005",node/12899797957
Sakarya,Paribu Cineverse,cinema,,,,,,,,,,,40.7782079,30.3653522,"https://www.google.com/maps/search/?api=1&query=40.7782079,30.3653522",node/11337177538
Sakarya,Sakarya Aquapark,water_park,,,https://sakaryaaquapark.com/,,24/7,,,Profesör Doktor Sabahattin Zaim Bulvarı 167,Adapazarı,Karakamış Mahallesi,40.8126220,30.3607493,"https://www.google.com/maps/search/?api=1&query=40.8126220,30.3607493",way/224430249
Sakarya,Sakarya Sanat Merkezi,arts_centre,,,,,,,,,,,40.7668295,30.3732254,"https://www.google.com/maps/search/?api=1&query=40.7668295,30.3732254",node/4072904172
Sakarya,Sapanca Aqua Wellness SPA Hotel & Aqua Park,water_park,,,http://www.sapancaaquahotel.com/,,Mo-Su 09:00-18:00,,,,,,40.6906005,30.2538698,"https://www.google.com/maps/search/?api=1&query=40.6906005,30.2538698",way/1082032356
Sakarya,Sapanca Belediyesi Düğün Salonu,events_venue,,,,,,,,,,,40.6933525,30.2736018,"https://www.google.com/maps/search/?api=1&query=40.6933525,30.2736018",way/494925538
Sakarya,Söğütlü Belediyesi Düğün ve Toplantı Salonu,events_venue,,,,,,,,,,,40.8919199,30.4633908,"https://www.google.com/maps/search/?api=1&query=40.8919199,30.4633908",way/1353882825
Sakarya,Taşkın Sümela Düğün Salonu,events_venue,,,,,,,,,,,40.7620182,30.3926777,"https://www.google.com/maps/search/?api=1&query=40.7620182,30.3926777",node/6005574758
Sakarya,Şehr-i Mahal,events_venue,,,,,,,,,,,40.7625573,30.3694540,"https://www.google.com/maps/search/?api=1&query=40.7625573,30.3694540",node/6742204209
Samsun,Ambarköy Açık Hava Müzesi,museum,,,,,,,,,,,40.9329425,35.8992889,"https://www.google.com/maps/search/?api=1&query=40.9329425,35.8992889",node/6762610640
Samsun,Anfi Tiyatro,theatre,,,,,,,,,,,41.2751315,36.3648675,"https://www.google.com/maps/search/?api=1&query=41.2751315,36.3648675",way/1125780361
Samsun,Aquapark,water_park,,,,,,,,,,,41.2813173,36.3540172,"https://www.google.com/maps/search/?api=1&query=41.2813173,36.3540172",node/4352710861
Samsun,Astorya Hava Sineması,cinema,,,,,,,,,,,41.2917784,36.3362171,"https://www.google.com/maps/search/?api=1&query=41.2917784,36.3362171",way/88116401
Samsun,Atatürk Kongre ve Kültür Merkezi,theatre,,,,,,,,,,,41.3676123,36.2080919,"https://www.google.com/maps/search/?api=1&query=41.3676123,36.2080919",node/5487953226
Samsun,Bandırma Gemi-Müze ve Millî Mücadele Açık Hava Müzesi,museum,,,http://bandirmavapuru.samsun.bel.tr/,,,,,,,,41.2929037,36.3389419,"https://www.google.com/maps/search/?api=1&query=41.2929037,36.3389419",node/4352704449
Samsun,Buz Sporları Salonu,ice_rink,,,,,,,,,,,41.3193252,36.3325103,"https://www.google.com/maps/search/?api=1&query=41.3193252,36.3325103",way/1125138897
Samsun,Canik Kültür Merkezi,arts_centre,,,,,,,,,,,41.2627130,36.3518670,"https://www.google.com/maps/search/?api=1&query=41.2627130,36.3518670",way/534602683
Samsun,Cemil Şensoy Kültür Merkezi,theatre,,,,,,,,,,,41.1997720,36.7270107,"https://www.google.com/maps/search/?api=1&query=41.1997720,36.7270107",node/10151437519
Samsun,Gazi Müzesi,museum,,,,,,,,,,,41.2901672,36.3323887,"https://www.google.com/maps/search/?api=1&query=41.2901672,36.3323887",way/497867612
Samsun,Paribu Cineverse,cinema,,,,,,,,,,,41.2765975,36.3530854,"https://www.google.com/maps/search/?api=1&query=41.2765975,36.3530854",node/11337177534
Samsun,Paribu Cineverse,cinema,,,,,,,,,,,41.3309722,36.2911066,"https://www.google.com/maps/search/?api=1&query=41.3309722,36.2911066",node/11337177545
Samsun,Samsun Büyükşehir Belediyesi Sanat Merkezi,arts_centre,,,,,,,,,,,41.3306205,36.2922420,"https://www.google.com/maps/search/?api=1&query=41.3306205,36.2922420",way/1124860525
Samsun,Samsun Graffiti House,museum,,,,,,,,,,,41.2172535,36.6716043,"https://www.google.com/maps/search/?api=1&query=41.2172535,36.6716043",node/10034991169
Samsun,Samsun Kent Müzesi,museum,,,,,,,,,,,41.2864525,36.3398286,"https://www.google.com/maps/search/?api=1&query=41.2864525,36.3398286",way/498019647
Samsun,Samsun Müzesi,museum,,,,,,,,,,,41.3068484,36.3342847,"https://www.google.com/maps/search/?api=1&query=41.3068484,36.3342847",way/1340524257
Samsun,Sonart Akademi,arts_centre,,,,,,,,,,,41.3100763,36.3148122,"https://www.google.com/maps/search/?api=1&query=41.3100763,36.3148122",node/12406597793
Samsun,Suada Aqua Park,water_park,,,,,,,,,,,41.2724654,36.3721917,"https://www.google.com/maps/search/?api=1&query=41.2724654,36.3721917",relation/15353191
Samsun,Terme Belediye Düğün Salonu,arts_centre,,,,,,,,,,,41.2103600,36.9771851,"https://www.google.com/maps/search/?api=1&query=41.2103600,36.9771851",way/428302890
Samsun,Terme Gençlik Merkezi,arts_centre,,,,,,,,Samsun-Ordu yolu 140,,,41.2074244,36.9991060,"https://www.google.com/maps/search/?api=1&query=41.2074244,36.9991060",way/420269365
Samsun,Yüksel Grand Düğün Salonu,dance,,,,,,,,Mithatpaşa caddesi,havza,Boyalıca mahallesi,40.9569868,35.6622357,"https://www.google.com/maps/search/?api=1&query=40.9569868,35.6622357",node/9033050240
Sanliurfa,Church of St. Peter and St. Paul (Reji Kilisesi),museum,,,,,,,,,,,37.1506117,38.7933021,"https://www.google.com/maps/search/?api=1&query=37.1506117,38.7933021",node/1995140405
Sanliurfa,CineMall Sinemaları,cinema,,,,,,,,,,,37.7535743,39.3168310,"https://www.google.com/maps/search/?api=1&query=37.7535743,39.3168310",node/5001495222
Sanliurfa,Feyzullah Efendi Konağı,arts_centre,,,,,,,,,,,37.1729657,38.9977523,"https://www.google.com/maps/search/?api=1&query=37.1729657,38.9977523",way/1144841340
Sanliurfa,Haleplibahçe Mozaik Müzesi,museum,,,,,,,,,,,37.1509415,38.7824950,"https://www.google.com/maps/search/?api=1&query=37.1509415,38.7824950",way/193118073
Sanliurfa,Harran Kültür Evi,museum,,,,,,,,,,,36.8617046,39.0321493,"https://www.google.com/maps/search/?api=1&query=36.8617046,39.0321493",node/4889959722
Sanliurfa,Harran Kültür Evi,museum,,,,,,,,,,,36.8611390,39.0358088,"https://www.google.com/maps/search/?api=1&query=36.8611390,39.0358088",node/11254874604
Sanliurfa,Independence Museum,museum,,,,,,,,,,,37.1578709,38.7878181,"https://www.google.com/maps/search/?api=1&query=37.1578709,38.7878181",node/1995140410
Sanliurfa,İbrahim Tatlıses Müzik Müzesi,museum,,,,,,,,,,,37.1442581,38.7927696,"https://www.google.com/maps/search/?api=1&query=37.1442581,38.7927696",way/1145126994
Sanliurfa,Kurtuluş müzesi,museum,,,,,,,,,,,37.1578411,38.7881693,"https://www.google.com/maps/search/?api=1&query=37.1578411,38.7881693",node/5021751523
Sanliurfa,Müslüm Gürses Müzesi,museum,,,,,,,,,,,37.2104534,38.8066747,"https://www.google.com/maps/search/?api=1&query=37.2104534,38.8066747",node/13333621463
Sanliurfa,Paribu Cineverse,cinema,,,,,,,,,,,37.1575954,38.7810667,"https://www.google.com/maps/search/?api=1&query=37.1575954,38.7810667",node/11337177537
Sanliurfa,Sinema ve Basın Müzesi,museum,,,,,,,,,,,37.2104085,38.8062818,"https://www.google.com/maps/search/?api=1&query=37.2104085,38.8062818",node/13333621454
Sanliurfa,Urfa Kent Müzesi,museum,,,,,,,,,,,37.1516997,38.7968823,"https://www.google.com/maps/search/?api=1&query=37.1516997,38.7968823",way/1376062687
Sanliurfa,Urfa Mutfak Müzesi,museum,,,,,,,,,,,37.1506701,38.7896973,"https://www.google.com/maps/search/?api=1&query=37.1506701,38.7896973",way/748554782
Sanliurfa,Çırağan Düğün Sarayı Viranşehir,events_venue,,,,https://www.instagram.com/ciragan.sarayi63/,,,no,25. Cadde 1,Viranşehir,Yenişehir Mahallesi,37.2095111,39.7607866,"https://www.google.com/maps/search/?api=1&query=37.2095111,39.7607866",node/8308175536
Sanliurfa,Şanlıurfa Arkeoloji Müzesi,museum,,,,,,,,,,,37.1537013,38.7819646,"https://www.google.com/maps/search/?api=1&query=37.1537013,38.7819646",relation/7745955
Sanliurfa,Şanlıurfa Müzesi,museum,,,,,,,,,,,37.1606455,38.7881115,"https://www.google.com/maps/search/?api=1&query=37.1606455,38.7881115",node/599903329
Siirt,Kır Düğün Salonu,events_venue,,,,,,,,,,,37.9337274,41.9042416,"https://www.google.com/maps/search/?api=1&query=37.9337274,41.9042416",node/12443369524
Siirt,Kır Düğün Salonu,events_venue,,,,,,,,,,,37.9514830,41.8778695,"https://www.google.com/maps/search/?api=1&query=37.9514830,41.8778695",node/12443781501
Sinop,Etnografya Müzesi,museum,,,,,,,,,,,42.0264332,35.1528142,"https://www.google.com/maps/search/?api=1&query=42.0264332,35.1528142",way/236822088
Sinop,Sabahattin Ali Kültür Merkezi,museum,,,,,,,,,,,42.0242989,35.1468000,"https://www.google.com/maps/search/?api=1&query=42.0242989,35.1468000",way/1230793022
Sinop,Sinop Arkeoloji Müzesi,museum,,,,,,,,,,,42.0275152,35.1510919,"https://www.google.com/maps/search/?api=1&query=42.0275152,35.1510919",way/229763876
Sinop,Sinop Müzesi,museum,,,,,,,,,,,42.0276823,35.1514872,"https://www.google.com/maps/search/?api=1&query=42.0276823,35.1514872",node/2179955797
Sinop,Tarihî Sinop Cezaevi,museum,,,,,,,,,,,42.0246313,35.1430036,"https://www.google.com/maps/search/?api=1&query=42.0246313,35.1430036",relation/11763662
Sinop,Yaşayan Kültürel Miras Müzesi,museum,,,,,,,,,,,41.4658659,34.7668323,"https://www.google.com/maps/search/?api=1&query=41.4658659,34.7668323",node/11160697977
Sivas,Belediye Düğün Salonu,dance,,,,,,,,,,,39.3124258,35.9504927,"https://www.google.com/maps/search/?api=1&query=39.3124258,35.9504927",way/1375955428
Sivas,Bizim Okey Salonu,amusement_arcade,,,,,,,,13-7. Sokak 2,Merkez,Eskikale Mahallesi,39.7491159,37.0170028,"https://www.google.com/maps/search/?api=1&query=39.7491159,37.0170028",way/1413591127
Sivas,Fidan Yazıcıoğlu Kültür Merkezi,theatre,,,,,,,,,,,39.7454104,37.0091829,"https://www.google.com/maps/search/?api=1&query=39.7454104,37.0091829",way/648201582
Sivas,Grand Asel Düğün Salonu,events_venue,,,,,,,,İhsan Öğer Caddesi 8/B,Merkez,Diriliş Mahallesi,39.7299020,36.9669599,"https://www.google.com/maps/search/?api=1&query=39.7299020,36.9669599",node/12973306259
Sivas,Grand Kemerhan Düğün Salonu,events_venue,,,,,,,,,,,39.7107168,36.9695891,"https://www.google.com/maps/search/?api=1&query=39.7107168,36.9695891",way/1372760474
Sivas,Grand Masal Düğün Sarayı,events_venue,,,,,,,,53-3. Sokak 9,Merkez,Gültepe Mahallesi,39.7292126,37.0031510,"https://www.google.com/maps/search/?api=1&query=39.7292126,37.0031510",way/1384067778
Sivas,Gök Medrese,museum,,,,,Mo-Sa 09:00-18:00,,,Gökmedrese Caddesi,Merkez,Gökmedrese,39.7443204,37.0168037,"https://www.google.com/maps/search/?api=1&query=39.7443204,37.0168037",node/13028478143
Sivas,İsmet Yılmaz Eğitim Müzesi,museum,,,,,,,,,,,39.7280053,36.9881227,"https://www.google.com/maps/search/?api=1&query=39.7280053,36.9881227",way/1362642064
Sivas,Kangal Düğün Salonu,events_venue,,,,,,,,,,,39.2259326,37.3891698,"https://www.google.com/maps/search/?api=1&query=39.2259326,37.3891698",way/1410589729
Sivas,Klas Sinemaları,cinema,,,,,,,,,,,39.7484142,37.0131142,"https://www.google.com/maps/search/?api=1&query=39.7484142,37.0131142",node/4543968733
Sivas,Kongre Müzesi,museum,,,,,,,,İnönü Bulvarı 2,Merkez,Eskikale Mahallesi,39.7496672,37.0137795,"https://www.google.com/maps/search/?api=1&query=39.7496672,37.0137795",relation/19145891
Sivas,Sivas Arkeoloji Müzesi,museum,,,,,,,,Rahmi Günay Caddesi,,,39.7553890,37.0110479,"https://www.google.com/maps/search/?api=1&query=39.7553890,37.0110479",way/443114316
Sivas,Sivas Devlet Tiyatrosu,theatre,,,,,,,,,,,39.7436100,37.0109091,"https://www.google.com/maps/search/?api=1&query=39.7436100,37.0109091",way/647509304
Sivas,Tören Alanı,events_venue,,,,,,,,,,,39.7274093,36.9735541,"https://www.google.com/maps/search/?api=1&query=39.7274093,36.9735541",way/1388610230
Sivas,Yuvam Düğün Salonu,events_venue,,,,,,,,Selimiye Caddesi 5/1,Merkez,Mimar Sinan Mahallesi,39.7284134,36.9721416,"https://www.google.com/maps/search/?api=1&query=39.7284134,36.9721416",way/1419351158
Sivas,Zirve Düğün Salonu,events_venue,,,,,,,,,,,39.7116733,36.9633223,"https://www.google.com/maps/search/?api=1&query=39.7116733,36.9633223",way/1338337190
Tekirdag,Altınsaray Düğün Salonu,nightclub,,,,,,,,Atatürk Caddesi,,,41.2935601,27.9981199,"https://www.google.com/maps/search/?api=1&query=41.2935601,27.9981199",node/5967860880
Tekirdag,Alyans Düğün Sarayı,nightclub,,+905067567055,,,,,,Saray Caddesi 80A,Kapaklı,,41.3252410,27.9743545,"https://www.google.com/maps/search/?api=1&query=41.3252410,27.9743545",node/13366103211
Tekirdag,Amfitiyatro,theatre,,,,,,,,,,,41.1854726,27.4788367,"https://www.google.com/maps/search/?api=1&query=41.1854726,27.4788367",way/272160498
Tekirdag,Anfi Tiyatro,theatre,,,,,,,,,Çerkezköy,,41.2867373,28.0028065,"https://www.google.com/maps/search/?api=1&query=41.2867373,28.0028065",way/263349162
Tekirdag,Angel Resto Bar Club,nightclub,,,,,,,,,,,41.2930755,27.9974222,"https://www.google.com/maps/search/?api=1&query=41.2930755,27.9974222",node/6329891004
Tekirdag,Aqua Park Bungalov Evler,water_park,,,,,,,,,,,40.9888334,27.8525063,"https://www.google.com/maps/search/?api=1&query=40.9888334,27.8525063",node/7487642955
Tekirdag,Arabul Düğün Salonu,nightclub,,,,,,,,,,,40.9836458,27.4854368,"https://www.google.com/maps/search/?api=1&query=40.9836458,27.4854368",way/520930153
Tekirdag,Aydık Garden Düğün Organizasyon,events_venue,,,,,,,,,,,40.9468030,27.4413504,"https://www.google.com/maps/search/?api=1&query=40.9468030,27.4413504",way/626412198
Tekirdag,Ba&De Organizazyon ve Davet Salonu,events_venue,,,,,,,,,,,41.1453450,27.7987058,"https://www.google.com/maps/search/?api=1&query=41.1453450,27.7987058",node/12356430315
Tekirdag,Bes Dreamland Çocuk Eğlence Merkezi,theme_park,,+905551485944,www.besdreamland.com,,,,,,,,41.2621217,28.0149073,"https://www.google.com/maps/search/?api=1&query=41.2621217,28.0149073",node/9834078500
Tekirdag,Best Garden Kır Bahçesi,events_venue,,,,bestgardenkirbahcesi,,,,Tandoğan Caddesi 694,Kapaklı,,41.3336647,28.0143321,"https://www.google.com/maps/search/?api=1&query=41.3336647,28.0143321",node/12259354982
Tekirdag,Beylice 1 Düğün Salonu,nightclub,,,,,,,,Atatürk Caddesi,,,41.2920927,27.9980305,"https://www.google.com/maps/search/?api=1&query=41.2920927,27.9980305",node/5967861514
Tekirdag,Beylice 2 Düğün Salonu,nightclub,,,,,,,,Atatürk Caddesi,,,41.2922390,27.9979863,"https://www.google.com/maps/search/?api=1&query=41.2922390,27.9979863",node/5967861484
Tekirdag,Club 46 Eğlence Merkezi,nightclub,,,,,,,,,,,41.3499779,27.9600383,"https://www.google.com/maps/search/?api=1&query=41.3499779,27.9600383",way/738706630
Tekirdag,Diamond,nightclub,,,,,,,,,,,41.3331385,27.9732639,"https://www.google.com/maps/search/?api=1&query=41.3331385,27.9732639",node/13588805101
Tekirdag,Ege Düğün Sarayı,nightclub,,,,,,,,Hürriyet Caddesi,,,41.3321316,27.9781014,"https://www.google.com/maps/search/?api=1&query=41.3321316,27.9781014",node/4712707864
Tekirdag,Ergene Atatürk Evi,museum,,,,,,,,,Ergene,,41.2063460,27.7486253,"https://www.google.com/maps/search/?api=1&query=41.2063460,27.7486253",node/12137512421
Tekirdag,Eylül Bilim ve Sanat Akademisi,arts_centre,,,,,,,,,,,41.2674701,28.0281302,"https://www.google.com/maps/search/?api=1&query=41.2674701,28.0281302",node/9950190763
Tekirdag,Han Garden,nightclub,,,,,,,,,,,41.0365893,27.5865009,"https://www.google.com/maps/search/?api=1&query=41.0365893,27.5865009",node/12074461011
Tekirdag,Hayvanat Bahçesi,zoo,,,,,,,,,,,41.1370188,27.7996927,"https://www.google.com/maps/search/?api=1&query=41.1370188,27.7996927",node/6077888478
Tekirdag,İbrahim Balaban Müzesi,museum,,,,,,,,,,,40.9764006,27.5111655,"https://www.google.com/maps/search/?api=1&query=40.9764006,27.5111655",node/12487281942
Tekirdag,Kapaklı Belediyesi Nikah Salonu,nightclub,,,,,,,,,,,41.3253923,27.9778528,"https://www.google.com/maps/search/?api=1&query=41.3253923,27.9778528",node/9711487915
Tekirdag,Kayalar Düğün Salonu,nightclub,,,,,,,,,,,41.1938547,27.7815009,"https://www.google.com/maps/search/?api=1&query=41.1938547,27.7815009",node/11303315347
Tekirdag,Kulüp 2000 - Clup 2000,nightclub,,,,,,,,,,,41.3438522,27.9673457,"https://www.google.com/maps/search/?api=1&query=41.3438522,27.9673457",node/9446580566
Tekirdag,Kırkgöz İzci Müzesi,museum,,,,,,,,,Ergene,Kırkgöz Mahallesi,41.2388045,27.6804641,"https://www.google.com/maps/search/?api=1&query=41.2388045,27.6804641",node/6430309306
Tekirdag,Malkara Belediye Düğün Salonu,events_venue,,,,,,,,,,,40.8948317,26.9099042,"https://www.google.com/maps/search/?api=1&query=40.8948317,26.9099042",way/1209887725
Tekirdag,Marmaraereğlisi Belediyesi Düğün Salonu,dance,,,,,,,,,,,40.9695862,27.9444462,"https://www.google.com/maps/search/?api=1&query=40.9695862,27.9444462",way/1329628139
Tekirdag,Meloğlu Sanat Merkezi,arts_centre,,,,,,,,,,,41.3269170,27.9813239,"https://www.google.com/maps/search/?api=1&query=41.3269170,27.9813239",node/8300322198
Tekirdag,Misinli Düğün Salonu,nightclub,,,,,,,,,Ergene,,41.3121129,27.6014773,"https://www.google.com/maps/search/?api=1&query=41.3121129,27.6014773",way/982250297
Tekirdag,Muratlı Belediyesi Sanat Atölyesi,gallery,,,,,,,,,,,41.1714539,27.4962161,"https://www.google.com/maps/search/?api=1&query=41.1714539,27.4962161",node/12896445621
Tekirdag,Muratlı Kültür Merkezi,arts_centre,,,,,,,,,,,41.1684423,27.4936750,"https://www.google.com/maps/search/?api=1&query=41.1684423,27.4936750",way/275277206
Tekirdag,Muratlı Sanayi Yazlık Dügün Salonu,nightclub,,,,,,,,,,,41.1814721,27.5096731,"https://www.google.com/maps/search/?api=1&query=41.1814721,27.5096731",node/5381914436
Tekirdag,Müzik Teknolojileri Müzesi,museum,,,https://www.suleymanpasa.bel.tr/bilgi/M%C3%BCzik-Teknolojileri-M%C3%BCzesi--15,,,,,Sefa Sokak 4,Süleymanpaşa,Ertuğrul,40.9764293,27.5109839,"https://www.google.com/maps/search/?api=1&query=40.9764293,27.5109839",way/1334761670
Tekirdag,Namık Kemal Evi,museum,,,,,Mo-Sa 09:00-17:00,,no,,Süleymanpaşa,,40.9790248,27.5167183,"https://www.google.com/maps/search/?api=1&query=40.9790248,27.5167183",way/614303339
Tekirdag,Osmanoğlu Düğün Sarayı,nightclub,,,,,,,,,,,41.3314322,27.9943493,"https://www.google.com/maps/search/?api=1&query=41.3314322,27.9943493",node/13591714511
Tekirdag,Paribu Cineverse,cinema,,,,,,,,,,,40.9784849,27.5034703,"https://www.google.com/maps/search/?api=1&query=40.9784849,27.5034703",node/4949979096
Tekirdag,Pembe Köşk Düğün Sarayı,events_venue,,,,,,,,Tibet Sokak 1A,Kapaklı,,41.3303498,27.9715277,"https://www.google.com/maps/search/?api=1&query=41.3303498,27.9715277",node/13514613403
Tekirdag,Prof. Dr. Türkan Saylan Eğitim Kültür ve Sanat Merkezi,arts_centre,,,,,,,,Fatih Caddesi,,,41.2912040,27.9942691,"https://www.google.com/maps/search/?api=1&query=41.2912040,27.9942691",node/6329891134
Tekirdag,Rakoczi Müzesi,museum,,,https://www.suleymanpasa.bel.tr/bilgi/Rakoczi-M%C3%BCzesi--17,,,,,Rakoczi Caddesi 36,Süleymanpaşa,Ertuğrul,40.9741185,27.5099499,"https://www.google.com/maps/search/?api=1&query=40.9741185,27.5099499",way/614302702
Tekirdag,Sakura Organizasyon ve Davet Evi,events_venue,,,,,,,,,,,41.3014417,28.0068178,"https://www.google.com/maps/search/?api=1&query=41.3014417,28.0068178",node/12156207057
Tekirdag,Saray Atatürk Kültür Merkezi,arts_centre,,,,,,,,,,,41.4448867,27.9185724,"https://www.google.com/maps/search/?api=1&query=41.4448867,27.9185724",way/1210904120
Tekirdag,Süleymanpaşa Belediyesi Buz Sporları Salonu,ice_rink,,,,,,,,,,,40.9792736,27.4835300,"https://www.google.com/maps/search/?api=1&query=40.9792736,27.4835300",way/496394337
Tekirdag,Tarihi Çorlu Evi,museum,,,,,,,,,,,41.1637452,27.8019102,"https://www.google.com/maps/search/?api=1&query=41.1637452,27.8019102",way/467047536
Tekirdag,Tekirdağ Arkeoloji ve Etnografya Müzesi,museum,,,,,Tu-Su 09:00-17:30,,,,,,40.9758023,27.5126783,"https://www.google.com/maps/search/?api=1&query=40.9758023,27.5126783",way/614306141
Tekirdag,Tekirdağ İl Eğitimi Tarihi Müzesi,museum,,,,,,,,,,,40.9841052,27.5619047,"https://www.google.com/maps/search/?api=1&query=40.9841052,27.5619047",node/5806715469
Tekirdag,Ters Ev,museum,,,,,,,,,,,41.1392417,27.8772475,"https://www.google.com/maps/search/?api=1&query=41.1392417,27.8772475",node/11898233785
Tekirdag,TURKUAZ HAVUZBAŞI DÜĞÜN VE KAHVALTI SALONU,nightclub,,,,,,,,,,,41.4462775,27.9569785,"https://www.google.com/maps/search/?api=1&query=41.4462775,27.9569785",node/6929358418
Tekirdag,Yanıkağıl Mahallesi Düğün Salonu,nightclub,,,,,,,,,Kapaklı,,41.2903353,27.9086366,"https://www.google.com/maps/search/?api=1&query=41.2903353,27.9086366",way/484142872
Tekirdag,Yeşilsırt Açık Düğün Salonu,nightclub,,,,,,,,,,,41.1172504,27.4739253,"https://www.google.com/maps/search/?api=1&query=41.1172504,27.4739253",way/496394630
Tekirdag,Yeşiltepe Düğün Salonu,dance,,,,,,,,,,,41.1919185,27.7700128,"https://www.google.com/maps/search/?api=1&query=41.1919185,27.7700128",node/4756142249
Tekirdag,Çerkezköy Belediyesi Kızılpınar Kültür Merkezi,arts_centre,,,,,,,,,,,41.2672356,27.9699634,"https://www.google.com/maps/search/?api=1&query=41.2672356,27.9699634",way/551198159
Tekirdag,Çorlu Atatürk Evi,museum,,,,,,,,,,,41.1524855,27.8355361,"https://www.google.com/maps/search/?api=1&query=41.1524855,27.8355361",way/727483827
Tekirdag,Çorlu Belediyesi Masal Park,theme_park,,,,,,,,Kültegin Sokak 4,Çorlu,Önerler Mahallesi,41.1384124,27.8796760,"https://www.google.com/maps/search/?api=1&query=41.1384124,27.8796760",way/1057569989
Tekirdag,Çorlu Belediyesi Ters Ev,museum,,,,,,,,,,,41.1393402,27.8770115,"https://www.google.com/maps/search/?api=1&query=41.1393402,27.8770115",way/1275809122
Tekirdag,Çorlu Yılmaz Büyükerşen Balmumu Heykeller Müzesi,museum,,,,,,,,,,,41.1626439,27.7990106,"https://www.google.com/maps/search/?api=1&query=41.1626439,27.7990106",node/7892580411
Tekirdag,Özel Modern Sanat Akademisi,arts_centre,,,,,,,,Atatürk Caddesi 4,,,41.2905690,27.9982955,"https://www.google.com/maps/search/?api=1&query=41.2905690,27.9982955",node/5967861599
Tekirdag,Şarköy Kent Müzesi,museum,,,,,,,,Doğan Ahmet Küçük Meydanı 26,Şarköy,İstiklal,40.6150892,27.1136820,"https://www.google.com/maps/search/?api=1&query=40.6150892,27.1136820",way/280114878
Tekirdag,Şarköy Kültür ve Sanat Sokağı,arts_centre,,,,,,,,,Şarköy,,40.6121268,27.1258374,"https://www.google.com/maps/search/?api=1&query=40.6121268,27.1258374",node/9045418474
Tekirdag,Şölen Event Davet Düğün Organizasyon,nightclub,,,,,,,,,Ergene,,41.1849634,27.7730606,"https://www.google.com/maps/search/?api=1&query=41.1849634,27.7730606",node/4917097062
Tokat,Atlantis Aquapark,water_park,,,,,,,,,,,40.6821171,36.5512173,"https://www.google.com/maps/search/?api=1&query=40.6821171,36.5512173",relation/17921526
Tokat,Erbaa Bilim ve Sanat Merkezi,arts_centre,,,,,,,,,,,40.6677042,36.5691942,"https://www.google.com/maps/search/?api=1&query=40.6677042,36.5691942",way/1316247600
Tokat,Gaziosman Paşa Plevne Müzesi,museum,,,,,,,,,,,40.3070724,36.5591236,"https://www.google.com/maps/search/?api=1&query=40.3070724,36.5591236",way/746061609
Tokat,Tokat Atatürk Evi Müzesi,museum,,,,,,,,,,,40.3069837,36.5592414,"https://www.google.com/maps/search/?api=1&query=40.3069837,36.5592414",way/746061610
Trabzon,Academy Playstation,amusement_arcade,,,,,,,,,,,40.9953203,39.7648700,"https://www.google.com/maps/search/?api=1&query=40.9953203,39.7648700",node/9134228055
Trabzon,Akçaabat Belediyesi Resim ve Fotoğraf Müzesi Sanat Galerisi,gallery,,,,,,,,,,,41.0246473,39.5651793,"https://www.google.com/maps/search/?api=1&query=41.0246473,39.5651793",node/13285041908
Trabzon,Alacahan,arts_centre,,,,,,,,,,,41.0078707,39.7245947,"https://www.google.com/maps/search/?api=1&query=41.0078707,39.7245947",way/391978296
Trabzon,AMF Bowling,bowling_alley,,,,,,,,,,,40.9996971,39.7626722,"https://www.google.com/maps/search/?api=1&query=40.9996971,39.7626722",node/4624707292
Trabzon,Arena Playstation,amusement_arcade,,,,,,,,,,,41.0005177,39.6987287,"https://www.google.com/maps/search/?api=1&query=41.0005177,39.6987287",node/11049215020
Trabzon,Atatürk Köşkü,museum,,,,,,,,,,,40.9797836,39.6974823,"https://www.google.com/maps/search/?api=1&query=40.9797836,39.6974823",way/278850858
Trabzon,Bykuş,nightclub,,,,,,,,,,,41.0055000,39.7337481,"https://www.google.com/maps/search/?api=1&query=41.0055000,39.7337481",node/6874269740
Trabzon,Cine Galaxy,cinema,,,,,,,,,,,41.0048912,39.7164550,"https://www.google.com/maps/search/?api=1&query=41.0048912,39.7164550",node/4955114068
Trabzon,Dilektaşı Aquapark,water_park,,,,,,,,,,,41.0726037,39.2009015,"https://www.google.com/maps/search/?api=1&query=41.0726037,39.2009015",way/755626489
Trabzon,Forum Ice Ring,ice_rink,,,,,,,,,,,41.0000679,39.7607200,"https://www.google.com/maps/search/?api=1&query=41.0000679,39.7607200",node/4907551264
Trabzon,Güzel Sanatlar Galerisi,gallery,,,,,,,,,,,41.0045504,39.7207482,"https://www.google.com/maps/search/?api=1&query=41.0045504,39.7207482",node/6835141343
Trabzon,Hamamizade İhsanbey Kültür Merkezi,arts_centre,,,,,,,,,,,41.0063544,39.7310705,"https://www.google.com/maps/search/?api=1&query=41.0063544,39.7310705",way/391984326
Trabzon,Hüseyin Kazaz Kültür Merkezi,arts_centre,,,,,,,,,,,41.0039971,39.7204536,"https://www.google.com/maps/search/?api=1&query=41.0039971,39.7204536",way/391989866
Trabzon,Lara Sinema,cinema,,,,,,,,,,,41.0048296,39.7280712,"https://www.google.com/maps/search/?api=1&query=41.0048296,39.7280712",node/4617358993
Trabzon,Lux,nightclub,,,,,,,,,,,41.0072040,39.7303858,"https://www.google.com/maps/search/?api=1&query=41.0072040,39.7303858",node/11012533804
Trabzon,Paribu Cineverse,cinema,,,,,,,,,,,41.0002122,39.7608333,"https://www.google.com/maps/search/?api=1&query=41.0002122,39.7608333",node/4624707297
Trabzon,Taşhan,arts_centre,,,,,,,,,,,41.0072426,39.7239421,"https://www.google.com/maps/search/?api=1&query=41.0072426,39.7239421",relation/5895674
Trabzon,Trabzon Akvaryum,aquarium,,,,,,,,,,,41.0006049,39.7177174,"https://www.google.com/maps/search/?api=1&query=41.0006049,39.7177174",node/9780412253
Trabzon,Trabzon Akvaryum,aquarium,,,,,,,,,,,41.0006569,39.7200526,"https://www.google.com/maps/search/?api=1&query=41.0006569,39.7200526",node/9780412254
Trabzon,Trabzon Edebiyat Müzesi,museum,,,,,,,,,,,41.0045332,39.7187664,"https://www.google.com/maps/search/?api=1&query=41.0045332,39.7187664",way/391995322
Trabzon,Trabzon Haluk Ongan Devlet Tiyatrosu,theatre,,,,,,,,,,,41.0030452,39.7170475,"https://www.google.com/maps/search/?api=1&query=41.0030452,39.7170475",way/391992387
Trabzon,Trabzon Müzesi,museum,,,,,Apr-Sep 09:00-18:00; Oct-Mar 08:00-17:00,,,,,,41.0050102,39.7265519,"https://www.google.com/maps/search/?api=1&query=41.0050102,39.7265519",way/391984327
Trabzon,Trabzon Ortahisar Tarih Müzesi,museum,,,,,,,,,,,41.0049774,39.7211440,"https://www.google.com/maps/search/?api=1&query=41.0049774,39.7211440",way/391998551
Trabzon,Trabzon Zaman Tüneli,museum,,,,,,,,,,,41.0041486,39.7084752,"https://www.google.com/maps/search/?api=1&query=41.0041486,39.7084752",way/1297365785
Trabzon,Trabzon Şehir Müzesi,museum,,,,,,,,,,,41.0059638,39.7280542,"https://www.google.com/maps/search/?api=1&query=41.0059638,39.7280542",way/392041790
Trabzon,Trabzonspor Şamil Ekinci Müzesi,museum,,,,,09:00-17:30,,,,,,41.0061470,39.7278393,"https://www.google.com/maps/search/?api=1&query=41.0061470,39.7278393",way/391978301
Trabzon,Uzungöl Dursun Ali İnan Müzesi,museum,,,https://uzungolmuzesi.com,,,,,,Çaykara,Uzungöl Mahallesi,40.6176774,40.3040460,"https://www.google.com/maps/search/?api=1&query=40.6176774,40.3040460",way/732856004
Trabzon,Çok Amaçı Salon (St. John Kilisesi),arts_centre,,,,,,,,,,,41.0078707,39.7150265,"https://www.google.com/maps/search/?api=1&query=41.0078707,39.7150265",way/391989869
Tunceli,Flamingo Su Parkı,water_park,,,,,,,,,,,39.1026274,39.5480145,"https://www.google.com/maps/search/?api=1&query=39.1026274,39.5480145",node/13506455701
Tunceli,Tunceli Müzesi,museum,,,,,,,no,,,,39.1044248,39.5474878,"https://www.google.com/maps/search/?api=1&query=39.1044248,39.5474878",relation/6680755
Usak,1 Eylül Playstation,amusement_arcade,,,,,,,,,,,38.6749076,29.4047671,"https://www.google.com/maps/search/?api=1&query=38.6749076,29.4047671",node/12176663683
Usak,Amfi Tiyatro,theatre,,,,,,,,,,,38.3918741,29.0131091,"https://www.google.com/maps/search/?api=1&query=38.3918741,29.0131091",way/745326648
Usak,anemon Kına Düğün Salonu,events_venue,,,,,,,,,,,38.6315436,29.4010487,"https://www.google.com/maps/search/?api=1&query=38.6315436,29.4010487",way/1418641262
Usak,Açık Hava Tiyatrosu,theatre,,,,,,,,,,,38.6803819,29.3774872,"https://www.google.com/maps/search/?api=1&query=38.6803819,29.3774872",way/493776161
Usak,Can Düğün Salonu,events_venue,,,,,,,,,,,38.6801260,29.4057436,"https://www.google.com/maps/search/?api=1&query=38.6801260,29.4057436",way/493590837
Usak,Can Palas Düğün Salonları,events_venue,,,,,,,,,,,38.6289213,29.3858702,"https://www.google.com/maps/search/?api=1&query=38.6289213,29.3858702",way/1334180327
Usak,Cinetime Sinemaları,cinema,,,,,,,,,,,38.6719609,29.4256291,"https://www.google.com/maps/search/?api=1&query=38.6719609,29.4256291",node/12000641104
Usak,Dal Playstation,amusement_arcade,,,,,,,,,,,38.6753472,29.4045001,"https://www.google.com/maps/search/?api=1&query=38.6753472,29.4045001",node/12618421072
Usak,Deniz Düğün Salonları,events_venue,,,,,,,,,,,38.6774773,29.4062207,"https://www.google.com/maps/search/?api=1&query=38.6774773,29.4062207",way/493590834
Usak,Gülistan Düğün Salonları,events_venue,,,,,,,,,,,38.6783248,29.3805700,"https://www.google.com/maps/search/?api=1&query=38.6783248,29.3805700",node/13409744106
Usak,Güvercinpark Düğün Salonu,events_venue,,,,,,,,,,,38.6762954,29.3542962,"https://www.google.com/maps/search/?api=1&query=38.6762954,29.3542962",way/1294889349
Usak,Kaan Düğün ve Toplantı Salonları,events_venue,,,,,,,,,,,38.6295693,29.3846282,"https://www.google.com/maps/search/?api=1&query=38.6295693,29.3846282",way/1334180328
Usak,Karaağaç Düğün Salonu,events_venue,,,,,,,,,,,38.6889281,29.3928096,"https://www.google.com/maps/search/?api=1&query=38.6889281,29.3928096",way/1292267549
Usak,Karakuş Düğün Salonları,events_venue,,,,,,,,,,,38.6359044,29.3881922,"https://www.google.com/maps/search/?api=1&query=38.6359044,29.3881922",way/1293758053
Usak,Kerem Cafe Kır Düğün Bahçesi,events_venue,,,,,,,,,,,38.6638648,29.4410138,"https://www.google.com/maps/search/?api=1&query=38.6638648,29.4410138",way/1294872223
Usak,Keyif 2 Playstation,amusement_arcade,,,,,,,,,,,38.6752502,29.3962431,"https://www.google.com/maps/search/?api=1&query=38.6752502,29.3962431",node/12618381092
Usak,Keyif Playstation,amusement_arcade,,,,,,,,,,,38.6738652,29.4066215,"https://www.google.com/maps/search/?api=1&query=38.6738652,29.4066215",node/12618409431
Usak,Kilim Müzesi,museum,,,,,,,,,,,38.3928607,29.0168795,"https://www.google.com/maps/search/?api=1&query=38.3928607,29.0168795",way/745326645
Usak,life 3,amusement_arcade,,,,,,,,,,,38.6753194,29.4014473,"https://www.google.com/maps/search/?api=1&query=38.6753194,29.4014473",node/11992895262
Usak,Masal Diyarı Çocuk Oyun Parkı,theme_park,,,,,,,,,,,38.6555451,29.4082318,"https://www.google.com/maps/search/?api=1&query=38.6555451,29.4082318",way/478266914
Usak,Mavi Düğün Salonu,events_venue,,,,,,,,,,,38.6748034,29.4104440,"https://www.google.com/maps/search/?api=1&query=38.6748034,29.4104440",way/1296663333
Usak,Müze Parkı Kır Bahçesi,events_venue,,,,,,,,,,,38.6658500,29.4075522,"https://www.google.com/maps/search/?api=1&query=38.6658500,29.4075522",way/1461957244
Usak,Okyay Düğün Salonu,events_venue,,,,,,,,,,,38.7415987,29.7493520,"https://www.google.com/maps/search/?api=1&query=38.7415987,29.7493520",node/3527801883
Usak,Saray Düğün Salonları,events_venue,,,,,,,,,,,38.6303143,29.3843150,"https://www.google.com/maps/search/?api=1&query=38.6303143,29.3843150",way/1334180326
Usak,Takmak Köyü Etnografya Müzesi,museum,,,,,,,,,,,38.4483755,28.9726178,"https://www.google.com/maps/search/?api=1&query=38.4483755,28.9726178",node/12005713014
Usak,Uşak Arkeoloji Müzesi,museum,,,,,09:00 -17:30,,,Orhan Dengiz Bulvarı 29/D,Merkez,Fatih Mahallesi,38.6651424,29.4073196,"https://www.google.com/maps/search/?api=1&query=38.6651424,29.4073196",way/1038716853
Usak,Uşak Belediyesi Hayvanat Bahçesi,zoo,,,,,,,,,,,38.6942292,29.4297289,"https://www.google.com/maps/search/?api=1&query=38.6942292,29.4297289",node/10982406012
Usak,Uşak Hayvanat Bahçesi,zoo,,,,,,,,,,,38.6940871,29.4296069,"https://www.google.com/maps/search/?api=1&query=38.6940871,29.4296069",way/1334807193
Usak,Uşak Vip Playstation,amusement_arcade,,,,,,,,,,,38.6734836,29.4066926,"https://www.google.com/maps/search/?api=1&query=38.6734836,29.4066926",node/12618426857
Usak,Çarşı Playstation,amusement_arcade,,,,,,,,,,,38.6751284,29.4038484,"https://www.google.com/maps/search/?api=1&query=38.6751284,29.4038484",node/4851415453
Usak,Çağrı Düğün Salonları,events_venue,,,,,,,,,,,38.6757398,29.4083837,"https://www.google.com/maps/search/?api=1&query=38.6757398,29.4083837",way/1427902394
Usak,Çok Amaçlı Düğün Salanu,events_venue,,,,,,,,,,,38.6551366,29.3845669,"https://www.google.com/maps/search/?api=1&query=38.6551366,29.3845669",way/1502659975
Usak,Çınar Düğün Salonu,events_venue,,,,,,,,1. Tan Sokak,MERKEZ,Bozkurt Mahallesi,38.6824583,29.4039159,"https://www.google.com/maps/search/?api=1&query=38.6824583,29.4039159",way/1334634256
Usak,Örnek Düğün Salonları,events_venue,,,,,,,,,,,38.6747357,29.4111911,"https://www.google.com/maps/search/?api=1&query=38.6747357,29.4111911",way/1362686344
Van,Berivan Kültür ve Sanat Merkezi,arts_centre,,,,,,,,,,,38.4961973,43.4481897,"https://www.google.com/maps/search/?api=1&query=38.4961973,43.4481897",way/340532612
Van,HD Playstation,amusement_arcade,,,,,,,,,,,39.1333441,43.9003569,"https://www.google.com/maps/search/?api=1&query=39.1333441,43.9003569",node/9726812988
Van,Nuda sanat merkezi,arts_centre,,,,,,,,,,,38.4804119,43.3970811,"https://www.google.com/maps/search/?api=1&query=38.4804119,43.3970811",way/897201823
Van,Paribu Cineverse,cinema,,,,,,,,,,,38.4927655,43.3943089,"https://www.google.com/maps/search/?api=1&query=38.4927655,43.3943089",node/11337177543
Van,Van Aqua Park,water_park,,,,,,,,,,,38.4378218,43.3147517,"https://www.google.com/maps/search/?api=1&query=38.4378218,43.3147517",way/1058346191
Van,Van Devlet Tiyatrosu,theatre,,,,,,,,,,,38.4977636,43.3985075,"https://www.google.com/maps/search/?api=1&query=38.4977636,43.3985075",node/8335774164
Van,Van Müzesi,museum,,+90 432 216 1139,https://muze.gov.tr/muze-detay?SectionId=VNM01&DistId=MRK,,Tu-Su 08:00-18:30,no,,,İpekyolu,,38.5039385,43.3436517,"https://www.google.com/maps/search/?api=1&query=38.5039385,43.3436517",way/895580700
Yalova,Anılar Hayaller Müzesi,museum,,,,,,,,Bursaspor Sokak,ARMUTLU,BAYIR,40.5195715,28.8268158,"https://www.google.com/maps/search/?api=1&query=40.5195715,28.8268158",way/1410172658
Yalova,Barış Manço Açıkhava Tiyatrosu,theatre,,,,,,,,,,,40.6594786,29.2753313,"https://www.google.com/maps/search/?api=1&query=40.6594786,29.2753313",way/252782711
Yalova,Cinemapink,cinema,,,,,,,,,,,40.6532438,29.2541978,"https://www.google.com/maps/search/?api=1&query=40.6532438,29.2541978",node/4051210493
Yalova,Club Kio,nightclub,,,,,,,,,,,40.6412845,29.1083273,"https://www.google.com/maps/search/?api=1&query=40.6412845,29.1083273",way/771634029
Yalova,Kaktüs,nightclub,,,,,,,,,,,40.6465074,29.1182238,"https://www.google.com/maps/search/?api=1&query=40.6465074,29.1182238",node/12883393152
Yalova,Lunapark,theme_park,,,htpps://lunapark.yalova.sahil.com//,,Mo-Sa 08:00-20:00,,,Rıhtım Caddesi 94,Merkez,Süleyman Bey Mahallesi,40.6601517,29.2723172,"https://www.google.com/maps/search/?api=1&query=40.6601517,29.2723172",way/1181800090
Yalova,Papyon Düğün Salonu,events_venue,,,,,,,,,,,40.5115917,28.8300528,"https://www.google.com/maps/search/?api=1&query=40.5115917,28.8300528",way/1394818522
Yalova,Red Kids Oyunevi,amusement_arcade,,,,,,,,,,,40.5114512,28.8359247,"https://www.google.com/maps/search/?api=1&query=40.5114512,28.8359247",node/13196145941
Yalova,Yalova Aqualand,water_park,,+90 532 468 92 81,https://www.aqualand77.com/,,,,,Bursa Yolu KM 4,,Bayraktepe Mahallesi,40.6305584,29.2712315,"https://www.google.com/maps/search/?api=1&query=40.6305584,29.2712315",way/518435091
Yalova,Yalova Atatürk Köşkü,museum,,,,,,,,,,,40.6025094,29.1741647,"https://www.google.com/maps/search/?api=1&query=40.6025094,29.1741647",way/124975767
Yalova,Yalova Atatürk ve Çocuk Müzesi,museum,,,,,,,,,Merkez,,40.6580756,29.2478827,"https://www.google.com/maps/search/?api=1&query=40.6580756,29.2478827",way/407461628
Yalova,Yalova Belediyesi Kent Müzesi,museum,,,https://www.yalova.bel.tr/tarihi-merkez/yalova-kent-muzesi/8,,,,,,Merkez,,40.6587720,29.2700793,"https://www.google.com/maps/search/?api=1&query=40.6587720,29.2700793",way/252910309
Yalova,Yürüyen Köşk,museum,,,,,,,,,,,40.6646307,29.2975257,"https://www.google.com/maps/search/?api=1&query=40.6646307,29.2975257",way/665876362
Yozgat,Etkinlik Alanı,events_venue,,,,,,,,,,,39.7719910,34.8003339,"https://www.google.com/maps/search/?api=1&query=39.7719910,34.8003339",way/1215779375
Zonguldak,Amfitiyatro,theatre,,,,,,,,,,,41.2788595,31.4198402,"https://www.google.com/maps/search/?api=1&query=41.2788595,31.4198402",way/233298775
Zonguldak,ancient theater of Tios,theatre,,,,,,,,,,,41.5682413,32.0343899,"https://www.google.com/maps/search/?api=1&query=41.5682413,32.0343899",way/376522365
Zonguldak,AquaEreğli Düğün Salonu,water_park,,,,,,,,,,,41.2234150,31.4029725,"https://www.google.com/maps/search/?api=1&query=41.2234150,31.4029725",node/12312528831
Zonguldak,AquaPark,water_park,,,,,,,,,,,41.2233219,31.4028927,"https://www.google.com/maps/search/?api=1&query=41.2233219,31.4028927",way/514336748
Zonguldak,Atatürk Kültür Merkezi Sineması,cinema,,,,,,,,,,,41.2827093,31.4155815,"https://www.google.com/maps/search/?api=1&query=41.2827093,31.4155815",node/2418361094
Zonguldak,Eski Bağlık Düğün Salonu,events_venue,,,,,,,,,,,41.2722712,31.4467530,"https://www.google.com/maps/search/?api=1&query=41.2722712,31.4467530",way/1115322244
Zonguldak,Fabrika Tims,events_venue,,,,,,,,,,,41.3100175,31.4169006,"https://www.google.com/maps/search/?api=1&query=41.3100175,31.4169006",way/1333711185
Zonguldak,Gazi Alemdar Müzesi,museum,,,,,,,,,,,41.2773525,31.4205664,"https://www.google.com/maps/search/?api=1&query=41.2773525,31.4205664",way/232652641
Zonguldak,Karadeniz Ereğli Belediyesi Kent Müzesi,museum,,,,,,,,,,,41.2844355,31.4186070,"https://www.google.com/maps/search/?api=1&query=41.2844355,31.4186070",node/9920028188
Zonguldak,Karadeniz Ereğli Müzesi,museum,,+90 372 323 45 57,"http://www.kulturvarliklari.gov.tr/TR,44108/karadeniz-eregli-muze-mudurlugu.html",,"Tu-Su 08:00-12:00,13:00-17:00",,,Yalı Caddesi 69,,,41.2821076,31.4166508,"https://www.google.com/maps/search/?api=1&query=41.2821076,31.4166508",way/232652640
Zonguldak,Kozlu Tören Alanı,events_venue,,,,,,,,,,,41.4330097,31.7501799,"https://www.google.com/maps/search/?api=1&query=41.4330097,31.7501799",node/4786709754
Zonguldak,Kılıç Sineması,cinema,,,,,,,,,,,41.4277152,31.7589292,"https://www.google.com/maps/search/?api=1&query=41.4277152,31.7589292",node/4786358125
Zonguldak,Malibu Club,nightclub,,,,,,,,,,,41.2758477,31.4292490,"https://www.google.com/maps/search/?api=1&query=41.2758477,31.4292490",way/1337177969
Zonguldak,Oyuncak Müzesi,museum,,,,,,,,,,,41.2789150,31.4220543,"https://www.google.com/maps/search/?api=1&query=41.2789150,31.4220543",way/1339055104
Zonguldak,T.C. Kültür ve Turizm Bakanlığı Çaycuma Kültür Sanat Merkezi,arts_centre,,,,,,,,,,,41.4177903,32.0823506,"https://www.google.com/maps/search/?api=1&query=41.4177903,32.0823506",way/802798669
Zonguldak,Zonguldak Maden Müzesi,museum,,,,,,,,,,,41.4473675,31.8147070,"https://www.google.com/maps/search/?api=1&query=41.4473675,31.8147070",way/1303447544
Zonguldak,Çaycuma Belediye Sineması,cinema,,,,,,,,,,,41.4205060,32.0765090,"https://www.google.com/maps/search/?api=1&query=41.4205060,32.0765090",way/265959222
